{"type": "FeatureCollection", "features": [{"type": "Feature", "properties": {"identifier": "07bdb0e2-1d3d-449a-8182-79e16add3f66", "name": "Zmorge-Korb der B\u00e4ckerei F\u00fcger", "description": "<p class=\"rich-text-paragraph\" piano-view-event=\"false\" data-v-360ed6ae=\"\" style=\"margin-bottom: 1rem;\"><span class=\"text-space-pre-line rich-text-text\" data-abstract-init=\"body text\" style=\"\">Sei es am Bodenseeufer beim Forum W\u00fcrth in Rorschach, beim Hafen in Steinach oder bei den Drei Weieren in St.Gallen. Sowohl in der Stadt als auch auf dem Land gibt es Pl\u00e4tze zum Ausruhen und Entspannen.</span></p><p class=\"rich-text-paragraph\" piano-view-event=\"false\" data-v-360ed6ae=\"\" style=\"margin-bottom: 1rem;\"><span class=\"text-space-pre-line rich-text-text\" data-abstract-init=\"body text\" style=\"\">Die B\u00e4ckerei F\u00fcger mit Standorten in St.Gallen, Rorschach, Steinach und M\u00f6rschwil hat einen Korb mit verschiedenen K\u00f6stlichkeiten zusammengestellt. Um im Trockenen sitzen zu k\u00f6nnen, gibt es ein buntes Tuch, das als Picknickdecke dient. Dieses erz\u00e4hlt von der Vision der Riklin-Br\u00fcder und dem BIGNIK. Der Zmorge-Korb ist f\u00fcr 2 Personen buchbar. Weitere Spezialit\u00e4ten k\u00f6nnen direkt vor Ort bei F\u00fcger bezogen werden.</span></p><p class=\"rich-text-paragraph\" piano-view-event=\"false\" data-v-360ed6ae=\"\" style=\"margin-bottom: 1rem;\"><span class=\"text-space-pre-line font-weight-bold rich-text-text\" data-abstract-init=\"body text\" style=\"\">So funktioniert's:</span></p><ul><li style=\"margin-bottom: 1rem;\">Beziehe den Zmorge-Korb w\u00e4hrend den&nbsp;\u00d6ffnungszeiten&nbsp;am gebuchten Standort der B\u00e4ckerei F\u00fcger.</li><li style=\"margin-bottom: 1rem;\">Suche dir einen gem\u00fctlichen Platz im Freien und geniesse das leckere Picknick.</li><li style=\"margin-bottom: 1rem;\">Anschliessend den Korb mit dem schmutzigen Geschirr w\u00e4hrend den \u00d6ffnungszeiten der B\u00e4ckerei F\u00fcger am jeweiligen Standort zur\u00fcckgeben.</li></ul><p class=\"rich-text-paragraph\" piano-view-event=\"false\" data-v-360ed6ae=\"\" style=\"margin-bottom: 1rem;\"><span class=\"text-space-pre-line font-weight-bold rich-text-text\" data-abstract-init=\"body text\" style=\"\">Im Preis inklusive</span><span class=\"text-space-pre-line rich-text-text\" data-abstract-init=\"body text\" style=\"\">:</span></p><p class=\"rich-text-paragraph\" piano-view-event=\"false\" data-v-360ed6ae=\"\" style=\"margin-bottom: 1rem;\">Picknick-Korb gef\u00fcllt mit regionalen Spezialit\u00e4ten der B\u00e4ckerei F\u00fcger:</p><ul><li style=\"margin-bottom: 0cm; line-height: normal;\">2 Buttergipfel<o:p></o:p></li><li style=\"margin-bottom: 0cm; line-height: normal;\">1 Switchel\nGetr\u00e4nk<o:p></o:p></li><li style=\"margin-bottom: 0cm; line-height: normal;\">2 Bircherm\u00fcesli<o:p></o:p></li><li style=\"margin-bottom: 0cm; line-height: normal;\">4 verschiedene\nBr\u00f6tli<o:p></o:p></li><li style=\"margin-bottom: 0cm; line-height: normal;\">Butter/L\u00e4tt\u00e4<o:p></o:p></li><li style=\"margin-bottom: 0cm; line-height: normal;\">3 verschiedene\nhausgemachte Konfit\u00fcren + F\u00fcgella<o:p></o:p></li><li style=\"margin-bottom: 0cm; line-height: normal;\">2 Kaffee to go<o:p></o:p></li><li style=\"margin-bottom: 0cm; line-height: normal;\">Originales,\nhandgen\u00e4htes BIGNIK-Tuch</li><li style=\"margin-bottom: 0cm; line-height: normal;\">Teller, Besteck\nund Gl\u00e4ser</li></ul><p class=\"MsoNormal\" style=\"margin-bottom:0cm;line-height:normal\"><br></p><p class=\"rich-text-paragraph\" piano-view-event=\"false\" data-v-360ed6ae=\"\" style=\"margin-bottom: 1rem;\"><span class=\"text-space-pre-line font-weight-bold rich-text-text\" data-abstract-init=\"body text\" style=\"\">Standorte:</span></p><p class=\"rich-text-paragraph\" piano-view-event=\"false\" data-v-360ed6ae=\"\" style=\"margin-bottom: 1rem;\">B\u00e4ckerei F\u00fcger, Kirchstrasse 2, 9402 M\u00f6rschwil, Telefonnummer: +41 71 866 12 19</p><p class=\"rich-text-paragraph\" piano-view-event=\"false\" data-v-360ed6ae=\"\" style=\"margin-bottom: 1rem;\">B\u00e4ckerei F\u00fcger, Schulstrasse 2, 9323 Steinach, Telefonnummer: +41 71 571 04 77</p><p class=\"rich-text-paragraph\" piano-view-event=\"false\" data-v-360ed6ae=\"\" style=\"margin-bottom: 1rem;\">B\u00e4ckerei F\u00fcger, St. Gallerstrasse 13, 9400 Rorschach, Telefonnummer: +41 71 841 20 16</p><p class=\"rich-text-paragraph\" piano-view-event=\"false\" data-v-360ed6ae=\"\" style=\"margin-bottom: 1rem;\">B\u00e4ckerei F\u00fcger, Metallstrasse 18, 9000 St. Gallen, Telefonnummer: +41 71 222 20 12</p>", "url": "https://fueger-handmade.ch/", "image": "https://sgbtpimtsoch.sos-ch-dk-2.exoscale-cdn.com/catalog/1/4/b/e/14be4d2d6292aedd1513b038f3759498bb7a283f_medium__20240711_picknick_korb_rorschach_1.jpg", "openstreetmap_id": "node/745742088"}, "geometry": {"type": "Point", "coordinates": ["9.4236445", "47.4681741"]}}, {"type": "Feature", "properties": {"identifier": "0ed5426b-cdba-4829-a114-eed3df2cb793", "name": "Trischli Club", "description": "Das Trischli befindet sich nicht nur mitten im Herzen St. Gallens sondern zeigt auch das es in St.Gallen m\u00f6glich ist, von Mittwoch bis Samstag richtig gross feiern zu gehen.", "url": "https://www.trischli.ch/", "image": "https://sgbtpimtsoch.sos-ch-dk-2.exoscale-cdn.com/catalog/c/9/c/4/c9c4cbce77b817eff2d78a509c55ae5db32b8f79_LORUENSERPHOTO__2.jpg", "openstreetmap_id": "node/6492949387"}, "geometry": {"type": "Point", "coordinates": ["9.37788", "47.42578"]}}, {"type": "Feature", "properties": {"identifier": "0f92bdfc-78f9-436f-8225-06f5f1dcf9a3", "name": "Gasthaus Hoher Hirschberg", "description": "<p>1679 erbaut, thront der das Gasthaus Hoher Hirschberg auf der gleichnamigen H&uuml;gelspitze.</p><p>Das Restaurant ist f&uuml;r Wanderer, Biker oder mit dem Auto sehr gut erreichbar. Auf der H&uuml;gelspitze wirst Du mit einer herrlichen Aussicht in den Alpstein belohnt.</p><p>Das Ausflugsrestaurant ist bekannt f&uuml;r die hausgemachten Desserts und die saisonalen Speisen.</p><p>Auf dem Hohen Hirschberg &uuml;bernachten ist ein einmaliges Erlebnis - ob im Matratzenlager oder im Arvenzimmer mit wundersch&ouml;nem Blick in den Alpstein.&nbsp;</p><p>Gibt es etwas zu feiern, dann bist Du hier genau richtig - \"S&ouml;nd w&ouml;llkomm\"</p>", "url": "https://www.hoherhirschberg.ch", "image": "https://sgbtpimtsoch.sos-ch-dk-2.exoscale-cdn.com/catalog/5/b/d/6/5bd66899b5345afe2f1be0d7f9f414d347a6c363_IMG_20210202_WA0001_1.jpg", "openstreetmap_id": "way/238974707"}, "geometry": {"type": "Point", "coordinates": ["9.4698599", "47.3429617"]}}, {"type": "Feature", "properties": {"identifier": "12e92662-d78e-4683-9704-ca38d32f746e", "name": "Restaurant Brauwerk", "description": "Herzst\u00fcck des Restaurant Brauwerk ist das klassische Sudwerk im Erdgeschoss mit einer Braukapazit\u00e4t von 500 Litern. \n\u200b\nDie Craft-Beer-Spielwiese - mitten in St.Gallen - verwirklicht nicht nur die Vision von einer modernen Brauhausgastronomie, sondern bietet auch jede Menge Platz f\u00fcr Bierkultur, Kulinarik, verr\u00fcckte Ideen und Begegnungen.\n\nZum Angebot geh\u00f6ren klassische Fleischgerichte sowie Brauwerkspezialit\u00e4ten. Nat\u00fcrlich sind auch f\u00fcr Vegetarier verschiedene Leckereien dabei. Ziel der Brauwerk K\u00fcche ist es, Bier und Food Pairing neu zu interpretieren.", "url": "http://www.restaurantbrauwerk.ch", "image": "https://sgbtpimtsoch.sos-ch-dk-2.exoscale-cdn.com/catalog/8/b/3/2/8b328bfdea98d921337878d799fdf7315c52780c_Restaurant_Brauwerk_DanielAmmann_01.jpg", "openstreetmap_id": "node/616127619"}, "geometry": {"type": "Point", "coordinates": ["9.37171", "47.42479"]}}, {"type": "Feature", "properties": {"identifier": "19bc535d-d42d-444a-907e-9063d0a7826d", "name": "B\u00e4ckerei F\u00fcger Handmade St.Gallen", "description": "Die B\u00e4ckerinnen und B\u00e4cker verarbeiten die optimal gereiften Teige direkt vor den Augen der G\u00e4sten zu frischen Broten, Br\u00f6tchen, Z\u00f6pfen und nat\u00fcrlich Gipfeli.\n\nIn der Handmade Chocolaterie kann auch mitverfolgt werden, wie die verschiedenen Schokospezialit\u00e4ten entstehen. Angeboten werden auch frische Fr\u00fchst\u00fccksgerichte, nahrhafte Zn\u00fcni-Verpflegungen und feine Mittagsgerichte. Die Lounges oder auch die einladende Dachterrasse mit fantastischem Weitblick laden zum Schlemmen und Verweilen ein.", "url": "https://fueger-handmade.ch/stgallen/", "image": "https://sgbtpimtsoch.sos-ch-dk-2.exoscale-cdn.com/catalog/e/9/8/d/e98dfc43e486c3c46b52ba3760b6ba2f8dee88d1_DSC_0798.JPG", "openstreetmap_id": "way/28636733"}, "geometry": {"type": "Point", "coordinates": ["9.354676008224489", "47.420008188794"]}}, {"type": "Feature", "properties": {"identifier": "1a81cde3-a416-40a9-b34f-435170e6dd08", "name": "Eintritt Chocolarium", "description": "<p data-v-20c93902=\"\" class=\"rich-text-paragraph\" piano-view-event=\"false\" style=\"margin-bottom: 1rem;\"><span class=\"text-space-pre-line rich-text-text\" data-abstract-init=\"body text\" style=\"\">Auf der Tour durch das Chocolarium erf\u00e4hrt man auf spielerische Weise viel Wissenswertes \u00fcber Schokolade und wie das Gl\u00fcck hineinkommt.</span></p><p data-v-20c93902=\"\" class=\"rich-text-paragraph\" piano-view-event=\"false\" style=\"margin-bottom: 1rem;\"><span class=\"text-space-pre-line rich-text-text\" data-abstract-init=\"body text\" style=\"\">Von der Glasgalerie aus beobachtet man, wie die beliebten Produkte von Munz und Minor hergestellt werden. Im Gl\u00fccksraum warten f\u00fcnf Schokoladenbrunnen darauf, verkostet zu werden, und am Ende des Tours kann man eine eigene Schokoladentafel nach Herzenslust verzieren. Abgerundet wird der Besuch mit einer Tasse Kaffee und einem Snack im Minor Caf\u00e9. F\u00fcr ein geeignetes Mitbringsel bietet der Shop eine grosse Auswahl an Schoggiprodukten frisch ab Fabrik.</span></p><p data-v-20c93902=\"\" class=\"rich-text-paragraph\" piano-view-event=\"false\" style=\"margin-bottom: 1rem;\"><span class=\"text-space-pre-line rich-text-text\" data-abstract-init=\"body text\" style=\"\"></span></p><p data-v-20c93902=\"\" class=\"rich-text-paragraph\" piano-view-event=\"false\" style=\"margin-bottom: 1rem;\"><span class=\"text-space-pre-line rich-text-text\" data-abstract-init=\"body text\" style=\"\">Chocolarium - das beliebte Ausflugsziel in der Ostschweiz heisst herzlich willkommen!</span></p><p data-v-20c93902=\"\" class=\"rich-text-paragraph\" piano-view-event=\"false\" style=\"margin-bottom: 1rem;\"><span class=\"text-space-pre-line font-weight-bold rich-text-text\" data-abstract-init=\"body text\" style=\"\">Das erwartet Sie:</span></p><ul><li style=\"margin-bottom: 1rem; color: rgb(15, 15, 15); font-family: Inter, -apple-system, BlinkMacSystemFont, &quot;Segoe UI&quot;, Roboto, &quot;Helvetica Neue&quot;, Arial, &quot;Noto Sans&quot;, sans-serif, &quot;Apple Color Emoji&quot;, &quot;Segoe UI Emoji&quot;, &quot;Segoe UI Symbol&quot;, &quot;Noto Color Emoji&quot;; font-size: 17px; letter-spacing: -0.05px;\"><span style=\"color: rgb(103, 118, 138); font-family: Lato, &quot;Helvetica Neue&quot;, Helvetica, Arial, sans-serif; font-size: 13px;\">Interaktiver Erlebnis-Rundgang</span></li><li style=\"margin-bottom: 1rem;\">Einblick in die Live-Produktion (Dienstag bis Freitag)</li><li style=\"margin-bottom: 1rem; color: rgb(15, 15, 15); font-family: Inter, -apple-system, BlinkMacSystemFont, &quot;Segoe UI&quot;, Roboto, &quot;Helvetica Neue&quot;, Arial, &quot;Noto Sans&quot;, sans-serif, &quot;Apple Color Emoji&quot;, &quot;Segoe UI Emoji&quot;, &quot;Segoe UI Symbol&quot;, &quot;Noto Color Emoji&quot;; font-size: 17px; letter-spacing: -0.05px;\"><span style=\"color: rgb(103, 118, 138); font-family: Lato, &quot;Helvetica Neue&quot;, Helvetica, Arial, sans-serif; font-size: 13px;\">Treffen mit unserer Show-Confiseurin</span></li><li style=\"margin-bottom: 1rem; color: rgb(15, 15, 15); font-family: Inter, -apple-system, BlinkMacSystemFont, &quot;Segoe UI&quot;, Roboto, &quot;Helvetica Neue&quot;, Arial, &quot;Noto Sans&quot;, sans-serif, &quot;Apple Color Emoji&quot;, &quot;Segoe UI Emoji&quot;, &quot;Segoe UI Symbol&quot;, &quot;Noto Color Emoji&quot;; font-size: 17px; letter-spacing: -0.05px;\"><span style=\"color: rgb(103, 118, 138); font-family: Lato, &quot;Helvetica Neue&quot;, Helvetica, Arial, sans-serif; font-size: 13px;\">Naschen erw\u00fcnscht!</span></li></ul><p data-v-20c93902=\"\" class=\"rich-text-paragraph\" piano-view-event=\"false\" style=\"margin-bottom: 1rem;\"><span class=\"text-space-pre-line font-weight-bold rich-text-text\" data-abstract-init=\"body text\" style=\"\">Personen</span><span class=\"text-space-pre-line rich-text-text\" data-abstract-init=\"body text\" style=\"\">: 1-30</span></p><p data-v-20c93902=\"\" class=\"rich-text-paragraph\" piano-view-event=\"false\" style=\"margin-bottom: 1rem;\"><span class=\"text-space-pre-line font-weight-bold rich-text-text\" data-abstract-init=\"body text\">Sprache</span><span class=\"text-space-pre-line rich-text-text\" data-abstract-init=\"body text\">: Deutsch &amp; Englisch</span></p><div><span class=\"text-space-pre-line rich-text-text\" data-abstract-init=\"body text\" style=\"white-space-collapse: preserve-breaks;\"><br></span></div><p data-v-20c93902=\"\" class=\"rich-text-paragraph\" piano-view-event=\"false\" style=\"margin-bottom: 1rem;\"><span class=\"text-space-pre-line rich-text-text\" data-abstract-init=\"body text\" style=\"\"><br></span></p>", "image": "https://sgbtpimtsoch.sos-ch-dk-2.exoscale-cdn.com/catalog/b/1/b/0/b1b012277430e713ab93a6b42fe405a879090ff5_Mischerei_Kinder_low__1_.jpg", "openstreetmap_id": "way/196358285"}, "geometry": {"type": "Point", "coordinates": ["9.164934160728885", "47.4130675"]}}, {"type": "Feature", "properties": {"identifier": "1e3a42ba-2d41-417e-94d7-51bf152448e9", "name": "Restaurant & Bistro Sauceria", "description": "Die Sauceria ist in der gastronomisch neu belebten Engelgasse in der St. Galler Altstadt zu finden. Ob im trendigen Restaurant, coolen Bistro oder im grossen Aussenrestaurant \u2013 alle Saucenkreationen werden zu Vegi, Pasta, Fleisch und Fisch serviert. Dazu gibt es noch Eva\u2019s B\u00fcrli-Brot zum Tunken. Alles von der K\u00fcchenchefin Arjeta und ihrem K\u00fcchenteam selbst gemacht. Dazu verw\u00f6hnt Rafael mit seinem Serviceteam die G\u00e4ste mit seinem Graham Blend No 5 Special Drink oder einer guten Flasche Wein. Nicht zu Unrecht sagen viele der G\u00e4ste: \u201ewahrscheinlich das Restaurant mit den besten Saucen der Stadt\u201c. ", "url": "http://www.sauceria.ch", "image": "https://sgbtpimtsoch.sos-ch-dk-2.exoscale-cdn.com/catalog/e/1/f/a/e1fa37a698b03542ee782d03cd7905c4b5ae0423_8.jpg", "openstreetmap_id": "node/445420081"}, "geometry": {"type": "Point", "coordinates": ["9.37448", "47.42667"]}}, {"type": "Feature", "properties": {"identifier": "212c1c37-b6e8-4036-9e0b-a9e177ce4ed2", "name": "Bistro St.Gallen", "description": "In gem\u00fctlicher und stilvoller Atmosph\u00e4re lassen sich k\u00f6stliche Gerichte von fr\u00fch bis sp\u00e4t geniessen: Vom ausgewogenen Fr\u00fchst\u00fccksbuffet \u00fcber internationale Speisen bis hin zu liebevoll kreierten K\u00f6stlichkeiten aus der hauseigenen Patisserie. Im Bistro St.Gallen finden die G\u00e4ste zu jeder Tageszeit den passenden Gaumenschmaus.", "url": "https://www.bistro-sg.ch", "image": "https://sgbtpimtsoch.sos-ch-dk-2.exoscale-cdn.com/catalog/1/3/d/d/13dd61e190da10350f69b3f3f6b7c08d93cc5815_01_Key_Visual_Bistro_St.Gallen_HighRes.jpg", "openstreetmap_id": "145470788"}, "geometry": {"type": "Point", "coordinates": ["9.374426514160193", "47.4213691"]}}, {"type": "Feature", "properties": {"identifier": "224014c6-b385-4b0d-a9f7-f21c1e24f3ae", "name": "Restaurant Artisans", "description": "<p>Die K&uuml;che ist mediterran und franz&ouml;sisch inspiriert - voller Aromen, die an Sonne, W&auml;rme und Leichtigkeit erinnern. Jeder Teller im Restaurant Artisans erz&auml;hlt ein St&uuml;ck der Geschichte der Gastgeber, ihrer Herkunft und ihrer Reise.</p><p>Das Restaurant ist bewusst klein und pers&ouml;nlich und bietet mit 22 Pl&auml;tzen ein Ort f&uuml;r N&auml;he, Atmosph&auml;re und echte Begegnungen.</p>", "url": "https://restaurantartisans.ch", "image": "https://sgbtpimtsoch.sos-ch-dk-2.exoscale-cdn.com/catalog/a/0/4/a/a04a2fea572b95fa3490f013813edf0ae3a93c15_20260219_FotografieManufaktur_5_small.jpg", "openstreetmap_id": "node/4092518593"}, "geometry": {"type": "Point", "coordinates": ["9.3755663", "47.4231633"]}}, {"type": "Feature", "properties": {"identifier": "25e451b6-85a3-4a8d-8c10-8bf1cb2b0e7c", "name": "focacceria St.Gallen", "description": "<p>Die einmaligen Variationen an Antipasti, die grosse Auswahl an Pasta, Salaten, Suppen &amp; Desserts machen es m&ouml;glich, f&uuml;r jeden Geschmack das Richtige zu finden. Entgegen dem allgemeinen Trend von industriell hergestellten Convenience-Produkten wird zu 100% auf handveredelte K&ouml;stlichkeiten gesetzt. S&auml;mtliche Gerichte auf der Karte sind mit viel Liebe hausgemacht. Die Rohstoffe werden von Lieferanten aus der Region bezogen. Eine hochstehende Kaffeekultur, Bier aus der Region &amp; eine auserlesene Auswahl an Weinen erg&auml;nzen das kulinarische Angebot. Das Hauptaugenmerk liegt auf den Weinen aus Italien.</p>", "url": "https://focacceria.ch/", "image": "https://sgbtpimtsoch.sos-ch-dk-2.exoscale-cdn.com/catalog/2/4/7/a/247ac013d8e01a58d60a8c725c60b060576aad02_Terrasse_Foca.JPG", "openstreetmap_id": "way/311104328"}, "geometry": {"type": "Point", "coordinates": ["9.375253998051948", "47.427058450000004"]}}, {"type": "Feature", "properties": {"identifier": "2e9977b7-dd99-4dc8-bdf1-28e7491aaea5", "name": "Einstein Bar", "description": "\u00abClubatmosph\u00e4re im englischen Stil\u00bb ist die wohl passendste\nUmschreibung f\u00fcr die Stimmung, die in der Einstein Bar herrscht. Hier treffen sich Menschen aus St.Gallen und der ganzen Welt.\n\nUnterschiedlichste Cocktails, rund 100 Whiskys und Spitzenweine, Bier vom Fass oder k\u00f6stliche Eigenkreationen lassen kaum einen Wunsch offen.", "url": "https://www.einstein.ch/de/essen-trinken/einstein-bar", "image": "https://sgbtpimtsoch.sos-ch-dk-2.exoscale-cdn.com/catalog/6/8/2/8/6828e270e6fc8c5d6501f9c6c7e23025a9c0d7bb__02_Key_Visual_Bar_LowRes.jpg", "openstreetmap_id": "445628383"}, "geometry": {"type": "Point", "coordinates": ["9.3754457", "47.4214519"]}}, {"type": "Feature", "properties": {"identifier": "3111282f-ea8a-4af4-834e-3a0086e2843a", "name": "flon", "description": "Im Jugendkulturraum flon finden Konzerte, Partys, Theater, Ausstellungen und vieles mehr statt. Gef\u00fchrt wird der Jugendkulturraum von einer Betriebsgruppe, bestehend aus Jugendlichen und jungen Erwachsenen zwischen 16 und 26 Jahren. Sie plant und organisiert Veranstaltungen mit der Unterst\u00fctzung von Mitarbeitenden der Offenen Jugendarbeit Zentrum St.Gallen. Der Jugendkulturraum dient als Plattform, um sich einem gr\u00f6sseren Publikum zu pr\u00e4sentieren. Der Raum steht zudem f\u00fcr verschiedene Produktionsformen wie Tanztraining, Theaterproben oder B\u00fchnenbildgestaltung zur Verf\u00fcgung. Jugendliche, die eine Idee zur Durchf\u00fchrung von Projekten oder Aktionen haben, werden von den Mitarbeitenden der Offenen Jugendarbeit Zentrum fachlich unterst\u00fctzt und begleitet. Dabei helfen sie bei der Suche nach Finanzierungsm\u00f6glichkeiten, der Einhaltung rechtlicher Bedingungen und bei der Vermittlung von Kontakten zu Bands etc.", "url": "https://www.flon-sg.ch/", "image": "https://sgbtpimtsoch.sos-ch-dk-2.exoscale-cdn.com/catalog/b/0/c/f/b0cfd19e7bfd3dce92b9dd755245d2401a0dddb6_CD4CAA3A_B1EF_4791_9920_0DA62C439469.jpeg", "openstreetmap_id": "node/3210786054"}, "geometry": {"type": "Point", "coordinates": ["9.3674668", "47.4198138"]}}, {"type": "Feature", "properties": {"identifier": "348329bc-30c3-4732-a8ce-89aeba69335c", "name": "Roman Rutishauser - Weingut am Steinig Tisch", "description": "<p>Das Weingut am Steinig Tisch ist ein Familienbetrieb mit Selbstkelterung in dritter Generation. In den vorz&uuml;glichen Lagen des Buchbergs mit dem milden Klima, gedeiht in extremer Steillage auf kargem-tonigem Boden ausdruckstarkes Traubengut. Im Einklang mit der Natur und durch gezielte F&ouml;rderung der Biodiversit&auml;t werden 8 unterschiedliche Rebsorten kultiviert. Daraus entstehen im Weinkeller 14 verschiedene, erstklassige Qualit&auml;tsweine h&ouml;chster G&uuml;te. Diese sind Online aber auch direkt ab Gut zu beziehen. Die herrliche Landschaft der Rebbaugemeinde l&auml;dt zum Verweilen. Die \"Steinig Tisch Treppe\" f&uuml;hrt durch das Weingut zum &bdquo;Steinig Tisch&ldquo;. Auf der Terrasse des Restaurants geniessen die G&auml;ste bei einem Glas heimischem Wein die Rundsicht &uuml;ber Talschaft, Reben und Bodensee.</p>", "url": "http://www.rutishauser-weingut.ch/", "image": "https://sgbtpimtsoch.sos-ch-dk-2.exoscale-cdn.com/catalog/a/2/9/7/a2979c6ba2289880c67d7fb89c95817ab6ec0d94_Weingut_am_Steinig_Tisch_Okt19__2__2.jpg", "openstreetmap_id": "node/2618272370"}, "geometry": {"type": "Point", "coordinates": ["9.5656852", "47.4677944"]}}, {"type": "Feature", "properties": {"identifier": "356fd147-5673-4de1-a03e-26021ed65c4c", "name": "B\u00e4renstobe", "description": "Die B\u00e4renstobe verbindet auf einzigartige Weise Tradition und Moderne. In den historischen R\u00e4umen des bereits 1751 urkundlich erw\u00e4hnten Gasthauses erleben die G\u00e4ste gehobenes Fine-Dining. Executive Chef Carsten Kypke kreiert von Donnerstag bis Samstag ein Degustationsmen\u00fc mit vier bis sechs G\u00e4ngen, das regionale Spitzenprodukte mit den vielf\u00e4ltigsten Geschm\u00e4ckern dieser Welt vereint. Die Appenzeller Wurzeln bilden zwar die Grundlage, doch moderne Ans\u00e4tze und frische Zutaten schaffen in der B\u00e4renstobe g\u00e4nzlich neue Geschmackserlebnisse. Das kulinarische Angebot wird seit kurzem durch eine passende Getr\u00e4nke- oder Weinbegleitung mit auserlesenen Tropfen aus dem eindrucksvollen Weinkeller abgerundet.", "url": "https://appenzellerhuus.ch/de/hotels/hotels/huus-baeren/kulinarik/baerenstobe/", "image": "https://sgbtpimtsoch.sos-ch-dk-2.exoscale-cdn.com/catalog/e/7/5/c/e75cfa6ea5f7ab7f8bf17dab9f6a79f97049837b_2024_10_10_Appenzellerhuus_Fenjaphotography_10__2.jpg", "openstreetmap_id": "way/197583924"}, "geometry": {"type": "Point", "coordinates": ["9.34668", "47.32863"]}}, {"type": "Feature", "properties": {"identifier": "35a0f17a-3d0f-40b7-a7c4-4e28b4bce805", "name": "Caf\u00e9 Restaurant Drahtseilb\u00e4hnli", "description": "Der Familienbetrieb verwendet deshalb nur qualitativ hochwertige Produkte. Die fein ausgelesenen Spezialit\u00e4ten stammen von Kleinbetrieben aus der Region. Der pers\u00f6nliche Austausch mit G\u00e4sten und die Gastfreundlichkeit erzeugen ein famili\u00e4res Ambiente zum Wohlf\u00fchlen.\nGegen\u00fcber und direkt bei der Talstation der M\u00fchleggbahn hat das drahtseilb\u00e4hnli einen kleinen Laden er\u00f6ffnet mit Take away, hausgemachten Produkten und Geschenken.", "url": "http://www.drahtseilbaehnli.ch/", "image": "https://sgbtpimtsoch.sos-ch-dk-2.exoscale-cdn.com/catalog/7/2/c/3/72c3e12a330b8036220056ae373124e0f91d4a4c_20190502_113957.jpg", "openstreetmap_id": "node/2552296132"}, "geometry": {"type": "Point", "coordinates": ["9.3772255", "47.4223143"]}}, {"type": "Feature", "properties": {"identifier": "3609f3f0-86ce-47b4-b24c-f1508d30e805", "name": "PinChu China Restaurant", "description": "Authentische chinesische Spezialit\u00e4ten in der Altstadt von St.Gallen mit Mittagsbuffet und Speisen \u00e0 la Carte", "url": "https://pinchu.ch", "image": "https://sgbtpimtsoch.sos-ch-dk-2.exoscale-cdn.com/catalog/7/7/5/c/775ceba3283b75b19d2a48fc08ab1eaefa78753e_Bild1.jpg", "openstreetmap_id": "node/2502478826"}, "geometry": {"type": "Point", "coordinates": ["9.3750858", "47.4229504"]}}, {"type": "Feature", "properties": {"identifier": "37088b43-0321-44a6-8828-8d03e86e0ff4", "name": "Veranda Arbon", "description": "Und das mit mediterranem Ambiente \u2013 viel Meer braucht man nicht zum Gl\u00fccklichsein!\n\nDie Gastgeber setzen setzen auf eine kleine aber feine Auswahl an frischer, fantasievoller und saisonaler Kost. Dazu geh\u00f6rt eine gelungene Auswahl an hausgemachten Bagels und Salatbowls. Sommerliche Drinks mit und ohne Alkohol d\u00fcrfen nat\u00fcrlich auch nicht fehlen.\n\nAm Wochenende kommen die G\u00e4ste in den Genuss des Veranda-Breakfasts mit Bircherm\u00fcesli, Smoothie, Bagel oder Gipfeli. ", "url": "https://verandaarbon.ch/", "image": "https://sgbtpimtsoch.sos-ch-dk-2.exoscale-cdn.com/catalog/b/0/4/4/b044d86e6e65a891fb4dca65643db47e9b163136_Arbon_Veranda_Strandbar_Popup_2.jpg", "openstreetmap_id": "way/190558484"}, "geometry": {"type": "Point", "coordinates": ["9.433926459971161", "47.5116386"]}}, {"type": "Feature", "properties": {"identifier": "398b87c0-0f1b-4c6a-9e32-62e653499a33", "name": "g'nuss", "description": "<p>Herzlich Willkomen im g'nuss!&nbsp;</p><p id=\"u9070-6\">Seit 2012 setzt g&rsquo;nuss mit <span id=\"u9070-2\">feiner Patisserie, Sandwiches, Gelato und Schokolade-Kreationen</span> kulinarische Akzente. Als leidenschaftlicher Patisseur &uuml;berrascht Inhaber Stefan Bischof gerne mit neuen Ideen.</p><p>Bei g&rsquo;nuss wird Patisserie nach dem B-Concept hergestellt. Diese revolution&auml;re Methode erm&ouml;glicht es, die&nbsp;<span id=\"u9070-12\">Patisserie-Kreationen mit weniger Fett, weniger Zucker und weniger Kalorien</span> herzustellen. Sie hat gleichzeitig einen intensiveren Geschmack, eine leichtere Konsistenz und ist erst noch besser verdaulich. Dabei ist alles hausgemacht, mit hochwertigen Zutaten m&ouml;glichst aus der Region. Am Samstag gibt es einen vielf&auml;lltigen, internationalen Brunch.</p><p>Wir freuen uns auf Euch!</p><p>&nbsp;</p>", "url": "https://gnuss.info", "image": "https://sgbtpimtsoch.sos-ch-dk-2.exoscale-cdn.com/catalog/4/c/4/1/4c41060dcdc930e27841e14bf75e51037f668deb_fruitspati.jpg", "openstreetmap_id": "node/4092472207"}, "geometry": {"type": "Point", "coordinates": ["9.380205273628237", "47.42442912256757"]}}, {"type": "Feature", "properties": {"identifier": "3bbae94f-d4e6-4e41-a705-117a5297c409", "name": "B\u00e4ckerei F\u00fcger Handmade M\u00f6rschwil", "description": "Inspiriert von der sch\u00f6nen Naturkulisse der Bodensee-Region wurde die B\u00e4ckerei-Konditorei-Confiserie und der Gastrobetrieb in den letzten Jahren st\u00e4ndig ausgebaut und den Bed\u00fcrfnissen der Kunden und G\u00e4ste angepasst.\n\nAus \u00fcber 160 Jahren Backkompetenz wurde die Philosophie in allen f\u00fcnf Generationen weitergegeben. Nat\u00fcrlichkeit, Gesundheit, Nachhaltigkeit und Best\u00e4ndigkeit \u2013 So wird heute noch jeden Tag der Brotteig nach dem hauseigenen Rezept von Grossvater Beda und Vater Beda hergestellt.", "url": "https://shop.st.gallen-bodensee.ch/de/map/6si2mPYzVjPEDT1txLO7rB?hideMap=yes&search=f%C3%BCger", "image": "https://sgbtpimtsoch.sos-ch-dk-2.exoscale-cdn.com/catalog/1/5/d/8/15d81966903176a8ec8795aa3f2fa9f896cb9819_Terrasse_bild.jpg", "openstreetmap_id": "node/745742088"}, "geometry": {"type": "Point", "coordinates": ["9.4236445", "47.4681741"]}}, {"type": "Feature", "properties": {"identifier": "3c584570-9dbc-42f9-88ae-13c0fa4cb2d0", "name": "Restaurant Helvetia", "description": "<div class=\"elementor-element elementor-element-cca429e elementor-widget elementor-widget-text-editor\" data-id=\"cca429e\" data-element_type=\"widget\" data-e-type=\"widget\" data-widget_type=\"text-editor.default\"><div class=\"elementor-widget-container\"><p data-start=\"0\" data-end=\"738\"><strong>Regionalit&auml;t / Saisonalit&auml;t / Authentizit&auml;t</strong></p><p data-start=\"0\" data-end=\"738\">Unsere kulinarische Reise beginnt dort, wo unsere Wurzeln liegen; in den Feldern, W&auml;ldern, G&auml;rten und Gew&auml;ssern unserer Region. Wir legen grossen Wert darauf, m&ouml;glichst regionale Zutaten zu verwenden. Unsere Speisekarte spiegelt die Jahreszeiten wieder &ndash; diese saisonale Vielfalt garantiert nicht nur un&uuml;bertroffene Frische, sondern auch eine st&auml;ndige Inspiration in unserer K&uuml;che.</p><p data-start=\"0\" data-end=\"738\">Was die Saison uns darbietet, veredeln wir: Alles, was nicht sofort zur Anwendung kommt, wird bei uns sorgf&auml;ltig eingemacht oder durch traditionelle Fermentation haltbar gemacht. Dieses Handwerk erlaubt es uns, die tiefen Aromen der Saison zu bewahren und unsere Speisekammer kontinuierlich mit einzigartigen, ganzj&auml;hrig verf&uuml;gbaren Spezialit&auml;ten zu f&uuml;llen.</p><p data-start=\"740\" data-end=\"857\" data-is-last-node=\"\" data-is-only-node=\"\">Im Mittelpunkt unserer Kreationen steht das Gem&uuml;se. Es ist nicht nur eine Beilage, sondern der Star auf jedem Teller.</p></div></div>", "url": "https://www.restauranthelvetia.ch/", "image": "https://sgbtpimtsoch.sos-ch-dk-2.exoscale-cdn.com/catalog/4/3/0/f/430f765e44e0bcac39138a3dd20313e8390f60f2_154A1576.jpg", "openstreetmap_id": "node/13710462130"}, "geometry": {"type": "Point", "coordinates": ["9.35666", "47.4188136"]}}, {"type": "Feature", "properties": {"identifier": "3e85cf3a-594c-498e-b9ba-c8c5ff457761", "name": "Brasserie Lok", "description": "<p>Die Vergangenheit des Industriebaus lebt in den Schienen, den fahrbaren Sitzb&auml;nken und der offenen Raumgestaltung weiter. In der Brasserie Lok wird der Esprit de Paris nach St.Gallen gebracht. Weltbekannte Gerichte wie das Entrec&ocirc;te Caf&eacute; de Paris, der knackig-frische Salade Ni&ccedil;oise, die wunderbar schmackhafte Bouillabaisse und bretonische Austern regen die kulinarische Fantasie an. Und das Sortiment an feinsten Bordeauxweinen rundet jedes Gericht perfekt ab. Im Salon und im Bistro werden diese franz&ouml;sischen K&ouml;stlichkeiten und edlen Tropfen serviert. Die Bar l&auml;dt den ganzen Tag zum Verweilen ein &ndash; mit dem Morgenkaffee oder einem Glas Champagner. Dabei kann auch das imposante John Armleder Kunstwerk bewundert werden.</p>", "url": "http://www.brasserielok.ch", "image": "https://sgbtpimtsoch.sos-ch-dk-2.exoscale-cdn.com/catalog/4/8/d/2/48d267578ec7b98f3f440f82cb605118fa0fc375_Kulturzentrum_Lokremise_2021_2.jpg", "openstreetmap_id": "node/959680098"}, "geometry": {"type": "Point", "coordinates": ["9.36609420000002", "47.4215912"]}}, {"type": "Feature", "properties": {"identifier": "3f46186c-7afe-4e63-8f31-7a35924f6ad7", "name": "Gallus Pub", "description": "<p><strong>Unsere Highlights:</strong></p><ul><li><strong>Karaoke:</strong>&nbsp;Von Mittwoch bis Samstag kannst du deine Stimme auf zwei Stockwerken zum Besten geben. Keine Sorge, es geht nicht darum, perfekt zu sein, sondern einfach Spass zu haben! Du singst gerne, aber lieber f&uuml;r dich? Dann kannst du den 2. OG auch privat mieten.</li><li><strong>Pub Quiz:</strong>&nbsp;Jeden Freitag ab 20:00 Uhr testet ihr euer Wissen in verschiedenen Runden. Jede Woche gibt es ein neues Thema und einen neuen Champion.</li><li><strong>Getr&auml;nke:</strong>&nbsp;Geniesst frisches Guinness, Smithwicks, Gallus Old Style Ale und unsere leckeren Cocktails. F&uuml;r Whisky-Liebhaber haben wir erlesene Sorten aus Schottland und Irland im Angebot.</li></ul><p>Wir freuen uns darauf, euch bald bei uns begr&uuml;ssen zu k&ouml;nnen! Lasst uns gemeinsam unvergessliche Abende feiern.&nbsp;</p>", "url": "https://gallus-pub.ch", "image": "https://sgbtpimtsoch.sos-ch-dk-2.exoscale-cdn.com/catalog/b/f/2/f/bf2f80d8e1016ded9934d77ca3a524a779c4002f_Gallus_Bild.jpg", "openstreetmap_id": "node/4092636989"}, "geometry": {"type": "Point", "coordinates": ["9.3752929", "47.4268503"]}}, {"type": "Feature", "properties": {"identifier": "3ffe9ea2-ec32-4317-9c04-8f5245a1c8cd", "name": "HERMANN Bier - Brauerei & Lokal", "description": "Im Hochparterre erwartet die G\u00e4ste ein gem\u00fctliches Lokal mit Holz-Bar. Hier gibt es vor Ort gebraute Biere wie auch Gastbiere - frisch gezapft ab bis zu 14 Zapfhahnen - zu geniessen. Im hinteren Teil des Lokals ist Platz f\u00fcr Degustationen. Ein kleines aber feines Speiseangebot rundet das Angebot ab. \n\nIm Untergeschoss der Lokalit\u00e4t befindet sich die Brauanlage. Sie besteht aus einem Maisch- und einem L\u00e4uterbottich sowie vier G\u00e4rtanks. An einem Brautag entstehen so 500 Liter Bierw\u00fcrze. \n\nHERMANN Bier legt Wert auf biologische Erzeugnisse. Deshalb bestehen die Biere in Sachen Getreide ausschliesslich aus Bio-Malz. Wenn immer m\u00f6glich wird auf Hopfen aus lokalem Anbau zur\u00fcckgegriffen.", "url": "https://hermannbier.ch/", "image": "https://sgbtpimtsoch.sos-ch-dk-2.exoscale-cdn.com/catalog/9/e/4/6/9e46c5e4471a6652561de4f64d5f7a83e4e5c55a_HERMANN_Bier_Made_in_SG_1500x1000px__2.jpg", "openstreetmap_id": "node/4092471499"}, "geometry": {"type": "Point", "coordinates": ["9.381051", "47.424613"]}}, {"type": "Feature", "properties": {"identifier": "40eb36bf-f138-470d-8914-95a295fd37d3", "name": "Erlebnis-Braukurs", "description": "<p>Nach einer Begr&uuml;ssung und einem kleinen Imbiss wirst du in die reiche Welt der Sch&uuml;tzengarten-Biere eingeweiht und erf&auml;hrst wichtige Fakten und Geschichten rund ums Brauen und das Thema Bier im Allgemeinen. Beim Brauen legst du selbst Hand an (Einmaischen, R&uuml;hren, Rasten, L&auml;utern). W&auml;hrend dem W&uuml;rzekochen und der Hopfengabe wird dir ein Brauer-Essen serviert. Dann geht es &uuml;ber zum zweiten Teil mit den Produktionsschritten im Whirlpool, der Hefebeigabe und Abf&uuml;llung ins G&auml;rfass. Der Sommelier f&uuml;hrt dich in die Aromakunde ein und gibt Erl&auml;uterungen zu Speisen ab, welche ganz besonders gut zu den verschiedensten Bierstilen passen. Der Anlass wird mit einer kleinen Vesperplatte kulinarisch abgerundet.</p><p>F&uuml;nf Wochen sp&auml;ter kannst du ca. drei Flaschen &agrave; 33cl deines eigenen Bieres im Getr&auml;nkemarkt St. Gallen abholen.</p>", "url": "https://www.schuetzengarten.ch/", "image": "https://sgbtpimtsoch.sos-ch-dk-2.exoscale-cdn.com/catalog/5/5/9/e/559e8db0851812b4c2ef0de2246e707f93b381e6_Schuega_26_0023.jpg", "openstreetmap_id": "way/108114659"}, "geometry": {"type": "Point", "coordinates": ["9.3792971", "47.4299863"]}}, {"type": "Feature", "properties": {"identifier": "439488c8-e14b-4bda-9b38-52145a44d9ca", "name": "Fonduerucksack K\u00fcndig Feinkost AG", "description": "<p class=\"MsoNormal\"><span class=\"text-space-pre-line rich-text-text\" data-abstract-init=\"body text\" style=\"\">Die Genussregion St.Gallen-Bodensee wartet mit sch\u00f6nen Pl\u00e4tzen und Aussichtspunkten auf. Der Fonduerucksack beinhaltet alles, was das Herz begehrt \u2013 von der leckeren Fondue-Hausmischung der K\u00fcndig Feinkost AG mit Brot, \u00fcber den s\u00fcffigen Weisswein bis zu s\u00e4mtlichem Zubeh\u00f6r und sch\u00f6ner Tischdecke. Der Fonduerucksack ist f\u00fcr 2 oder 4 Personen buchbar. Weitere Spezialit\u00e4ten k\u00f6nnen direkt vor Ort in den 2 Filialen (St.Gallen &amp; Rorschach) bei K\u00fcndig Feinkost bezogen werden. Zwischen </span><span class=\"text-space-pre-line font-weight-bold rich-text-text\" data-abstract-init=\"body text\" style=\"\">November bis Januar</span><span class=\"text-space-pre-line rich-text-text\" data-abstract-init=\"body text\" style=\"\"> bietet K\u00fcndig Feinkost neben dem klassischen Fondue auch eine Variante mit Tr\u00fcffel an. Diese kann direkt bei der Buchung ausgew\u00e4hlt werden (unter \u00abTickettyp\u00bb&nbsp;seht Ihr die beiden Varianten \u00abFondue Klassisch\u00bb&nbsp;und \u00abFondue Tr\u00fcffel\u00bb).</span></p><p data-v-ea7a0822=\"\" class=\"rich-text-paragraph\" piano-view-event=\"false\" style=\"margin-bottom: 1rem;\"><span class=\"text-space-pre-line font-weight-bold rich-text-text\" data-abstract-init=\"body text\" style=\"white-space-collapse: preserve-breaks; font-weight: 700 !important;\">So funktioniert's:</span></p><p data-v-ea7a0822=\"\" class=\"rich-text-paragraph\" piano-view-event=\"false\" style=\"margin-bottom: 1rem;\"><span class=\"text-space-pre-line font-weight-bold rich-text-text\" data-abstract-init=\"body text\" style=\"white-space-collapse: preserve-breaks; font-weight: 700 !important;\"></span></p><p style=\"list-style-type: none; margin-bottom: 0.25rem; padding-left: 2.375rem; position: relative;\"><span class=\"text-space-pre-line rich-text-text\" data-abstract-init=\"body text\" style=\"\">Beziehe den Fonduerucksack w\u00e4hrend den&nbsp;</span><a class=\"rich-text-hyperlink\" href=\"https://kuendigfeinkost.ch/standorte/\" target=\"_blank\" data-abstract-init=\"action link\" style=\"transition: color 0.2s; word-break: break-word;\">\u00d6ffnungszeiten</a><span class=\"text-space-pre-line rich-text-text\" data-abstract-init=\"body text\" style=\"\">&nbsp;am gebuchten Standort&nbsp;der&nbsp;K\u00fcndig Feinkost AG.</span></p><p style=\"list-style-type: none; margin-bottom: 0.25rem; padding-left: 2.375rem; position: relative;\"><span class=\"text-space-pre-line rich-text-text\" data-abstract-init=\"body text\" style=\"white-space-collapse: preserve-breaks;\">Suche dir sich einen gem\u00fctlichen Ort im Freien, bereite das Fondue zu (eine Anleitung dazu finden Sie im Rucksack) und geniesse das leckere Fondue.</span></p><p style=\"list-style-type: none; margin-bottom: 0.25rem; padding-left: 2.375rem; position: relative;\"><span class=\"text-space-pre-line rich-text-text\" data-abstract-init=\"body text\" style=\"white-space-collapse: preserve-breaks;\">Retourniere anschliessend den Rucksack inklusive dem schmutzigen Geschirr und Abfall w\u00e4hrend den \u00d6ffnungszeiten&nbsp;bei der K\u00fcndig Feinkost AG.&nbsp;</span></p><p style=\"list-style-type: none; margin-bottom: 0.25rem; padding-left: 2.375rem; position: relative;\"><span class=\"text-space-pre-line rich-text-text\" data-abstract-init=\"body text\" style=\"white-space-collapse: preserve-breaks;\"><br></span>Standorte:</p><ul data-v-ea7a0822=\"\" class=\"rich-text-unordered-list\" piano-view-event=\"false\" style=\"margin-bottom: 1rem;\"><span class=\"text-space-pre-line rich-text-text\" data-abstract-init=\"body text\" style=\"\">\n</span><li class=\"rich-text-list-item\" style=\"list-style-type: none; margin-bottom: 0.25rem; padding-left: 2.375rem; position: relative;\"><span class=\"text-space-pre-line rich-text-text\" data-abstract-init=\"body text\" style=\"\">K\u00fcndig Feinkost AG, Webergasse 19, 9000 St.Gallen, Telefonnummer: +41 71 841 17 75</span></li><span class=\"text-space-pre-line rich-text-text\" data-abstract-init=\"body text\" style=\"\">\n</span><li class=\"rich-text-list-item\" style=\"list-style-type: none; margin-bottom: 0.25rem; padding-left: 2.375rem; position: relative;\"><span class=\"text-space-pre-line rich-text-text\" data-abstract-init=\"body text\" style=\"\">K\u00fcndig Feinkost AG, Am Marktplatz 6, 9400 Rorschach, Telefonnummer: +41 71 841 17 75</span></li><li class=\"rich-text-list-item\" style=\"list-style-type: none; margin-bottom: 0.25rem; padding-left: 2.375rem; position: relative;\"><span class=\"text-space-pre-line rich-text-text\" data-abstract-init=\"body text\" style=\"\"><br></span></li></ul><p class=\"MsoNormal\"><b>Bedingungen</b></p><p class=\"MsoNormal\">Vor Ort ist ein Pfand von CHF 50.\u2013 zu bezahlen. Nach\nMaterialr\u00fcckgabe wird das Pfand zur\u00fcckerstattet.<o:p></o:p></p><p class=\"MsoNormal\"><b>Inkludierte Leistungen<o:p></o:p></b></p><ul style=\"margin-top:0cm\" type=\"disc\">\n <li class=\"MsoNormal\">Fonduemischung<o:p></o:p></li>\n <li class=\"MsoNormal\">Caquelon\n     und R\u00e9chaud<o:p></o:p></li>\n <li class=\"MsoNormal\">Brot\n     und Weisswein<o:p></o:p></li>\n <li class=\"MsoNormal\">Tischdecke,\n     Gabeln und Gl\u00e4ser<o:p></o:p></li>\n <li class=\"MsoNormal\">Gebrauchsanleitung</li>\n</ul><p class=\"MsoNormal\"><b><br></b></p><p class=\"MsoNormal\"><br></p>", "url": "https://kuendigfeinkost.ch", "image": "https://sgbtpimtsoch.sos-ch-dk-2.exoscale-cdn.com/catalog/9/2/a/a/92aa9ccdbd33ef38cd02bd807537a358d54cbf2c_medium__20240711_fonduerucksack_drei_weieren_st_gallen_2.jpg", "openstreetmap_id": "node/4092655390"}, "geometry": {"type": "Point", "coordinates": ["9.3752516", "47.4228622"]}}, {"type": "Feature", "properties": {"identifier": "44bc3066-f9e7-438c-9ace-13fa7b5dba48", "name": "Restaurant Roots", "description": "<p>Im Restaurant Roots kannst du dir unsere hochwertige, unkomplizierte K&uuml;che mit nachhaltigen Produkten in hoher Qualit&auml;t schmecken lassen. Stehst du auf Klassiker der Schweizer K&uuml;che oder darf es doch lieber etwas mit Mediterranem Flair sein? Ob heiss oder kalt, ob s&uuml;ss oder salzig, ob klassisch oder modern, ob Gourmetk&uuml;che oder Streetfood - teilen l&auml;sst sich bei uns fast alles - insbesondere nat&uuml;rlich die Chicken Wings in verschiedenen Variationen oder eine knusprige Pinsa!</p>", "url": "https://saentispark.revierhotels.com/de/gastronomie", "image": "https://sgbtpimtsoch.sos-ch-dk-2.exoscale-cdn.com/catalog/7/2/9/2/7292152c1e2dfec996d82a895d4ad1c95ba34c35_Kuva_46.jpg", "openstreetmap_id": "way/768586847"}, "geometry": {"type": "Point", "coordinates": ["9.3142862", "47.4175016"]}}, {"type": "Feature", "properties": {"identifier": "49eb6439-ab3f-4d0a-a22d-a0cdfa8ee6fc", "name": "Einstein Gourmet", "description": "<p>&Uuml;ber den D&auml;chern St.Gallens, im 5. Stock mit Blick &uuml;ber die Stadt, freuen sich die K&uuml;chenchefs Sebastian Zier und Richard Schmidtkonz im 18 Punkte GaultMillau und zwei Sterne Michelin ausgezeichnetem Einstein Gourmet auf ihre G&auml;ste. Die erstklassigen Produkte, die mit viel Liebe zum Detail zubereitet werden, &uuml;berraschen mit verschiedenen Geschmacksskomponenten.<em> </em><span style=\"font-family: 'Arial',sans-serif; mso-fareast-language: EN-US;\">Durch den Abend begleitet Sie unser Wine Director und Head Sommelier Loris Lenzo, gemeinsam mit Restaurantmanager Daniel B&ouml;lle, der Sie fachkundig zu den Weinen ber&auml;t, die perfekt mit den Gerichten harmonieren.</span></p>", "url": "https://www.einstein.ch/de/essen-trinken/einstein-gourmet", "image": "https://sgbtpimtsoch.sos-ch-dk-2.exoscale-cdn.com/catalog/f/f/6/1/ff613f786dd2bb50ed36e0dfd8bc52a7f0fef186__01_Key_Visual_Einstein_Gourmet_HighRes.jpg", "openstreetmap_id": "445628383"}, "geometry": {"type": "Point", "coordinates": ["9.3754457", "47.4214519"]}}, {"type": "Feature", "properties": {"identifier": "4df18f6d-d6b3-4fb0-a95a-b924115ab6c0", "name": "SelinS Lounge", "description": "In Staad, nur wenige Minuten vom Flughafen Altenrhein entfernt, entsteht ein Ort, an dem Ruhe, Stil und Qualit\u00e4t zuhause sind. Keine Hektik, kein Trubel stattdessen gepflegte Drinks, edle Kleinigkeiten wie Kaviar, Austern und feines Tatar, in einer Umgebung voller W\u00e4rme und Seele serviert.\n\nDie SelinS Lounge vereint modernes, elegantes Design mit sanftem Licht, diskreter Musik und einem Hauch von Geheimnis.\nHier trifft regionale Verbundenheit auf internationales Flair \u2013 perfekt f\u00fcr Business-Ap\u00e9ros, stilvolle Begegnungen oder einen genussvollen Abend unter Freunden.\n\nEin Platz, an dem jeder Moment ein wenig leuchtet und der Genuss die Hauptrolle spielt.", "url": "https://selins.ch", "image": "https://sgbtpimtsoch.sos-ch-dk-2.exoscale-cdn.com/catalog/e/b/7/6/eb7615015a777fbb22946a91ece65b4aa4aa965f_DSC_5297.JPG", "openstreetmap_id": "way/263941688"}, "geometry": {"type": "Point", "coordinates": ["9.550192952156069", "47.48462361612617"]}}, {"type": "Feature", "properties": {"identifier": "4e02c0aa-c250-43e5-b416-fbc01c427047", "name": "Rebberg am Gupfen", "description": "Die Ausrichtung des neugeschaffenen Rebhanges ist nach S\u00fcden gerichtet und liegt zwischen 600 \u2013 640m \u00fcber Meer. Der ausserordentlichen Lage des Gupfen ist es zu verdanken, dass auf dieser H\u00f6he noch hervorragende Weine heranreifen k\u00f6nnen. Da tr\u00e4gt sicher die extreme S\u00fcdlage und der F\u00f6hneinfluss des Rheintals zum guten Gelingen der Weine bei.", "url": "https://www.rebberg-walzenhausen.ch/", "image": "https://sgbtpimtsoch.sos-ch-dk-2.exoscale-cdn.com/catalog/f/5/6/b/f56b178f2ce46c4310ebd9123f0d415332f4185c_Unbenannt_1_0001_Rebberg_am_Gupfen__2.jpg", "openstreetmap_id": "way/199117513"}, "geometry": {"type": "Point", "coordinates": ["9.607726335525514", "47.44813065927152"]}}, {"type": "Feature", "properties": {"identifier": "4fd2bfb2-0efb-4f8b-82c1-4703e2266365", "name": "Bier-Ap\u00e9ro in der Brauerei Sch\u00fctzengarten", "description": "<p>W&auml;hrend dieses Bier-Ap&eacute;ros in der Brauerei Sch&uuml;tzengarten erfahren die Teilnehmer mehr &uuml;ber die Biergeschichte, speziell die Geschichte von Sch&uuml;tzengarten und die des Bieres in St.Gallen. Denn das Bierbrauen hat eine lange Tradition. Bereits auf dem St.Galler Klosterplan aus dem Jahre 820 wurden drei Brauereien vermerkt. Sch&uuml;tzengarten f&uuml;hrt diese Tradition konsequent fort, weshalb das Unternehmen mit seiner reichen Geschichte bis heute unabh&auml;ngig geblieben ist. Den Teilnehmern wird hier auch die Gelegenheit geboten, die ausgezeichneten Biere von Sch&uuml;tzengarten zu degustieren.</p>", "url": "http://www.schuetzengarten.ch", "image": "https://sgbtpimtsoch.sos-ch-dk-2.exoscale-cdn.com/catalog/6/1/f/5/61f51bc65b29358a14558fe62c620847154dfb3d_Schuega_30_0035__2.jpg", "openstreetmap_id": "https://www.openstreetmap.org/way/108114659"}, "geometry": {"type": "Point", "coordinates": ["9.37906", "47.42968"]}}, {"type": "Feature", "properties": {"identifier": "5119ec84-ac0c-4eb3-8797-00d9283d4c2b", "name": "Grabenhalle", "description": "Fr\u00fcher f\u00fcr St.Gallen besetzt, heute f\u00fcr die Kultur genutzt. Fest in der st\u00e4dtischen Kulturlandschaft verwurzelt, bietet die Grabenhalle Platz f\u00fcr Konzerte, Theater, Tanz, Lesungen, Filme und experimentelle Projekte f\u00fcr bis zu 450 Besucher. Externe und interne Veranstalter:innen nutzen die Halle als B\u00fchne f\u00fcr verschiedenste kulturelle Anl\u00e4sse, so entsteht ein vielf\u00e4ltiges Programm f\u00fcr ein vielf\u00e4ltiges Publikum.", "url": "http://www.grabenhalle.ch/", "image": "https://sgbtpimtsoch.sos-ch-dk-2.exoscale-cdn.com/catalog/9/e/9/7/9e9768d3d3788436571863141000134d56086437_Konzert_RoyalRepublic_Foto.jpg", "openstreetmap_id": "way/308388008"}, "geometry": {"type": "Point", "coordinates": ["9.37417060000007", "47.42734670000001"]}}, {"type": "Feature", "properties": {"identifier": "53b2db29-6251-40a7-bc23-14cd14a55203", "name": "MuCaf\u00e9", "description": "Das MuCaf\u00e9 l\u00e4dt zum Innehalten und Verweilen ein, zum Genuss und Gedankenaustausch. \n\nDas MuCaf\u00e9 ist stilsicher und sorgf\u00e4ltig gestaltet und mit hochwertigsten Materialien gebaut. Aus der sch\u00f6nsten Maschine, einer \u00abElektra Belle Epoque\u00bb, werden der beste Cappuccino und Espresso gezaubert. \n\nEbenso vielf\u00e4ltig wie die Kulturen verschiedener L\u00e4nder und Zeiten ist unsere Gesellschaft. Deshalb wird das MuCaf\u00e9 gemeinsam mit Menschen mit einer Beeintr\u00e4chtigung der Institution GHG Sonnenhalde Tandem betrieben. Das Team ist professionell in das Barista-Handwerk eingef\u00fchrt und freut sich auf die G\u00e4ste. \n\nOb zum morgendlichen Cappuccino mit Cornetto, mittags zum luftig-feinen Panino oder nachmittags mit einem Glas Prosecco \u2013 das HVM setzt kompromisslos auf h\u00f6chste Qualit\u00e4t.\n\nUnd: Im MuCaf\u00e9 erwartet die Besucherinnen und Besucher ein spannendes Kulturprogramm. Gestartet wird mit drei Themenreihen: \u00abFr\u00fchst\u00fccksgespr\u00e4che\u00bb, \u00abTastings & mehr\u00bb und \u00abKlangwelten\u00bb. Themen, die Zeiten, R\u00e4ume und Kulturen verbinden, Geschichte und Gegenwart \u2013 und alle Sinne ansprechen.", "url": "https://mucafe.ch/index.html", "image": "https://sgbtpimtsoch.sos-ch-dk-2.exoscale-cdn.com/catalog/c/b/1/1/cb11a53fa386e002ac7fc54defe44b492a7ecfd3_mucafe_briefmarke_2.jpg", "openstreetmap_id": "way/125066638"}, "geometry": {"type": "Point", "coordinates": ["9.383203310325818", "47.42868805"]}}, {"type": "Feature", "properties": {"identifier": "5ad28e26-b8b9-4785-921e-fd726e73c899", "name": "Stadtbistro", "description": "Das Stadtbistro ist sozusagen ein zweites Wohnzimmer, ein Ort der Begegnung und des Genusses. Hier l\u00e4sst es sich wunderbar ein feines St\u00fcck Kuchen essen, die Zeitung lesen und den kleinen oder grossen Hunger stillen.\n\nAuf der kleinen, aber feinen Bistro-Karte stehen Wohlf\u00fchlgerichte wie ein w\u00e4rmender griechischer Stifado, aber auch vegetarische und vegane Kreationen. Wer mag, setzt sich an den langen Holztisch, geniesst eine Kaffeespezialit\u00e4t und dazu ein St\u00fcck Kuchen aus der Hausb\u00e4ckerei. F\u00fcrs B\u00fcro oder das Picknick gibt\u2019s alles auch als Take Away.\n\nAussergew\u00f6hnlich ist noch etwas anderes: Im Stadtbistro arbeiten Menschen mit Unterst\u00fctzungsbedarf als Mitarbeiter:innen oder Lernende im Service und in der K\u00fcche. Sie werden von Fachpersonen begleitet und k\u00f6nnen so in der Arbeitswelt Fuss fassen.", "url": "https://stadtbistro.sg/", "image": "https://sgbtpimtsoch.sos-ch-dk-2.exoscale-cdn.com/catalog/f/b/b/8/fbb895d73a7c9a5d582118772e4f5e1e7be5dd02_Hotel_Dom_Architektur_557__2.jpg", "openstreetmap_id": "node/4092716590"}, "geometry": {"type": "Point", "coordinates": ["9.37513", "47.42277"]}}, {"type": "Feature", "properties": {"identifier": "5b156cfa-c04f-4166-b8f7-08812a6d150e", "name": "Restaurant Werk 1", "description": "<p><strong><span lang=\"DE\">Der stilvolle Anlaufpunkt im Herzen von Gossau </span></strong></p><p><span lang=\"DE\">Das Restaurant Werk 1 in Gossau besticht mit professionellem Service, hochwertigen Speisen und stilvollem Ambiente. Auch modern ausgestattete Veranstaltungs-, Seminar- und Tagungsr&auml;ume stehen zur Verf&uuml;gung. An ausgew&auml;hlten Abenden kommen G&auml;ste zus&auml;tzlich in den Genuss von wechselnden Unterhaltungsangeboten.</span><em style=\"mso-bidi-font-style: normal;\"><span lang=\"DE\">&nbsp;</span></em></p><p><span lang=\"DE\">Das Werk 1 vereint gekonnt historisches Flair mit modernen Strukturen: Im geschichtstr&auml;chtigen Kaufmannsgeb&auml;ude wurde modisches Interieur mit stillvollem Design gepaart. Das elegante Restaurant, ein edel eingerichtetes, bedientes Fumoir mit Kamin und Humidor sowie ein beeindruckender Weinkeller in rustikalem Ambiente sorgen f&uuml;r das Rundum-Wohlgef&uuml;hl beim Gast. Im Sommer garantiert die grossz&uuml;gige Terrasse mit Loungem&ouml;beln gem&uuml;tliche Stunden unter freiem Himmel. Abgerundet wird ein Besuch des Werk 1 durch die hochwertige gutb&uuml;rgerliche Schweizer Grillk&uuml;che mit wechselndem saisonalen Speiseangebot.</span></p><p><strong style=\"mso-bidi-font-weight: normal;\"><span lang=\"DE\">Das passende Angebot f&uuml;r jeden Anlass</span></strong></p><p class=\"MsoNormal\"><span lang=\"DE\" style=\"mso-ansi-language: DE;\">Egal ob Bankette, Events, Hochzeiten oder Geburtstage: Die R&auml;umlichkeiten des Werk 1 bieten f&uuml;r jeden Anlass das passende Angebot. Auf Grund modernster Infrastrukturen eignen sich die Veranstaltungsr&auml;ume auch hervorragend f&uuml;r Seminare und Tagungen (halb- oder ganztags, ab 10 bis 270 Personen). Durch die bahnhofsnahe Lage des Werk 1 im Zentrum von Gossau und Parkm&ouml;glichkeiten vor Ort, ist eine einfache und unbeschwerte Anreise zu jeder Zeit m&ouml;glich.</span></p><p><strong><span lang=\"DE\">Event und Unterhaltung im Werk 1</span></strong></p><p><span lang=\"DE\">Neben dem grossz&uuml;gigen Raumangebot und einer erlesenen K&uuml;che bietet das Werk 1 seinen G&auml;sten auch k&uuml;nstlerische und kulturelle Leckerbissen: Regelm&auml;ssig werden wechselnde Veranstaltungen wie Konzerte, Kulturkreise, Lesungen und Tanzabende durchgef&uuml;hrt.&nbsp;</span></p><p class=\"MsoPlainText\">&nbsp;</p>", "url": "https://www.werk-1.ch", "image": "https://sgbtpimtsoch.sos-ch-dk-2.exoscale-cdn.com/catalog/5/1/0/b/510b0d3ad9fd361a8d262d1a03fa27b50d1306df_20140815_WERK1_108.jpg", "openstreetmap_id": "node/4470998199"}, "geometry": {"type": "Point", "coordinates": ["9.2533496", "47.4148499"]}}, {"type": "Feature", "properties": {"identifier": "65073e3d-6225-4569-b853-60811c612854", "name": "Gipfelrestaurant Ch\u00e4serrugg", "description": "Das Gipfelrestaurant von Herzog & de Meuron schenkt den G\u00e4sten bei jeder Wetterlage eindr\u00fcckliche Momente auf 2'262 m \u00fc. M.\n\nBereits w\u00e4hrend der Bauzeit setzte die Bergstation ein Zeichen: Aus R\u00fccksicht auf die Umwelt wurde mit Ausnahme des Krans s\u00e4mtliches Material mit der Luftseilbahn angeliefert. Nachhaltigkeit ist essenziell und auf Verwendung von regionalen und saisonalen Produkten wird grossen Wert gelegt. \n\nVom Sonnenaufgang bis zum Vollmond werden bei verschiedenen Anl\u00e4ssen Kultur, Architektur und Natur auf dem Gipfel vereint.\nMit der direkt an den Gipfel anschliessenden Hochebene Rosenboden bietet sich hier die perfekte Gelegenheit f\u00fcr eine gem\u00fctliche Gipfelwanderung. Start und Ziel des Panoramarundweges ist das Gipfelrestaurant.\n\nDas Chemin\u00e9e im Innern w\u00e4rmt nach Ausfl\u00fcgen an der frischen Bergluft und die vielf\u00e4ltige Karte bietet verschiedene Gerichte mit lokaler Verwurzelung an.", "url": "http://www.chaeserrugg.ch/", "image": "https://sgbtpimtsoch.sos-ch-dk-2.exoscale-cdn.com/catalog/1/b/c/a/1bca152d6cc891f4d5a7ce9734074eda5c254bd6_1K4A0964.jpg", "openstreetmap_id": "node/243845595"}, "geometry": {"type": "Point", "coordinates": ["9.312550800000054", "47.155184"]}}, {"type": "Feature", "properties": {"identifier": "68f8adaf-7cb4-4bce-b659-524cd9707ba2", "name": "Milchh\u00fcsli", "description": "<p>Das Milchh\u00fcsli bietet ein einzigartiges gastronomisches Erlebnis, inmitten des Naherholungsgebietes Drei Weieren, einem der sch\u00f6nsten Naturschwimmb\u00e4dern der Schweiz, umgeben von historischen Geb\u00e4uden. Die Geschichte des Milchh\u00fcsli reicht bis ins Jahr 1928 zur\u00fcck. Schon damals verk\u00f6stigte es durstige und hungrige Badeg\u00e4ste und Spazierg\u00e4nger bei den Drei Weieren. Im Milchhuesli das bei sch\u00f6nem Wetter im Sommer jeden Tag ge\u00f6ffnet hat, gibt es Glace, Backwaren, Kaffee, Getr\u00e4nke und Snacks. Besonders bekannt ist hier der Zimtkuchen.</p>", "url": "https://www.milch-huesli.ch/", "image": "https://sgbtpimtsoch.sos-ch-dk-2.exoscale-cdn.com/catalog/f/4/5/f/f45f7d4732d25ae9c6b37beb4e4ded665ebad653_medium__Herbst_Drei_Weieren_Milchh__sli.jpg", "openstreetmap_id": "way/28466553"}, "geometry": {"type": "Point", "coordinates": ["9.38662648200989", "47.42140928038666"]}}, {"type": "Feature", "properties": {"identifier": "6bb6dbf3-673e-43ad-ac94-10881ad55812", "name": "Restaurant Alpegl\u00f6ggli", "description": "Im historischen Geb\u00e4ude von 1888 gelegen, bietet das Restaurant Alpegl\u00f6ggli in der St. Galler Altstadt regionale, saisonale K\u00fcche und herzliche Gastfreundschaft \u2013 perfekt als kulinarischer Teil des Stadterlebnisses.", "url": "https://alpegloeggli.ch/", "image": "https://sgbtpimtsoch.sos-ch-dk-2.exoscale-cdn.com/catalog/6/3/e/6/63e6190fbadbfc034d39defd54cc82dfd2214c57_IMG_2125__2.jpeg", "openstreetmap_id": "node/4092527005"}, "geometry": {"type": "Point", "coordinates": ["9.3762588", "47.4241353"]}}, {"type": "Feature", "properties": {"identifier": "6c257fff-284d-4e12-871c-4df7c8511c60", "name": "Schlossgut Gr\u00fcnenstein", "description": "Es ist der Rebberg mit seiner G\u00fcte, welcher die M\u00f6glichkeiten vorgibt. Jedes Werk braucht aber einen Meister \u2013 so sind die Weine vom Schlossgut Gr\u00fcnenstein ein Ausdruck von Pers\u00f6nlichkeit und Leidenschaft. \n\nDass aussergew\u00f6hnliche Architektur und Wein zusammengeh\u00f6ren, kann auf dem Schlossgut Gr\u00fcnenstein erlebt werden. Der neu ausgebaute Torkel und das Schloss untermalen die Kulisse f\u00fcr ein Erlebnis der anderen Art. Im Torkel werden die Weine von Schloss Gr\u00fcnenstein gekeltert und im uralten Burgunderkellergew\u00f6lbe ausgebaut. Auf Anfrage k\u00f6nnen im Torkel Degustationen und Anl\u00e4sse wie Hochzeiten, Geburtstage oder Firmenanl\u00e4sse durchgef\u00fchrt werden.", "url": "https://www.gruenenstein.ch/", "image": "https://sgbtpimtsoch.sos-ch-dk-2.exoscale-cdn.com/catalog/0/3/3/2/0332c211cd83849cc6b5bc81a2b7b3014d3ef794_Schlossgut_Gruenenstein_Schlosstorkel.jpg", "openstreetmap_id": "way/39859117"}, "geometry": {"type": "Point", "coordinates": ["9.598696159423678", "47.40572958456"]}}, {"type": "Feature", "properties": {"identifier": "6c304c2f-8ca3-47ff-9077-415ce0d5fd9f", "name": "Speiserestaurant Adler", "description": "<p>Saisonal, regional, exotisch, einfach &amp; exquisit. Jeder Gast ist bei uns willkommen - Von der Jeanshose bis zur Krawatte...</p><p>Kapazit&auml;ten:</p><p>Wintergarten bis 100 Personen</p><p>Restaurant bis 60 Personen&nbsp;</p><p>Burgst&uuml;bli bis 30 Personen&nbsp;</p><p>Garten bis 200 Personen&nbsp;</p><p>Partyservice offen&nbsp;</p>", "url": "https://adler-oberriet.ch", "image": "https://sgbtpimtsoch.sos-ch-dk-2.exoscale-cdn.com/catalog/8/3/a/6/83a6b1b1571757ca9622475e1788f63134cb0a9f_IMG_2759.jpeg", "openstreetmap_id": "node/5146039644"}, "geometry": {"type": "Point", "coordinates": ["9.563205", "47.3169225"]}}, {"type": "Feature", "properties": {"identifier": "6e103d2a-5d54-4d19-85be-3e80086b9574", "name": "Restaurant 3 Linden (Dreilinden)", "description": "Im 3 Linden wird Schweizer K\u00fcche mit mediterranen Einfl\u00fcssen angeboten. Vielf\u00e4ltig mit Fleisch-, Fisch-, vegetarischen und veganen Gerichten. Die Gastgeber setzen auf auserlesene, frische Zutaten, saisonal und wenn immer m\u00f6glich regional.\n\nDer Ausblick vom Restaurant 3 Linden ist atemberaubend: Hoch \u00fcber St. Gallen schweift der Blick \u00fcber die malerische Altstadt und die sanften H\u00fcgel der Umgebung \u2013 ein Panorama wie ein Gem\u00e4lde.\n\nDas Ambiente l\u00e4dt mit  zum Verweilen ein. Ein Ort, der Genuss und Geborgenheit vereint.", "url": "https://www.3linden.ch", "image": "https://sgbtpimtsoch.sos-ch-dk-2.exoscale-cdn.com/catalog/4/1/7/a/417a262eddfcd1020e9d565457c2888bcc4eb505_DSCF1233.jpg", "openstreetmap_id": "way/125682188"}, "geometry": {"type": "Point", "coordinates": ["9.389717103032659", "47.422942899999995"]}}, {"type": "Feature", "properties": {"identifier": "6f4f7ade-46d2-4910-b607-2a7cb7a441f2", "name": "Fondue Beizli \"Neueck\"", "description": "<p>Das gem&uuml;tliche Fondue Beizli liegt mitten in der St. Galler Altstadt und ist ideal f&uuml;r entspannte Abende mit Freunden oder Gruppen. Die zentrale Lage in der Br&uuml;hlgasse macht es zu perfekten Ausgangspunkt f&uuml;r einen Stadtbummel oder einen Besuch in den nahegelegenen Museen und Boutiquen. Die traditionelle Atmosph&auml;re und die Auswahl an Schweizer Spezialit&auml;ten sorgen f&uuml;r ein authentisches St. Galler Erlebnis.</p><p><strong>Schweizer Spezialit&auml;ten</strong></p><ul><li>K&auml;sefondue</li><li>Fleischfondue</li><li>St.Galler Bratwurst mit R&ouml;sti</li><li>Cordon Bleu</li><li>hausgemachte Sp&auml;tzli</li><li>Mittagsmen&uuml;</li><li>Gruppenangebote</li></ul>", "url": "http://www.fonduebeizli.ch/", "image": "https://sgbtpimtsoch.sos-ch-dk-2.exoscale-cdn.com/catalog/1/8/1/7/18176cdd4f2f4726ca8d88cc5ba31bc82db1c316_WhatsApp_Image_2026_08_11_at_12.38.47__1_.jpeg", "openstreetmap_id": "node/445068515"}, "geometry": {"type": "Point", "coordinates": ["9.3781219", "47.4253443"]}}, {"type": "Feature", "properties": {"identifier": "70feb490-dd63-4cf8-a868-1540d11ae717", "name": "Restaurant Atticum", "description": "<p class=\"p1\">Das Atticum Rooftop ist kein gew&ouml;hnliches Restaurant. Hoch &uuml;ber den D&auml;chern von T&uuml;bach verbindet der besondere Treffpunkt moderne K&uuml;che, urbanes Ambiente und eine grossz&uuml;gige Terrasse mit Blick &uuml;ber die Region bis zum Bodensee.</p><p class=\"p1\">Auf den Tisch kommen saisonale Gerichte, moderne Klassiker und &uuml;berraschende Kreationen. Kreative Drinks, ausgew&auml;hlte Weine und hausgemachte Desserts runden das kulinarische Erlebnis ab. Am Sonntag wird das Rooftop beim beliebten Brunch zum entspannten Treffpunkt f&uuml;r Geniesserinnen und Geniesser.</p><p class=\"p1\">Ob Lunch mit Aussicht, Dinner im Abendlicht, ein Drink auf der Terrasse oder eine Feier mit besonderem Rahmen: Das Atticum schafft Momente, die in Erinnerung bleiben. Die stilvollen und flexibel nutzbaren R&auml;umlichkeiten bieten zudem die passende Kulisse f&uuml;r Hochzeiten, Geburtstage, Firmenanl&auml;sse und individuelle Events.</p><p class=\"p1\">Zwischen St.Gallen und dem Bodensee gelegen, ist das Atticum Rooftop der perfekte Zwischenstopp f&uuml;r alle, die Genuss lieber mit Aussicht erleben.</p>", "url": "https://www.atticum.ch", "image": "https://sgbtpimtsoch.sos-ch-dk-2.exoscale-cdn.com/catalog/8/a/e/2/8ae20c794cb5aad97509f1e3d478b8537b0f8f02_19_140___Florian_Studer_Innenarchitektur___Atticum_T__bach__15.jpg", "openstreetmap_id": "way/151948247"}, "geometry": {"type": "Point", "coordinates": ["9.4490363", "47.4880269"]}}, {"type": "Feature", "properties": {"identifier": "72020c1d-bc4c-479f-9801-58bf204c1213", "name": "Textilland-Genuss-Men\u00fc", "description": "<p class=\"MsoNormal\">In einem historischen Stadtschloss im Klosterbezirk St.Gallen erleben Gruppen einen sinnlichen Abend: serviert werden traditionelle Spezialit&auml;ten wie blaue St.Galler Kartoffeln oder Ribelmais, liebevoll zubereitet mit Zutaten aus der Region. Eine Person aus dem Schl&ouml;ssli-Team f&uuml;hrt durch den Abend &ndash; unterhaltsam, kenntnisreich und anschaulich. Die stilvoll eingerichtete Gaststube, ausgezeichnet mit 14 GaultMillau-Punkten, bietet das perfekte Ambiente f&uuml;r kulinarischen Tiefgang mit kultureller Note.</p>", "url": "http://www.schloessli-sg.ch/", "image": "https://sgbtpimtsoch.sos-ch-dk-2.exoscale-cdn.com/catalog/c/5/f/3/c5f38dc7c6bd5fd13e30f8baccd30833e917f0a3_IMG20220512200940_bearbeitet.jpg", "openstreetmap_id": "node/5960912204"}, "geometry": {"type": "Point", "coordinates": ["9.379040", "47.424305"]}}, {"type": "Feature", "properties": {"identifier": "7239a1dc-0658-4320-be22-990fa09741b2", "name": "Genuss-Erlebnis Bier und K\u00e4se", "description": "<p>Erfahrene Bier- und K&auml;se-Sommeliers f&uuml;hren dich durch die Welt der Sch&uuml;tzengarten Biere, erkl&auml;ren die Geschichte der &auml;ltesten Brauerei der Schweiz sowie die Herstellungsprozesse der verschiedensten Bierstile.&nbsp;</p><p>Im Rahmen der Degustation wirst du rund zehn verschiedene Biere probieren, die mit sorgf&auml;ltig ausgew&auml;hlten K&auml;sesorten kombiniert werden. Die Sommeliers geben wertvolle Tipps, wie die Aromen von Bier und K&auml;se ideal zur Geltung kommen und sich harmonisch erg&auml;nzen.</p><p>Lerne, wie die Biere richtig ausgeschenkt werden, um ihr volles Aroma zu entfalten. Erweitere dein Wissen &uuml;ber die Kunst der Bier- und K&auml;sekombination und lasse dich von neuen Perspektiven auf diese beiden Genussmittel inspirieren. Ein Event f&uuml;r alle, die sowohl Bier als auch K&auml;se sch&auml;tzen und sich gerne kulinarisch verw&ouml;hnen lassen.&nbsp;</p>", "url": "https://www.schuetzengarten.ch", "image": "https://sgbtpimtsoch.sos-ch-dk-2.exoscale-cdn.com/catalog/a/6/b/0/a6b00ba3427c716ce6ec169aa9c63c96915d3e19_Schuega_27_0032.jpg", "openstreetmap_id": "node/7193106970"}, "geometry": {"type": "Point", "coordinates": ["9.3792971", "47.4299863"]}}, {"type": "Feature", "properties": {"identifier": "7447cf6a-62b3-4646-9320-0c4e8d25ebf4", "name": "Seerestaurant Buchhorn", "description": "<p>Mit viel Engagement wird das Seerestaurant Buchhorn im Strandbad Arbon betrieben. Neben der Speisekarte sorgen die t&auml;glich wechselnden Mittagsmen&uuml;s f&uuml;r Abwechslung auf dem Esstisch und der vielf&auml;ltigen Auswahl am Buffet kann niemand widerstehen. Zur Spezialit&auml;t des Hauses geh&ouml;ren die feinen Fischknusperli sowie der unverwechselbare Buchhorn-Burger.</p><p>Das Restaurant Buchhorn in Arbon erfrischt auch als vielseitige Anlage f&uuml;r Feste.&nbsp; Neben dem t&auml;glichen Betrieb ist das Seerestaurant Buchhorn auch die perfekte B&uuml;hne f&uuml;r gediegene, festliche Begegnungen jeglicher Art. Es gibt wenige Orte, die sich f&uuml;r ein Fest so ideal eignen wie dieses einzigartige Bijou. Direkt am See gelegen l&auml;sst es sich auf vielf&auml;ltige Weise bespielen.</p><p>Das Seerestaurant Buchhorn ist ein tolles Ausflugsziel und liegt an diversen Velo- und Wanderwegen.</p>", "url": "https://seerestaurant-buchhorn.ch/", "image": "https://sgbtpimtsoch.sos-ch-dk-2.exoscale-cdn.com/catalog/9/4/1/2/94128f14845671169368b4b74c4c164c277c3137__71A5576__2.jpg", "openstreetmap_id": "way/25650032"}, "geometry": {"type": "Point", "coordinates": ["9.4196373", "47.5254529"]}}, {"type": "Feature", "properties": {"identifier": "7ae09e3b-e168-4a38-8ee6-e844aa731baf", "name": "Rohners Kafi M\u00fchlegg", "description": "<p>Rohners Kafi M&uuml;hlegg ist der Treffpunkt im Dorf f&uuml;r die Kaffeepause, ein gutb&uuml;rgerliches Mittagessen oder einfach zum gem&uuml;tlichen Beisammensein. An der Verkaufstheke wird Knuspriges aus dem Ofen, Snacks, Salate, Mittagsmen&uuml;s to go, s&uuml;sse Backwaren, Tortenst&uuml;cke und Schokoladenspezialit&auml;ten angeboten. Im stilvollen und gem&uuml;tlichen Restaurant k&ouml;nnen die G&auml;ste K&ouml;stlichkeiten aus K&uuml;che und Backstube geniessen. Die grossz&uuml;gige Sonnenterrasse, mit Blick auf den M&uuml;hleggweiher, l&auml;dt bei sch&ouml;nem Wetter zum Verweilen ein.</p>", "url": "https://rohners-genusswelt.ch", "image": "https://sgbtpimtsoch.sos-ch-dk-2.exoscale-cdn.com/catalog/8/a/1/e/8a1ef594ea99a855459ac94b04f7ee160bafb4fd_6.JPG", "openstreetmap_id": "way/125392585"}, "geometry": {"type": "Point", "coordinates": ["9.3795153", "47.4192483"]}}, {"type": "Feature", "properties": {"identifier": "7c1a4f9a-388f-4191-ad35-91412535ef89", "name": "BALIK Kitchen, Bar & Shop St.Gallen", "description": "<p>BALIK Kitchen im Globus St. Gallen bringt ein St&uuml;ck BALIK Farm in die Stadt. BALIK Lachs, Kaviar, Rindstatar und saisonale Kreationen finden zusammen mit Wein und herzlicher Atmosph&auml;re &ndash; inspiriert von der K&uuml;che, den Menschen und der Geschichte der BALIK Farm.</p>", "url": "https://balik-kitchen.ch/de/standorte/st-gallen", "image": "https://sgbtpimtsoch.sos-ch-dk-2.exoscale-cdn.com/catalog/2/1/0/d/210d4f9de15f6c0c32a4a83f709ba504ad30a375_BK_st_gallen_008_cut_web.jpg", "openstreetmap_id": "node/445348924"}, "geometry": {"type": "Point", "coordinates": ["9.3743431", "47.4239421"]}}, {"type": "Feature", "properties": {"identifier": "812799e4-ea6b-4fe5-bb5d-199317306255", "name": "BBC Butterbarcafe", "description": "Der grosse Stolz ist die zw\u00f6lf Meter lange Bar, die von vier Seiten aus bedient wird. Lange Wartezeiten sind (fast) ausgeschlossen und innerhalb kurzer Zeit sind alle G\u00e4ste bedient. Das BBC ist zweist\u00f6ckig und bietet Indoor sechs Barstationen und chillige Sofas f\u00fcr eine gem\u00fctliche Atmosph\u00e4re.\n\nDer Palmengarten ist 400 Quadratmeter gross und vom Fr\u00fchling bis in den Sp\u00e4therbst ge\u00f6ffnet. Im Garten hat es sechs Barstationen und in vier Metern H\u00f6he ist eine 12m2 LED-Wand installiert, auf der alle Spiele des FC St. Gallen und andere Sportanl\u00e4sse \u00fcbertragen werden.\n\nSpielm\u00f6glichkeiten sind Tischfussball, Billard, Mini-Tischtennis, Dart und Flipper. Zudem stehen Beer-Pong-Tische zur Verf\u00fcgung, spielen macht ja bekanntlich durstig.\n\nDer Eintritt ins BBC ist kostenlos.", "url": "https://bbcgossau.ch/", "image": "https://sgbtpimtsoch.sos-ch-dk-2.exoscale-cdn.com/catalog/a/b/a/d/abad9609b96183d60a41bfdafcba97197549e701_AN2I2813.jpeg", "openstreetmap_id": "node/504009113"}, "geometry": {"type": "Point", "coordinates": ["9.255978763103487", "47.41194494693052"]}}, {"type": "Feature", "properties": {"identifier": "8465857f-912a-403e-bfbd-f27526ed2613", "name": "Ochsentorkel Weinbau", "description": "Am steilen Buechberg in Thal SG werden \u00fcber 30 verschiedene Rebsorten kultiviert. Zw\u00f6lf davon baut Tom Kobel auf 5 ha selber an und vinifiziert daraus hochwertige und einzigartige Weine und einige echte Rarit\u00e4ten. \n\nAuf der Basis von theoretischem Wissen in Kombination mit seine Erfahrung aus langj\u00e4hrigem Handwerk begleitet Tom Kobel die Entstehung seiner Weine von der Rebe bis zur Vermarktung. In seiner Arbeit verbindet sich Passion f\u00fcr den Weinbau und der Respekt vor der Rebe als Kulturgut. Das soll der Weinliebhaber am Ende in der Flasche wiederfinden.", "url": "https://www.ochsentorkel.ch/", "image": "https://sgbtpimtsoch.sos-ch-dk-2.exoscale-cdn.com/catalog/3/4/2/a/342a7b39e9e92bcc8cb3fa009040aa301a624733_Ochsentorkel_Weinbau_Thal.jpg", "openstreetmap_id": "node/2607490692"}, "geometry": {"type": "Point", "coordinates": ["9.5668845", "47.4663345"]}}, {"type": "Feature", "properties": {"identifier": "8506b967-8237-4e98-856c-411fa643ff2b", "name": "Restaurant Burg", "description": "Die kulinarischen K\u00f6stlichkeiten sind neben der ungezwungenen Gastfreundschaft und der wundersch\u00f6nen Aussicht auf das St.Galler Rheintal das T\u00fcpfelchen auf dem \u00abi\u00bb.", "url": "http://www.burg-au.ch/", "image": "https://sgbtpimtsoch.sos-ch-dk-2.exoscale-cdn.com/catalog/8/f/3/7/8f3793de865db74ed31f61c8fa8648664dfcdf80_Burg_Aussenansicht_1.jpg", "openstreetmap_id": "4005781777"}, "geometry": {"type": "Point", "coordinates": ["9.6325611", "47.4387055"]}}, {"type": "Feature", "properties": {"identifier": "863d4ce6-6c52-43f4-8671-64f36636029a", "name": "Koch-Dinner in der Eventlocation zur Werkstatt", "description": "Ein Dinner unter Freunden und G\u00e4sten ohne Vorbereitungsstress \u2013 dies klingt doch nach einem entspannten Abend. Und weil die besten Gespr\u00e4che sowieso in der K\u00fcche stattfinden, wird hier mit einer ausgiebigen Ap\u00e9roplatte gestartet. Kulinarischer H\u00f6hepunkt bildet die gemeinsam zubereitete Tavolata ganz nach italienischem Vorbild. Seinen gem\u00fctlichen Abschluss findet der Abend mit Kaffee und der Flasche Digestif direkt auf dem Tisch.\n\n\n3-Gang-Men\u00fc mit Ap\u00e9ro und H\u00e4ppchen, Wein beim Kochen und Essen, Wasser, Kaffee/Tee und Digestif\n\nCHF 145 / Person inkl. MwSt. \n\nT\u00e4glich buchbar ab 6 bis 30 Personen", "url": "https://www.zurwerkstatt-sg.ch/", "image": "https://sgbtpimtsoch.sos-ch-dk-2.exoscale-cdn.com/catalog/9/7/3/2/973209cf304510f2f91dca9433bf71e4365a7e6c_Werkstatt_Koch_Dinner.jpg", "openstreetmap_id": "node/10705895705"}, "geometry": {"type": "Point", "coordinates": ["9.375021", "47.425561"]}}, {"type": "Feature", "properties": {"identifier": "86eb0f1b-b6c2-4bf2-99e4-e999f3d5c178", "name": "Festlaune Events & Catering by focacceria", "description": "<p>Vom Ap\u00e9ro bis zum Festessen. Die Festlaune liefert nicht nur ausgew\u00e4hlte und hausgemachte Spezialit\u00e4ten, sondern organisiert auf Wunsch auch das Drumherum und verf\u00fcgt \u00fcber das passende Inventar.</p>", "url": "https://focacceria.ch/festlaune/", "image": "https://sgbtpimtsoch.sos-ch-dk-2.exoscale-cdn.com/catalog/5/d/d/4/5dd4f9419602cb22be123cb40234149ee8d22af2_309.jpg", "openstreetmap_id": "way/311104328"}, "geometry": {"type": "Point", "coordinates": ["9.375253998051948", "47.427058450000004"]}}, {"type": "Feature", "properties": {"identifier": "87680ec9-7137-4142-80b8-21faf58e3106", "name": "Catering Services Migros Ostschweiz", "description": "<p style=\"box-sizing: inherit; margin-right: 0px; margin-bottom: 12px; margin-left: 0px; line-height: 2.4rem;\">Der Catering Services der Migros Ostschweiz ist Ihr regionaler Catering Partner mit langj\u00e4hriger Erfahrung. Unser grosses Fachwissen,&nbsp; die Passion f\u00fcr Events und die Authentizit\u00e4t jedes Mitarbeitenden zeichnen uns aus.</p><p style=\"box-sizing: inherit; margin-right: 0px; margin-bottom: 12px; margin-left: 0px; line-height: 2.4rem;\">Hier arbeiten wir mit viel Begeisterung, damit Ihr Event ein grosser Erfolg wird. Wir leben einen hohen Qualit\u00e4tsstandard und eine faire Zusammenarbeit mit unseren Kundinnen und Kunden sowie Lieferanten.</p>", "url": "https://gastro.migros.ch/de/catering/ostschweiz", "image": "https://sgbtpimtsoch.sos-ch-dk-2.exoscale-cdn.com/catalog/8/c/0/1/8c01f9bad72552724d25b58221d18194f4a96078_migros_catering_190.jpg", "openstreetmap_id": "way/224311981"}, "geometry": {"type": "Point", "coordinates": ["9.270714139445694", "47.41133225"]}}, {"type": "Feature", "properties": {"identifier": "89d64125-f252-47f5-86cf-9a72e0b7e575", "name": "Restaurant Schloss Wartegg", "description": "<p>Die Sph&auml;re der Natur, welche Schloss Wartegg umgibt, liefert auch die wichtigsten Zutaten f&uuml;r das Restaurant. Im eigenen, Demeter-Schloss- und ProSpecieRara-Sortengarten werden auf 2500 m2 Kr&auml;uter, Gem&uuml;se, Beeren und Blumen angebaut. &laquo;Bio&raquo; ist nicht irgendein Zertifikat, sondern sinnvoller Genuss aus der Natur. Im von &laquo;GaultMillau&raquo; und &laquo;Michelin&raquo; empfohlenen Schloss-Restaurant kredenzen die G&auml;ste mittags und abends gen&uuml;ssliche Kreationen von der Speisekarte.</p>\n<p>Das Restaurant bietet eine Vielzahl von vegetarischen Gerichten an und auch ein veganes Menu ist immer erh&auml;ltlich. Dazwischen Kaffee mit hausgemachten Blechkuchen, einen &laquo;Flade&raquo; wie man hier sagt, sowie ausgesuchte Bio-Tees. Das Restaurant Schloss Wartegg ist sehr stark regional verankert und bezieht die Produkte von regionalen Biolieferanten.</p>\n<p>Ein Highlight des Bio-Restaurants ist die einladende Gartenterrasse mit stimmungsvollem Blick auf den Englischen Park und den Bodensee.</p>", "url": "http://www.wartegg.ch", "image": "https://sgbtpimtsoch.sos-ch-dk-2.exoscale-cdn.com/catalog/e/7/9/7/e797c27cbd530d0b122cec26a9de5ad4a40fa63e_Luftaufnahme_mit_See__4___2.jpg", "openstreetmap_id": "way/186554885"}, "geometry": {"type": "Point", "coordinates": ["9.530060291290285", "47.47844931248357"]}}, {"type": "Feature", "properties": {"identifier": "913f6b66-48d2-420a-9aa5-c7485e9974d0", "name": "Restaurant Lagerhaus", "description": "Das Restaurant Lagerhaus begeistert mit seiner urbanen Feuerstelle. Der einmalige Buchenholzgrill im Restaurant macht es m\u00f6glich, den frischen Fisch- und Fleischgerichten bei deren Zubereitung \u2013 auf den Punkt gebraten - zuzuschauen. Der Lagerung des Fleisches wird im eigenen Klimaschrank spezielle Beachtung geschenkt und auf naturbelassene Zutaten und hausgemachte Produkte von regionalen Produzenten gesetzt. Nat\u00fcrlich sind dem aufgestellten, jungen Team auch Vegetarier nicht Wurst. Sie kommen beispielsweise mit hausgemachter Pasta oder saisonalem Prosecco-Risotto auf ihre Kosten. Der Weinkeller, der zum Verweilen einl\u00e4dt, bietet eine Auswahl an kleinen und grossen Flaschen, wobei der Fokus mehrheitlich auf italienische Anbaugebiete gerichtet ist. Im Stadtsaal werden gerne und oft rauschende Feste gefeiert.", "url": "http://www.restaurantlagerhaus.ch", "image": "https://sgbtpimtsoch.sos-ch-dk-2.exoscale-cdn.com/catalog/5/2/d/a/52da4e94dac1261afd721a7e04ea215dc0b7982c_Restaurant_Lagerhaus_Innenbereich__1___2.jpg", "openstreetmap_id": "node/513061067"}, "geometry": {"type": "Point", "coordinates": ["9.36804", "47.42007"]}}, {"type": "Feature", "properties": {"identifier": "92f7c768-bfa0-4f3c-a48d-3e0fa784eb2c", "name": "Tiki Strandbar", "description": "Die TIKI-Strandbar in Goldach ist seit 2008 der sommerliche Place-to-be fu\u0308r entspannte Gemu\u0308tlichkeit mit Ferienfeeling \u2013 ob mit Freunden, Familie oder zu zweit. Chillige Himmelbetten, ein u\u0308bersichtliches aber vielseitiges Angebot an Drinks & Snacks und atemberaubende Sonnenunterga\u0308nge \u2013 was wollen wir Meer?\n\nDas kleine aber feine Angebot l\u00e4sst sich auf den gemu\u0308tlichen Liegen oder an den beliebten Lounges und Tischen geniessen - auf jeden Fall direkt am See. Und fu\u0308r alle die weiter mu\u0308ssen, gibt es das Ganze auch zum mitnehmen.\n\nDie TIKI Strandbar liegt direkt beim Hafen Goldach und ist w\u00e4hrend der Sommersaison, vom Mai bis September, jeden Tag bei sch\u00f6nem Wetter offen.\n\nDie gem\u00fctlichen Himmelbetten und rustikalen Holzm\u00f6bel im vintage Look, schaffen eine einzigartige Atmosph\u00e4re und bieten viele verschieden Sitz- und Liegefl\u00e4chen. Die Strandbar ist der perfekte Ort f\u00fcr unvergessliche Momente, neue Bekanntschaften und atemberaubende Sonnenunterg\u00e4nge. Live-Auftritte und Events runden das Angebot ab. ", "url": "http://www.tikistrandbar.ch/", "image": "https://sgbtpimtsoch.sos-ch-dk-2.exoscale-cdn.com/catalog/8/c/6/1/8c614f6a2c0bfcb1037eda1560a32d9ff946a309_997A6018.jpg", "openstreetmap_id": "node/2450055638"}, "geometry": {"type": "Point", "coordinates": ["9.4791691", "47.4828538"]}}, {"type": "Feature", "properties": {"identifier": "980d7f02-ed19-4a41-bbec-a723152d27d9", "name": "Sweetwolf St\u00fcbli", "description": "<p class=\"s4\"><span class=\"s3\">GENUSS trifft ERLEBNIS</span></p><p class=\"s2\">Ob Weihnachtsfeier, Jubil&auml;um, Geburtstage oder Versammlungen &ndash; der Anlass wird ein&nbsp;<span class=\"s3\">unvergleichlicher Event</span>. Hier gibt&rsquo;s nicht nur <span class=\"s3\">kulinarische Highlights</span>, sondern auch Momente, die<span class=\"s3\">zusammenschwei&szlig;</span><span class=\"s3\">en.</span></p><p class=\"s2\">Das Angebot f&uuml;r euch:</p><div class=\"s6\"><span class=\"s5\">\u25aa Kochkurse mit i</span><span class=\"s3\">ndividuellen Men&uuml;s</span> &ndash; von klassisch, vegan, laktosefrei-oder glutenfrei</div><div class=\"s6\">&nbsp;</div><div class=\"s6\"><span class=\"s5\">\u25aa&nbsp;</span><span class=\"s3\">Stimmungsvoller Rahmen</span> in angenehmer Atmosph&auml;re - Dessertabende, Brunches oder thematische Dinner</div><div class=\"s6\">&nbsp;</div><div class=\"s6\"><span class=\"s5\">\u25aa </span><span class=\"s3\">Catering </span><span class=\"s3\">nach Wunsch</span> - direkt zu euch in den Verein oder an eure Wunsch-Location</div><div class=\"s6\">&nbsp;</div><div class=\"s6\"><span class=\"s5\">\u25aa </span><span class=\"s3\">Teamevents</span><span class=\"s3\">- und Acton</span> <span class=\"s3\">mit Spa&szlig;faktor</span> &ndash; gemeinsamkochen, lachen und genie&szlig;en</div><p class=\"s2\">Mit &uuml;ber 16 Jahren Erfahrung in Kochkursen und unz&auml;hligen Veranstaltungen wissen wir genau, wie Genuss und gute Stimmung zusammenpassen.</p><p class=\"s2\">Hier geht&rsquo;s nicht nur ums Essen &ndash; hier entstehen Erinnerungen, die bleiben. Wir machen eure Feier einzigartig &ndash; von der Planung bis zum letzten Bissen.</p><p class=\"s2\">&nbsp;</p>", "url": "https://www.sweetwolf.ch", "image": "https://sgbtpimtsoch.sos-ch-dk-2.exoscale-cdn.com/catalog/f/f/7/3/ff7377e46e2ecd27ee63359f2308bdf7424ed14f_IMG_4501.jpeg", "openstreetmap_id": "node/13514189869"}, "geometry": {"type": "Point", "coordinates": ["9.403763", "47.4376903"]}}, {"type": "Feature", "properties": {"identifier": "9957c5ee-d3fb-4c4b-8e2f-a8a718211322", "name": "Gaststuben zum Schl\u00f6ssli", "description": "<p>Die Gastgeber haben sich mit Leib und Seele der Herausforderung verschrieben, Produkte und Spezialit&auml;ten aus der Region salonf&auml;hig zu machen. Bei ausgew&auml;hlten Landwirten, Weinkelterern, K&auml;sern und Metzgern werden Zutaten f&uuml;r echte Gourmets gefunden. Daraus werden Gerichte mit klassischem oder traditionellem Hintergrund gestaltet. Handwerklich und von den Mitarbeitern liebevoll hergestellt. Der Aufenthalt im Sch&ouml;ssli wird zum Genuss f&uuml;r alle Sinne. Das ist gelebte St.Galler Gastlichkeit. Geschichte: Das zwischen 1586 und 1590 von Laurenz Zollikofer, einem Enkel Vadians, erstellte Schl&ouml;ssli ist das herrschaftlichste Privathaus innerhalb der St.Galler Altstadt. Die Zollikofer besassen bereits mehrere Schl&ouml;sser ausserhalb der Stadt und wollten nun auch innerhalb der Stadtmauern einen beeindruckenden Wohnsitz errichten. Das Schl&ouml;ssli diente der gesellschaftlichen Repr&auml;sentation, wichtig waren daher Fests&auml;le, in denen G&auml;ste bewirtet werden konnten. Daneben war das Schl&ouml;ssli aber auch Handelshaus: Im Erdgeschoss war ein Warenlager eingerichtet. Nach Laurenz Zollikofers Tod blieb das Schl&ouml;ssli noch eine weitere Generation in Familienbesitz, sp&auml;ter kam es an andere verm&ouml;gende St.Galler Familien, darunter Hochreutener, Kunkler und Schlumpf. Im 19. Jahrhundert h&auml;tte die Stadt die Chance gehabt, das Schl&ouml;ssli zu erwerben. Johannes Kaspar Straub bot es dem Schulrat n&auml;mlich f&uuml;r 17000 Gulden zum Kauf an. Das Gesch&auml;ft kam jedoch nicht zustande, weil die n&ouml;tigen Mittel nicht - wie die Stadt dies erhofft hatte - aus freiwilligen Beitr&auml;gen von verm&ouml;genden und wohlt&auml;tigen Stadtb&uuml;rgern aufgebracht wurden. So blieb das Schl&ouml;ssli in privatem Besitz.</p>", "url": "http://www.schloessli-sg.ch/", "image": "https://sgbtpimtsoch.sos-ch-dk-2.exoscale-cdn.com/catalog/d/e/3/1/de31ece38cb2d6c96f6a3260ca3a78de5efd67a2_Textilweg_Schloessli.jpg", "openstreetmap_id": "node/7193107658"}, "geometry": {"type": "Point", "coordinates": ["9.379026", "47.4243307"]}}, {"type": "Feature", "properties": {"identifier": "9c2825f0-8474-405f-9936-7640e824fa76", "name": "Restaurant National \u2013 zum Goldenen Leuen", "description": "<p>Im Restaurant National zum goldenen Leuen \u2013 liebevoll \u00abNAZ\u00bb genannt \u2013 erwartet die G\u00e4ste ein kulinarisches Erlebnis der besonderen Art: Hier kommen sie in den Genuss von Spezialit\u00e4ten wie den weit \u00fcber die Stadtgrenzen hinaus bekannten Ch\u00e4sch\u00fcechli, Wei\u00dfw\u00fcrsten mit Brezel und Schweizer Tapas. Dazu passt perfekt ein frisch gezapftes Bier von der huus-braui in Roggwil.\n</p><p>Das NAZ ist ein Traditionslokal im malerischen Riegelhaus, das mit rustikalem Charme und entspannter Atmosph\u00e4re begeistert. Gelegen im Herzen der s\u00fcdlichen St. Galler Altstadt am Gr\u00fcningerplatz, nur wenige Schritte vom St. Galler Dom und dem UNESCO-Weltkulturerbe Klosterplatz entfernt, l\u00e4dt das NAZ sowohl Einheimische als auch Touristen ein, hier zu verweilen. In der gem\u00fctlichen Gaststube rund um den historischen Kachelofen f\u00fchlt sich jeder Gast sofort willkommen.\n</p><p>Ein Geheimtipp: Wer die Toiletten besucht, entdeckt auf der Damentoilette eine beeindruckende Tapete des St. Galler Textilunternehmens Jakob Schlaepfer, w\u00e4hrend bei den Herren kunstvolle Kacheln des \u00f6sterreichischen K\u00fcnstlers Manfred Deix f\u00fcr Staunen sorgen.</p><p>\nGeschichte trifft Genuss:\nBereits 1894 war das National ein Ort des Bierhandels mit deutschen Bieren und Weinen. Damals mussten importierte Bierhumpen mit einer Schweizer Eichung versehen werden, um in den Bierhallen genutzt zu werden. Das traditionsreiche Riegelhaus an der Schmiedgasse 30 wurde 1603 von der Handelsfamilie Zollikofer erbaut, die als \u00abGesellschaft zum L\u00f6wenkopf\u00bb bekannt war \u2013 daher der vergoldete L\u00f6wenkopf an der Hausecke. Inschriften von 1603 und 1670 erz\u00e4hlen die Geschichte eines Neubaus und sp\u00e4teren Anbaus, die das NAZ bis heute pr\u00e4gen.</p>", "url": "https://naz-sg.ch/index.html", "image": "https://sgbtpimtsoch.sos-ch-dk-2.exoscale-cdn.com/catalog/7/b/a/d/7bad8fb025a2f679efe88cd9b9ba366192b96bc9_naz_klein__36_von_45_.jpg", "openstreetmap_id": "node/445475143"}, "geometry": {"type": "Point", "coordinates": ["9.3751844", "47.4236845"]}}, {"type": "Feature", "properties": {"identifier": "9ccb15ed-5430-41c0-b7c6-6a28950dce6a", "name": "Restaurant Schloss Oberberg", "description": "Auf dem \u00e4ltesten erhaltenen Bau geniessen G\u00e4ste eine spektakul\u00e4re Aussicht auf den Alpstein, S\u00e4ntis, das F\u00fcrstenland sowie die Stadt St.Gallen. Gem\u00fctlich einkehren und k\u00f6niglich geniessen ist angesagt im stilvollen Restaurant. Im hauseigenen \n\nDas Schloss Oberberg wurde 1262 erstmals urkundlich erw\u00e4hnt. In seiner bewegten Geschichte diente der imposante Bau als Sitz von Oberv\u00f6gten und als Gerichtsort. Sp\u00e4ter beherbergte das Schloss eine K\u00e4serei, ein Sticklokal und schliesslich ein Restaurant. Bis heute steht das historische Geb\u00e4ude ganz im Zeichen der Gastlichkeit.", "url": "https://www.schlossoberberg.ch/", "image": "https://sgbtpimtsoch.sos-ch-dk-2.exoscale-cdn.com/catalog/6/1/c/5/61c5f9e41f679c56f0d4a7950d92aaf941382b90_Gossau_SG_Oberberg.JPG", "openstreetmap_id": "way/94381961"}, "geometry": {"type": "Point", "coordinates": ["9.28579", "47.414739"]}}, {"type": "Feature", "properties": {"identifier": "9e750836-90f1-4f1e-aa45-24d30aff05d5", "name": "Affekt-Bar", "description": "Einzigartiges Ambiente, gem\u00fctliche und grosse Terrasse, feine Drinks, auserlesener Sound und kleine K\u00f6stlichkeiten - das ist die Affekt-Bar. Sie befindet sich im Herzen der Stadt St.Gallen, genauer gesagt an der Br\u00fchlgasse. Die Location, welche bereits seit mehr als 20 Jahren als Bar fungiert, ist fester Bestandteil und Treffpunkt des St.Galler Nachtlebens, Sie ist nicht nur bei den Einheimischen, sondern auch weiter \u00fcber die Kantonsgrenze hinaus bekannt und beliebt. Komm vorbei und \u00fcberzeug dich selbst - wir freuen uns auf dich!", "url": "https://affekt.ch/", "image": "https://sgbtpimtsoch.sos-ch-dk-2.exoscale-cdn.com/catalog/1/1/a/3/11a39b08b7ff76c039a056e1a6175a98247fffa8_Foto_14.05.17__18_54_03.jpg", "openstreetmap_id": "node/404540472"}, "geometry": {"type": "Point", "coordinates": ["9.378164682142863", "47.4256316"]}}, {"type": "Feature", "properties": {"identifier": "9eeeb0cd-6c60-4f4f-9686-a8b097c33723", "name": "Izakaya Ekimae", "description": "Das Izakaya Ekimae im Tailormade Hotel LEO St.Gallen bringt die traditionell japanische K\u00fcche direkt nach St.Gallen und offenbart eine kulinarische Tradition, die sich in der Stadt bisher bedeckt gehalten hat. Kein Sushi, daf\u00fcr alles, was sonst im Land der aufgehenden Sonne auf den Tisch kommt. Frisch, puristisch und geschmacklich unglaublich elegant werden die G\u00e4ste auf direktem Weg nach Kyoto, Osaka oder Tokyo entf\u00fchrt.\n\nDas Restaurant und dessen Konzept mit seinen vielen kleineren Gerichten, die dann geteilt und herumgereicht werden, laden zum l\u00e4ngeren Verweilen ein und garantieren ein vollumfassendes Geschmackserlebnis.", "url": "https://www.ekimae.ch", "image": "https://sgbtpimtsoch.sos-ch-dk-2.exoscale-cdn.com/catalog/1/a/8/4/1a841014f19d06d1cdd6a9cac319f44b443baa58_20230711_IZAKAYA_EKIMAE_8496.jpg", "openstreetmap_id": "way/25496362"}, "geometry": {"type": "Point", "coordinates": ["9.365045428276064", "47.421728903528"]}}, {"type": "Feature", "properties": {"identifier": "aae107ea-0469-4623-ad99-0a8c5b3bc3b9", "name": "Cocktail-Werkstatt in der Eventlocation zur Werkstatt", "description": "Warum nicht mal hinter der Bar dem Cocktail-Profi \u00fcber die Schultern schauen \u2013 statt vor der Bar stehen? Der Barkeeper zeigt Schritt f\u00fcr Schritt die verschiedenen Mix-Arten und worauf es bei der hohen Kunst des Cocktails zubereiten ankommt. Und nun sind die G\u00e4ste dran! Mit der passenden Ap\u00e9roplatte aus der K\u00fcche, eignet sich der Workshop wunderbar f\u00fcr einen Event.\n\nBarkeeper und Cocktails w\u00e4hrend 90 Minuten inkl. Ap\u00e9roplatte, Mineral und Cocktail-Rezepte zum Mitnehmen\n\nCHF 75 / Person inkl. MwSt. \n\nT\u00e4glich buchbar ab 8 Personen", "url": "https://www.zurwerkstatt-sg.ch/", "image": "https://sgbtpimtsoch.sos-ch-dk-2.exoscale-cdn.com/catalog/1/8/6/b/186bc53e0fb7a1cab68c3a6929ce6526a5be0a87_Werkstatt_Cocktail.jpg", "openstreetmap_id": "node/10705895705"}, "geometry": {"type": "Point", "coordinates": ["9.375021", "47.425561"]}}, {"type": "Feature", "properties": {"identifier": "aaee46c2-dbc8-4b0b-b512-80746fb34b8a", "name": "Speiserestaurant Maienhalde", "description": "Das Speiserestaurant wird bereits in der vierten Generation gef\u00fchrt. Nebst der allseits beliebten gutb\u00fcrgerlichen K\u00fcche werden auch stets frische und saisonale Spezialit\u00e4ten angeboten. Die R\u00e4umlichkeiten bieten Platz f\u00fcr Anl\u00e4sse und Feiern f\u00fcr Gross und Klein \u2013 sei dies im Saal oder in einem der gem\u00fctlichen St\u00fcbli. Belohnt werden die G\u00e4ste auch mit einer herrlichen Aussicht auf das St.Galler Rheintal und das benachbarte Vorarlberg.\n\nDas Reb- und Weingut steht f\u00fcr umweltnahen IP-Weinbau. Die grosse Sortenvielfalt, die im modernen Kelterungsbetrieb produziert wird, enth\u00e4lt sowohl traditionelle Weine als auch neue Kreationen.\n\nDas Speiserestaurant Maienhalde ist erster Etappenort auf der kulinarischen Wanderung im Rheintal und verw\u00f6hnt die G\u00e4ste mit der Vorspeise.", "url": "http://www.maienhalde.ch/", "image": "https://sgbtpimtsoch.sos-ch-dk-2.exoscale-cdn.com/catalog/a/d/8/4/ad8481c4cb4db576f58ba25f2a099021931ba161_096_K_18613.jpg", "openstreetmap_id": "node/1807877684"}, "geometry": {"type": "Point", "coordinates": ["9.6027166", "47.4263311"]}}, {"type": "Feature", "properties": {"identifier": "ab4f4fe0-d512-4445-9ccd-8f927df26a2d", "name": "Klosterbistro Da Focacceria", "description": "<p>Das Klosterbistro befindet sich im wundersch&ouml;nen St.Galler Stiftsbezirk in der N&auml;he des Gallusplatzes. Im Sommer bietet sich der Sonnenplatz f&uuml;r einen k&uuml;hlen Ap&eacute;ro an. Im Winter wird es drinnen bei Kaffee- und Teeduft gem&uuml;tlich. Kulinarisch bietet das Klosterbistro viele hausgemachte Leckereien aus der focacceria. Dazu geh&ouml;ren ofenfrische Focaccias, Lasagne und Parmigiana, herzhafte Suppen und Quiches. F&uuml;r am Nachmittag Kuchen und Torten. Auserlesene Weine und regionale Biere runden das Angebot ab.</p>", "url": "https://klosterbistro.ch/", "image": "https://sgbtpimtsoch.sos-ch-dk-2.exoscale-cdn.com/catalog/6/9/8/f/698f212e0939c6e5e87cf017e118e033c2a085ca_fd8eb5f7_fb60_44cb_9418_2aa0bfff927e.jpg.1920x1920_q80.jpg", "openstreetmap_id": "way/642815916"}, "geometry": {"type": "Point", "coordinates": ["9.37722", "47.42254"]}}, {"type": "Feature", "properties": {"identifier": "ae06997a-2ab1-40e5-8359-143056456040", "name": "Ap\u00e9ro-Korb der B\u00e4ckerei F\u00fcger", "description": "<p class=\"MsoNormal\">Sei es am Bodenseeufer beim Forum W\u00fcrth in Rorschach, beim\nHafen in Steinach oder bei den Drei Weieren in St.Gallen. Sowohl in der Stadt\nals auch auf dem Land gibt es Pl\u00e4tze zum Ausruhen und Entspannen.<o:p></o:p></p><p class=\"MsoNormal\">Die B\u00e4ckerei F\u00fcger mit Standorten in St.Gallen, Rorschach,\nSteinach und M\u00f6rschwil hat einen Korb mit verschiedenen K\u00f6stlichkeiten\nzusammengestellt. Um im Trockenen sitzen zu k\u00f6nnen, gibt es ein buntes Tuch,\ndas als Picknickdecke dient. Dieses erz\u00e4hlt von der Vision der Riklin-Br\u00fcder\nund dem BIGNIK. Der Ap\u00e9ro-Korb ist f\u00fcr 2 Personen buchbar. Weitere\nSpezialit\u00e4ten k\u00f6nnen direkt vor Ort bei F\u00fcger bezogen werden.<o:p></o:p></p><p class=\"MsoNormal\"><b>So funktioniert's:</b><o:p></o:p></p><p class=\"rich-text-paragraph\" piano-view-event=\"false\" data-v-360ed6ae=\"\" style=\"margin-bottom: 1rem; color: rgb(31, 31, 31); font-family: Inter, -apple-system, BlinkMacSystemFont, &quot;Segoe UI&quot;, Roboto, &quot;Helvetica Neue&quot;, Arial, &quot;Noto Sans&quot;, sans-serif, &quot;Apple Color Emoji&quot;, &quot;Segoe UI Emoji&quot;, &quot;Segoe UI Symbol&quot;, &quot;Noto Color Emoji&quot;; font-size: 17px; letter-spacing: -0.05px;\">\n\n\n\n\n\n</p><ul style=\"margin-top:0cm\" type=\"disc\">\n <li class=\"MsoNormal\">Beziehe den Ap\u00e9ro-Korb w\u00e4hrend den&nbsp;\u00d6ffnungszeiten&nbsp;am gebuchten\n     Standort der B\u00e4ckerei F\u00fcger.<o:p></o:p></li>\n <li class=\"MsoNormal\">Suche dir einen gem\u00fctlichen Platz im Freien und geniesse das leckere\n     Picknick.<o:p></o:p></li>\n <li class=\"MsoNormal\">Anschliessend\n     den Korb mit dem schmutzigen Geschirr w\u00e4hrend den \u00d6ffnungszeiten der\n     B\u00e4ckerei F\u00fcger am jeweiligen Standort zur\u00fcckgeben.</li></ul><p><br></p><p class=\"MsoNormal\"><b>Im Preis inklusive</b>:<o:p></o:p></p><ul style=\"margin-top:0cm\" type=\"disc\">\n <li class=\"MsoNormal\">Picknick-Korb\n     gef\u00fcllt mit regionalen Spezialit\u00e4ten von der B\u00e4ckerei F\u00fcger:<o:p></o:p></li>\n <ul style=\"margin-top:0cm\" type=\"circle\">\n  <li class=\"MsoNormal\">2&nbsp;Panach\u00e9<o:p></o:p></li>\n  <li class=\"MsoNormal\">4\n      verschiedene Canap\u00e9 (auch vegan und vegetarisch erh\u00e4ltlich)<o:p></o:p></li>\n  <li class=\"MsoNormal\">2\n      Focaccia Tomate/Mozzarella (vegane Option: Oliven-Tapenade)<o:p></o:p></li>\n  <li class=\"MsoNormal\">2\n      verschiedene Spezialsalate (auch vegan und vegetarisch erh\u00e4ltlich)<o:p></o:p></li>\n  <li class=\"MsoNormal\">2\n      Party-B\u00fcrli<o:p></o:p></li>\n  <li class=\"MsoNormal\">2\n      K\u00e4se-Spiessli<o:p></o:p></li>\n  <li class=\"MsoNormal\">2\n      Antipasti-Spiessli<o:p></o:p></li>\n  <li class=\"MsoNormal\">2\n      Zitronencakes<o:p></o:p></li>\n  <li class=\"MsoNormal\">2\n      Brownies<o:p></o:p></li>\n </ul>\n <li class=\"MsoNormal\">Originales,\n     handgen\u00e4htes BIGNIK-Tuch<o:p></o:p></li>\n <li class=\"MsoNormal\">Teller,\n     Besteck und Gl\u00e4ser</li></ul><p><b><br></b></p><p><b>Standorte:</b><br></p><p>\n\n\n\n\n\n</p><ul style=\"margin-top:0cm\" type=\"disc\">\n <li class=\"MsoNormal\">B\u00e4ckerei\n     F\u00fcger, Kirchstrasse 2, 9402 M\u00f6rschwil, Telefonnummer: +41 71 866 12 19<o:p></o:p></li>\n <li class=\"MsoNormal\">B\u00e4ckerei\n     F\u00fcger, Schulstrasse 2, 9323 Steinach, Telefonnummer: +41 71 571 04 77<o:p></o:p></li>\n <li class=\"MsoNormal\">B\u00e4ckerei\n     F\u00fcger, St. Gallerstrasse 13, 9400 Rorschach, Telefonnummer: +41 71 841 20\n     16<o:p></o:p></li>\n <li class=\"MsoNormal\">B\u00e4ckerei\n     F\u00fcger, Metallstrasse 18, 9000 St. Gallen, Telefonnummer: +41 71 222 20 12<o:p></o:p></li>\n</ul><ul style=\"margin-top:0cm\" type=\"disc\">\n</ul><p class=\"rich-text-paragraph\" piano-view-event=\"false\" data-v-360ed6ae=\"\" style=\"margin-bottom: 1rem; color: rgb(31, 31, 31); font-family: Inter, -apple-system, BlinkMacSystemFont, &quot;Segoe UI&quot;, Roboto, &quot;Helvetica Neue&quot;, Arial, &quot;Noto Sans&quot;, sans-serif, &quot;Apple Color Emoji&quot;, &quot;Segoe UI Emoji&quot;, &quot;Segoe UI Symbol&quot;, &quot;Noto Color Emoji&quot;; font-size: 17px; letter-spacing: -0.05px;\"><br></p>", "url": "https://fueger-handmade.ch/", "image": "https://sgbtpimtsoch.sos-ch-dk-2.exoscale-cdn.com/catalog/b/a/4/5/ba453004814d7a6f432ba4357f711940da2b91b0_large__20240711_picknick_korb_st_gallen_1.jpg", "openstreetmap_id": "node/745742088"}, "geometry": {"type": "Point", "coordinates": ["9.423699937437831", "47.468141013402935"]}}, {"type": "Feature", "properties": {"identifier": "b273c4e0-a5d9-48a3-9832-20f8b4b52fd0", "name": "Restaurant Corso", "description": "Der Star der Corso-K\u00fcche sind sorgf\u00e4ltig ausgew\u00e4hlte regionale Produkte, bereichert durch Spezialit\u00e4ten aus dem Alpenraum. Erg\u00e4nzt werden sie mit einer erlesenen Auswahl an autochthonen Weinen aus dem Alpenraum sowie einer kleinen Weinauswahl von Philipp Schwander, dem ersten Schweizer Master of Wine. Chef Markus Schenk und sein Team wurden erst k\u00fcrzlich mit 15 Gault Millau Punkten ausgezeichnet.", "url": "https://restaurant-corso.ch/", "image": "https://sgbtpimtsoch.sos-ch-dk-2.exoscale-cdn.com/catalog/a/6/d/9/a6d9dacb2245627f4c76bec7cf911eafb909246c_20200203_SENN_AT_CORSO_090.jpg", "openstreetmap_id": "node/4094002895"}, "geometry": {"type": "Point", "coordinates": ["9.3786815", "47.4251839"]}}, {"type": "Feature", "properties": {"identifier": "b4241169-e8fd-42a3-8395-1c19676e6347", "name": "Restaurant Hedwig", "description": "Serviert&nbsp;werden naturnahe Gerichte zum Teilen \u2013 passend zur Saison und zum gemeinsamen Geniessen. Authentisch und regional. Sharing Dishes gekocht mit kompromissloser Qualit\u00e4t, aufgetischt mit Rheintaler Charme. Begleitend zu den Gerichten werden Weine angeboten, oft biologisch produziert oder als Naturwein gekeltert.Die K\u00fcche arbeitet mit den besten Produzent:innen aus dem Rheintal und mit auserlesenen Craft-Produkten aus kleinen Schweizer Unternehmen.&nbsp;", "url": "https://restaurant-hedwig.ch/", "image": "https://sgbtpimtsoch.sos-ch-dk-2.exoscale-cdn.com/catalog/a/c/4/c/ac4c9df0701b3fcbc57427f7d0881bfa60bf8e2e_Hedwig_Balga_5702_min__2.jpg", "openstreetmap_id": "node/10805137528"}, "geometry": {"type": "Point", "coordinates": ["9.6078941", "47.4068827"]}}, {"type": "Feature", "properties": {"identifier": "b52aa863-b54d-43ed-a5f1-46703c6d6e63", "name": "Vinato Restaurant & Events", "description": "Ob f\u00fcr private Gesellschaften, Unternehmensanl\u00e4sse, Meetings oder einfach zum geselligen Beisammensein, die vorhandene Infrastruktur l\u00e4sst nichts zu w\u00fcnschen offen.\n\nDie moderne Einrichtung ist auf dem neusten Stand und beherbergt nebst einer professionellen K\u00fcche verschiedene R\u00e4umlichkeiten zur individuellen Nutzung. In der \"Vinato-Stube\", mit Platz f\u00fcr etwa 50 Personen, werden regionale und saisonale Gerichte serviert. Ebenfalls steht das \"Vinato S\u00e4\u00e4li\", mit Platz f\u00fcr etwa 50 Personen, sowie der Weinkeller f\u00fcr diverse Events zur Verf\u00fcgung. Den passenden Wein dazu k\u00f6nnen die G\u00e4ste im Gew\u00f6lbe-Weinkeller mit \u00fcber 500 Flaschen aussuchen und geniessen. Die Zigarrenlounge l\u00e4dt ein zum Verweilen und der Besuch kann mit einem edlen Rum oder Whisky abgerundet werden. Bei sch\u00f6nem Wetter l\u00e4sst es sich auf der Terrasse, mit Platz f\u00fcr etwa 35 Personen, geniessen.\n\nDas Vinato eignet sich f\u00fcr verschiedene Events wie z.B. Wein- / Spirituosen- / Zigarren- Degustationen, Jubil\u00e4en, Fr\u00fchschoppen-Anl\u00e4sse und vieles mehr. Die Gastgeberin Monika Marconato und ihr Team helfen bei der Planung und Durchf\u00fchrung. \n\n\n", "url": "https://www.vinato.ch/", "image": "https://sgbtpimtsoch.sos-ch-dk-2.exoscale-cdn.com/catalog/b/4/2/1/b421ad200c8ab9709ac0aed9c523925820ea20c7_1536x1024.jpg", "openstreetmap_id": "node/9845820469"}, "geometry": {"type": "Point", "coordinates": ["9.39296454191208", "47.4657931835619"]}}, {"type": "Feature", "properties": {"identifier": "b584211f-ddd0-4553-9145-c420915f04c4", "name": "\u00d8YA Bar Kaf\u00e9 Klub", "description": "<p><span class=\"whitespace-normal\">&Oslash;YA Bar Kaf&eacute; Klub</span> ist ein <strong data-start=\"85\" data-end=\"158\">Caf&eacute;, eine Bar und ein kleiner Klub mitten in der St. Galler Altstadt</strong>, an der Schwertgasse 27.&nbsp;<br><br><strong data-start=\"297\" data-end=\"310\">Tags&uuml;ber:</strong> Fr&uuml;hst&uuml;ck, Kaffee, Kuchen, Lunch</p><p><strong data-start=\"397\" data-end=\"408\">Abends:</strong> Bar mit Cocktails, Bier und Drinks.</p><p><strong data-start=\"450\" data-end=\"461\">Nachts:</strong> Im Untergeschoss gibt es einen <strong data-start=\"493\" data-end=\"501\">Klub</strong> mit Partys, Konzerten und verschiedenen Veranstaltungen. Kann auch f&uuml;r private Events gemietet werden.</p><p>Das Konzept ist&nbsp;<strong data-start=\"586\" data-end=\"612\">skandinavisch/nordisch</strong> &ndash; der Name &bdquo;&Oslash;YA&ldquo; bedeutet auf Norwegisch <strong data-start=\"654\" data-end=\"665\">&bdquo;Insel&ldquo;</strong>.</p>", "url": "https://oya-bar.ch/", "image": "https://sgbtpimtsoch.sos-ch-dk-2.exoscale-cdn.com/catalog/4/e/0/8/4e08e31790fa85d7d8d91a5939ad6cf96edd6092_BAR_KAFE_JAN18__2_von_19__Foto_Alexandra_Koch__4_.jpg", "openstreetmap_id": "way/322979862"}, "geometry": {"type": "Point", "coordinates": ["9.3774365", "47.4276256"]}}, {"type": "Feature", "properties": {"identifier": "b5e6368d-cfbe-4580-93d4-5efc07928105", "name": "Chocolarium \u2013 die Gl\u00fccksfabrik von Munz und Minor", "description": "<p>Wer Schokolade liebt, kommt um einen Besuch im Chocolarium nicht herum. Auf dem interaktiven Erlebnis-Rundgang entdecken Schoggifans auf spielerische Weise viel Wissenswertes &uuml;ber Schokolade &ndash; und wie das Gl&uuml;ck seinen Weg in jede Tafel findet.</p><p>Von der Glasgalerie aus l&auml;sst sich hautnah beobachten, wie die beliebten Produkte von Munz und Minor entstehen. Ein besonderes Highlight bietet der Raum f&uuml;r individuelles Gl&uuml;ck: Verschiedene Schokoladenbrunnen laden dazu ein, die Sorten Weiss, Milch, Dunkel, Himbeere und sogar vegane Gianduja zu probieren und zu bewerten &ndash; Naschen ist hier ausdr&uuml;cklich erw&uuml;nscht.</p><p>Zum Abschluss wird der Rundgang mit einer s&uuml;ssen Erinnerung abgerundet: Die Show\u2011Confiseurin giesst eine frische Schoggitafel oder &ndash; wahlweise &ndash; zwei Schokoladenherzen, die nach Herzenslust verziert werden d&uuml;rfen. Dieses pers&ouml;nliche Kunstwerk nehmen die G&auml;ste anschliessend als s&uuml;sse Erinnerung mit nach Hause.</p><p>Das Chocolarium, eines der beliebtesten Ausflugsziele der Ostschweiz, heisst alle Besucherinnen und Besucher herzlich willkommen!</p>", "url": "http://www.chocolarium.ch/", "image": "https://sgbtpimtsoch.sos-ch-dk-2.exoscale-cdn.com/catalog/a/6/b/1/a6b13a65de135db0ee097b8b64538ea62e3b50bc_Mischerei_Kinder_low.jpg", "openstreetmap_id": "way/196358285"}, "geometry": {"type": "Point", "coordinates": ["9.164934160728885", "47.4130675"]}}, {"type": "Feature", "properties": {"identifier": "b632d819-4141-49ae-aa72-58347f398157", "name": "Genuss Manufaktur Neubad", "description": "<p>Inmitten des historischen Klosterquartiers erwartet dich im 1. Stock-Restaurant eine kreative, saisonale K&uuml;che. Das&nbsp;<strong class=\"rQesXe MPyX\" data-sfc-cp=\"\" data-sfc-root=\"ep\" data-complete=\"true\" data-copy-service-computed-style=\"font-family: &quot;Google Sans&quot;, &quot;Helvetica Neue&quot;, sans-serif; font-size: 16px; font-weight: 700; margin: 0px; text-decoration: none; border-bottom-width: 0px; border-bottom-style: none; border-bottom-color: rgb(10, 10, 10);\">&bdquo;Neub&auml;dli&ldquo;</strong> l&auml;dt zum Verweilen ein &ndash; ob im Sommer auf unserer Terrasse, in einer der heimeligen Stuben oder bei einem Glas Wein an der Bar.</p>", "url": "http://restaurantneubad.ch/", "image": "https://sgbtpimtsoch.sos-ch-dk-2.exoscale-cdn.com/catalog/9/3/8/1/9381e18fa49164aac947b6a35345ae2f7801ba19_Obergeschoss03.jpg", "openstreetmap_id": "node/1245464096"}, "geometry": {"type": "Point", "coordinates": ["9.3752928", "47.4233858"]}}, {"type": "Feature", "properties": {"identifier": "b971509a-3598-4d6e-a07b-314bfe9034ce", "name": "Dolce Lucia Ristorante Pizzeria St.Gallen", "description": "<p>Das Restaurant liegt an der Bankgasse 2, mitten im historischen Klosterviertel von St. Gallen. Das einladende Aussenrestaurant bietet einen sch&ouml;nen Blick auf den Gr&uuml;ningerplatz mit seinem grossen, stets liebevoll geschm&uuml;ckten Brunnen. Die ber&uuml;hmte Kathedrale, die Stiftsbibliothek und das lebendige Stadtzentrum sind in nur wenigen Gehminuten errreichbar- der ideale Ausgangspunkt, um Genuss und einen Besuch der St.Galler Altstadt mieinander zu verbinden.</p>", "url": "https://www.dolcelucia.info", "image": "https://sgbtpimtsoch.sos-ch-dk-2.exoscale-cdn.com/catalog/1/d/9/b/1d9b3e26dff883633158f563b124467fbec37d23_WhatsApp_Image_2026_04_23_at_12.15.46__2_.jpeg", "openstreetmap_id": "node/4149614892"}, "geometry": {"type": "Point", "coordinates": ["9.375227093989322", "47.42350349685082"]}}, {"type": "Feature", "properties": {"identifier": "bb684d2b-cde9-46e6-b7dc-42b31bb80769", "name": "tobias wein.gut.", "description": "Tobias Schmid gr\u00fcndete im Jahre 1866 den Familienbetrieb, welcher heute von Christoph Schmid gef\u00fchrt wird. Der Weinbau hat im St.Galler Rheintal eine uralte Tradition und reicht weit in die R\u00f6merzeit zur\u00fcck. Bereits in der \u00e4ltesten Bernecker Urkunde von 892 werden die Weinberge erw\u00e4hnt. Burgen und Schl\u00f6sser wurden in die Rebberge gebaut. Dazu z\u00e4hlt auch die Rosenburg, welche sich im Familienbesitz befindet und das Wahrzeichen der Weine und des Weinguts ist. \n\nDie Trauben wachsen an den sonnigen und steilen Rebbergen. Gerne werden die Weine als \u00abhandgemacht in Berneck\u00bb bezeichnet, da in den Steillagen viele Arbeiten von Hand ausgef\u00fchrt werden. Zudem werden die Weine m\u00f6glichst schonend gekeltert.\n\nChristoph Schmid und sein Team sind Weinmacher aus Leidenschaft. So entstehen ausgesuchte Weine und Spezialit\u00e4ten.\n\nDas romantische und sch\u00f6ne Weingut verf\u00fcgt auch \u00fcber ein grosses Eventgeb\u00e4ude. Ob Hochzeiten, Geburtstage oder Team-Anl\u00e4sse \u2013 die rustikalen, aber dennoch modern gestalteten R\u00e4umlichkeiten bieten einen besonderen Rahmen.", "url": "http://www.tobias-weingut.ch/", "image": "https://sgbtpimtsoch.sos-ch-dk-2.exoscale-cdn.com/catalog/3/f/d/0/3fd0079f8e4e64dc2e2d7d2b59c76ffed639ef4e_Schl__ssli_am_Rosenberg___Warzeichen_des_Weinguts__2.jpg", "openstreetmap_id": "way/98495360"}, "geometry": {"type": "Point", "coordinates": ["9.61202800000001", "47.4183876"]}}, {"type": "Feature", "properties": {"identifier": "bd2a5d89-3589-44ba-a7d5-c1a098a726c3", "name": "B\u00e4ckerei F\u00fcger Handmade Steinach", "description": "Im Herzen der wundersch\u00f6nen Ostschweiz und in der einzigartigen, fruchtbaren Bodenseeregion liegt die B\u00e4ckerei-Konditorei mit Cafe und Restaurant in Steinach.", "url": "https://fueger-handmade.ch/", "image": "https://sgbtpimtsoch.sos-ch-dk-2.exoscale-cdn.com/catalog/d/1/b/4/d1b41e6b9b5b90439c741e28db4bfc624d8fac4a__DSC8704.jpg", "openstreetmap_id": "node/572265028"}, "geometry": {"type": "Point", "coordinates": ["9.44166", "47.50297"]}}, {"type": "Feature", "properties": {"identifier": "c374b51e-5abb-43ed-9701-1d70d355ff0e", "name": "L\u00e4derach", "description": "<p>L&auml;derach ist ein Schweizer Schokoladenunternehmen, das f&uuml;r hochwertige, frische Schokolade wie FrischSchoggi, Pralin&eacute;s und Truffes bekannt ist. Das 1962 gegr&uuml;ndete Familienunternehmen &uuml;berwacht den gesamten Herstellungsprozess von der Bohne bis zur Tafel, und produziert seine Schokolade ausschliesslich im Glarnerland. Elias L&auml;derach gewann 2018 die World Chocolate Masters in Paris und unterstreicht damit die aussergew&ouml;hnliche Schokoladenkompetenz des Unternehmens. Trotz wachsender Internationalisierung bleibt L&auml;derach &laquo;Made in Switzerland&raquo; und beh&auml;lt die vollst&auml;ndige Kontrolle &uuml;ber den gesamten Prozess &laquo;From bean to bar&raquo;.</p>", "url": "https://laderach.com/ch-de/", "image": "https://sgbtpimtsoch.sos-ch-dk-2.exoscale-cdn.com/catalog/a/0/c/5/a0c51294aa0f95ecad7c52c848e536baa4b34efa_Laderach_2024_61927_Berg_White_srgb_Crop.jpg", "openstreetmap_id": "node/2386979802"}, "geometry": {"type": "Point", "coordinates": ["9.3763253", "47.4261083"]}}, {"type": "Feature", "properties": {"identifier": "c9b5ebcf-55d7-4817-aca8-2fb8f0304c30", "name": "Rohners Chloschterbeck", "description": "<p>Der einzigartige Name leitet sich vom historischen Klosterviertel (Chloschterbezirk) ab, das einst diesen Teil der Stadt pr&auml;gte.</p><p>Von Montag bis Samstag bieten wir diverse Leckereien aus unserer Backstube in St.Georgen an. Von Hand geformte Brote und Kleinbrote, liebevoll gef&uuml;llte Sandwiches, leckere Fladen s&uuml;ss und salzig, stilvolle Pr&auml;sente und vieles mehr, finden Sie tagt&auml;glich in unserer Auslage.</p><p>Bei sch&ouml;nem Wetter stehen im Freien 26 Sitzpl&auml;tze zur Verf&uuml;gung. Diese laden dazu ein, sich nach einem ausgiebigen Einkaufsbummel oder einer faszinierenden Sightseeing-Tour in St.Gallen zu entspannen und sich kulinarisch verw&ouml;hnen zu lassen.</p>", "url": "https://rohners-genusswelt.ch", "image": "https://sgbtpimtsoch.sos-ch-dk-2.exoscale-cdn.com/catalog/2/d/4/c/2d4c49a265d0b8b2356116ddb1dbae10e9aa9502_TYCM4378__2.JPG", "openstreetmap_id": "node/3166533862"}, "geometry": {"type": "Point", "coordinates": ["9.3747798", "47.4236632"]}}, {"type": "Feature", "properties": {"identifier": "cf3c5ec0-716f-4334-8358-43878a5d9650", "name": "Handwerk-Statt in der Eventlocation zur Werkstatt", "description": "Welcher echte Mann wollte nicht schon immer mal Wursten? Unter dem Motto \u00abHauptsache Fleisch!\u00bb entsteht das fleischige 3-Gang-Menu. Und weil Bier f\u00fcr echte M\u00e4nner genauso wichtig ist, zapft ihr zum Ap\u00e9ro euer eigenes Bierf\u00e4ssli an. Dass das Essen von Wein begleitet und der Abend mit Kaffee-Digestif abgerundet wird, versteht sich f\u00fcr eine solche Wurst-Werkstatt von selbst.\n\nJeder erh\u00e4lt 2 W\u00fcrste zum Mitnehmen. T\u00e4glich buchbar ab 6 bis 20 Personen.\n\nCHF 165 / Person", "url": "https://www.zurwerkstatt-sg.ch/", "image": "https://sgbtpimtsoch.sos-ch-dk-2.exoscale-cdn.com/catalog/6/7/9/0/6790328cabba870fff9f57bd057ce57f9b5d5fcd_Werkstatt_Herrenrunde.jpg", "openstreetmap_id": "node/10705895705"}, "geometry": {"type": "Point", "coordinates": ["9.375021", "47.425561"]}}, {"type": "Feature", "properties": {"identifier": "cf65c5f8-3fb4-4a91-9902-5dc2043893ba", "name": "Wein Berneck", "description": "Das Winzerhandwerk wird traditionsbewusst und gleichzeitig innovativ gepflegt. Dadurch entstehen spannende Charakterweine aus reiner Natur. Auch wenn echte Handwerksarbeit wie ein Begriff aus l\u00e4ngst vergangener Zeit klingt, so ist sie Garant f\u00fcr dauerhaften Erfolg.\n\nDamit die Reben nat\u00fcrlich und ausgewogen ern\u00e4hrt werden, wird auf Herbizide, Insektizide und Kunstd\u00fcnger verzichtet. \n\nZu geniessen gibt die Weine im \u00abHirschen\u00bb am Rathausplatz. Gruppenbesuche des alten Kellergew\u00f6lbes und Degustationen in der Weinbar sind jederzeit nach Absprache m\u00f6glich. Das Konzertprogramm \"Befl\u00fcgelter Freitag\" ist ebenfalls ein Besuch wert.", "url": "http://www.wein-berneck.ch/", "image": "https://sgbtpimtsoch.sos-ch-dk-2.exoscale-cdn.com/catalog/c/8/f/5/c8f5b915f7198f848e5bf4ec09c57b7fc5e43988_Ralph_Darklook.jpg", "openstreetmap_id": "way/99261768"}, "geometry": {"type": "Point", "coordinates": ["9.6091757", "47.4252007"]}}, {"type": "Feature", "properties": {"identifier": "da76b19b-389f-4569-9252-eb011788fc85", "name": "Restaurant Treichli ", "description": "<p>Das Restaurant bietet eine grossz\u00fcgige Gartenterrasse und einen rustikalen Innenraum mit offenen Kamin. Das Lokal  vereint moderne Gem\u00fctlichkeit mit charmant dekorierten Holzb\u00f6den, Pflanzen und Kerzen. Serviert werden regionale und saisonale Gerichte mit Fleisch aus Heiden und frischen Fischen aus dem Bodensee und von der Firma Zellweger. Die Weinkarte wurde mit sehr viel Liebe und Leidenschaft ausgew\u00e4hlt und die Weine stammen von Terravigna und Tobias Schmid aus dem Rheintal.&nbsp;&nbsp;</p>", "url": "https://treichli.ch", "image": "https://sgbtpimtsoch.sos-ch-dk-2.exoscale-cdn.com/catalog/7/5/3/b/753bdc1a1de0e605714fc55621fef7d8f30e5d71_IMG_4501.jpeg", "openstreetmap_id": "way/156124158"}, "geometry": {"type": "Point", "coordinates": ["9.5317096", "47.4639792"]}}, {"type": "Feature", "properties": {"identifier": "db224562-9cee-4922-90ae-b15e4cdcd696", "name": "Bratwurst-Degustation ", "description": "<p class=\"rich-text-paragraph\" data-v-d66dbd6c=\"\"><span class=\"text-space-pre-line rich-text-text\" data-abstract-init=\"body text\">Bereits&nbsp;</span><span class=\"text-space-pre-line font-weight-bold rich-text-text\" data-abstract-init=\"body text\">1438</span><span class=\"text-space-pre-line rich-text-text\" data-abstract-init=\"body text\">&nbsp;wurde das Rezept f&uuml;r die Wurst erstmals erw&auml;hnt. Doch was wissen wir eigentlich &uuml;ber das kulinarische Kulturgut? Welche Zutaten sind in der Wurst enthalten und warum geniesst man sie ohne Senf? Und die Frage aller Fragen ist: Wer produziert die beste St.Galler Bratwurst?</span></p><p class=\"rich-text-paragraph\" data-v-d66dbd6c=\"\"><span class=\"text-space-pre-line rich-text-text\" data-abstract-init=\"body text\">Beim Degustationsseminar geht es also wortw&ouml;rtlich um die Wurst. Wir f&uuml;hren dich spielerisch an die emotionale Thematik heran und l&uuml;ften ihr Geheimnis. Du hast die einmalige Gelegenheit, Bratw&uuml;rste verschiedener Produzenten nebeneinander zu degustieren und zu entscheiden, welche Bratwurst dein Favorit ist.</span></p><p class=\"rich-text-paragraph\" data-v-d66dbd6c=\"\"><span class=\"text-space-pre-line rich-text-text\" data-abstract-init=\"body text\">Unsere Degustationsleiter Josef Niedermann &amp; Andreas Koller der Sortenorganisation St.Galler Bratwurst erkl&auml;ren dir dabei die feinen Unterschiede. Passend dazu geniesst du ein Bier der Brauerei Sch&uuml;tzengarten, welches hervorragend mit der Bratwurst harmoniert und ein krosses B&uuml;rli, dass deinen Gaumen zum Tanzen bringt.</span></p><p class=\"rich-text-paragraph\" data-v-d66dbd6c=\"\"><span class=\"text-space-pre-line rich-text-text\" data-abstract-init=\"body text\">Die Degustation findet entweder im Restaurant Brauwerk oder Restaurant zur Werkstatt in St.Gallen statt.&nbsp;</span></p>", "url": "http://www.sg-bratwurst.ch/", "image": "https://sgbtpimtsoch.sos-ch-dk-2.exoscale-cdn.com/catalog/d/9/7/5/d975ea0f1e132dc7a919fb8bcc2c3a0786e48111_medium__Bratwurst_Degustation_06__3_.jpg", "openstreetmap_id": "node/616127619"}, "geometry": {"type": "Point", "coordinates": ["9.3717223", "47.4247253"]}}, {"type": "Feature", "properties": {"identifier": "dc4db811-4877-4ea8-ae17-ffe2ca744500", "name": "Restaurant Anker", "description": "<p>Das Erststock-Restaurant im gleichnamigen Hotel heisst die G&auml;ste mit einem herrlichen Blick auf den Alpstein willkommen. Es werden kulinarische K&ouml;stlichkeiten mit Produkten aus der Region und der hauseigenen Metzgerei angeboten - von einfach gut bis &uuml;berraschend anders.</p>", "url": "http://www.anker-teufen.ch", "image": "https://sgbtpimtsoch.sos-ch-dk-2.exoscale-cdn.com/catalog/9/b/d/c/9bdc94a6d3e3b2025adb848acf7d6602f6e97b1f_unnamed.jpg", "openstreetmap_id": "way/311725065"}, "geometry": {"type": "Point", "coordinates": ["9.387831820962898", "47.3904685"]}}, {"type": "Feature", "properties": {"identifier": "ddd0b466-9730-4497-9569-7e0b44fec287", "name": "Confiserie Roggwiller of Switzerland", "description": "Die Confiserie Roggwiller besteht seit dem Jahre 1941 und ist eine der f\u00fchrenden Confiserien in der Schweiz. \"Aus Freude am Guten!\", lautet ihr Motto, welches sie mit viel Herzblut, Handwerkskunst und Ideenreichtum umsetzt. Das Unternehmen betreibt Verkaufs-Standorte an der Multergasse, beim Bahnhof sowie in der Br\u00fchltor-Passage. An der Multergasse, im Herzen der Altstadt von St. Gallen, befindet sich auch das Caf\u00e9 im \"Wiener Stil\" - eines der sch\u00f6nsten der Schweiz.\n\nZum genussvollen Angebot geh\u00f6ren die ber\u00fchmten St. Galler Biber, feinste Pralinen und die verf\u00fchrerischen Schokoladen-Spezialit\u00e4ten wie die St. Galler Spitzen, die Klostersiegel oder die St. Galler Pflastersteine. Auch mit vorz\u00fcglichen Torten und P\u00e2tisserie werden die Kunden verw\u00f6hnt.", "url": "http://roggwiller.ch/", "image": "https://sgbtpimtsoch.sos-ch-dk-2.exoscale-cdn.com/catalog/1/7/4/1/17412947886281eb156b698dc228c5a41f09244f_KSP_8906.jpg", "openstreetmap_id": "node/4092499791"}, "geometry": {"type": "Point", "coordinates": ["9.3755943", "47.4243103"]}}, {"type": "Feature", "properties": {"identifier": "ddf6eb67-e054-4cdf-92a7-97938ca84a64", "name": "Wirtschaft zum Schl\u00f6ssli Haggen", "description": "Ein Besuch, der in Erinnerung bleibt. Das Schl\u00f6ssli wurde erstmals im Jahre 1638 erw\u00e4hnt und ist im Besitz der Ortsb\u00fcrgergemeinde\nSt.Gallen. \u00dcber die Jahre wurde es gepflegt und\nvieles aus seiner Entstehungszeit ist erhalten\ngeblieben und f\u00fcr G\u00e4ste wieder einsehbar gemacht.\nDas gibt den verschiedenen R\u00e4umlichkeiten ihren\nspeziellen Charme.\nOb f\u00fcr Familienfeiern, Hochzeiten,\nTaufe oder Firmenanl\u00e4sse \u2013 jeder\nRaum hat seine Geschichte.", "url": "https://www.schloessli-haggen.ch", "image": "https://sgbtpimtsoch.sos-ch-dk-2.exoscale-cdn.com/catalog/b/c/7/9/bc7951940fc4410e68e74cface0138714633342b_FORWARD_SchloessliHaggen_20_01608_VA.jpg", "openstreetmap_id": "way/309211165"}, "geometry": {"type": "Point", "coordinates": ["9.3391845", "47.4031365"]}}, {"type": "Feature", "properties": {"identifier": "dec915cd-b19a-4963-a05d-0da061f994e7", "name": "Restaurant L\u00f6wengarten", "description": "Mit einer \u00fcber hundertj\u00e4hrigen Tradition geh\u00f6rt die ehemalige L\u00f6wengarten-Brauerei zu Rorschach wie das Kornhaus und der Boden\u00adsee. Seit 2007 entsteht das legend\u00e4re Ostschweizer Bier jedoch in St. Gallen und die Brauerei in Rorschach steht still. Ganz still allerdings nicht: Auf dem Areal entstand ein neues, \u00fcberaus lebendiges Quartier.\n\nWohnen, arbeiten, leben, spielen, geniessen: Auf dem L\u00f6wengarten-Areal geben sich Privates und Gesch\u00e4ftliches, Kultur und Natur, Kinder und Senioren die Hand. Die ehemalige Abf\u00fcllerei bildet das Herzst\u00fcck des auf\u00adbl\u00fchenden Quartier\u00adlebens.\n\nVom Biergarten bis zum Garten\u00adzimmer, von der Dach\u00adterrasse bis zum Gew\u00f6lbe\u00adkeller - hier finden alle die perfekte Umgebung f\u00fcr ent\u00adspann\u00adten Genuss. Die L\u00f6wengarten-K\u00f6che verschmelzen regionale und internationale K\u00fcche zu einem harmonischen kulinarischen Erlebnis. \n\nTypisch schweizerisch und zugleich weltoffen, auf das Wesentliche reduziert und doch gem\u00fctlich \u2026 herzlich willkommen im Restaurant L\u00f6wengarten!", "url": "https://www.restaurant-loewengarten.ch/", "image": "https://sgbtpimtsoch.sos-ch-dk-2.exoscale-cdn.com/catalog/7/9/5/5/79551feb971368258a02847a2556ec3ef94313d8_LG_Restaurant_140421_06.jpg", "openstreetmap_id": "way/328929410"}, "geometry": {"type": "Point", "coordinates": ["9.482558861119978", "47.478257299999996"]}}, {"type": "Feature", "properties": {"identifier": "dfb82a94-6c9a-4d90-ab40-fabd44113a26", "name": "Vorstadtbeiz", "description": "<p>Ein w&auml;hrschafter ,,z'Mittag'' kann in der Vorstadtbeiz genauso genossen werden, wie ein gem&uuml;tliches Abendessen mit Familie, Freunden oder Gesch&auml;ftspartnern.</p><p>Einfache schweizer Spezialit&auml;ten werden mit einem modernern Kochstil kombiniert und mit regionalen Produkten erg&auml;nzt.&nbsp;</p><p>H&ouml;chste Qualit&auml;tsanspr&uuml;che an die Produkte, insbesondere das Fleisch, sind hier von gr&ouml;sster Wichtigkeit.</p>", "url": "https://vorstadtbeiz.ch/", "image": "https://sgbtpimtsoch.sos-ch-dk-2.exoscale-cdn.com/catalog/4/c/8/f/4c8fb7b1e8bbf092e24d1dc9374d0d557a5b2010_website_logo_transparent_background.png", "openstreetmap_id": "way/309554078"}, "geometry": {"type": "Point", "coordinates": ["9.4199694", "47.4493262"]}}, {"type": "Feature", "properties": {"identifier": "dfff8c20-40e4-41a4-b301-33271a227b84", "name": "Bratwurst & Bowls", "description": "Die Traditionswurst gibt sich weltoffen und zieht mit exotischer Kulinarik unter ein Dach. Zu den feinen Fleischspezialit\u00e4ten gesellen sich frische Poke-Bowls nach hawaiianischem Vorbild. Aloha tropische Leichtigkeit!\n\nDie bunten Poke-Bowls bringen Frische und Abwechslung ins Take-away-Angebot der Stadt. Poke-Anf\u00e4nger*innen w\u00e4hlen eine Signature Bowl, Kreative stellen sich die Bowl im simplen Baukasten-Prinzip nach pers\u00f6nlichem Gusto zusammen. Mmh, unschlagbar lecker!\n\nEs gibt aber nat\u00fcrlich auch immer noch die Klassiker. Das wissen die Inhaber, Alexander Zimmermann und Sandro Vladani. Den Herzblut-Gastronomen ist nicht \u00abwurst\u00bb, was St. Galler*innen essen. Deshalb lassen sie die Fleischspezialit\u00e4ten neu aufleben und verleihen St. Galler Bratwurst, Currywurst und Weidebeef-Burger einen frischen Twist.", "url": "https://bratwurstundbowls.ch/", "image": "https://sgbtpimtsoch.sos-ch-dk-2.exoscale-cdn.com/catalog/d/3/5/6/d3562b33371d0da70f514e337491f92b7d8cd14c_BB_030_768x1024.jpg", "openstreetmap_id": "node/4149615789"}, "geometry": {"type": "Point", "coordinates": ["9.37505", "47.42365"]}}, {"type": "Feature", "properties": {"identifier": "e136de8c-b4b2-47a2-99dd-ae30405fe009", "name": "Restaurant Traube-St.Georgen", "description": "<p>Willkommen in der Traube! Lass Dich mit hausgemachten K&ouml;stlichkeiten aus der Region verw&ouml;hnen. Ob ein gem&uuml;tliches Abendessen mit Freunden oder ein entspanntes Mittagessen &ndash; im Restaurant Traube-St.Georgen findest Du f&uuml;r jeden Anlass das Richtige. Das freundliche Team und das rustikale Ambiente machen den Besuch zu einem besonderen Erlebnis. Im Sommer k&ouml;nnen die G&auml;ste ihr Essen auch auf der sch&ouml;nen Terrasse geniessen.</p><p>Verweilen und Geniessen: Die Traube-St.Georgen l&auml;dt ein in eine Welt der Gastlichkeit. Hier treffen traditionelles Handwerk und moderne K&uuml;che aufeinander. Lass Dich von saisonalen Gerichten inspirieren und geniesse die unbeschwerte Atmosph&auml;re.</p>", "url": "https://speiserestaurant-traube.ch/", "image": "https://sgbtpimtsoch.sos-ch-dk-2.exoscale-cdn.com/catalog/6/1/f/e/61feed0278baeb458e7c0c705eaf23edb1367fc7_IIIH1500__2.jpeg", "openstreetmap_id": "8354869330"}, "geometry": {"type": "Point", "coordinates": ["9.3820066", "47.4170471"]}}, {"type": "Feature", "properties": {"identifier": "e59860a9-425d-4642-a5a8-a2ea88bc27ba", "name": "Zur Werkstatt Eventlocation St. Gallen", "description": "In der Werkstatt wird die Kunst des Koch- und Barhandwerks mitten in die Stadt gebracht. \n\nDie Eventlocation bietet den perfekten Rahmen f\u00fcr Firmenevents, Geburtstage, Hochzeiten und andere Feierlichkeiten.\n\nPrivate Gruppen k\u00f6nnen bei exklusive Kochkurse, Kochbattles und Cocktailkurse buchen oder einen Genussabend nach ihren individuellen W\u00fcnschen geniessen. Gemeinsam mit Profis k\u00f6nnen Laien am Herd und an der Bar kreativ werden. \n\nGeniesser d\u00fcrfen sich auf k\u00f6stliche Gerichte aus der offenen K\u00fcche und raffinierte Cocktails der Barkeeper freuen. \n\nZudem bietet der Eventkalender regelm\u00e4ssig \u00f6ffentliche Highlights, die f\u00fcr jedermann zug\u00e4nglich sind.\n\nGenerell gilt: gemeinsam machen und geniessen verbindet \u2013 dies macht die Werkstatt zu einer Genuss-Werkstatt.", "url": "http://www.zurwerkstatt-sg.ch", "image": "https://sgbtpimtsoch.sos-ch-dk-2.exoscale-cdn.com/catalog/c/7/d/f/c7df42656aea04f0cd2a8e19b3860713e89937f5_20190815_WERKSTATT_ST_GALLEN_269.jpg", "openstreetmap_id": "node/4092581190"}, "geometry": {"type": "Point", "coordinates": ["9.37503", "47.42552"]}}, {"type": "Feature", "properties": {"identifier": "e73b3959-d6d8-4281-9879-3e12748286d0", "name": "Restaurant Nektar", "description": "<p>St.Gallen ist eine Stadt mit reicher kulinarischer Geschichte: vom Sch&uuml;tzengarten-Brauereiquartier bis zur Altstadt-Gastronomie. Die Vielfalt der St.Galler Genussszene ausmachen. Wir sehen uns als Teil dieser lebendigen St. Galler Restaurantlandschaft &ndash; mit unserer eigenen Handschrift.</p><p>Wer einen Tisch in einem Restaurant in St.Gallen sucht, das traditionell und international zugleich denkt, ist im Nektar richtig: feine Speisen, ausgesuchte Weine, ein gem&uuml;tliches Ambiente und Gastfreundschaft, die nicht aufgesetzt ist. Klein, modern, gem&uuml;tlich. Ein Ort f&uuml;r ein lockeres Mittagessen, einen Ap&eacute;ro, ein feines Abendessen oder einen geselligen Anlass.</p>", "url": "http://www.restaurant-nektar.ch/", "image": "https://sgbtpimtsoch.sos-ch-dk-2.exoscale-cdn.com/catalog/8/0/d/7/80d7785b853351fa6a3f4bd76b74693424ce9952_6be96886_bcd7_4aa2_b00f_24bb599a41bf.jpeg", "openstreetmap_id": "way/38880089"}, "geometry": {"type": "Point", "coordinates": ["9.3660911", "47.4197359"]}}, {"type": "Feature", "properties": {"identifier": "e768f618-5209-492e-a0c5-de814e88c8c5", "name": "Kaffeehaus", "description": "In der hauseigenen R\u00f6sterei entfaltet sich die Welt feinster Spezialit\u00e4tenkaffees \u2013 kreativ, aromatisch und mit der unverwechselbaren Handschrift des Baristas. Hier wird Kaffee nicht nur getrunken, sondern zelebriert \u2013 ein Genussmoment, in dem die Zeit stillzustehen scheint. Wer den Geschmack mit nach Hause nehmen m\u00f6chte, kann den Kaffee direkt im Kaffeehaus kaufen.\n\nDoch das Kaffeehaus ist mehr als ein Ort f\u00fcr herausragenden Kaffee. Es ist ein lebendiger Treffpunkt f\u00fcr Klang, Kunst und Wort \u2013 ein Raum, in dem Geschichten entstehen und geteilt werden.", "url": "https://kaffeehaus.sg/", "image": "https://sgbtpimtsoch.sos-ch-dk-2.exoscale-cdn.com/catalog/2/6/6/2/266219bed0523c20fc5b5718f7991bb2125cfc1f_kiostuehle_kaffeehaus.jpg", "openstreetmap_id": "node/2459053278"}, "geometry": {"type": "Point", "coordinates": ["9.3835919", "47.4250453"]}}, {"type": "Feature", "properties": {"identifier": "e7885384-dbd2-420d-94c2-f60b557cbecc", "name": "Restaurant Villa am See by Sandro L\u00fcthi", "description": "<p>Aus dem schmucken Wohnhaus aus dem Ende des 19. Jahrhunderts ist ein Bijou mit Charme und Eleganz entstanden. Frisch renoviert im Jahr 2023 erstrahlt die Villa in neuem Glanz!</p><p style=\"margin-bottom: 1rem;\">Sandro L&uuml;thi und sein Team sind stets bestrebt, alle Ihre W&uuml;nsche erf&uuml;llen zu k&ouml;nnen, damit Ihr Genuss auch zu einem Erlebnis wird!</p><p style=\"margin-bottom: 1rem;\">Kreativit&auml;t, beste Qualit&auml;t der Grundprodukte vermischt mit viel Handwerk, &nbsp;der Liebe zum Detail und viel Know-how f&uuml;hren zu ausgewogenen Gerichten.</p><p style=\"margin-bottom: 1rem;\">Eine regelm&auml;ssig wechselnde Men&uuml;karte und saisonale Gerichte, begleitet durch auserlesene Weine sollen alle G&auml;ste dazu verleiten, &ouml;fters in der Villa am See einzukehren.</p>", "url": "http://www.villa-am-see-goldach.ch", "image": "https://sgbtpimtsoch.sos-ch-dk-2.exoscale-cdn.com/catalog/f/4/0/4/f4045e5e9c6a65a86715478749a1da5afcda399e_image001__2.jpg", "openstreetmap_id": "way/127753080"}, "geometry": {"type": "Point", "coordinates": ["9.47628", "47.48676"]}}, {"type": "Feature", "properties": {"identifier": "eb1a6dac-1cf7-4955-820b-488b707c6d71", "name": "Haus des Weins", "description": "<p>In Berneck, der gr&ouml;ssten Rebbaugemeinde des Kantons St. Gallen, steht seit Oktober 2018 das Haus des Weins mit seinem markanten Dach f&uuml;r G&auml;ste offen. Jeden Samstag von 14 bis 22 Uhr l&auml;sst sich hier die faszinierende Vielfalt der St. Galler Weine entdecken und nach Herzenslust degustieren. Insgesamt 22 Weinmacher nutzen die stilvolle Plattform und pr&auml;sentieren insgesamt gegen 100 Weine aus den Regionen Rheintal, Sarganserland/Walensee und Z&uuml;richsee. Und nat&uuml;rlich k&ouml;nnen die Lieblingstropfen und weitere feine Produkte aus der Region vor Ort gekauft werden. Die landschaftliche Vielfalt des Kantons St. Gallen erm&ouml;glicht eine &uuml;berraschende Auswahl von Sorten, die in 30 Weinbaugemeinden angebaut werden. Von den Klassikern Pinot noir und M&uuml;ller-Thurgau bis zu trendigen PIWI-Sorten wie Cabernet Jura oder Johanniter. Hervorragend ausgebildete Winzer nutzen die nat&uuml;rlichen Standortvorteile und produzieren Weine, die mittlerweile an internationalen Wettbewerben absolut konkurrenzf&auml;hig sind. Immer wieder wird die M&ouml;glichkeit geboten, vor Ort einen &laquo;Winzer des Monats&raquo; zu erleben und die Weine zu probieren sowie im pers&ouml;nlichen Gespr&auml;ch die Philosophie und Projekte kennen zu lernen. F&uuml;r Kulinarikinteressierte werden das ganze Jahr &uuml;ber interessante Kurse rund um das Thema Wein angeboten. Auf www.hausdesweins-sg.ch sind jeweils die Daten der neusten Weinerlebnisse ersichtlich.</p>", "url": "http://www.hausdesweins-sg.ch", "image": "https://sgbtpimtsoch.sos-ch-dk-2.exoscale-cdn.com/catalog/0/0/a/3/00a31d87b4ea07af178ec51da3a162c961a8554b_Rebbl__tenfest_bearbeitet_y2022_7__2.jpg", "openstreetmap_id": "node/11730554757"}, "geometry": {"type": "Point", "coordinates": ["9.60784", "47.42556"]}}, {"type": "Feature", "properties": {"identifier": "ec38a899-f814-48b3-baf8-e61402c059fd", "name": "B\u00e4ckerei F\u00fcger Handmade Rorschach", "description": "Hier werden die G\u00e4ste mit t\u00e4glich frischem handgemachten Brot, einer vielf\u00e4ltigen Auswahl an Sandwiches, s\u00fcssen und salzigen Versuchungen verw\u00f6hnt. \n\nAn der kleinen Kaffeebar gibt es eine Tasse aromatischer Kaffee und Tee zu geniessen.", "url": "https://fueger-handmade.ch/rorschach/", "image": "https://sgbtpimtsoch.sos-ch-dk-2.exoscale-cdn.com/catalog/6/6/6/b/666b0b92537497216851ba104bf0bd20eb829cd7_Fueger_Logo_Handmade_StGallen_sw_201221.png", "openstreetmap_id": "way/328626100"}, "geometry": {"type": "Point", "coordinates": ["9.487519942997125", "47.47869965"]}}, {"type": "Feature", "properties": {"identifier": "ec5f4ddb-9583-40f5-b75a-e57d78b6b4c8", "name": "Rohners Dorfbeck", "description": "<p>Die B&auml;ckerei Rohner AG ist ein mittelgrosses Unternehmen mit vier Verkaufsstellen. Mitten in St.Georgen befindet sich die Produktion der traditionellen Dorfb&auml;ckerei und die Verkaufsstelle Rohners Dorfbeck. Durch die fr&uuml;hen &Ouml;ffnungszeiten l&auml;sst es sich gut und sorgenfrei in den Tag starten. Rohners Dorfbeck verf&uuml;gt &uuml;ber drei kleine Tische im Innenbereich und zwei kleine Tische im Aussenbereich, die zum Verweilen einladen. Von Montag bis Samstag werden diverse Leckereien aus der Backstube angeboten. Von Hand geformte Brote und Kleinbrote, liebevoll gef&uuml;llte Sandwiches, leckere Fladen s&uuml;ss und salzig, stilvolle Pr&auml;sente und vieles mehr sind tagt&auml;glich in der Auslage zu finden. Das Team von Rohners Dorfbeck freut sich auf Ihren Besuch!</p>", "url": "https://rohners-genusswelt.ch/", "image": "https://sgbtpimtsoch.sos-ch-dk-2.exoscale-cdn.com/catalog/0/b/3/4/0b3437ed06190505864e12a8b9ed727f7ee3c897_Rohners_Dorfbeck_B__ckerei_Konditorei_Confiserie_St.Georgen_Backstube_Verkaufsladen.PNG", "openstreetmap_id": "node/2501535572"}, "geometry": {"type": "Point", "coordinates": ["9.3761", "47.42237"]}}, {"type": "Feature", "properties": {"identifier": "ed302d5d-47b1-464a-82e5-ffbf633b156c", "name": "La verit\u00e0 - das lokal", "description": "<p>Am sch&ouml;nsten Platz in der St.Galler Altstadt in einem sch&ouml;nen Gew&ouml;lbekeller im Haus zur Wahrheit befindet sich das La verit&agrave;. In dem historischen Geb&auml;ude erinnert die alte Stadtmauer an l&auml;ngst vergangene Zeiten. Am langen Tisch, wo man isst und trinkt, plaudert und lacht, treffen Einheimische und Touristen aufeinander. Hausgemachte Antipasti, dazu ein gutes Glas Wein, Mittags die mit Freude gekochte Suppe oder das mit italienischen K&ouml;stlichkeiten gef&uuml;llte Ciabatta - das alles gibt es im La verit&agrave; oder auf dem sonnigen Gallusplatz zu geniessen. Im Eventlokal Cantina La stamperia k&ouml;nnen auch Events und Ap&eacute;ros, wie Hochzeiten, Geburtstage oder Meetings und Feiern f&uuml;r Firmen stattfinden.</p>", "url": "https://www.laverita.ch/", "image": "https://sgbtpimtsoch.sos-ch-dk-2.exoscale-cdn.com/catalog/4/8/c/3/48c3803fe8f2e37eebcd59b949d7ef7461fc540f_la_verita_sg_108f.jpg", "openstreetmap_id": "node/9951264247"}, "geometry": {"type": "Point", "coordinates": ["9.37564", "47.42239"]}}, {"type": "Feature", "properties": {"identifier": "efe4ae5a-a140-463a-9aa8-58c976114ed3", "name": "Wetli Weine", "description": "An den steilsten S\u00fcdh\u00e4ngen der \u00f6stlichen Schweiz, f\u00fchren die Br\u00fcder Kaspar jun., Matthias, Florian und Adrian die Weinbautradition ihrer Eltern Kaspar und Susanne Wetli fort. Die aussergew\u00f6hnliche Konstellation dieser Winzerfamilie ist schweizweit, wenn nicht sogar weltweit einzigartig. Mit viel Schwung treffen neue Ideen auf traditionelle Werte und best\u00e4rken somit das Qualit\u00e4tsbewusstsein des Weinguts.\nMit rund 18 Hektaren in drei Kantonen stehen die Br\u00fcder f\u00fcr ehrlichen, nachhaltigen Weinbau. An den steilen Ausl\u00e4ufern des Appenzeller H\u00fcgellandes welche in das Rheintal ragen, finden bew\u00e4hrte Traubensorten wie auch neue Sorten hervorragende Bedingungen vor.\n", "url": "https://schmidwetli.ch/de/", "image": "https://sgbtpimtsoch.sos-ch-dk-2.exoscale-cdn.com/catalog/e/7/2/8/e7282b210185727423a0217af611e26f70e7d387__97A6895.jpg", "openstreetmap_id": "node/7530041439"}, "geometry": {"type": "Point", "coordinates": ["9.61695", "47.42332"]}}, {"type": "Feature", "properties": {"identifier": "f587a179-e12f-48b6-9e53-a54430d40aaf", "name": "Restaurant Schw\u00e4galp", "description": "<p>Das Restaurant Schw&auml;galp befindet sich im Erdgeschoss des &laquo;S&auml;ntis &ndash; das Hotel&raquo; am Fusse des S&auml;ntis. Die G&auml;ste k&ouml;nnen ihren Blick auf das imposante S&auml;ntismassiv schweifen lassen, w&auml;hrend sie mit typisch regionalen Gerichten auf h&ouml;chstem Niveau verw&ouml;hnt werden.</p><p class=\"MsoNormal\"><strong>Wichtige Information: Die S&auml;ntis-Schwebebahn ist infolge Erneuerung der Bahn vom 1. Mai bis Sp&auml;therbst 2026 eingestellt.</strong></p><p class=\"MsoNormal\"><strong>Das &laquo;S&auml;ntis &ndash; das Hotel&raquo; und die Restaurationsbetriebe auf der Schw&auml;galp sind durchgehend f&uuml;r Sie ge&ouml;ffnet.</strong></p>", "url": "https://saentisbahn.ch/essen-trinken/restaurant-schwaegalp/", "image": "https://sgbtpimtsoch.sos-ch-dk-2.exoscale-cdn.com/catalog/f/8/6/6/f866f3fba8dd6cac59d33080119863a59a2aa4b9_24001_6745_min__2_2.jpg", "openstreetmap_id": "node/6846203478"}, "geometry": {"type": "Point", "coordinates": ["9.3188294", "47.2563886"]}}, {"type": "Feature", "properties": {"identifier": "f58ae167-11cc-471a-8116-78a4a5add5ad", "name": "Caf\u00e9 Bar Treppenhaus", "description": "Seit Januar 2014 steht das Treppenhaus f\u00fcr rockige Gitarrenw\u00e4nde, durchzechte Barn\u00e4chte, heiteren Kaffeeplausch mit Kinderveranstaltungen, intensive Tresengespr\u00e4che mit der weltgewandten Servicefachkraft, heissbl\u00fctige Jassturniere, tr\u00e4nig-ber\u00fchrendes Singer-Songwriting, nervenaufreibendes Public-Viewing, bezaubernde Chai-Lattes, serviert von noch bezaubernderem, charmant-verkatertem Barpersonal... Die Caf\u00e9 Bar Treppenhaus steht f\u00fcr die friedliche Koextistenz diverser Stilrichtungen und Gustos. Es geht darum, etwas zu bewegen in der gastlichen Hafenstadt und dem Treiben den eigenen Stempel aufzupr\u00e4gen.", "url": "http://www.treppenhaus.ch/", "image": "https://sgbtpimtsoch.sos-ch-dk-2.exoscale-cdn.com/catalog/5/0/2/9/5029e91ba684971a4a4e884b2e1a5c2074821243_BUH_2691_min_1600x900.jpg", "openstreetmap_id": "node/3340098065"}, "geometry": {"type": "Point", "coordinates": ["9.495297", "47.4775716"]}}, {"type": "Feature", "properties": {"identifier": "fd49c941-ec8f-4637-935c-1fc8c58c8667", "name": "News Caf\u00e9 Musikbar", "description": "Im Herzen von St.Gallen befindet sich die News Caf\u00e9 & Musikbar: Das News. Ein Ort wo sich Genuss und Kommunikation treffen. Das Lokal besticht durch ein geschmackvolles Ambiente kombiniert mit einem attraktiven Angebot an Getr\u00e4nken und Snacks sowie einem breiten Medienangebot. Bei warmen Temperaturen l\u00e4dt die Sonnenterrasse zum Geniessen ein. \n\nDie News Caf\u00e9 & Musikbar bietet sowohl Fr\u00fchst\u00fcck und Brunch als auch Mittagessen und diverse Snacks an. Feine Cocktails und Ap\u00e9ros runden das Angebot ab.", "url": "https://newscafebar.ch/", "image": "https://sgbtpimtsoch.sos-ch-dk-2.exoscale-cdn.com/catalog/6/2/5/7/6257d98a67602e0607dc8829d083db92c1c327f0_Screenshot_2023_09_05_100145.png", "openstreetmap_id": "node/445419083"}, "geometry": {"type": "Point", "coordinates": ["9.37409", "47.42524"]}}]}