id;name;disambiguatingDescription;description;longitude;latitude;streetAddress;postalCode;addressLocality;telephone;email;url;image;dateModified07bdb0e2-1d3d-449a-8182-79e16add3f66;Zmorge-Korb der Bäckerei Füger;Die Genussregion St.Gallen-Bodensee wartet mit schönen Picknickplätzen. ;<p class="rich-text-paragraph" piano-view-event="false" data-v-360ed6ae="" style="margin-bottom: 1rem;"><span class="text-space-pre-line rich-text-text" data-abstract-init="body text" style="">Sei es am Bodenseeufer beim Forum Würth in Rorschach, beim Hafen in Steinach oder bei den Drei Weieren in St.Gallen. Sowohl in der Stadt als auch auf dem Land gibt es Plätze zum Ausruhen und Entspannen.</span></p><p class="rich-text-paragraph" piano-view-event="false" data-v-360ed6ae="" style="margin-bottom: 1rem;"><span class="text-space-pre-line rich-text-text" data-abstract-init="body text" style="">Die Bäckerei Füger mit Standorten in St.Gallen, Rorschach, Steinach und Mörschwil hat einen Korb mit verschiedenen Köstlichkeiten zusammengestellt. Um im Trockenen sitzen zu können, gibt es ein buntes Tuch, das als Picknickdecke dient. Dieses erzählt von der Vision der Riklin-Brüder und dem BIGNIK. Der Zmorge-Korb ist für 2 Personen buchbar. Weitere Spezialitäten können direkt vor Ort bei Füger bezogen werden.</span></p><p class="rich-text-paragraph" piano-view-event="false" data-v-360ed6ae="" style="margin-bottom: 1rem;"><span class="text-space-pre-line font-weight-bold rich-text-text" data-abstract-init="body text" style="">So funktioniert's:</span></p><ul><li style="margin-bottom: 1rem;">Beziehe den Zmorge-Korb während den&nbsp;Öffnungszeiten&nbsp;am gebuchten Standort der Bäckerei Füger.</li><li style="margin-bottom: 1rem;">Suche dir einen gemütlichen Platz im Freien und geniesse das leckere Picknick.</li><li style="margin-bottom: 1rem;">Anschliessend den Korb mit dem schmutzigen Geschirr während den Öffnungszeiten der Bäckerei Füger am jeweiligen Standort zurückgeben.</li></ul><p class="rich-text-paragraph" piano-view-event="false" data-v-360ed6ae="" style="margin-bottom: 1rem;"><span class="text-space-pre-line font-weight-bold rich-text-text" data-abstract-init="body text" style="">Im Preis inklusive</span><span class="text-space-pre-line rich-text-text" data-abstract-init="body text" style="">:</span></p><p class="rich-text-paragraph" piano-view-event="false" data-v-360ed6ae="" style="margin-bottom: 1rem;">Picknick-Korb gefüllt mit regionalen Spezialitäten der Bäckerei Füger:</p><ul><li style="margin-bottom: 0cm; line-height: normal;">2 Buttergipfel<o:p></o:p></li><li style="margin-bottom: 0cm; line-height: normal;">1 Switchel
Getränk<o:p></o:p></li><li style="margin-bottom: 0cm; line-height: normal;">2 Birchermüesli<o:p></o:p></li><li style="margin-bottom: 0cm; line-height: normal;">4 verschiedene
Brötli<o:p></o:p></li><li style="margin-bottom: 0cm; line-height: normal;">Butter/Lättä<o:p></o:p></li><li style="margin-bottom: 0cm; line-height: normal;">3 verschiedene
hausgemachte Konfitüren + Fügella<o:p></o:p></li><li style="margin-bottom: 0cm; line-height: normal;">2 Kaffee to go<o:p></o:p></li><li style="margin-bottom: 0cm; line-height: normal;">Originales,
handgenähtes BIGNIK-Tuch</li><li style="margin-bottom: 0cm; line-height: normal;">Teller, Besteck
und Gläser</li></ul><p class="MsoNormal" style="margin-bottom:0cm;line-height:normal"><br></p><p class="rich-text-paragraph" piano-view-event="false" data-v-360ed6ae="" style="margin-bottom: 1rem;"><span class="text-space-pre-line font-weight-bold rich-text-text" data-abstract-init="body text" style="">Standorte:</span></p><p class="rich-text-paragraph" piano-view-event="false" data-v-360ed6ae="" style="margin-bottom: 1rem;">Bäckerei Füger, Kirchstrasse 2, 9402 Mörschwil, Telefonnummer: +41 71 866 12 19</p><p class="rich-text-paragraph" piano-view-event="false" data-v-360ed6ae="" style="margin-bottom: 1rem;">Bäckerei Füger, Schulstrasse 2, 9323 Steinach, Telefonnummer: +41 71 571 04 77</p><p class="rich-text-paragraph" piano-view-event="false" data-v-360ed6ae="" style="margin-bottom: 1rem;">Bäckerei Füger, St. Gallerstrasse 13, 9400 Rorschach, Telefonnummer: +41 71 841 20 16</p><p class="rich-text-paragraph" piano-view-event="false" data-v-360ed6ae="" style="margin-bottom: 1rem;">Bäckerei Füger, Metallstrasse 18, 9000 St. Gallen, Telefonnummer: +41 71 222 20 12</p>;9.4236445;47.4681741;Kirchstrasse 2;9402 ;Mörschwil;+41 71 866 12 19;info@fueger.ch;https://fueger-handmade.ch/;[{'@type': 'ImageObject', 'contentUrl': 'https://sgbtpimtsoch.sos-ch-dk-2.exoscale-cdn.com/catalog/1/4/b/e/14be4d2d6292aedd1513b038f3759498bb7a283f_medium__20240711_picknick_korb_rorschach_1.jpg'}];2026-08-24T10:30:47+02:00
0ed5426b-cdba-4829-a114-eed3df2cb793;Trischli Club;Auf zwei Etagen tanzt man im Trischli zu der neusten angesagten internationalen Musik, zusammengemixt von den besten DJs des Landes.;Das Trischli befindet sich nicht nur mitten im Herzen St. Gallens sondern zeigt auch das es in St.Gallen möglich ist, von Mittwoch bis Samstag richtig gross feiern zu gehen.;9.37788;47.42578;Brühlgasse 15;9000;St. Gallen;info@trischli.ch;https://www.trischli.ch/;[{'@type': 'ImageObject', 'contentUrl': 'https://sgbtpimtsoch.sos-ch-dk-2.exoscale-cdn.com/catalog/c/9/c/4/c9c4cbce77b817eff2d78a509c55ae5db32b8f79_LORUENSERPHOTO__2.jpg'}];2026-03-04T08:31:28+01:00
0f92bdfc-78f9-436f-8225-06f5f1dcf9a3;Gasthaus Hoher Hirschberg;"Höch Heschbeg" das aussichtsreiche Ausflugsziel in Appenzell;<p>1679 erbaut, thront der das Gasthaus Hoher Hirschberg auf der gleichnamigen H&uuml;gelspitze.</p><p>Das Restaurant ist f&uuml;r Wanderer, Biker oder mit dem Auto sehr gut erreichbar. Auf der H&uuml;gelspitze wirst Du mit einer herrlichen Aussicht in den Alpstein belohnt.</p><p>Das Ausflugsrestaurant ist bekannt f&uuml;r die hausgemachten Desserts und die saisonalen Speisen.</p><p>Auf dem Hohen Hirschberg &uuml;bernachten ist ein einmaliges Erlebnis - ob im Matratzenlager oder im Arvenzimmer mit wundersch&ouml;nem Blick in den Alpstein.&nbsp;</p><p>Gibt es etwas zu feiern, dann bist Du hier genau richtig - "S&ouml;nd w&ouml;llkomm"</p>;9.4698599;47.3429617;Hohe Hirschbergstrasse 58;9050;Appenzell Meistersrüte;0041717871467;info@hoherhirschberg.ch;https://www.hoherhirschberg.ch;[{'@type': 'ImageObject', 'contentUrl': 'https://sgbtpimtsoch.sos-ch-dk-2.exoscale-cdn.com/catalog/5/b/d/6/5bd66899b5345afe2f1be0d7f9f414d347a6c363_IMG_20210202_WA0001_1.jpg'}];2026-08-25T14:45:01+02:00
12e92662-d78e-4683-9704-ca38d32f746e;Restaurant Brauwerk;Klein-Brauerei, Restaurant, Bar und Pärkli direkt am Hauptbahnhof und vor allem das Zuhause der Kreativ-Brauerei von Schützengarten.;Herzstück des Restaurant Brauwerk ist das klassische Sudwerk im Erdgeschoss mit einer Braukapazität von 500 Litern. 
​
Die Craft-Beer-Spielwiese - mitten in St.Gallen - verwirklicht nicht nur die Vision von einer modernen Brauhausgastronomie, sondern bietet auch jede Menge Platz für Bierkultur, Kulinarik, verrückte Ideen und Begegnungen.

Zum Angebot gehören klassische Fleischgerichte sowie Brauwerkspezialitäten. Natürlich sind auch für Vegetarier verschiedene Leckereien dabei. Ziel der Brauwerk Küche ist es, Bier und Food Pairing neu zu interpretieren.;9.37171;47.42479;Bahnhofstrasse 19;9000;St. Gallen;0041 71 222 85 90;info@restaurantbrauwerk.ch;http://www.restaurantbrauwerk.ch;[{'@type': 'ImageObject', 'contentUrl': 'https://sgbtpimtsoch.sos-ch-dk-2.exoscale-cdn.com/catalog/8/b/3/2/8b328bfdea98d921337878d799fdf7315c52780c_Restaurant_Brauwerk_DanielAmmann_01.jpg'}];2026-03-04T08:31:29+01:00
19bc535d-d42d-444a-907e-9063d0a7826d;Bäckerei Füger Handmade St.Gallen;Willkommen zum Gipfeltreffen;Die Bäckerinnen und Bäcker verarbeiten die optimal gereiften Teige direkt vor den Augen der Gästen zu frischen Broten, Brötchen, Zöpfen und natürlich Gipfeli.

In der Handmade Chocolaterie kann auch mitverfolgt werden, wie die verschiedenen Schokospezialitäten entstehen. Angeboten werden auch frische Frühstücksgerichte, nahrhafte Znüni-Verpflegungen und feine Mittagsgerichte. Die Lounges oder auch die einladende Dachterrasse mit fantastischem Weitblick laden zum Schlemmen und Verweilen ein.;9.354676008224489;47.420008188794;Metallstrasse 18;9000;St.Gallen;+41 71 222 20 12;sg@fueger.ch;https://fueger-handmade.ch/stgallen/;[{'@type': 'ImageObject', 'contentUrl': 'https://sgbtpimtsoch.sos-ch-dk-2.exoscale-cdn.com/catalog/e/9/8/d/e98dfc43e486c3c46b52ba3760b6ba2f8dee88d1_DSC_0798.JPG'}];2026-03-04T08:31:29+01:00
1a81cde3-a416-40a9-b34f-435170e6dd08;Eintritt Chocolarium;Wer Schokolade liebt, kommt nicht um einen Besuch im Chocolarium herum.;<p data-v-20c93902="" class="rich-text-paragraph" piano-view-event="false" style="margin-bottom: 1rem;"><span class="text-space-pre-line rich-text-text" data-abstract-init="body text" style="">Auf der Tour durch das Chocolarium erfährt man auf spielerische Weise viel Wissenswertes über Schokolade und wie das Glück hineinkommt.</span></p><p data-v-20c93902="" class="rich-text-paragraph" piano-view-event="false" style="margin-bottom: 1rem;"><span class="text-space-pre-line rich-text-text" data-abstract-init="body text" style="">Von der Glasgalerie aus beobachtet man, wie die beliebten Produkte von Munz und Minor hergestellt werden. Im Glücksraum warten fünf Schokoladenbrunnen darauf, verkostet zu werden, und am Ende des Tours kann man eine eigene Schokoladentafel nach Herzenslust verzieren. Abgerundet wird der Besuch mit einer Tasse Kaffee und einem Snack im Minor Café. Für ein geeignetes Mitbringsel bietet der Shop eine grosse Auswahl an Schoggiprodukten frisch ab Fabrik.</span></p><p data-v-20c93902="" class="rich-text-paragraph" piano-view-event="false" style="margin-bottom: 1rem;"><span class="text-space-pre-line rich-text-text" data-abstract-init="body text" style=""></span></p><p data-v-20c93902="" class="rich-text-paragraph" piano-view-event="false" style="margin-bottom: 1rem;"><span class="text-space-pre-line rich-text-text" data-abstract-init="body text" style="">Chocolarium - das beliebte Ausflugsziel in der Ostschweiz heisst herzlich willkommen!</span></p><p data-v-20c93902="" class="rich-text-paragraph" piano-view-event="false" style="margin-bottom: 1rem;"><span class="text-space-pre-line font-weight-bold rich-text-text" data-abstract-init="body text" style="">Das erwartet Sie:</span></p><ul><li style="margin-bottom: 1rem; color: rgb(15, 15, 15); font-family: Inter, -apple-system, BlinkMacSystemFont, &quot;Segoe UI&quot;, Roboto, &quot;Helvetica Neue&quot;, Arial, &quot;Noto Sans&quot;, sans-serif, &quot;Apple Color Emoji&quot;, &quot;Segoe UI Emoji&quot;, &quot;Segoe UI Symbol&quot;, &quot;Noto Color Emoji&quot;; font-size: 17px; letter-spacing: -0.05px;"><span style="color: rgb(103, 118, 138); font-family: Lato, &quot;Helvetica Neue&quot;, Helvetica, Arial, sans-serif; font-size: 13px;">Interaktiver Erlebnis-Rundgang</span></li><li style="margin-bottom: 1rem;">Einblick in die Live-Produktion (Dienstag bis Freitag)</li><li style="margin-bottom: 1rem; color: rgb(15, 15, 15); font-family: Inter, -apple-system, BlinkMacSystemFont, &quot;Segoe UI&quot;, Roboto, &quot;Helvetica Neue&quot;, Arial, &quot;Noto Sans&quot;, sans-serif, &quot;Apple Color Emoji&quot;, &quot;Segoe UI Emoji&quot;, &quot;Segoe UI Symbol&quot;, &quot;Noto Color Emoji&quot;; font-size: 17px; letter-spacing: -0.05px;"><span style="color: rgb(103, 118, 138); font-family: Lato, &quot;Helvetica Neue&quot;, Helvetica, Arial, sans-serif; font-size: 13px;">Treffen mit unserer Show-Confiseurin</span></li><li style="margin-bottom: 1rem; color: rgb(15, 15, 15); font-family: Inter, -apple-system, BlinkMacSystemFont, &quot;Segoe UI&quot;, Roboto, &quot;Helvetica Neue&quot;, Arial, &quot;Noto Sans&quot;, sans-serif, &quot;Apple Color Emoji&quot;, &quot;Segoe UI Emoji&quot;, &quot;Segoe UI Symbol&quot;, &quot;Noto Color Emoji&quot;; font-size: 17px; letter-spacing: -0.05px;"><span style="color: rgb(103, 118, 138); font-family: Lato, &quot;Helvetica Neue&quot;, Helvetica, Arial, sans-serif; font-size: 13px;">Naschen erwünscht!</span></li></ul><p data-v-20c93902="" class="rich-text-paragraph" piano-view-event="false" style="margin-bottom: 1rem;"><span class="text-space-pre-line font-weight-bold rich-text-text" data-abstract-init="body text" style="">Personen</span><span class="text-space-pre-line rich-text-text" data-abstract-init="body text" style="">: 1-30</span></p><p data-v-20c93902="" class="rich-text-paragraph" piano-view-event="false" style="margin-bottom: 1rem;"><span class="text-space-pre-line font-weight-bold rich-text-text" data-abstract-init="body text">Sprache</span><span class="text-space-pre-line rich-text-text" data-abstract-init="body text">: Deutsch &amp; Englisch</span></p><div><span class="text-space-pre-line rich-text-text" data-abstract-init="body text" style="white-space-collapse: preserve-breaks;"><br></span></div><p data-v-20c93902="" class="rich-text-paragraph" piano-view-event="false" style="margin-bottom: 1rem;"><span class="text-space-pre-line rich-text-text" data-abstract-init="body text" style=""><br></span></p>;9.164934160728885;47.4130675;Toggenburgerstrasse 41;9230;Flawil;info@chocolarium.ch;[{'@type': 'ImageObject', 'contentUrl': 'https://sgbtpimtsoch.sos-ch-dk-2.exoscale-cdn.com/catalog/b/1/b/0/b1b012277430e713ab93a6b42fe405a879090ff5_Mischerei_Kinder_low__1_.jpg'}];2025-05-27T15:20:37+02:00
1e3a42ba-2d41-417e-94d7-51bf152448e9;Restaurant & Bistro Sauceria;„Wahrscheinlich das Restaurant mit den besten Saucen der Stadt“;Die Sauceria ist in der gastronomisch neu belebten Engelgasse in der St. Galler Altstadt zu finden. Ob im trendigen Restaurant, coolen Bistro oder im grossen Aussenrestaurant – alle Saucenkreationen werden zu Vegi, Pasta, Fleisch und Fisch serviert. Dazu gibt es noch Eva’s Bürli-Brot zum Tunken. Alles von der Küchenchefin Arjeta und ihrem Küchenteam selbst gemacht. Dazu verwöhnt Rafael mit seinem Serviceteam die Gäste mit seinem Graham Blend No 5 Special Drink oder einer guten Flasche Wein. Nicht zu Unrecht sagen viele der Gäste: „wahrscheinlich das Restaurant mit den besten Saucen der Stadt“. ;9.37448;47.42667;Engelgasse 13;9000;St. Gallen;0041 71 571 33 77;restaurant@sauceria.ch;http://www.sauceria.ch;[{'@type': 'ImageObject', 'contentUrl': 'https://sgbtpimtsoch.sos-ch-dk-2.exoscale-cdn.com/catalog/e/1/f/a/e1fa37a698b03542ee782d03cd7905c4b5ae0423_8.jpg'}];2026-03-04T08:28:57+01:00
212c1c37-b6e8-4036-9e0b-a9e177ce4ed2;Bistro St.Gallen;Geschmackvoll durch den ganzen Tag;In gemütlicher und stilvoller Atmosphäre lassen sich köstliche Gerichte von früh bis spät geniessen: Vom ausgewogenen Frühstücksbuffet über internationale Speisen bis hin zu liebevoll kreierten Köstlichkeiten aus der hauseigenen Patisserie. Im Bistro St.Gallen finden die Gäste zu jeder Tageszeit den passenden Gaumenschmaus.;9.374426514160193;47.4213691;Wassergasse 7;9000;St. Gallen;+41 71 227 57 77;info@bistro-sg.ch;https://www.bistro-sg.ch;[{'@type': 'ImageObject', 'contentUrl': 'https://sgbtpimtsoch.sos-ch-dk-2.exoscale-cdn.com/catalog/1/3/d/d/13dd61e190da10350f69b3f3f6b7c08d93cc5815_01_Key_Visual_Bistro_St.Gallen_HighRes.jpg'}];2026-04-14T11:15:58+02:00
224014c6-b385-4b0d-a9f7-f21c1e24f3ae;Restaurant Artisans;Willkommen bei Artisans - Artisans of the Good Taste,
Klein, fein und mit viel Leidenschaft geführt: Im Restaurant mit 22 Plätzen werden frisch zubereitete Gerichte in höchster Qualität serviert.;<p>Die K&uuml;che ist mediterran und franz&ouml;sisch inspiriert - voller Aromen, die an Sonne, W&auml;rme und Leichtigkeit erinnern. Jeder Teller im Restaurant Artisans erz&auml;hlt ein St&uuml;ck der Geschichte der Gastgeber, ihrer Herkunft und ihrer Reise.</p><p>Das Restaurant ist bewusst klein und pers&ouml;nlich und bietet mit 22 Pl&auml;tzen ein Ort f&uuml;r N&auml;he, Atmosph&auml;re und echte Begegnungen.</p>;9.3755663;47.4231633;Bankgasse 14;9000;St.Gallen;071223 43 43;info@restaurantartisans.ch;https://restaurantartisans.ch;[{'@type': 'ImageObject', 'contentUrl': 'https://sgbtpimtsoch.sos-ch-dk-2.exoscale-cdn.com/catalog/a/0/4/a/a04a2fea572b95fa3490f013813edf0ae3a93c15_20260219_FotografieManufaktur_5_small.jpg'}];2026-08-18T15:42:36+02:00
25e451b6-85a3-4a8d-8c10-8bf1cb2b0e7c;focacceria St.Gallen;Hier findet man für jeden Geschmack, zu jeder Tageszeit und für jeden Hunger das Richtige.;<p>Die einmaligen Variationen an Antipasti, die grosse Auswahl an Pasta, Salaten, Suppen &amp; Desserts machen es m&ouml;glich, f&uuml;r jeden Geschmack das Richtige zu finden. Entgegen dem allgemeinen Trend von industriell hergestellten Convenience-Produkten wird zu 100% auf handveredelte K&ouml;stlichkeiten gesetzt. S&auml;mtliche Gerichte auf der Karte sind mit viel Liebe hausgemacht. Die Rohstoffe werden von Lieferanten aus der Region bezogen. Eine hochstehende Kaffeekultur, Bier aus der Region &amp; eine auserlesene Auswahl an Weinen erg&auml;nzen das kulinarische Angebot. Das Hauptaugenmerk liegt auf den Weinen aus Italien.</p>;9.375253998051948;47.427058450000004;Metzgergasse 22;9000;St.Gallen;+41 71 220 16 15;info@focacceria.ch;https://focacceria.ch/;[{'@type': 'ImageObject', 'contentUrl': 'https://sgbtpimtsoch.sos-ch-dk-2.exoscale-cdn.com/catalog/2/4/7/a/247ac013d8e01a58d60a8c725c60b060576aad02_Terrasse_Foca.JPG', 'caption': {'de': 'focacceria'}}];2026-03-04T08:28:58+01:00
2e9977b7-dd99-4dc8-bdf1-28e7491aaea5;Einstein Bar;Prost, Cheers & Santé!;«Clubatmosphäre im englischen Stil» ist die wohl passendste
Umschreibung für die Stimmung, die in der Einstein Bar herrscht. Hier treffen sich Menschen aus St.Gallen und der ganzen Welt.

Unterschiedlichste Cocktails, rund 100 Whiskys und Spitzenweine, Bier vom Fass oder köstliche Eigenkreationen lassen kaum einen Wunsch offen.;9.3754457;47.4214519;Berneggstrasse 2;9000;St. Gallen;+41 71 227 55 55;info@einstein.ch;https://www.einstein.ch/de/essen-trinken/einstein-bar;[{'@type': 'ImageObject', 'contentUrl': 'https://sgbtpimtsoch.sos-ch-dk-2.exoscale-cdn.com/catalog/6/8/2/8/6828e270e6fc8c5d6501f9c6c7e23025a9c0d7bb__02_Key_Visual_Bar_LowRes.jpg'}];2026-04-14T11:14:10+02:00
3111282f-ea8a-4af4-834e-3a0086e2843a;flon;Von Jung für Jung: Partys, Konzerte, Ausstellungen, Poetry Slam, Siebdruck, Fotografie, Grafik, Kunst, Theater, Breakdance, Tanz und mehr;Im Jugendkulturraum flon finden Konzerte, Partys, Theater, Ausstellungen und vieles mehr statt. Geführt wird der Jugendkulturraum von einer Betriebsgruppe, bestehend aus Jugendlichen und jungen Erwachsenen zwischen 16 und 26 Jahren. Sie plant und organisiert Veranstaltungen mit der Unterstützung von Mitarbeitenden der Offenen Jugendarbeit Zentrum St.Gallen. Der Jugendkulturraum dient als Plattform, um sich einem grösseren Publikum zu präsentieren. Der Raum steht zudem für verschiedene Produktionsformen wie Tanztraining, Theaterproben oder Bühnenbildgestaltung zur Verfügung. Jugendliche, die eine Idee zur Durchführung von Projekten oder Aktionen haben, werden von den Mitarbeitenden der Offenen Jugendarbeit Zentrum fachlich unterstützt und begleitet. Dabei helfen sie bei der Suche nach Finanzierungsmöglichkeiten, der Einhaltung rechtlicher Bedingungen und bei der Vermittlung von Kontakten zu Bands etc.;9.3674668;47.4198138;Davidstrasse 42;9000;St. Gallen;+41 71 224 42 39;info@flon-sg.ch;https://www.flon-sg.ch/;[{'@type': 'ImageObject', 'contentUrl': 'https://sgbtpimtsoch.sos-ch-dk-2.exoscale-cdn.com/catalog/b/0/c/f/b0cfd19e7bfd3dce92b9dd755245d2401a0dddb6_CD4CAA3A_B1EF_4791_9920_0DA62C439469.jpeg'}];2026-03-04T08:31:34+01:00
348329bc-30c3-4732-a8ce-89aeba69335c;Roman Rutishauser - Weingut am Steinig Tisch;Innovativ – traditionell – naturnah

Das Familien Weingut im St.Galler-Rheintal. Wir pflegen ehrliche Werte und ehrliche Weine seit drei Generationen. St.Galler Spitzen-Weine aus Thal, wir heissen Sie herzlich willkommen.;<p>Das Weingut am Steinig Tisch ist ein Familienbetrieb mit Selbstkelterung in dritter Generation. In den vorz&uuml;glichen Lagen des Buchbergs mit dem milden Klima, gedeiht in extremer Steillage auf kargem-tonigem Boden ausdruckstarkes Traubengut. Im Einklang mit der Natur und durch gezielte F&ouml;rderung der Biodiversit&auml;t werden 8 unterschiedliche Rebsorten kultiviert. Daraus entstehen im Weinkeller 14 verschiedene, erstklassige Qualit&auml;tsweine h&ouml;chster G&uuml;te. Diese sind Online aber auch direkt ab Gut zu beziehen. Die herrliche Landschaft der Rebbaugemeinde l&auml;dt zum Verweilen. Die "Steinig Tisch Treppe" f&uuml;hrt durch das Weingut zum &bdquo;Steinig Tisch&ldquo;. Auf der Terrasse des Restaurants geniessen die G&auml;ste bei einem Glas heimischem Wein die Rundsicht &uuml;ber Talschaft, Reben und Bodensee.</p>;9.5656852;47.4677944;Dorfstrasse 17;9425;Thal;+41 71 888 17 33;info@rutishauser-weingut.ch;http://www.rutishauser-weingut.ch/;[{'@type': 'ImageObject', 'contentUrl': 'https://sgbtpimtsoch.sos-ch-dk-2.exoscale-cdn.com/catalog/a/2/9/7/a2979c6ba2289880c67d7fb89c95817ab6ec0d94_Weingut_am_Steinig_Tisch_Okt19__2__2.jpg'}];2026-03-04T08:31:34+01:00
356fd147-5673-4de1-a03e-26021ed65c4c;Bärenstobe;In der Bärenstobe vereint Chef Carsten Kypke regionale Köstlichkeiten mit internationalen Aromen – begleitet von edlen Weinen aus dem Weinkeller.;Die Bärenstobe verbindet auf einzigartige Weise Tradition und Moderne. In den historischen Räumen des bereits 1751 urkundlich erwähnten Gasthauses erleben die Gäste gehobenes Fine-Dining. Executive Chef Carsten Kypke kreiert von Donnerstag bis Samstag ein Degustationsmenü mit vier bis sechs Gängen, das regionale Spitzenprodukte mit den vielfältigsten Geschmäckern dieser Welt vereint. Die Appenzeller Wurzeln bilden zwar die Grundlage, doch moderne Ansätze und frische Zutaten schaffen in der Bärenstobe gänzlich neue Geschmackserlebnisse. Das kulinarische Angebot wird seit kurzem durch eine passende Getränke- oder Weinbegleitung mit auserlesenen Tropfen aus dem eindrucksvollen Weinkeller abgerundet.;9.34668;47.32863;Dorfstrasse 40;9108;Gonten;+41 71 795 40 10;info@appenzellerhuus.ch;https://appenzellerhuus.ch/de/hotels/hotels/huus-baeren/kulinarik/baerenstobe/;[{'@type': 'ImageObject', 'contentUrl': 'https://sgbtpimtsoch.sos-ch-dk-2.exoscale-cdn.com/catalog/e/7/5/c/e75cfa6ea5f7ab7f8bf17dab9f6a79f97049837b_2024_10_10_Appenzellerhuus_Fenjaphotography_10__2.jpg'}];2026-03-04T08:31:34+01:00
35a0f17a-3d0f-40b7-a7c4-4e28b4bce805;Café Restaurant Drahtseilbähnli;Im Drahtseilbähnli wird das Geniessen zelebriert.;Der Familienbetrieb verwendet deshalb nur qualitativ hochwertige Produkte. Die fein ausgelesenen Spezialitäten stammen von Kleinbetrieben aus der Region. Der persönliche Austausch mit Gästen und die Gastfreundlichkeit erzeugen ein familiäres Ambiente zum Wohlfühlen.
Gegenüber und direkt bei der Talstation der Mühleggbahn hat das drahtseilbähnli einen kleinen Laden eröffnet mit Take away, hausgemachten Produkten und Geschenken.;9.3772255;47.4223143;Sankt Georgen-Strasse 3;9000;St. Gallen;+41 71 222 42 17;info@drahtseilbaehnli.ch;http://www.drahtseilbaehnli.ch/;[{'@type': 'ImageObject', 'contentUrl': 'https://sgbtpimtsoch.sos-ch-dk-2.exoscale-cdn.com/catalog/7/2/c/3/72c3e12a330b8036220056ae373124e0f91d4a4c_20190502_113957.jpg'}];2026-08-25T14:34:31+02:00
3609f3f0-86ce-47b4-b24c-f1508d30e805;PinChu China Restaurant;China Restaurant im Herzen von St.Gallen;Authentische chinesische Spezialitäten in der Altstadt von St.Gallen mit Mittagsbuffet und Speisen à la Carte;9.3750858;47.4229504;Webergasse 16;9000;St.Gallen;+41712320806;info@pinchu.ch;https://pinchu.ch;[{'@type': 'ImageObject', 'contentUrl': 'https://sgbtpimtsoch.sos-ch-dk-2.exoscale-cdn.com/catalog/7/7/5/c/775ceba3283b75b19d2a48fc08ab1eaefa78753e_Bild1.jpg'}];2026-03-04T08:28:58+01:00
37088b43-0321-44a6-8828-8d03e86e0ff4;Veranda Arbon;Den Sommer an Arbons Strandpromenade mit Freunden und Familie geniessen! Einen kühlen Drink schlürfen mit herrlicher Aussicht auf den Bodensee und die Arboner Bucht. ;Und das mit mediterranem Ambiente – viel Meer braucht man nicht zum Glücklichsein!

Die Gastgeber setzen setzen auf eine kleine aber feine Auswahl an frischer, fantasievoller und saisonaler Kost. Dazu gehört eine gelungene Auswahl an hausgemachten Bagels und Salatbowls. Sommerliche Drinks mit und ohne Alkohol dürfen natürlich auch nicht fehlen.

Am Wochenende kommen die Gäste in den Genuss des Veranda-Breakfasts mit Birchermüesli, Smoothie, Bagel oder Gipfeli. ;9.433926459971161;47.5116386;Bahnhofstrasse 49;9320;Arbon ;+41 79 765 91 97;hallo@verandaarbon.ch;https://verandaarbon.ch/;[{'@type': 'ImageObject', 'contentUrl': 'https://sgbtpimtsoch.sos-ch-dk-2.exoscale-cdn.com/catalog/b/0/4/4/b044d86e6e65a891fb4dca65643db47e9b163136_Arbon_Veranda_Strandbar_Popup_2.jpg'}];2026-08-02T17:59:31+02:00
398b87c0-0f1b-4c6a-9e32-62e653499a33;g'nuss;Alles mit 100 % Liebe und von Hand hergestellt:
Innovative Patisserie mit weniger Fett & Zucker - grosszügig im Geschmack!;<p>Herzlich Willkomen im g'nuss!&nbsp;</p><p id="u9070-6">Seit 2012 setzt g&rsquo;nuss mit <span id="u9070-2">feiner Patisserie, Sandwiches, Gelato und Schokolade-Kreationen</span> kulinarische Akzente. Als leidenschaftlicher Patisseur &uuml;berrascht Inhaber Stefan Bischof gerne mit neuen Ideen.</p><p>Bei g&rsquo;nuss wird Patisserie nach dem B-Concept hergestellt. Diese revolution&auml;re Methode erm&ouml;glicht es, die&nbsp;<span id="u9070-12">Patisserie-Kreationen mit weniger Fett, weniger Zucker und weniger Kalorien</span> herzustellen. Sie hat gleichzeitig einen intensiveren Geschmack, eine leichtere Konsistenz und ist erst noch besser verdaulich. Dabei ist alles hausgemacht, mit hochwertigen Zutaten m&ouml;glichst aus der Region. Am Samstag gibt es einen vielf&auml;lltigen, internationalen Brunch.</p><p>Wir freuen uns auf Euch!</p><p>&nbsp;</p>;9.380205273628237;47.42442912256757;Lämmlisbrunnenstrasse 4;9000;St.Gallen;+41 71 223 29 77;more@gnuss.info;https://gnuss.info;[{'@type': 'ImageObject', 'contentUrl': 'https://sgbtpimtsoch.sos-ch-dk-2.exoscale-cdn.com/catalog/4/c/4/1/4c41060dcdc930e27841e14bf75e51037f668deb_fruitspati.jpg'}];2026-06-23T09:01:08+02:00
3bbae94f-d4e6-4e41-a705-117a5297c409;Bäckerei Füger Handmade Mörschwil;Mit Restaurant, Café und Events;Inspiriert von der schönen Naturkulisse der Bodensee-Region wurde die Bäckerei-Konditorei-Confiserie und der Gastrobetrieb in den letzten Jahren ständig ausgebaut und den Bedürfnissen der Kunden und Gäste angepasst.

Aus über 160 Jahren Backkompetenz wurde die Philosophie in allen fünf Generationen weitergegeben. Natürlichkeit, Gesundheit, Nachhaltigkeit und Beständigkeit – So wird heute noch jeden Tag der Brotteig nach dem hauseigenen Rezept von Grossvater Beda und Vater Beda hergestellt.;9.4236445;47.4681741;Kirchstrasse 2;9402;Mörschwil;+41 71 866 12 19;info@fueger.ch;https://shop.st.gallen-bodensee.ch/de/map/6si2mPYzVjPEDT1txLO7rB?hideMap=yes&search=f%C3%BCger;[{'@type': 'ImageObject', 'contentUrl': 'https://sgbtpimtsoch.sos-ch-dk-2.exoscale-cdn.com/catalog/1/5/d/8/15d81966903176a8ec8795aa3f2fa9f896cb9819_Terrasse_bild.jpg'}];2026-08-25T11:31:37+02:00
3c584570-9dbc-42f9-88ae-13c0fa4cb2d0;Restaurant Helvetia;Regionale Zutaten, saisonale Vielfalt und traditionelles Handwerk: Im Restaurant Helvetia wird authentisch gekocht – mit dem Gemüse als wahrem Star auf dem Teller.;<div class="elementor-element elementor-element-cca429e elementor-widget elementor-widget-text-editor" data-id="cca429e" data-element_type="widget" data-e-type="widget" data-widget_type="text-editor.default"><div class="elementor-widget-container"><p data-start="0" data-end="738"><strong>Regionalit&auml;t / Saisonalit&auml;t / Authentizit&auml;t</strong></p><p data-start="0" data-end="738">Unsere kulinarische Reise beginnt dort, wo unsere Wurzeln liegen; in den Feldern, W&auml;ldern, G&auml;rten und Gew&auml;ssern unserer Region. Wir legen grossen Wert darauf, m&ouml;glichst regionale Zutaten zu verwenden. Unsere Speisekarte spiegelt die Jahreszeiten wieder &ndash; diese saisonale Vielfalt garantiert nicht nur un&uuml;bertroffene Frische, sondern auch eine st&auml;ndige Inspiration in unserer K&uuml;che.</p><p data-start="0" data-end="738">Was die Saison uns darbietet, veredeln wir: Alles, was nicht sofort zur Anwendung kommt, wird bei uns sorgf&auml;ltig eingemacht oder durch traditionelle Fermentation haltbar gemacht. Dieses Handwerk erlaubt es uns, die tiefen Aromen der Saison zu bewahren und unsere Speisekammer kontinuierlich mit einzigartigen, ganzj&auml;hrig verf&uuml;gbaren Spezialit&auml;ten zu f&uuml;llen.</p><p data-start="740" data-end="857" data-is-last-node="" data-is-only-node="">Im Mittelpunkt unserer Kreationen steht das Gem&uuml;se. Es ist nicht nur eine Beilage, sondern der Star auf jedem Teller.</p></div></div>;9.35666;47.4188136;Vonwilstrasse 39;9000;St.Gallen;+41712772127;info@restauranthelvetia.ch;https://www.restauranthelvetia.ch/;[{'@type': 'ImageObject', 'contentUrl': 'https://sgbtpimtsoch.sos-ch-dk-2.exoscale-cdn.com/catalog/4/3/0/f/430f765e44e0bcac39138a3dd20313e8390f60f2_154A1576.jpg'}];2026-09-01T14:37:19+02:00
3e85cf3a-594c-498e-b9ba-c8c5ff457761;Brasserie Lok;Paris chez Brasserie Lok! Ein Stück Paris im Herzen von St.Gallen.;<p>Die Vergangenheit des Industriebaus lebt in den Schienen, den fahrbaren Sitzb&auml;nken und der offenen Raumgestaltung weiter. In der Brasserie Lok wird der Esprit de Paris nach St.Gallen gebracht. Weltbekannte Gerichte wie das Entrec&ocirc;te Caf&eacute; de Paris, der knackig-frische Salade Ni&ccedil;oise, die wunderbar schmackhafte Bouillabaisse und bretonische Austern regen die kulinarische Fantasie an. Und das Sortiment an feinsten Bordeauxweinen rundet jedes Gericht perfekt ab. Im Salon und im Bistro werden diese franz&ouml;sischen K&ouml;stlichkeiten und edlen Tropfen serviert. Die Bar l&auml;dt den ganzen Tag zum Verweilen ein &ndash; mit dem Morgenkaffee oder einem Glas Champagner. Dabei kann auch das imposante John Armleder Kunstwerk bewundert werden.</p>;9.36609420000002;47.4215912;Grünbergstrasse 7;9000;St. Gallen;+41 71 277 11 77;salut@brasserielok.ch;http://www.brasserielok.ch;[{'@type': 'ImageObject', 'contentUrl': 'https://sgbtpimtsoch.sos-ch-dk-2.exoscale-cdn.com/catalog/4/8/d/2/48d267578ec7b98f3f440f82cb605118fa0fc375_Kulturzentrum_Lokremise_2021_2.jpg', 'caption': {'de': 'Kulturzentrum Lokremise'}}];2026-08-25T14:30:06+02:00
3f46186c-7afe-4e63-8f31-7a35924f6ad7;Gallus Pub;Dein Irish Pub in St.Gallen! Unsere Türen stehen offen für alle, die Spass haben wollen und gute Gesellschaft suchen!;<p><strong>Unsere Highlights:</strong></p><ul><li><strong>Karaoke:</strong>&nbsp;Von Mittwoch bis Samstag kannst du deine Stimme auf zwei Stockwerken zum Besten geben. Keine Sorge, es geht nicht darum, perfekt zu sein, sondern einfach Spass zu haben! Du singst gerne, aber lieber f&uuml;r dich? Dann kannst du den 2. OG auch privat mieten.</li><li><strong>Pub Quiz:</strong>&nbsp;Jeden Freitag ab 20:00 Uhr testet ihr euer Wissen in verschiedenen Runden. Jede Woche gibt es ein neues Thema und einen neuen Champion.</li><li><strong>Getr&auml;nke:</strong>&nbsp;Geniesst frisches Guinness, Smithwicks, Gallus Old Style Ale und unsere leckeren Cocktails. F&uuml;r Whisky-Liebhaber haben wir erlesene Sorten aus Schottland und Irland im Angebot.</li></ul><p>Wir freuen uns darauf, euch bald bei uns begr&uuml;ssen zu k&ouml;nnen! Lasst uns gemeinsam unvergessliche Abende feiern.&nbsp;</p>;9.3752929;47.4268503;Metzgergasse 13;9000;St. Gallen;+41772322770;info@gallus-pub.ch;https://gallus-pub.ch;[{'@type': 'ImageObject', 'contentUrl': 'https://sgbtpimtsoch.sos-ch-dk-2.exoscale-cdn.com/catalog/b/f/2/f/bf2f80d8e1016ded9934d77ca3a524a779c4002f_Gallus_Bild.jpg'}];2026-08-25T13:55:18+02:00
3ffe9ea2-ec32-4317-9c04-8f5245a1c8cd;HERMANN Bier - Brauerei & Lokal;Marco Hermann und Gianluca Bernet brauen Bierspezialitäten mit viel Leidenschaft.;Im Hochparterre erwartet die Gäste ein gemütliches Lokal mit Holz-Bar. Hier gibt es vor Ort gebraute Biere wie auch Gastbiere - frisch gezapft ab bis zu 14 Zapfhahnen - zu geniessen. Im hinteren Teil des Lokals ist Platz für Degustationen. Ein kleines aber feines Speiseangebot rundet das Angebot ab. 

Im Untergeschoss der Lokalität befindet sich die Brauanlage. Sie besteht aus einem Maisch- und einem Läuterbottich sowie vier Gärtanks. An einem Brautag entstehen so 500 Liter Bierwürze. 

HERMANN Bier legt Wert auf biologische Erzeugnisse. Deshalb bestehen die Biere in Sachen Getreide ausschliesslich aus Bio-Malz. Wenn immer möglich wird auf Hopfen aus lokalem Anbau zurückgegriffen.;9.381051;47.424613;Lämmlisbrunnenstrasse 18;9000;St. Gallen;+41 71 556 59 95;info@hermannbier.ch;https://hermannbier.ch/;[{'@type': 'ImageObject', 'contentUrl': 'https://sgbtpimtsoch.sos-ch-dk-2.exoscale-cdn.com/catalog/9/e/4/6/9e46c5e4471a6652561de4f64d5f7a83e4e5c55a_HERMANN_Bier_Made_in_SG_1500x1000px__2.jpg'}];2026-03-04T08:31:35+01:00
40eb36bf-f138-470d-8914-95a295fd37d3;Erlebnis-Braukurs;Erlebe zusammen mit unserem Bier-Sommelier einen spannenden Tag (ca. 6.5 Stunden) und braue in einer Gruppe dein eigenes Bier.;<p>Nach einer Begr&uuml;ssung und einem kleinen Imbiss wirst du in die reiche Welt der Sch&uuml;tzengarten-Biere eingeweiht und erf&auml;hrst wichtige Fakten und Geschichten rund ums Brauen und das Thema Bier im Allgemeinen. Beim Brauen legst du selbst Hand an (Einmaischen, R&uuml;hren, Rasten, L&auml;utern). W&auml;hrend dem W&uuml;rzekochen und der Hopfengabe wird dir ein Brauer-Essen serviert. Dann geht es &uuml;ber zum zweiten Teil mit den Produktionsschritten im Whirlpool, der Hefebeigabe und Abf&uuml;llung ins G&auml;rfass. Der Sommelier f&uuml;hrt dich in die Aromakunde ein und gibt Erl&auml;uterungen zu Speisen ab, welche ganz besonders gut zu den verschiedensten Bierstilen passen. Der Anlass wird mit einer kleinen Vesperplatte kulinarisch abgerundet.</p><p>F&uuml;nf Wochen sp&auml;ter kannst du ca. drei Flaschen &agrave; 33cl deines eigenen Bieres im Getr&auml;nkemarkt St. Gallen abholen.</p>;9.3792971;47.4299863;St. Jakob-Strasse 37;9004;St. Gallen;+41 71 243 43 44;info@schuetzengarten.ch;https://www.schuetzengarten.ch/;[{'@type': 'ImageObject', 'contentUrl': 'https://sgbtpimtsoch.sos-ch-dk-2.exoscale-cdn.com/catalog/5/5/9/e/559e8db0851812b4c2ef0de2246e707f93b381e6_Schuega_26_0023.jpg'}];2026-05-13T11:08:48+02:00
439488c8-e14b-4bda-9b38-52145a44d9ca;Fonduerucksack Kündig Feinkost AG;Wie wäre es mit einem feinen Käsefondue in den Drei Weieren oder am Bodensee in Rorschach?;<p class="MsoNormal"><span class="text-space-pre-line rich-text-text" data-abstract-init="body text" style="">Die Genussregion St.Gallen-Bodensee wartet mit schönen Plätzen und Aussichtspunkten auf. Der Fonduerucksack beinhaltet alles, was das Herz begehrt – von der leckeren Fondue-Hausmischung der Kündig Feinkost AG mit Brot, über den süffigen Weisswein bis zu sämtlichem Zubehör und schöner Tischdecke. Der Fonduerucksack ist für 2 oder 4 Personen buchbar. Weitere Spezialitäten können direkt vor Ort in den 2 Filialen (St.Gallen &amp; Rorschach) bei Kündig Feinkost bezogen werden. Zwischen </span><span class="text-space-pre-line font-weight-bold rich-text-text" data-abstract-init="body text" style="">November bis Januar</span><span class="text-space-pre-line rich-text-text" data-abstract-init="body text" style=""> bietet Kündig Feinkost neben dem klassischen Fondue auch eine Variante mit Trüffel an. Diese kann direkt bei der Buchung ausgewählt werden (unter «Tickettyp»&nbsp;seht Ihr die beiden Varianten «Fondue Klassisch»&nbsp;und «Fondue Trüffel»).</span></p><p data-v-ea7a0822="" class="rich-text-paragraph" piano-view-event="false" style="margin-bottom: 1rem;"><span class="text-space-pre-line font-weight-bold rich-text-text" data-abstract-init="body text" style="white-space-collapse: preserve-breaks; font-weight: 700 !important;">So funktioniert's:</span></p><p data-v-ea7a0822="" class="rich-text-paragraph" piano-view-event="false" style="margin-bottom: 1rem;"><span class="text-space-pre-line font-weight-bold rich-text-text" data-abstract-init="body text" style="white-space-collapse: preserve-breaks; font-weight: 700 !important;"></span></p><p style="list-style-type: none; margin-bottom: 0.25rem; padding-left: 2.375rem; position: relative;"><span class="text-space-pre-line rich-text-text" data-abstract-init="body text" style="">Beziehe den Fonduerucksack während den&nbsp;</span><a class="rich-text-hyperlink" href="https://kuendigfeinkost.ch/standorte/" target="_blank" data-abstract-init="action link" style="transition: color 0.2s; word-break: break-word;">Öffnungszeiten</a><span class="text-space-pre-line rich-text-text" data-abstract-init="body text" style="">&nbsp;am gebuchten Standort&nbsp;der&nbsp;Kündig Feinkost AG.</span></p><p style="list-style-type: none; margin-bottom: 0.25rem; padding-left: 2.375rem; position: relative;"><span class="text-space-pre-line rich-text-text" data-abstract-init="body text" style="white-space-collapse: preserve-breaks;">Suche dir sich einen gemütlichen Ort im Freien, bereite das Fondue zu (eine Anleitung dazu finden Sie im Rucksack) und geniesse das leckere Fondue.</span></p><p style="list-style-type: none; margin-bottom: 0.25rem; padding-left: 2.375rem; position: relative;"><span class="text-space-pre-line rich-text-text" data-abstract-init="body text" style="white-space-collapse: preserve-breaks;">Retourniere anschliessend den Rucksack inklusive dem schmutzigen Geschirr und Abfall während den Öffnungszeiten&nbsp;bei der Kündig Feinkost AG.&nbsp;</span></p><p style="list-style-type: none; margin-bottom: 0.25rem; padding-left: 2.375rem; position: relative;"><span class="text-space-pre-line rich-text-text" data-abstract-init="body text" style="white-space-collapse: preserve-breaks;"><br></span>Standorte:</p><ul data-v-ea7a0822="" class="rich-text-unordered-list" piano-view-event="false" style="margin-bottom: 1rem;"><span class="text-space-pre-line rich-text-text" data-abstract-init="body text" style="">
</span><li class="rich-text-list-item" style="list-style-type: none; margin-bottom: 0.25rem; padding-left: 2.375rem; position: relative;"><span class="text-space-pre-line rich-text-text" data-abstract-init="body text" style="">Kündig Feinkost AG, Webergasse 19, 9000 St.Gallen, Telefonnummer: +41 71 841 17 75</span></li><span class="text-space-pre-line rich-text-text" data-abstract-init="body text" style="">
</span><li class="rich-text-list-item" style="list-style-type: none; margin-bottom: 0.25rem; padding-left: 2.375rem; position: relative;"><span class="text-space-pre-line rich-text-text" data-abstract-init="body text" style="">Kündig Feinkost AG, Am Marktplatz 6, 9400 Rorschach, Telefonnummer: +41 71 841 17 75</span></li><li class="rich-text-list-item" style="list-style-type: none; margin-bottom: 0.25rem; padding-left: 2.375rem; position: relative;"><span class="text-space-pre-line rich-text-text" data-abstract-init="body text" style=""><br></span></li></ul><p class="MsoNormal"><b>Bedingungen</b></p><p class="MsoNormal">Vor Ort ist ein Pfand von CHF 50.– zu bezahlen. Nach
Materialrückgabe wird das Pfand zurückerstattet.<o:p></o:p></p><p class="MsoNormal"><b>Inkludierte Leistungen<o:p></o:p></b></p><ul style="margin-top:0cm" type="disc">
 <li class="MsoNormal">Fonduemischung<o:p></o:p></li>
 <li class="MsoNormal">Caquelon
     und Réchaud<o:p></o:p></li>
 <li class="MsoNormal">Brot
     und Weisswein<o:p></o:p></li>
 <li class="MsoNormal">Tischdecke,
     Gabeln und Gläser<o:p></o:p></li>
 <li class="MsoNormal">Gebrauchsanleitung</li>
</ul><p class="MsoNormal"><b><br></b></p><p class="MsoNormal"><br></p>;9.3752516;47.4228622;Webergasse 19;9000;St.Gallen;+41 71 222 28 59;bestellung@kuendigfeinkost.ch;https://kuendigfeinkost.ch;[{'@type': 'ImageObject', 'contentUrl': 'https://sgbtpimtsoch.sos-ch-dk-2.exoscale-cdn.com/catalog/9/2/a/a/92aa9ccdbd33ef38cd02bd807537a358d54cbf2c_medium__20240711_fonduerucksack_drei_weieren_st_gallen_2.jpg'}];2026-06-11T09:13:33+02:00
44bc3066-f9e7-438c-9ace-13fa7b5dba48;Restaurant Roots;Hochwertige und unkomplizierte Küche;<p>Im Restaurant Roots kannst du dir unsere hochwertige, unkomplizierte K&uuml;che mit nachhaltigen Produkten in hoher Qualit&auml;t schmecken lassen. Stehst du auf Klassiker der Schweizer K&uuml;che oder darf es doch lieber etwas mit Mediterranem Flair sein? Ob heiss oder kalt, ob s&uuml;ss oder salzig, ob klassisch oder modern, ob Gourmetk&uuml;che oder Streetfood - teilen l&auml;sst sich bei uns fast alles - insbesondere nat&uuml;rlich die Chicken Wings in verschiedenen Variationen oder eine knusprige Pinsa!</p>;9.3142862;47.4175016;Wiesenbachstrasse 5;9030;St. Gallen;+41583306699;distribution@revierhotels.com;https://saentispark.revierhotels.com/de/gastronomie;[{'@type': 'ImageObject', 'contentUrl': 'https://sgbtpimtsoch.sos-ch-dk-2.exoscale-cdn.com/catalog/7/2/9/2/7292152c1e2dfec996d82a895d4ad1c95ba34c35_Kuva_46.jpg'}];2026-04-15T04:06:51+02:00
49eb6439-ab3f-4d0a-a22d-a0cdfa8ee6fc;Einstein Gourmet;Geniessen auf Sterneniveau;<p>&Uuml;ber den D&auml;chern St.Gallens, im 5. Stock mit Blick &uuml;ber die Stadt, freuen sich die K&uuml;chenchefs Sebastian Zier und Richard Schmidtkonz im 18 Punkte GaultMillau und zwei Sterne Michelin ausgezeichnetem Einstein Gourmet auf ihre G&auml;ste. Die erstklassigen Produkte, die mit viel Liebe zum Detail zubereitet werden, &uuml;berraschen mit verschiedenen Geschmacksskomponenten.<em> </em><span style="font-family: 'Arial',sans-serif; mso-fareast-language: EN-US;">Durch den Abend begleitet Sie unser Wine Director und Head Sommelier Loris Lenzo, gemeinsam mit Restaurantmanager Daniel B&ouml;lle, der Sie fachkundig zu den Weinen ber&auml;t, die perfekt mit den Gerichten harmonieren.</span></p>;9.3754457;47.4214519;Berneggstrasse 2;9000;St. Gallen;+41 71 227 55 55;info@einstein.ch;https://www.einstein.ch/de/essen-trinken/einstein-gourmet;[{'@type': 'ImageObject', 'contentUrl': 'https://sgbtpimtsoch.sos-ch-dk-2.exoscale-cdn.com/catalog/f/f/6/1/ff613f786dd2bb50ed36e0dfd8bc52a7f0fef186__01_Key_Visual_Einstein_Gourmet_HighRes.jpg'}];2026-04-14T11:15:13+02:00
4df18f6d-d6b3-4fb0-a95a-b924115ab6c0;SelinS Lounge;Wo Champagner perlt und Gespräche fliessen: Die SelinS Lounge vereint elegantes Design, feine Kleinigkeiten und warme Stimmung zu einem Ort, an dem Genuss und Stil zuhause sind.;In Staad, nur wenige Minuten vom Flughafen Altenrhein entfernt, entsteht ein Ort, an dem Ruhe, Stil und Qualität zuhause sind. Keine Hektik, kein Trubel stattdessen gepflegte Drinks, edle Kleinigkeiten wie Kaviar, Austern und feines Tatar, in einer Umgebung voller Wärme und Seele serviert.

Die SelinS Lounge vereint modernes, elegantes Design mit sanftem Licht, diskreter Musik und einem Hauch von Geheimnis.
Hier trifft regionale Verbundenheit auf internationales Flair – perfekt für Business-Apéros, stilvolle Begegnungen oder einen genussvollen Abend unter Freunden.

Ein Platz, an dem jeder Moment ein wenig leuchtet und der Genuss die Hauptrolle spielt.;9.550192952156069;47.48462361612617;Hauptstrasse 100;9422;Staad;+41764119422;selin@selins.ch;https://selins.ch;[{'@type': 'ImageObject', 'contentUrl': 'https://sgbtpimtsoch.sos-ch-dk-2.exoscale-cdn.com/catalog/e/b/7/6/eb7615015a777fbb22946a91ece65b4aa4aa965f_DSC_5297.JPG'}];2025-11-03T10:36:59+01:00
4e02c0aa-c250-43e5-b416-fbc01c427047;Rebberg am Gupfen;Im Rebberg am Gupfen wurden 1500 Rebstöcke gepflanzt. Als Weisswein wird die in der Ostschweiz wenig bekannte Sorte Kerner, als Rotwein Blauburgunder und Merlot angebaut.;Die Ausrichtung des neugeschaffenen Rebhanges ist nach Süden gerichtet und liegt zwischen 600 – 640m über Meer. Der ausserordentlichen Lage des Gupfen ist es zu verdanken, dass auf dieser Höhe noch hervorragende Weine heranreifen können. Da trägt sicher die extreme Südlage und der Föhneinfluss des Rheintals zum guten Gelingen der Weine bei.;9.607726335525514;47.44813065927152;Güetli 1301;9428;Walzenhausen;+41 71 888 28 82;info@rebberg-walzenhausen.ch;https://www.rebberg-walzenhausen.ch/;[{'@type': 'ImageObject', 'contentUrl': 'https://sgbtpimtsoch.sos-ch-dk-2.exoscale-cdn.com/catalog/f/5/6/b/f56b178f2ce46c4310ebd9123f0d415332f4185c_Unbenannt_1_0001_Rebberg_am_Gupfen__2.jpg'}];2026-03-04T08:31:39+01:00
4fd2bfb2-0efb-4f8b-82c1-4703e2266365;Bier-Apéro in der Brauerei Schützengarten;Wissenswertes über ein geschichtsträchtiges Handwerk erfahren und ausgezeichnetes Bier degustieren.;<p>W&auml;hrend dieses Bier-Ap&eacute;ros in der Brauerei Sch&uuml;tzengarten erfahren die Teilnehmer mehr &uuml;ber die Biergeschichte, speziell die Geschichte von Sch&uuml;tzengarten und die des Bieres in St.Gallen. Denn das Bierbrauen hat eine lange Tradition. Bereits auf dem St.Galler Klosterplan aus dem Jahre 820 wurden drei Brauereien vermerkt. Sch&uuml;tzengarten f&uuml;hrt diese Tradition konsequent fort, weshalb das Unternehmen mit seiner reichen Geschichte bis heute unabh&auml;ngig geblieben ist. Den Teilnehmern wird hier auch die Gelegenheit geboten, die ausgezeichneten Biere von Sch&uuml;tzengarten zu degustieren.</p>;9.37906;47.42968;St. Jakob-Strasse 37;9004;St. Gallen;+41 71 243 43 44;info@schuetzengarten.ch;http://www.schuetzengarten.ch;[{'@type': 'ImageObject', 'contentUrl': 'https://sgbtpimtsoch.sos-ch-dk-2.exoscale-cdn.com/catalog/6/1/f/5/61f51bc65b29358a14558fe62c620847154dfb3d_Schuega_30_0035__2.jpg'}];2025-12-15T13:33:29+01:00
5119ec84-ac0c-4eb3-8797-00d9283d4c2b;Grabenhalle;Seit 40 Jahren die Kulturhalle für alle;Früher für St.Gallen besetzt, heute für die Kultur genutzt. Fest in der städtischen Kulturlandschaft verwurzelt, bietet die Grabenhalle Platz für Konzerte, Theater, Tanz, Lesungen, Filme und experimentelle Projekte für bis zu 450 Besucher. Externe und interne Veranstalter:innen nutzen die Halle als Bühne für verschiedenste kulturelle Anlässe, so entsteht ein vielfältiges Programm für ein vielfältiges Publikum.;9.37417060000007;47.42734670000001;Unterer Graben 17;9000;St. Gallen;+41 71 222 82 11;info@grabenhalle.ch;http://www.grabenhalle.ch/;[{'@type': 'ImageObject', 'contentUrl': 'https://sgbtpimtsoch.sos-ch-dk-2.exoscale-cdn.com/catalog/9/e/9/7/9e9768d3d3788436571863141000134d56086437_Konzert_RoyalRepublic_Foto.jpg'}];2026-03-04T08:31:39+01:00
53b2db29-6251-40a7-bc23-14cd14a55203;MuCafé;Kaffeehaus-Kultur im Kulturmuseum St.Gallen  ;Das MuCafé lädt zum Innehalten und Verweilen ein, zum Genuss und Gedankenaustausch. 

Das MuCafé ist stilsicher und sorgfältig gestaltet und mit hochwertigsten Materialien gebaut. Aus der schönsten Maschine, einer «Elektra Belle Epoque», werden der beste Cappuccino und Espresso gezaubert. 

Ebenso vielfältig wie die Kulturen verschiedener Länder und Zeiten ist unsere Gesellschaft. Deshalb wird das MuCafé gemeinsam mit Menschen mit einer Beeinträchtigung der Institution GHG Sonnenhalde Tandem betrieben. Das Team ist professionell in das Barista-Handwerk eingeführt und freut sich auf die Gäste. 

Ob zum morgendlichen Cappuccino mit Cornetto, mittags zum luftig-feinen Panino oder nachmittags mit einem Glas Prosecco – das HVM setzt kompromisslos auf höchste Qualität.

Und: Im MuCafé erwartet die Besucherinnen und Besucher ein spannendes Kulturprogramm. Gestartet wird mit drei Themenreihen: «Frühstücksgespräche», «Tastings & mehr» und «Klangwelten». Themen, die Zeiten, Räume und Kulturen verbinden, Geschichte und Gegenwart – und alle Sinne ansprechen.;9.383203310325818;47.42868805;Museumstrasse 50;9000;St.Gallen ; +41 71 242 06 62;mucafe@hvmsg.ch;https://mucafe.ch/index.html;[{'@type': 'ImageObject', 'contentUrl': 'https://sgbtpimtsoch.sos-ch-dk-2.exoscale-cdn.com/catalog/c/b/1/1/cb11a53fa386e002ac7fc54defe44b492a7ecfd3_mucafe_briefmarke_2.jpg'}];2026-08-25T15:05:03+02:00
5ad28e26-b8b9-4785-921e-fd726e73c899;Stadtbistro;Das gemütliche Lokal mit Vintage-Flair bietet eine frische, hausgemachte und saisonale Küche.;Das Stadtbistro ist sozusagen ein zweites Wohnzimmer, ein Ort der Begegnung und des Genusses. Hier lässt es sich wunderbar ein feines Stück Kuchen essen, die Zeitung lesen und den kleinen oder grossen Hunger stillen.

Auf der kleinen, aber feinen Bistro-Karte stehen Wohlfühlgerichte wie ein wärmender griechischer Stifado, aber auch vegetarische und vegane Kreationen. Wer mag, setzt sich an den langen Holztisch, geniesst eine Kaffeespezialität und dazu ein Stück Kuchen aus der Hausbäckerei. Fürs Büro oder das Picknick gibt’s alles auch als Take Away.

Aussergewöhnlich ist noch etwas anderes: Im Stadtbistro arbeiten Menschen mit Unterstützungsbedarf als Mitarbeiter:innen oder Lernende im Service und in der Küche. Sie werden von Fachpersonen begleitet und können so in der Arbeitswelt Fuss fassen.;9.37513;47.42277;Webergasse 22;9000;St. Gallen;+41 71 227 71 71;reservation@stadtbistro.sg;https://stadtbistro.sg/;[{'@type': 'ImageObject', 'contentUrl': 'https://sgbtpimtsoch.sos-ch-dk-2.exoscale-cdn.com/catalog/f/b/b/8/fbb895d73a7c9a5d582118772e4f5e1e7be5dd02_Hotel_Dom_Architektur_557__2.jpg'}];2026-03-04T08:31:40+01:00
5b156cfa-c04f-4166-b8f7-08812a6d150e;Restaurant Werk 1;Das Restaurant Werk 1 in Gossau besticht mit professionellem Service, hochwertigen Speisen und stilvollem Ambiente. Auch modern ausgestattete Veranstaltungs-, Seminar- und Tagungsräume stehen zur Verfügung.;<p><strong><span lang="DE">Der stilvolle Anlaufpunkt im Herzen von Gossau </span></strong></p><p><span lang="DE">Das Restaurant Werk 1 in Gossau besticht mit professionellem Service, hochwertigen Speisen und stilvollem Ambiente. Auch modern ausgestattete Veranstaltungs-, Seminar- und Tagungsr&auml;ume stehen zur Verf&uuml;gung. An ausgew&auml;hlten Abenden kommen G&auml;ste zus&auml;tzlich in den Genuss von wechselnden Unterhaltungsangeboten.</span><em style="mso-bidi-font-style: normal;"><span lang="DE">&nbsp;</span></em></p><p><span lang="DE">Das Werk 1 vereint gekonnt historisches Flair mit modernen Strukturen: Im geschichtstr&auml;chtigen Kaufmannsgeb&auml;ude wurde modisches Interieur mit stillvollem Design gepaart. Das elegante Restaurant, ein edel eingerichtetes, bedientes Fumoir mit Kamin und Humidor sowie ein beeindruckender Weinkeller in rustikalem Ambiente sorgen f&uuml;r das Rundum-Wohlgef&uuml;hl beim Gast. Im Sommer garantiert die grossz&uuml;gige Terrasse mit Loungem&ouml;beln gem&uuml;tliche Stunden unter freiem Himmel. Abgerundet wird ein Besuch des Werk 1 durch die hochwertige gutb&uuml;rgerliche Schweizer Grillk&uuml;che mit wechselndem saisonalen Speiseangebot.</span></p><p><strong style="mso-bidi-font-weight: normal;"><span lang="DE">Das passende Angebot f&uuml;r jeden Anlass</span></strong></p><p class="MsoNormal"><span lang="DE" style="mso-ansi-language: DE;">Egal ob Bankette, Events, Hochzeiten oder Geburtstage: Die R&auml;umlichkeiten des Werk 1 bieten f&uuml;r jeden Anlass das passende Angebot. Auf Grund modernster Infrastrukturen eignen sich die Veranstaltungsr&auml;ume auch hervorragend f&uuml;r Seminare und Tagungen (halb- oder ganztags, ab 10 bis 270 Personen). Durch die bahnhofsnahe Lage des Werk 1 im Zentrum von Gossau und Parkm&ouml;glichkeiten vor Ort, ist eine einfache und unbeschwerte Anreise zu jeder Zeit m&ouml;glich.</span></p><p><strong><span lang="DE">Event und Unterhaltung im Werk 1</span></strong></p><p><span lang="DE">Neben dem grossz&uuml;gigen Raumangebot und einer erlesenen K&uuml;che bietet das Werk 1 seinen G&auml;sten auch k&uuml;nstlerische und kulturelle Leckerbissen: Regelm&auml;ssig werden wechselnde Veranstaltungen wie Konzerte, Kulturkreise, Lesungen und Tanzabende durchgef&uuml;hrt.&nbsp;</span></p><p class="MsoPlainText">&nbsp;</p>;9.2533496;47.4148499;Fabrikstrasse 7;9200;Gossau;+41 71 388 14 14;restaurant@werk-1.ch;https://www.werk-1.ch;[{'@type': 'ImageObject', 'contentUrl': 'https://sgbtpimtsoch.sos-ch-dk-2.exoscale-cdn.com/catalog/5/1/0/b/510b0d3ad9fd361a8d262d1a03fa27b50d1306df_20140815_WERK1_108.jpg'}];2026-08-11T20:34:06+02:00
65073e3d-6225-4569-b853-60811c612854;Gipfelrestaurant Chäserrugg;Raffinierte Kulinarik bei einem Panoramablick auf 6 Länder;Das Gipfelrestaurant von Herzog & de Meuron schenkt den Gästen bei jeder Wetterlage eindrückliche Momente auf 2'262 m ü. M.

Bereits während der Bauzeit setzte die Bergstation ein Zeichen: Aus Rücksicht auf die Umwelt wurde mit Ausnahme des Krans sämtliches Material mit der Luftseilbahn angeliefert. Nachhaltigkeit ist essenziell und auf Verwendung von regionalen und saisonalen Produkten wird grossen Wert gelegt. 

Vom Sonnenaufgang bis zum Vollmond werden bei verschiedenen Anlässen Kultur, Architektur und Natur auf dem Gipfel vereint.
Mit der direkt an den Gipfel anschliessenden Hochebene Rosenboden bietet sich hier die perfekte Gelegenheit für eine gemütliche Gipfelwanderung. Start und Ziel des Panoramarundweges ist das Gipfelrestaurant.

Das Cheminée im Innern wärmt nach Ausflügen an der frischen Bergluft und die vielfältige Karte bietet verschiedene Gerichte mit lokaler Verwurzelung an.;9.312550800000054;47.155184;Frühweidstrasse 8;9657;Unterwasser;+41 71 998 68 10;gastro@chaeserrugg.ch;http://www.chaeserrugg.ch/;[{'@type': 'ImageObject', 'contentUrl': 'https://sgbtpimtsoch.sos-ch-dk-2.exoscale-cdn.com/catalog/1/b/c/a/1bca152d6cc891f4d5a7ce9734074eda5c254bd6_1K4A0964.jpg'}];2026-03-04T08:31:44+01:00
68f8adaf-7cb4-4bce-b659-524cd9707ba2;Milchhüsli;Idyllisch und natürlich geniessen ;<p>Das Milchhüsli bietet ein einzigartiges gastronomisches Erlebnis, inmitten des Naherholungsgebietes Drei Weieren, einem der schönsten Naturschwimmbädern der Schweiz, umgeben von historischen Gebäuden. Die Geschichte des Milchhüsli reicht bis ins Jahr 1928 zurück. Schon damals verköstigte es durstige und hungrige Badegäste und Spaziergänger bei den Drei Weieren. Im Milchhuesli das bei schönem Wetter im Sommer jeden Tag geöffnet hat, gibt es Glace, Backwaren, Kaffee, Getränke und Snacks. Besonders bekannt ist hier der Zimtkuchen.</p>;9.38662648200989;47.42140928038666;Bitzistrasse 65a;9011;St.Gallen ;+41 71 222 11 48;https://www.milch-huesli.ch/;[{'@type': 'ImageObject', 'contentUrl': 'https://sgbtpimtsoch.sos-ch-dk-2.exoscale-cdn.com/catalog/f/4/5/f/f45f7d4732d25ae9c6b37beb4e4ded665ebad653_medium__Herbst_Drei_Weieren_Milchh__sli.jpg'}];2026-04-14T16:49:24+02:00
6bb6dbf3-673e-43ad-ac94-10881ad55812;Restaurant Alpeglöggli;Restaurant Alpeglöggli – Mitten in der St. Galler Altstadt geniessen Gäste frische, saisonale Gerichte aus regionalen Zutaten. Gemütliche Atmosphäre und herzliche Gastfreundschaft machen jeden Besuch besonders.;Im historischen Gebäude von 1888 gelegen, bietet das Restaurant Alpeglöggli in der St. Galler Altstadt regionale, saisonale Küche und herzliche Gastfreundschaft – perfekt als kulinarischer Teil des Stadterlebnisses.;9.3762588;47.4241353;Schmiedgasse 11;9000;St.Gallen;+41 71 222 24 07;welcome@alpegloeggli.ch;https://alpegloeggli.ch/;[{'@type': 'ImageObject', 'contentUrl': 'https://sgbtpimtsoch.sos-ch-dk-2.exoscale-cdn.com/catalog/6/3/e/6/63e6190fbadbfc034d39defd54cc82dfd2214c57_IMG_2125__2.jpeg'}];2026-05-29T04:30:21+02:00
6c257fff-284d-4e12-871c-4df7c8511c60;Schlossgut Grünenstein;Wer Gutes sät, wird Gutes ernten;Es ist der Rebberg mit seiner Güte, welcher die Möglichkeiten vorgibt. Jedes Werk braucht aber einen Meister – so sind die Weine vom Schlossgut Grünenstein ein Ausdruck von Persönlichkeit und Leidenschaft. 

Dass aussergewöhnliche Architektur und Wein zusammengehören, kann auf dem Schlossgut Grünenstein erlebt werden. Der neu ausgebaute Torkel und das Schloss untermalen die Kulisse für ein Erlebnis der anderen Art. Im Torkel werden die Weine von Schloss Grünenstein gekeltert und im uralten Burgunderkellergewölbe ausgebaut. Auf Anfrage können im Torkel Degustationen und Anlässe wie Hochzeiten, Geburtstage oder Firmenanlässe durchgeführt werden.;9.598696159423678;47.40572958456;Grünensteinstrasse 10;9436;Balgach;+41 71 744 24 13;wein@gruenenstein.ch;https://www.gruenenstein.ch/;[{'@type': 'ImageObject', 'contentUrl': 'https://sgbtpimtsoch.sos-ch-dk-2.exoscale-cdn.com/catalog/0/3/3/2/0332c211cd83849cc6b5bc81a2b7b3014d3ef794_Schlossgut_Gruenenstein_Schlosstorkel.jpg'}];2026-03-04T08:31:44+01:00
6c304c2f-8ca3-47ff-9077-415ce0d5fd9f;Speiserestaurant Adler;Für jeden Anlass…
Für Familien-, Geschäfts-, Firmen-, oder Vereinsanlässe.;<p>Saisonal, regional, exotisch, einfach &amp; exquisit. Jeder Gast ist bei uns willkommen - Von der Jeanshose bis zur Krawatte...</p><p>Kapazit&auml;ten:</p><p>Wintergarten bis 100 Personen</p><p>Restaurant bis 60 Personen&nbsp;</p><p>Burgst&uuml;bli bis 30 Personen&nbsp;</p><p>Garten bis 200 Personen&nbsp;</p><p>Partyservice offen&nbsp;</p>;9.563205;47.3169225;Staatsstrasse 68;9463;Oberriet;+41717611148;rest.adler@bluewin.ch;https://adler-oberriet.ch;[{'@type': 'ImageObject', 'contentUrl': 'https://sgbtpimtsoch.sos-ch-dk-2.exoscale-cdn.com/catalog/8/3/a/6/83a6b1b1571757ca9622475e1788f63134cb0a9f_IMG_2759.jpeg'}];2026-03-17T00:15:51+01:00
6e103d2a-5d54-4d19-85be-3e80086b9574;Restaurant 3 Linden (Dreilinden);Überschreite unsere rote Linie und entscheide dich für das Besondere anstelle des Gewöhnlichen. Sei Freund, nicht Gast. Sei zu Hause, nicht zu Besuch. Momente ohne Zwang und Genuss ohne Grenzen. 
 
Willkommen im 3 Linden.;Im 3 Linden wird Schweizer Küche mit mediterranen Einflüssen angeboten. Vielfältig mit Fleisch-, Fisch-, vegetarischen und veganen Gerichten. Die Gastgeber setzen auf auserlesene, frische Zutaten, saisonal und wenn immer möglich regional.

Der Ausblick vom Restaurant 3 Linden ist atemberaubend: Hoch über St. Gallen schweift der Blick über die malerische Altstadt und die sanften Hügel der Umgebung – ein Panorama wie ein Gemälde.

Das Ambiente lädt mit  zum Verweilen ein. Ein Ort, der Genuss und Geborgenheit vereint.;9.389717103032659;47.422942899999995;Dreilindenstrasse 42;9011;St. Gallen;+41712466464;hallo@3linden.ch;https://www.3linden.ch;[{'@type': 'ImageObject', 'contentUrl': 'https://sgbtpimtsoch.sos-ch-dk-2.exoscale-cdn.com/catalog/4/1/7/a/417a262eddfcd1020e9d565457c2888bcc4eb505_DSCF1233.jpg'}];2026-08-25T15:17:44+02:00
6f4f7ade-46d2-4910-b607-2a7cb7a441f2;Fondue Beizli "Neueck";Seit über 50 Jahren ein Ort, an dem sich Einheimische und Touristen in der St.Galler Altstadt wohlfühlen.;<p>Das gem&uuml;tliche Fondue Beizli liegt mitten in der St. Galler Altstadt und ist ideal f&uuml;r entspannte Abende mit Freunden oder Gruppen. Die zentrale Lage in der Br&uuml;hlgasse macht es zu perfekten Ausgangspunkt f&uuml;r einen Stadtbummel oder einen Besuch in den nahegelegenen Museen und Boutiquen. Die traditionelle Atmosph&auml;re und die Auswahl an Schweizer Spezialit&auml;ten sorgen f&uuml;r ein authentisches St. Galler Erlebnis.</p><p><strong>Schweizer Spezialit&auml;ten</strong></p><ul><li>K&auml;sefondue</li><li>Fleischfondue</li><li>St.Galler Bratwurst mit R&ouml;sti</li><li>Cordon Bleu</li><li>hausgemachte Sp&auml;tzli</li><li>Mittagsmen&uuml;</li><li>Gruppenangebote</li></ul>;9.3781219;47.4253443;Brühlgasse 26;9000;St. Gallen;+41 71 222 43 44;reservation@fonduebeizli.ch;http://www.fonduebeizli.ch/;[{'@type': 'ImageObject', 'contentUrl': 'https://sgbtpimtsoch.sos-ch-dk-2.exoscale-cdn.com/catalog/1/8/1/7/18176cdd4f2f4726ca8d88cc5ba31bc82db1c316_WhatsApp_Image_2026_08_11_at_12.38.47__1_.jpeg'}];2026-08-17T10:11:55+02:00
70feb490-dd63-4cf8-a868-1540d11ae717;Restaurant Atticum;Bodensee vor der Nase, Sonne im Glas. Das Rooftop in Tübach für Lunch, Apéro, Dinner und deinen nächsten Anlass.;<p class="p1">Das Atticum Rooftop ist kein gew&ouml;hnliches Restaurant. Hoch &uuml;ber den D&auml;chern von T&uuml;bach verbindet der besondere Treffpunkt moderne K&uuml;che, urbanes Ambiente und eine grossz&uuml;gige Terrasse mit Blick &uuml;ber die Region bis zum Bodensee.</p><p class="p1">Auf den Tisch kommen saisonale Gerichte, moderne Klassiker und &uuml;berraschende Kreationen. Kreative Drinks, ausgew&auml;hlte Weine und hausgemachte Desserts runden das kulinarische Erlebnis ab. Am Sonntag wird das Rooftop beim beliebten Brunch zum entspannten Treffpunkt f&uuml;r Geniesserinnen und Geniesser.</p><p class="p1">Ob Lunch mit Aussicht, Dinner im Abendlicht, ein Drink auf der Terrasse oder eine Feier mit besonderem Rahmen: Das Atticum schafft Momente, die in Erinnerung bleiben. Die stilvollen und flexibel nutzbaren R&auml;umlichkeiten bieten zudem die passende Kulisse f&uuml;r Hochzeiten, Geburtstage, Firmenanl&auml;sse und individuelle Events.</p><p class="p1">Zwischen St.Gallen und dem Bodensee gelegen, ist das Atticum Rooftop der perfekte Zwischenstopp f&uuml;r alle, die Genuss lieber mit Aussicht erleben.</p>;9.4490363;47.4880269;Steinacherstrasse 35;9327;Tübach;+4171 845 35 35;kontakt@atticum.ch;https://www.atticum.ch;[{'@type': 'ImageObject', 'contentUrl': 'https://sgbtpimtsoch.sos-ch-dk-2.exoscale-cdn.com/catalog/8/a/e/2/8ae20c794cb5aad97509f1e3d478b8537b0f8f02_19_140___Florian_Studer_Innenarchitektur___Atticum_T__bach__15.jpg'}];2026-08-20T11:26:48+02:00
72020c1d-bc4c-479f-9801-58bf204c1213;Textilland-Genuss-Menü;Das Textilland-Genuss-Menü verbindet regionale Köstlichkeiten mit spannenden Anekdoten aus der Ostschweizer Textilgeschichte – vom 15. Jahrhundert bis zur Gegenwart. ;<p class="MsoNormal">In einem historischen Stadtschloss im Klosterbezirk St.Gallen erleben Gruppen einen sinnlichen Abend: serviert werden traditionelle Spezialit&auml;ten wie blaue St.Galler Kartoffeln oder Ribelmais, liebevoll zubereitet mit Zutaten aus der Region. Eine Person aus dem Schl&ouml;ssli-Team f&uuml;hrt durch den Abend &ndash; unterhaltsam, kenntnisreich und anschaulich. Die stilvoll eingerichtete Gaststube, ausgezeichnet mit 14 GaultMillau-Punkten, bietet das perfekte Ambiente f&uuml;r kulinarischen Tiefgang mit kultureller Note.</p>;9.379040;47.424305;Zeughausgasse 17;9000;St. Gallen;+41 71 222 12 56;info@schloessli-sg.ch;http://www.schloessli-sg.ch/;[{'@type': 'ImageObject', 'contentUrl': 'https://sgbtpimtsoch.sos-ch-dk-2.exoscale-cdn.com/catalog/c/5/f/3/c5f38dc7c6bd5fd13e30f8baccd30833e917f0a3_IMG20220512200940_bearbeitet.jpg'}];2025-07-30T16:09:13+02:00
7239a1dc-0658-4320-be22-990fa09741b2;Genuss-Erlebnis Bier und Käse;Erlebe einen einzigartigen Event, bei dem die Kombination von Bier und Käse im Mittelpunkt steht.;<p>Erfahrene Bier- und K&auml;se-Sommeliers f&uuml;hren dich durch die Welt der Sch&uuml;tzengarten Biere, erkl&auml;ren die Geschichte der &auml;ltesten Brauerei der Schweiz sowie die Herstellungsprozesse der verschiedensten Bierstile.&nbsp;</p><p>Im Rahmen der Degustation wirst du rund zehn verschiedene Biere probieren, die mit sorgf&auml;ltig ausgew&auml;hlten K&auml;sesorten kombiniert werden. Die Sommeliers geben wertvolle Tipps, wie die Aromen von Bier und K&auml;se ideal zur Geltung kommen und sich harmonisch erg&auml;nzen.</p><p>Lerne, wie die Biere richtig ausgeschenkt werden, um ihr volles Aroma zu entfalten. Erweitere dein Wissen &uuml;ber die Kunst der Bier- und K&auml;sekombination und lasse dich von neuen Perspektiven auf diese beiden Genussmittel inspirieren. Ein Event f&uuml;r alle, die sowohl Bier als auch K&auml;se sch&auml;tzen und sich gerne kulinarisch verw&ouml;hnen lassen.&nbsp;</p>;9.3792971;47.4299863;St. Jakob-Strasse 37;9004;St. Gallen;+41 71 243 43 44;info@schuetzengarten.ch;https://www.schuetzengarten.ch;[{'@type': 'ImageObject', 'contentUrl': 'https://sgbtpimtsoch.sos-ch-dk-2.exoscale-cdn.com/catalog/a/6/b/0/a6b00ba3427c716ce6ec169aa9c63c96915d3e19_Schuega_27_0032.jpg'}];2026-03-24T15:03:21+01:00
7447cf6a-62b3-4646-9320-0c4e8d25ebf4;Seerestaurant Buchhorn;Direkt am schönen Bodensee gelegen bietet das Seerestaurant Buchhorn in Arbon den richtigen Platz zum Verweilen. Am liebsten möchte man den leicht erhöhten Aussichtsplatz der Terrasse gar nicht mehr verlassen. Das ist Sommerfeeling pur.;<p>Mit viel Engagement wird das Seerestaurant Buchhorn im Strandbad Arbon betrieben. Neben der Speisekarte sorgen die t&auml;glich wechselnden Mittagsmen&uuml;s f&uuml;r Abwechslung auf dem Esstisch und der vielf&auml;ltigen Auswahl am Buffet kann niemand widerstehen. Zur Spezialit&auml;t des Hauses geh&ouml;ren die feinen Fischknusperli sowie der unverwechselbare Buchhorn-Burger.</p><p>Das Restaurant Buchhorn in Arbon erfrischt auch als vielseitige Anlage f&uuml;r Feste.&nbsp; Neben dem t&auml;glichen Betrieb ist das Seerestaurant Buchhorn auch die perfekte B&uuml;hne f&uuml;r gediegene, festliche Begegnungen jeglicher Art. Es gibt wenige Orte, die sich f&uuml;r ein Fest so ideal eignen wie dieses einzigartige Bijou. Direkt am See gelegen l&auml;sst es sich auf vielf&auml;ltige Weise bespielen.</p><p>Das Seerestaurant Buchhorn ist ein tolles Ausflugsziel und liegt an diversen Velo- und Wanderwegen.</p>;9.4196373;47.5254529;Philosophenweg 11;9320;Arbon;+41 71 446 17 60;office@seerestaurant-buchhorn.ch;https://seerestaurant-buchhorn.ch/;[{'@type': 'ImageObject', 'contentUrl': 'https://sgbtpimtsoch.sos-ch-dk-2.exoscale-cdn.com/catalog/9/4/1/2/94128f14845671169368b4b74c4c164c277c3137__71A5576__2.jpg'}];2026-08-30T16:30:27+02:00
7ae09e3b-e168-4a38-8ee6-e844aa731baf;Rohners Kafi Mühlegg;Verweilen oder mitnehmen - ganz nach dem Zeitplan.;<p>Rohners Kafi M&uuml;hlegg ist der Treffpunkt im Dorf f&uuml;r die Kaffeepause, ein gutb&uuml;rgerliches Mittagessen oder einfach zum gem&uuml;tlichen Beisammensein. An der Verkaufstheke wird Knuspriges aus dem Ofen, Snacks, Salate, Mittagsmen&uuml;s to go, s&uuml;sse Backwaren, Tortenst&uuml;cke und Schokoladenspezialit&auml;ten angeboten. Im stilvollen und gem&uuml;tlichen Restaurant k&ouml;nnen die G&auml;ste K&ouml;stlichkeiten aus K&uuml;che und Backstube geniessen. Die grossz&uuml;gige Sonnenterrasse, mit Blick auf den M&uuml;hleggweiher, l&auml;dt bei sch&ouml;nem Wetter zum Verweilen ein.</p>;9.3795153;47.4192483;Sankt Georgen-Strasse 42;9000;St. Gallen;+41712227141;info@rohners-kafimuehlegg.ch;https://rohners-genusswelt.ch;[{'@type': 'ImageObject', 'contentUrl': 'https://sgbtpimtsoch.sos-ch-dk-2.exoscale-cdn.com/catalog/8/a/1/e/8a1ef594ea99a855459ac94b04f7ee160bafb4fd_6.JPG'}];2026-03-23T13:32:50+01:00
7c1a4f9a-388f-4191-ad35-91412535ef89;BALIK Kitchen, Bar & Shop St.Gallen;Eine köstliche Verschmelzung aus Genuss, Kultur und Wein;<p>BALIK Kitchen im Globus St. Gallen bringt ein St&uuml;ck BALIK Farm in die Stadt. BALIK Lachs, Kaviar, Rindstatar und saisonale Kreationen finden zusammen mit Wein und herzlicher Atmosph&auml;re &ndash; inspiriert von der K&uuml;che, den Menschen und der Geschichte der BALIK Farm.</p>;9.3743431;47.4239421;Neugasse 54;9000;St. Gallen;+41 71 511 64 26;bksg@balik.ch;https://balik-kitchen.ch/de/standorte/st-gallen;[{'@type': 'ImageObject', 'contentUrl': 'https://sgbtpimtsoch.sos-ch-dk-2.exoscale-cdn.com/catalog/2/1/0/d/210d4f9de15f6c0c32a4a83f709ba504ad30a375_BK_st_gallen_008_cut_web.jpg'}];2026-08-25T11:34:15+02:00
812799e4-ea6b-4fe5-bb5d-199317306255;BBC Butterbarcafe;Freunde treffen, Spielmöglichkeiten und Sportübertragungen in gemütlicher Bar-Atmosphäre geniessen.;Der grosse Stolz ist die zwölf Meter lange Bar, die von vier Seiten aus bedient wird. Lange Wartezeiten sind (fast) ausgeschlossen und innerhalb kurzer Zeit sind alle Gäste bedient. Das BBC ist zweistöckig und bietet Indoor sechs Barstationen und chillige Sofas für eine gemütliche Atmosphäre.

Der Palmengarten ist 400 Quadratmeter gross und vom Frühling bis in den Spätherbst geöffnet. Im Garten hat es sechs Barstationen und in vier Metern Höhe ist eine 12m2 LED-Wand installiert, auf der alle Spiele des FC St. Gallen und andere Sportanlässe übertragen werden.

Spielmöglichkeiten sind Tischfussball, Billard, Mini-Tischtennis, Dart und Flipper. Zudem stehen Beer-Pong-Tische zur Verfügung, spielen macht ja bekanntlich durstig.

Der Eintritt ins BBC ist kostenlos.;9.255978763103487;47.41194494693052;Güterschuppen;9200;Gossau;+41 71 383 48 01;bbc@bbcgossau.ch;https://bbcgossau.ch/;[{'@type': 'ImageObject', 'contentUrl': 'https://sgbtpimtsoch.sos-ch-dk-2.exoscale-cdn.com/catalog/a/b/a/d/abad9609b96183d60a41bfdafcba97197549e701_AN2I2813.jpeg'}];2026-03-04T08:31:45+01:00
8465857f-912a-403e-bfbd-f27526ed2613;Ochsentorkel Weinbau;Im Dreiklang von Natur, Kultur und Tradition;Am steilen Buechberg in Thal SG werden über 30 verschiedene Rebsorten kultiviert. Zwölf davon baut Tom Kobel auf 5 ha selber an und vinifiziert daraus hochwertige und einzigartige Weine und einige echte Raritäten. 

Auf der Basis von theoretischem Wissen in Kombination mit seine Erfahrung aus langjährigem Handwerk begleitet Tom Kobel die Entstehung seiner Weine von der Rebe bis zur Vermarktung. In seiner Arbeit verbindet sich Passion für den Weinbau und der Respekt vor der Rebe als Kulturgut. Das soll der Weinliebhaber am Ende in der Flasche wiederfinden.;9.5668845;47.4663345;Dorfstrasse 7;9425;Thal;+41 71 888 57 52;info@ochsentorkel.ch;https://www.ochsentorkel.ch/;[{'@type': 'ImageObject', 'contentUrl': 'https://sgbtpimtsoch.sos-ch-dk-2.exoscale-cdn.com/catalog/3/4/2/a/342a7b39e9e92bcc8cb3fa009040aa301a624733_Ochsentorkel_Weinbau_Thal.jpg'}];2026-03-04T08:31:45+01:00
8506b967-8237-4e98-856c-411fa643ff2b;Restaurant Burg;Umgeben von traumhaften Reben lädt das besondere Ambiente, welches Modernes und Historisches miteinander verbindet im Restaurant Burg in Au zum Verweilen für gemütliche Stunden ein.;Die kulinarischen Köstlichkeiten sind neben der ungezwungenen Gastfreundschaft und der wunderschönen Aussicht auf das St.Galler Rheintal das Tüpfelchen auf dem «i».;9.6325611;47.4387055;Walzenhauserstrasse 100;9434;Au;+41 71 536 22 95;info@burg-au.ch;http://www.burg-au.ch/;[{'@type': 'ImageObject', 'contentUrl': 'https://sgbtpimtsoch.sos-ch-dk-2.exoscale-cdn.com/catalog/8/f/3/7/8f3793de865db74ed31f61c8fa8648664dfcdf80_Burg_Aussenansicht_1.jpg'}];2026-03-04T08:31:45+01:00
863d4ce6-6c52-43f4-8671-64f36636029a;Koch-Dinner in der Eventlocation zur Werkstatt;Werkstatt, in der alle Gastgeber auch Gäste sind;Ein Dinner unter Freunden und Gästen ohne Vorbereitungsstress – dies klingt doch nach einem entspannten Abend. Und weil die besten Gespräche sowieso in der Küche stattfinden, wird hier mit einer ausgiebigen Apéroplatte gestartet. Kulinarischer Höhepunkt bildet die gemeinsam zubereitete Tavolata ganz nach italienischem Vorbild. Seinen gemütlichen Abschluss findet der Abend mit Kaffee und der Flasche Digestif direkt auf dem Tisch.


3-Gang-Menü mit Apéro und Häppchen, Wein beim Kochen und Essen, Wasser, Kaffee/Tee und Digestif

CHF 145 / Person inkl. MwSt. 

Täglich buchbar ab 6 bis 30 Personen;9.375021;47.425561;Marktplatz 11;9000;St. Gallen;+41 71 226 09 90;kontakt@zurwerkstatt-sg.ch;https://www.zurwerkstatt-sg.ch/;[{'@type': 'ImageObject', 'contentUrl': 'https://sgbtpimtsoch.sos-ch-dk-2.exoscale-cdn.com/catalog/9/7/3/2/973209cf304510f2f91dca9433bf71e4365a7e6c_Werkstatt_Koch_Dinner.jpg'}];2026-03-04T08:29:10+01:00
86eb0f1b-b6c2-4bf2-99e4-e999f3d5c178;Festlaune Events & Catering by focacceria;Festlaune - das Catering der Ostschweiz;<p>Vom Apéro bis zum Festessen. Die Festlaune liefert nicht nur ausgewählte und hausgemachte Spezialitäten, sondern organisiert auf Wunsch auch das Drumherum und verfügt über das passende Inventar.</p>;9.375253998051948;47.427058450000004;Metzgergasse 22;9000;St.Gallen;+41 71 220 16 15;info@focacceria.ch;https://focacceria.ch/festlaune/;[{'@type': 'ImageObject', 'contentUrl': 'https://sgbtpimtsoch.sos-ch-dk-2.exoscale-cdn.com/catalog/5/d/d/4/5dd4f9419602cb22be123cb40234149ee8d22af2_309.jpg', 'caption': {'de': 'focacceria'}}];2024-10-28T13:32:15+01:00
87680ec9-7137-4142-80b8-21faf58e3106;Catering Services Migros Ostschweiz;Passion, Herzlichkeit und Treue;<p style="box-sizing: inherit; margin-right: 0px; margin-bottom: 12px; margin-left: 0px; line-height: 2.4rem;">Der Catering Services der Migros Ostschweiz ist Ihr regionaler Catering Partner mit langjähriger Erfahrung. Unser grosses Fachwissen,&nbsp; die Passion für Events und die Authentizität jedes Mitarbeitenden zeichnen uns aus.</p><p style="box-sizing: inherit; margin-right: 0px; margin-bottom: 12px; margin-left: 0px; line-height: 2.4rem;">Hier arbeiten wir mit viel Begeisterung, damit Ihr Event ein grosser Erfolg wird. Wir leben einen hohen Qualitätsstandard und eine faire Zusammenarbeit mit unseren Kundinnen und Kunden sowie Lieferanten.</p>;9.270714139445694;47.41133225;Industriestrasse 47;9201;Gossau;058 712 15 60;cateringservices@gmos.ch;https://gastro.migros.ch/de/catering/ostschweiz;[{'@type': 'ImageObject', 'contentUrl': 'https://sgbtpimtsoch.sos-ch-dk-2.exoscale-cdn.com/catalog/8/c/0/1/8c01f9bad72552724d25b58221d18194f4a96078_migros_catering_190.jpg', 'caption': {'de': 'Catering Services Migros Ostschweiz'}}];2025-10-08T15:07:00+02:00
89d64125-f252-47f5-86cf-9a72e0b7e575;Restaurant Schloss Wartegg;Bio-Restaurant auf höchstem Niveau;<p>Die Sph&auml;re der Natur, welche Schloss Wartegg umgibt, liefert auch die wichtigsten Zutaten f&uuml;r das Restaurant. Im eigenen, Demeter-Schloss- und ProSpecieRara-Sortengarten werden auf 2500 m2 Kr&auml;uter, Gem&uuml;se, Beeren und Blumen angebaut. &laquo;Bio&raquo; ist nicht irgendein Zertifikat, sondern sinnvoller Genuss aus der Natur. Im von &laquo;GaultMillau&raquo; und &laquo;Michelin&raquo; empfohlenen Schloss-Restaurant kredenzen die G&auml;ste mittags und abends gen&uuml;ssliche Kreationen von der Speisekarte.</p>
<p>Das Restaurant bietet eine Vielzahl von vegetarischen Gerichten an und auch ein veganes Menu ist immer erh&auml;ltlich. Dazwischen Kaffee mit hausgemachten Blechkuchen, einen &laquo;Flade&raquo; wie man hier sagt, sowie ausgesuchte Bio-Tees. Das Restaurant Schloss Wartegg ist sehr stark regional verankert und bezieht die Produkte von regionalen Biolieferanten.</p>
<p>Ein Highlight des Bio-Restaurants ist die einladende Gartenterrasse mit stimmungsvollem Blick auf den Englischen Park und den Bodensee.</p>;9.530060291290285;47.47844931248357;von Blarer-Weg 1;9404;Rorschacherberg;+41 71 858 62 62;schloss@wartegg.ch;http://www.wartegg.ch;[{'@type': 'ImageObject', 'contentUrl': 'https://sgbtpimtsoch.sos-ch-dk-2.exoscale-cdn.com/catalog/e/7/9/7/e797c27cbd530d0b122cec26a9de5ad4a40fa63e_Luftaufnahme_mit_See__4___2.jpg'}];2026-04-28T14:06:54+02:00
913f6b66-48d2-420a-9aa5-c7485e9974d0;Restaurant Lagerhaus;Kulinarische Genüsse im ehemaligen Zollfreilager St.Gallen;Das Restaurant Lagerhaus begeistert mit seiner urbanen Feuerstelle. Der einmalige Buchenholzgrill im Restaurant macht es möglich, den frischen Fisch- und Fleischgerichten bei deren Zubereitung – auf den Punkt gebraten - zuzuschauen. Der Lagerung des Fleisches wird im eigenen Klimaschrank spezielle Beachtung geschenkt und auf naturbelassene Zutaten und hausgemachte Produkte von regionalen Produzenten gesetzt. Natürlich sind dem aufgestellten, jungen Team auch Vegetarier nicht Wurst. Sie kommen beispielsweise mit hausgemachter Pasta oder saisonalem Prosecco-Risotto auf ihre Kosten. Der Weinkeller, der zum Verweilen einlädt, bietet eine Auswahl an kleinen und grossen Flaschen, wobei der Fokus mehrheitlich auf italienische Anbaugebiete gerichtet ist. Im Stadtsaal werden gerne und oft rauschende Feste gefeiert.;9.36804;47.42007;Davidstrasse 42;9000;St. Gallen;+41 71 223 70 07;info@restaurantlagerhaus.ch;http://www.restaurantlagerhaus.ch;[{'@type': 'ImageObject', 'contentUrl': 'https://sgbtpimtsoch.sos-ch-dk-2.exoscale-cdn.com/catalog/5/2/d/a/52da4e94dac1261afd721a7e04ea215dc0b7982c_Restaurant_Lagerhaus_Innenbereich__1___2.jpg'}];2026-03-04T08:33:33+01:00
92f7c768-bfa0-4f3c-a48d-3e0fa784eb2c;Tiki Strandbar;Bar, Sonne, Bodensee: Lieblingsplatz? Definitiv! ;Die TIKI-Strandbar in Goldach ist seit 2008 der sommerliche Place-to-be für entspannte Gemütlichkeit mit Ferienfeeling – ob mit Freunden, Familie oder zu zweit. Chillige Himmelbetten, ein übersichtliches aber vielseitiges Angebot an Drinks & Snacks und atemberaubende Sonnenuntergänge – was wollen wir Meer?

Das kleine aber feine Angebot lässt sich auf den gemütlichen Liegen oder an den beliebten Lounges und Tischen geniessen - auf jeden Fall direkt am See. Und für alle die weiter müssen, gibt es das Ganze auch zum mitnehmen.

Die TIKI Strandbar liegt direkt beim Hafen Goldach und ist während der Sommersaison, vom Mai bis September, jeden Tag bei schönem Wetter offen.

Die gemütlichen Himmelbetten und rustikalen Holzmöbel im vintage Look, schaffen eine einzigartige Atmosphäre und bieten viele verschieden Sitz- und Liegeflächen. Die Strandbar ist der perfekte Ort für unvergessliche Momente, neue Bekanntschaften und atemberaubende Sonnenuntergänge. Live-Auftritte und Events runden das Angebot ab. ;9.4791691;47.4828538;Seestrasse 27;9403;Goldach;+41 79 763 81 25;contact@tikistrandbar.ch;http://www.tikistrandbar.ch/;[{'@type': 'ImageObject', 'contentUrl': 'https://sgbtpimtsoch.sos-ch-dk-2.exoscale-cdn.com/catalog/8/c/6/1/8c614f6a2c0bfcb1037eda1560a32d9ff946a309_997A6018.jpg'}];2026-07-14T04:01:49+02:00
980d7f02-ed19-4a41-bbec-a723152d27d9;Sweetwolf Stübli;Mike Wolf bietet Kochkurse ab 2 Personen ganz individuell. Sowie Events wie Brunch, Menüabende, Veranstaltungen und Catering.;<p class="s4"><span class="s3">GENUSS trifft ERLEBNIS</span></p><p class="s2">Ob Weihnachtsfeier, Jubil&auml;um, Geburtstage oder Versammlungen &ndash; der Anlass wird ein&nbsp;<span class="s3">unvergleichlicher Event</span>. Hier gibt&rsquo;s nicht nur <span class="s3">kulinarische Highlights</span>, sondern auch Momente, die<span class="s3">zusammenschwei&szlig;</span><span class="s3">en.</span></p><p class="s2">Das Angebot f&uuml;r euch:</p><div class="s6"><span class="s5">▪ Kochkurse mit i</span><span class="s3">ndividuellen Men&uuml;s</span> &ndash; von klassisch, vegan, laktosefrei-oder glutenfrei</div><div class="s6">&nbsp;</div><div class="s6"><span class="s5">▪&nbsp;</span><span class="s3">Stimmungsvoller Rahmen</span> in angenehmer Atmosph&auml;re - Dessertabende, Brunches oder thematische Dinner</div><div class="s6">&nbsp;</div><div class="s6"><span class="s5">▪ </span><span class="s3">Catering </span><span class="s3">nach Wunsch</span> - direkt zu euch in den Verein oder an eure Wunsch-Location</div><div class="s6">&nbsp;</div><div class="s6"><span class="s5">▪ </span><span class="s3">Teamevents</span><span class="s3">- und Acton</span> <span class="s3">mit Spa&szlig;faktor</span> &ndash; gemeinsamkochen, lachen und genie&szlig;en</div><p class="s2">Mit &uuml;ber 16 Jahren Erfahrung in Kochkursen und unz&auml;hligen Veranstaltungen wissen wir genau, wie Genuss und gute Stimmung zusammenpassen.</p><p class="s2">Hier geht&rsquo;s nicht nur ums Essen &ndash; hier entstehen Erinnerungen, die bleiben. Wir machen eure Feier einzigartig &ndash; von der Planung bis zum letzten Bissen.</p><p class="s2">&nbsp;</p>;9.403763;47.4376903;Lukasstrasse 61;9016;St.Gallen;+41787768499;mike@sweetwolf.ch;https://www.sweetwolf.ch;[{'@type': 'ImageObject', 'contentUrl': 'https://sgbtpimtsoch.sos-ch-dk-2.exoscale-cdn.com/catalog/f/f/7/3/ff7377e46e2ecd27ee63359f2308bdf7424ed14f_IMG_4501.jpeg'}];2026-09-03T14:33:45+02:00
9957c5ee-d3fb-4c4b-8e2f-a8a718211322;Gaststuben zum Schlössli;Das historische Zollikofersche Schlössli am Spisertor ist ein gesellschaftlicher Mittelpunkt der Stadt St.Gallen.;<p>Die Gastgeber haben sich mit Leib und Seele der Herausforderung verschrieben, Produkte und Spezialit&auml;ten aus der Region salonf&auml;hig zu machen. Bei ausgew&auml;hlten Landwirten, Weinkelterern, K&auml;sern und Metzgern werden Zutaten f&uuml;r echte Gourmets gefunden. Daraus werden Gerichte mit klassischem oder traditionellem Hintergrund gestaltet. Handwerklich und von den Mitarbeitern liebevoll hergestellt. Der Aufenthalt im Sch&ouml;ssli wird zum Genuss f&uuml;r alle Sinne. Das ist gelebte St.Galler Gastlichkeit. Geschichte: Das zwischen 1586 und 1590 von Laurenz Zollikofer, einem Enkel Vadians, erstellte Schl&ouml;ssli ist das herrschaftlichste Privathaus innerhalb der St.Galler Altstadt. Die Zollikofer besassen bereits mehrere Schl&ouml;sser ausserhalb der Stadt und wollten nun auch innerhalb der Stadtmauern einen beeindruckenden Wohnsitz errichten. Das Schl&ouml;ssli diente der gesellschaftlichen Repr&auml;sentation, wichtig waren daher Fests&auml;le, in denen G&auml;ste bewirtet werden konnten. Daneben war das Schl&ouml;ssli aber auch Handelshaus: Im Erdgeschoss war ein Warenlager eingerichtet. Nach Laurenz Zollikofers Tod blieb das Schl&ouml;ssli noch eine weitere Generation in Familienbesitz, sp&auml;ter kam es an andere verm&ouml;gende St.Galler Familien, darunter Hochreutener, Kunkler und Schlumpf. Im 19. Jahrhundert h&auml;tte die Stadt die Chance gehabt, das Schl&ouml;ssli zu erwerben. Johannes Kaspar Straub bot es dem Schulrat n&auml;mlich f&uuml;r 17000 Gulden zum Kauf an. Das Gesch&auml;ft kam jedoch nicht zustande, weil die n&ouml;tigen Mittel nicht - wie die Stadt dies erhofft hatte - aus freiwilligen Beitr&auml;gen von verm&ouml;genden und wohlt&auml;tigen Stadtb&uuml;rgern aufgebracht wurden. So blieb das Schl&ouml;ssli in privatem Besitz.</p>;9.379026;47.4243307;Zeughausgasse 17;9000;St. Gallen;+41 71 222 12 56;info@schloessli-sg.ch;http://www.schloessli-sg.ch/;[{'@type': 'ImageObject', 'contentUrl': 'https://sgbtpimtsoch.sos-ch-dk-2.exoscale-cdn.com/catalog/d/e/3/1/de31ece38cb2d6c96f6a3260ca3a78de5efd67a2_Textilweg_Schloessli.jpg'}];2026-08-25T09:21:03+02:00
9c2825f0-8474-405f-9936-7640e824fa76;Restaurant National – zum Goldenen Leuen;Das Restaurant National zum goldenen Leuen – von den St.Gallern liebevoll «NAZ» genannt – besticht durch seinen urchigen Charme und lädt mit rustikalem Ambiente und herzhaften Spezialitäten zum Verweilen ein.;<p>Im Restaurant National zum goldenen Leuen – liebevoll «NAZ» genannt – erwartet die Gäste ein kulinarisches Erlebnis der besonderen Art: Hier kommen sie in den Genuss von Spezialitäten wie den weit über die Stadtgrenzen hinaus bekannten Chäschüechli, Weißwürsten mit Brezel und Schweizer Tapas. Dazu passt perfekt ein frisch gezapftes Bier von der huus-braui in Roggwil.
</p><p>Das NAZ ist ein Traditionslokal im malerischen Riegelhaus, das mit rustikalem Charme und entspannter Atmosphäre begeistert. Gelegen im Herzen der südlichen St. Galler Altstadt am Grüningerplatz, nur wenige Schritte vom St. Galler Dom und dem UNESCO-Weltkulturerbe Klosterplatz entfernt, lädt das NAZ sowohl Einheimische als auch Touristen ein, hier zu verweilen. In der gemütlichen Gaststube rund um den historischen Kachelofen fühlt sich jeder Gast sofort willkommen.
</p><p>Ein Geheimtipp: Wer die Toiletten besucht, entdeckt auf der Damentoilette eine beeindruckende Tapete des St. Galler Textilunternehmens Jakob Schlaepfer, während bei den Herren kunstvolle Kacheln des österreichischen Künstlers Manfred Deix für Staunen sorgen.</p><p>
Geschichte trifft Genuss:
Bereits 1894 war das National ein Ort des Bierhandels mit deutschen Bieren und Weinen. Damals mussten importierte Bierhumpen mit einer Schweizer Eichung versehen werden, um in den Bierhallen genutzt zu werden. Das traditionsreiche Riegelhaus an der Schmiedgasse 30 wurde 1603 von der Handelsfamilie Zollikofer erbaut, die als «Gesellschaft zum Löwenkopf» bekannt war – daher der vergoldete Löwenkopf an der Hausecke. Inschriften von 1603 und 1670 erzählen die Geschichte eines Neubaus und späteren Anbaus, die das NAZ bis heute prägen.</p>;9.3751844;47.4236845;Schmiedgasse 30;9000;St. Gallen;+41 71 222 02 62;info@naz-sg.ch;https://naz-sg.ch/index.html;[{'@type': 'ImageObject', 'contentUrl': 'https://sgbtpimtsoch.sos-ch-dk-2.exoscale-cdn.com/catalog/7/b/a/d/7bad8fb025a2f679efe88cd9b9ba366192b96bc9_naz_klein__36_von_45_.jpg'}];2026-03-04T08:31:50+01:00
9ccb15ed-5430-41c0-b7c6-6a28950dce6a;Restaurant Schloss Oberberg;Das Restaurant Schloss Oberberg liegt oberhalb von Gossau und ist das örtliche Wahrzeichen.;Auf dem ältesten erhaltenen Bau geniessen Gäste eine spektakuläre Aussicht auf den Alpstein, Säntis, das Fürstenland sowie die Stadt St.Gallen. Gemütlich einkehren und königlich geniessen ist angesagt im stilvollen Restaurant. Im hauseigenen 

Das Schloss Oberberg wurde 1262 erstmals urkundlich erwähnt. In seiner bewegten Geschichte diente der imposante Bau als Sitz von Obervögten und als Gerichtsort. Später beherbergte das Schloss eine Käserei, ein Sticklokal und schliesslich ein Restaurant. Bis heute steht das historische Gebäude ganz im Zeichen der Gastlichkeit.;9.28579;47.414739;Oberberg 193;9200;Gossau;+41 71 841 35 35;info@schlossoberberg.ch;https://www.schlossoberberg.ch/;[{'@type': 'ImageObject', 'contentUrl': 'https://sgbtpimtsoch.sos-ch-dk-2.exoscale-cdn.com/catalog/6/1/c/5/61c5f9e41f679c56f0d4a7950d92aaf941382b90_Gossau_SG_Oberberg.JPG'}];2026-03-04T08:31:50+01:00
9e750836-90f1-4f1e-aa45-24d30aff05d5;Affekt-Bar;Die Affekt Bar steht für feine Partys mit qualitativ hochstehender
Elektronischer Musik. Join us for a Rave!;Einzigartiges Ambiente, gemütliche und grosse Terrasse, feine Drinks, auserlesener Sound und kleine Köstlichkeiten - das ist die Affekt-Bar. Sie befindet sich im Herzen der Stadt St.Gallen, genauer gesagt an der Brühlgasse. Die Location, welche bereits seit mehr als 20 Jahren als Bar fungiert, ist fester Bestandteil und Treffpunkt des St.Galler Nachtlebens, Sie ist nicht nur bei den Einheimischen, sondern auch weiter über die Kantonsgrenze hinaus bekannt und beliebt. Komm vorbei und überzeug dich selbst - wir freuen uns auf dich!;9.378164682142863;47.4256316;Brühlgasse 21;9000;St. Gallen;+41 79 697 69 38;info@affekt.ch;https://affekt.ch/;[{'@type': 'ImageObject', 'contentUrl': 'https://sgbtpimtsoch.sos-ch-dk-2.exoscale-cdn.com/catalog/1/1/a/3/11a39b08b7ff76c039a056e1a6175a98247fffa8_Foto_14.05.17__18_54_03.jpg'}];2026-03-04T08:31:50+01:00
9eeeb0cd-6c60-4f4f-9686-a8b097c33723;Izakaya Ekimae;Eintauchen in die Küche Japans, die auch abseits von Sushi unglaublich viel zu bieten hat.;Das Izakaya Ekimae im Tailormade Hotel LEO St.Gallen bringt die traditionell japanische Küche direkt nach St.Gallen und offenbart eine kulinarische Tradition, die sich in der Stadt bisher bedeckt gehalten hat. Kein Sushi, dafür alles, was sonst im Land der aufgehenden Sonne auf den Tisch kommt. Frisch, puristisch und geschmacklich unglaublich elegant werden die Gäste auf direktem Weg nach Kyoto, Osaka oder Tokyo entführt.

Das Restaurant und dessen Konzept mit seinen vielen kleineren Gerichten, die dann geteilt und herumgereicht werden, laden zum längeren Verweilen ein und garantieren ein vollumfassendes Geschmackserlebnis.;9.365045428276064;47.421728903528;Grünbergstrasse 6;9000;St.Gallen;+41 71 274 09 78;info@ekimae.ch;https://www.ekimae.ch;[{'@type': 'ImageObject', 'contentUrl': 'https://sgbtpimtsoch.sos-ch-dk-2.exoscale-cdn.com/catalog/1/a/8/4/1a841014f19d06d1cdd6a9cac319f44b443baa58_20230711_IZAKAYA_EKIMAE_8496.jpg'}];2026-03-04T08:29:13+01:00
aae107ea-0469-4623-ad99-0a8c5b3bc3b9;Cocktail-Werkstatt in der Eventlocation zur Werkstatt;Für Cocktails unter Anleitung;Warum nicht mal hinter der Bar dem Cocktail-Profi über die Schultern schauen – statt vor der Bar stehen? Der Barkeeper zeigt Schritt für Schritt die verschiedenen Mix-Arten und worauf es bei der hohen Kunst des Cocktails zubereiten ankommt. Und nun sind die Gäste dran! Mit der passenden Apéroplatte aus der Küche, eignet sich der Workshop wunderbar für einen Event.

Barkeeper und Cocktails während 90 Minuten inkl. Apéroplatte, Mineral und Cocktail-Rezepte zum Mitnehmen

CHF 75 / Person inkl. MwSt. 

Täglich buchbar ab 8 Personen;9.375021;47.425561;Marktplatz 11;9000;St. Gallen;+41 71 226 09 90;kontakt@zurwerkstatt-sg.ch;https://www.zurwerkstatt-sg.ch/;[{'@type': 'ImageObject', 'contentUrl': 'https://sgbtpimtsoch.sos-ch-dk-2.exoscale-cdn.com/catalog/1/8/6/b/186bc53e0fb7a1cab68c3a6929ce6526a5be0a87_Werkstatt_Cocktail.jpg'}];2026-03-04T08:29:14+01:00
aaee46c2-dbc8-4b0b-b512-80746fb34b8a;Speiserestaurant Maienhalde;Essen und Trinken mitten in den Rebbergen mit wunderschöner Aussicht auf das St.Galler Rheintal.;Das Speiserestaurant wird bereits in der vierten Generation geführt. Nebst der allseits beliebten gutbürgerlichen Küche werden auch stets frische und saisonale Spezialitäten angeboten. Die Räumlichkeiten bieten Platz für Anlässe und Feiern für Gross und Klein – sei dies im Saal oder in einem der gemütlichen Stübli. Belohnt werden die Gäste auch mit einer herrlichen Aussicht auf das St.Galler Rheintal und das benachbarte Vorarlberg.

Das Reb- und Weingut steht für umweltnahen IP-Weinbau. Die grosse Sortenvielfalt, die im modernen Kelterungsbetrieb produziert wird, enthält sowohl traditionelle Weine als auch neue Kreationen.

Das Speiserestaurant Maienhalde ist erster Etappenort auf der kulinarischen Wanderung im Rheintal und verwöhnt die Gäste mit der Vorspeise.;9.6027166;47.4263311;Maienhalde 1028;9442;Berneck;+41 71 744 13 62;restaurant@maienhalde.ch;http://www.maienhalde.ch/;[{'@type': 'ImageObject', 'contentUrl': 'https://sgbtpimtsoch.sos-ch-dk-2.exoscale-cdn.com/catalog/a/d/8/4/ad8481c4cb4db576f58ba25f2a099021931ba161_096_K_18613.jpg'}];2026-05-13T11:14:43+02:00
ab4f4fe0-d512-4445-9ccd-8f927df26a2d;Klosterbistro Da Focacceria;Gemeinsam geniessen;<p>Das Klosterbistro befindet sich im wundersch&ouml;nen St.Galler Stiftsbezirk in der N&auml;he des Gallusplatzes. Im Sommer bietet sich der Sonnenplatz f&uuml;r einen k&uuml;hlen Ap&eacute;ro an. Im Winter wird es drinnen bei Kaffee- und Teeduft gem&uuml;tlich. Kulinarisch bietet das Klosterbistro viele hausgemachte Leckereien aus der focacceria. Dazu geh&ouml;ren ofenfrische Focaccias, Lasagne und Parmigiana, herzhafte Suppen und Quiches. F&uuml;r am Nachmittag Kuchen und Torten. Auserlesene Weine und regionale Biere runden das Angebot ab.</p>;9.37722;47.42254;Klosterhof 6e;9000;St. Gallen;071 222 16 15;info@klosterbistro.ch;https://klosterbistro.ch/;[{'@type': 'ImageObject', 'contentUrl': 'https://sgbtpimtsoch.sos-ch-dk-2.exoscale-cdn.com/catalog/6/9/8/f/698f212e0939c6e5e87cf017e118e033c2a085ca_fd8eb5f7_fb60_44cb_9418_2aa0bfff927e.jpg.1920x1920_q80.jpg'}];2026-08-25T14:46:50+02:00
ae06997a-2ab1-40e5-8359-143056456040;Apéro-Korb der Bäckerei Füger;Die Genussregion St.Gallen-Bodensee wartet mit schönen Picknickplätzen.;<p class="MsoNormal">Sei es am Bodenseeufer beim Forum Würth in Rorschach, beim
Hafen in Steinach oder bei den Drei Weieren in St.Gallen. Sowohl in der Stadt
als auch auf dem Land gibt es Plätze zum Ausruhen und Entspannen.<o:p></o:p></p><p class="MsoNormal">Die Bäckerei Füger mit Standorten in St.Gallen, Rorschach,
Steinach und Mörschwil hat einen Korb mit verschiedenen Köstlichkeiten
zusammengestellt. Um im Trockenen sitzen zu können, gibt es ein buntes Tuch,
das als Picknickdecke dient. Dieses erzählt von der Vision der Riklin-Brüder
und dem BIGNIK. Der Apéro-Korb ist für 2 Personen buchbar. Weitere
Spezialitäten können direkt vor Ort bei Füger bezogen werden.<o:p></o:p></p><p class="MsoNormal"><b>So funktioniert's:</b><o:p></o:p></p><p class="rich-text-paragraph" piano-view-event="false" data-v-360ed6ae="" style="margin-bottom: 1rem; color: rgb(31, 31, 31); font-family: Inter, -apple-system, BlinkMacSystemFont, &quot;Segoe UI&quot;, Roboto, &quot;Helvetica Neue&quot;, Arial, &quot;Noto Sans&quot;, sans-serif, &quot;Apple Color Emoji&quot;, &quot;Segoe UI Emoji&quot;, &quot;Segoe UI Symbol&quot;, &quot;Noto Color Emoji&quot;; font-size: 17px; letter-spacing: -0.05px;">





</p><ul style="margin-top:0cm" type="disc">
 <li class="MsoNormal">Beziehe den Apéro-Korb während den&nbsp;Öffnungszeiten&nbsp;am gebuchten
     Standort der Bäckerei Füger.<o:p></o:p></li>
 <li class="MsoNormal">Suche dir einen gemütlichen Platz im Freien und geniesse das leckere
     Picknick.<o:p></o:p></li>
 <li class="MsoNormal">Anschliessend
     den Korb mit dem schmutzigen Geschirr während den Öffnungszeiten der
     Bäckerei Füger am jeweiligen Standort zurückgeben.</li></ul><p><br></p><p class="MsoNormal"><b>Im Preis inklusive</b>:<o:p></o:p></p><ul style="margin-top:0cm" type="disc">
 <li class="MsoNormal">Picknick-Korb
     gefüllt mit regionalen Spezialitäten von der Bäckerei Füger:<o:p></o:p></li>
 <ul style="margin-top:0cm" type="circle">
  <li class="MsoNormal">2&nbsp;Panaché<o:p></o:p></li>
  <li class="MsoNormal">4
      verschiedene Canapé (auch vegan und vegetarisch erhältlich)<o:p></o:p></li>
  <li class="MsoNormal">2
      Focaccia Tomate/Mozzarella (vegane Option: Oliven-Tapenade)<o:p></o:p></li>
  <li class="MsoNormal">2
      verschiedene Spezialsalate (auch vegan und vegetarisch erhältlich)<o:p></o:p></li>
  <li class="MsoNormal">2
      Party-Bürli<o:p></o:p></li>
  <li class="MsoNormal">2
      Käse-Spiessli<o:p></o:p></li>
  <li class="MsoNormal">2
      Antipasti-Spiessli<o:p></o:p></li>
  <li class="MsoNormal">2
      Zitronencakes<o:p></o:p></li>
  <li class="MsoNormal">2
      Brownies<o:p></o:p></li>
 </ul>
 <li class="MsoNormal">Originales,
     handgenähtes BIGNIK-Tuch<o:p></o:p></li>
 <li class="MsoNormal">Teller,
     Besteck und Gläser</li></ul><p><b><br></b></p><p><b>Standorte:</b><br></p><p>





</p><ul style="margin-top:0cm" type="disc">
 <li class="MsoNormal">Bäckerei
     Füger, Kirchstrasse 2, 9402 Mörschwil, Telefonnummer: +41 71 866 12 19<o:p></o:p></li>
 <li class="MsoNormal">Bäckerei
     Füger, Schulstrasse 2, 9323 Steinach, Telefonnummer: +41 71 571 04 77<o:p></o:p></li>
 <li class="MsoNormal">Bäckerei
     Füger, St. Gallerstrasse 13, 9400 Rorschach, Telefonnummer: +41 71 841 20
     16<o:p></o:p></li>
 <li class="MsoNormal">Bäckerei
     Füger, Metallstrasse 18, 9000 St. Gallen, Telefonnummer: +41 71 222 20 12<o:p></o:p></li>
</ul><ul style="margin-top:0cm" type="disc">
</ul><p class="rich-text-paragraph" piano-view-event="false" data-v-360ed6ae="" style="margin-bottom: 1rem; color: rgb(31, 31, 31); font-family: Inter, -apple-system, BlinkMacSystemFont, &quot;Segoe UI&quot;, Roboto, &quot;Helvetica Neue&quot;, Arial, &quot;Noto Sans&quot;, sans-serif, &quot;Apple Color Emoji&quot;, &quot;Segoe UI Emoji&quot;, &quot;Segoe UI Symbol&quot;, &quot;Noto Color Emoji&quot;; font-size: 17px; letter-spacing: -0.05px;"><br></p>;9.423699937437831;47.468141013402935;Kirchstrasse 2;9402 ;Mörschwil;+41 71 866 12 19;info@fueger.ch;https://fueger-handmade.ch/;[{'@type': 'ImageObject', 'contentUrl': 'https://sgbtpimtsoch.sos-ch-dk-2.exoscale-cdn.com/catalog/b/a/4/5/ba453004814d7a6f432ba4357f711940da2b91b0_large__20240711_picknick_korb_st_gallen_1.jpg'}];2026-07-06T08:52:39+02:00
b273c4e0-a5d9-48a3-9832-20f8b4b52fd0;Restaurant Corso;Das Corso serviert – in ausser­gewöhnlicher Atmosphäre – zeitgenössische, regionale Gerichte.;Der Star der Corso-Küche sind sorgfältig ausgewählte regionale Produkte, bereichert durch Spezialitäten aus dem Alpenraum. Ergänzt werden sie mit einer erlesenen Auswahl an autochthonen Weinen aus dem Alpenraum sowie einer kleinen Weinauswahl von Philipp Schwander, dem ersten Schweizer Master of Wine. Chef Markus Schenk und sein Team wurden erst kürzlich mit 15 Gault Millau Punkten ausgezeichnet.;9.3786815;47.4251839;Brühlgasse 37;9000;St. Gallen;+41 71 511 32 36;info@restaurant-corso.ch;https://restaurant-corso.ch/;[{'@type': 'ImageObject', 'contentUrl': 'https://sgbtpimtsoch.sos-ch-dk-2.exoscale-cdn.com/catalog/a/6/d/9/a6d9dacb2245627f4c76bec7cf911eafb909246c_20200203_SENN_AT_CORSO_090.jpg'}];2026-03-04T08:31:54+01:00
b4241169-e8fd-42a3-8395-1c19676e6347;Restaurant Hedwig;Saisonale Sharing-Küche;Serviert&nbsp;werden naturnahe Gerichte zum Teilen – passend zur Saison und zum gemeinsamen Geniessen. Authentisch und regional. Sharing Dishes gekocht mit kompromissloser Qualität, aufgetischt mit Rheintaler Charme. Begleitend zu den Gerichten werden Weine angeboten, oft biologisch produziert oder als Naturwein gekeltert.Die Küche arbeitet mit den besten Produzent:innen aus dem Rheintal und mit auserlesenen Craft-Produkten aus kleinen Schweizer Unternehmen.&nbsp;;9.6078941;47.4068827;Rietstrasse 2;9436;Balgach;+41 71 722 18 61;hallo@restaurant-hedwig.ch;https://restaurant-hedwig.ch/;[{'@type': 'ImageObject', 'contentUrl': 'https://sgbtpimtsoch.sos-ch-dk-2.exoscale-cdn.com/catalog/a/c/4/c/ac4c9df0701b3fcbc57427f7d0881bfa60bf8e2e_Hedwig_Balga_5702_min__2.jpg'}];2025-05-20T10:28:10+02:00
b52aa863-b54d-43ed-a5f1-46703c6d6e63;Vinato Restaurant & Events;...wo sich Gastfreundschaft und Gaumenfreude in behaglichem Ambiente vereinen. ;Ob für private Gesellschaften, Unternehmensanlässe, Meetings oder einfach zum geselligen Beisammensein, die vorhandene Infrastruktur lässt nichts zu wünschen offen.

Die moderne Einrichtung ist auf dem neusten Stand und beherbergt nebst einer professionellen Küche verschiedene Räumlichkeiten zur individuellen Nutzung. In der "Vinato-Stube", mit Platz für etwa 50 Personen, werden regionale und saisonale Gerichte serviert. Ebenfalls steht das "Vinato Sääli", mit Platz für etwa 50 Personen, sowie der Weinkeller für diverse Events zur Verfügung. Den passenden Wein dazu können die Gäste im Gewölbe-Weinkeller mit über 500 Flaschen aussuchen und geniessen. Die Zigarrenlounge lädt ein zum Verweilen und der Besuch kann mit einem edlen Rum oder Whisky abgerundet werden. Bei schönem Wetter lässt es sich auf der Terrasse, mit Platz für etwa 35 Personen, geniessen.

Das Vinato eignet sich für verschiedene Events wie z.B. Wein- / Spirituosen- / Zigarren- Degustationen, Jubiläen, Frühschoppen-Anlässe und vieles mehr. Die Gastgeberin Monika Marconato und ihr Team helfen bei der Planung und Durchführung. 


;9.39296454191208;47.4657931835619;Hofstetstrasse 8;9300;Wittenbach;+41 71 290 14 63;info@vinato.ch;https://www.vinato.ch/;[{'@type': 'ImageObject', 'contentUrl': 'https://sgbtpimtsoch.sos-ch-dk-2.exoscale-cdn.com/catalog/b/4/2/1/b421ad200c8ab9709ac0aed9c523925820ea20c7_1536x1024.jpg'}];2026-03-04T08:29:14+01:00
b584211f-ddd0-4553-9145-c420915f04c4;ØYA Bar Kafé Klub;Das ØYA seit 15 Jahren. Drinnen wie draussen. Restaurant und Bar oben, Klub unten. Von morgens bis nachts. Für Frühstück, Lunch, Kaffee, Kuchen, Apéro und Znacht. Für Drinks, Cocktails, Bier und Vikingbröd. Für viele gemütliche Stunden und ausgelassene Nächte.;<p><span class="whitespace-normal">&Oslash;YA Bar Kaf&eacute; Klub</span> ist ein <strong data-start="85" data-end="158">Caf&eacute;, eine Bar und ein kleiner Klub mitten in der St. Galler Altstadt</strong>, an der Schwertgasse 27.&nbsp;<br><br><strong data-start="297" data-end="310">Tags&uuml;ber:</strong> Fr&uuml;hst&uuml;ck, Kaffee, Kuchen, Lunch</p><p><strong data-start="397" data-end="408">Abends:</strong> Bar mit Cocktails, Bier und Drinks.</p><p><strong data-start="450" data-end="461">Nachts:</strong> Im Untergeschoss gibt es einen <strong data-start="493" data-end="501">Klub</strong> mit Partys, Konzerten und verschiedenen Veranstaltungen. Kann auch f&uuml;r private Events gemietet werden.</p><p>Das Konzept ist&nbsp;<strong data-start="586" data-end="612">skandinavisch/nordisch</strong> &ndash; der Name &bdquo;&Oslash;YA&ldquo; bedeutet auf Norwegisch <strong data-start="654" data-end="665">&bdquo;Insel&ldquo;</strong>.</p>;9.3774365;47.4276256;Schwertgasse 27;9000;St. Gallen;071 244 23 43;home@oya-bar.ch;https://oya-bar.ch/;[{'@type': 'ImageObject', 'contentUrl': 'https://sgbtpimtsoch.sos-ch-dk-2.exoscale-cdn.com/catalog/4/e/0/8/4e08e31790fa85d7d8d91a5939ad6cf96edd6092_BAR_KAFE_JAN18__2_von_19__Foto_Alexandra_Koch__4_.jpg'}];2026-08-10T14:33:34+02:00
b5e6368d-cfbe-4580-93d4-5efc07928105;Chocolarium – die Glücksfabrik von Munz und Minor;Die beliebte Schokoladen-Erlebniswelt von Munz und Minor lädt zu einer süssen Reise auf die Suche nach dem Glück ein. Das Chocolarium bietet einen interaktiven Erlebnis-Rundgang, Einblick in die Live Produktion und diverse Giesskurse an. Naschen erwünscht!;<p>Wer Schokolade liebt, kommt um einen Besuch im Chocolarium nicht herum. Auf dem interaktiven Erlebnis-Rundgang entdecken Schoggifans auf spielerische Weise viel Wissenswertes &uuml;ber Schokolade &ndash; und wie das Gl&uuml;ck seinen Weg in jede Tafel findet.</p><p>Von der Glasgalerie aus l&auml;sst sich hautnah beobachten, wie die beliebten Produkte von Munz und Minor entstehen. Ein besonderes Highlight bietet der Raum f&uuml;r individuelles Gl&uuml;ck: Verschiedene Schokoladenbrunnen laden dazu ein, die Sorten Weiss, Milch, Dunkel, Himbeere und sogar vegane Gianduja zu probieren und zu bewerten &ndash; Naschen ist hier ausdr&uuml;cklich erw&uuml;nscht.</p><p>Zum Abschluss wird der Rundgang mit einer s&uuml;ssen Erinnerung abgerundet: Die Show‑Confiseurin giesst eine frische Schoggitafel oder &ndash; wahlweise &ndash; zwei Schokoladenherzen, die nach Herzenslust verziert werden d&uuml;rfen. Dieses pers&ouml;nliche Kunstwerk nehmen die G&auml;ste anschliessend als s&uuml;sse Erinnerung mit nach Hause.</p><p>Das Chocolarium, eines der beliebtesten Ausflugsziele der Ostschweiz, heisst alle Besucherinnen und Besucher herzlich willkommen!</p>;9.164934160728885;47.4130675;Toggenburgerstrasse 41;9230;Flawil;+41 71 228 38 88;info@chocolarium.ch;http://www.chocolarium.ch/;[{'@type': 'ImageObject', 'contentUrl': 'https://sgbtpimtsoch.sos-ch-dk-2.exoscale-cdn.com/catalog/a/6/b/1/a6b13a65de135db0ee097b8b64538ea62e3b50bc_Mischerei_Kinder_low.jpg'}];2026-08-31T09:54:04+02:00
b632d819-4141-49ae-aa72-58347f398157;Genuss Manufaktur Neubad;Das Traditionslokal "Neubädli" mit moderner Küche inmitten des Klosterquartiers.;<p>Inmitten des historischen Klosterquartiers erwartet dich im 1. Stock-Restaurant eine kreative, saisonale K&uuml;che. Das&nbsp;<strong class="rQesXe MPyX" data-sfc-cp="" data-sfc-root="ep" data-complete="true" data-copy-service-computed-style="font-family: &quot;Google Sans&quot;, &quot;Helvetica Neue&quot;, sans-serif; font-size: 16px; font-weight: 700; margin: 0px; text-decoration: none; border-bottom-width: 0px; border-bottom-style: none; border-bottom-color: rgb(10, 10, 10);">&bdquo;Neub&auml;dli&ldquo;</strong> l&auml;dt zum Verweilen ein &ndash; ob im Sommer auf unserer Terrasse, in einer der heimeligen Stuben oder bei einem Glas Wein an der Bar.</p>;9.3752928;47.4233858;Bankgasse 6;9000;St. Gallen;+41 71 222 86 83;genuss@restaurantneubad.ch;http://restaurantneubad.ch/;[{'@type': 'ImageObject', 'contentUrl': 'https://sgbtpimtsoch.sos-ch-dk-2.exoscale-cdn.com/catalog/9/3/8/1/9381e18fa49164aac947b6a35345ae2f7801ba19_Obergeschoss03.jpg'}];2026-08-27T10:26:45+02:00
b971509a-3598-4d6e-a07b-314bfe9034ce;Dolce Lucia Ristorante Pizzeria St.Gallen;In St.Gallen ist das Ristorante Dolce Lucia der Ort für eine kulinarische Reise nach Italien. Es bietet traditionelle, authentisch italienische Spezialitäten und die typisch süditalienische Gastfreundschaft gibt es kostenfrei dazu.;<p>Das Restaurant liegt an der Bankgasse 2, mitten im historischen Klosterviertel von St. Gallen. Das einladende Aussenrestaurant bietet einen sch&ouml;nen Blick auf den Gr&uuml;ningerplatz mit seinem grossen, stets liebevoll geschm&uuml;ckten Brunnen. Die ber&uuml;hmte Kathedrale, die Stiftsbibliothek und das lebendige Stadtzentrum sind in nur wenigen Gehminuten errreichbar- der ideale Ausgangspunkt, um Genuss und einen Besuch der St.Galler Altstadt mieinander zu verbinden.</p>;9.375227093989322;47.42350349685082;Bankgasse 2;9000;St. Gallen;+41712222600;pizzeria@dolcelucia.info;https://www.dolcelucia.info;[{'@type': 'ImageObject', 'contentUrl': 'https://sgbtpimtsoch.sos-ch-dk-2.exoscale-cdn.com/catalog/1/d/9/b/1d9b3e26dff883633158f563b124467fbec37d23_WhatsApp_Image_2026_04_23_at_12.15.46__2_.jpeg'}];2026-08-27T14:43:16+02:00
bb684d2b-cde9-46e6-b7dc-42b31bb80769;tobias wein.gut.;Weinbau-Tradition in Berneck in der fünften Generation. So entstehen auf dem tobias wein.gut. ausgewählte Weinspezialitäten, welche bereits mehrfach ausgezeichnet wurden.;Tobias Schmid gründete im Jahre 1866 den Familienbetrieb, welcher heute von Christoph Schmid geführt wird. Der Weinbau hat im St.Galler Rheintal eine uralte Tradition und reicht weit in die Römerzeit zurück. Bereits in der ältesten Bernecker Urkunde von 892 werden die Weinberge erwähnt. Burgen und Schlösser wurden in die Rebberge gebaut. Dazu zählt auch die Rosenburg, welche sich im Familienbesitz befindet und das Wahrzeichen der Weine und des Weinguts ist. 

Die Trauben wachsen an den sonnigen und steilen Rebbergen. Gerne werden die Weine als «handgemacht in Berneck» bezeichnet, da in den Steillagen viele Arbeiten von Hand ausgeführt werden. Zudem werden die Weine möglichst schonend gekeltert.

Christoph Schmid und sein Team sind Weinmacher aus Leidenschaft. So entstehen ausgesuchte Weine und Spezialitäten.

Das romantische und schöne Weingut verfügt auch über ein grosses Eventgebäude. Ob Hochzeiten, Geburtstage oder Team-Anlässe – die rustikalen, aber dennoch modern gestalteten Räumlichkeiten bieten einen besonderen Rahmen.;9.61202800000001;47.4183876;Hinterburgstrasse 24;9442;Berneck;+41 71 726 10 10;info@tobias-weingut.ch;http://www.tobias-weingut.ch/;[{'@type': 'ImageObject', 'contentUrl': 'https://sgbtpimtsoch.sos-ch-dk-2.exoscale-cdn.com/catalog/3/f/d/0/3fd0079f8e4e64dc2e2d7d2b59c76ffed639ef4e_Schl__ssli_am_Rosenberg___Warzeichen_des_Weinguts__2.jpg'}];2026-03-04T08:33:36+01:00
bd2a5d89-3589-44ba-a7d5-c1a098a726c3;Bäckerei Füger Handmade Steinach;Handmade mit Erlebnisgastronomie;Im Herzen der wunderschönen Ostschweiz und in der einzigartigen, fruchtbaren Bodenseeregion liegt die Bäckerei-Konditorei mit Cafe und Restaurant in Steinach.;9.44166;47.50297;Schulstrasse 2;9323;Steinach;071 571 04 77;steinach@fueger.ch;https://fueger-handmade.ch/;[{'@type': 'ImageObject', 'contentUrl': 'https://sgbtpimtsoch.sos-ch-dk-2.exoscale-cdn.com/catalog/d/1/b/4/d1b41e6b9b5b90439c741e28db4bfc624d8fac4a__DSC8704.jpg'}];2026-05-13T11:12:20+02:00
c374b51e-5abb-43ed-9701-1d70d355ff0e;Läderach;Feinste Schweizer Schokolade — Confiseriekunst auf höchstem Niveau;<p>L&auml;derach ist ein Schweizer Schokoladenunternehmen, das f&uuml;r hochwertige, frische Schokolade wie FrischSchoggi, Pralin&eacute;s und Truffes bekannt ist. Das 1962 gegr&uuml;ndete Familienunternehmen &uuml;berwacht den gesamten Herstellungsprozess von der Bohne bis zur Tafel, und produziert seine Schokolade ausschliesslich im Glarnerland. Elias L&auml;derach gewann 2018 die World Chocolate Masters in Paris und unterstreicht damit die aussergew&ouml;hnliche Schokoladenkompetenz des Unternehmens. Trotz wachsender Internationalisierung bleibt L&auml;derach &laquo;Made in Switzerland&raquo; und beh&auml;lt die vollst&auml;ndige Kontrolle &uuml;ber den gesamten Prozess &laquo;From bean to bar&raquo;.</p>;9.3763253;47.4261083;Bohl 2;9000;St. Gallen;+41 71 222 18 46;st.gallen@laderach.com;https://laderach.com/ch-de/;[{'@type': 'ImageObject', 'contentUrl': 'https://sgbtpimtsoch.sos-ch-dk-2.exoscale-cdn.com/catalog/a/0/c/5/a0c51294aa0f95ecad7c52c848e536baa4b34efa_Laderach_2024_61927_Berg_White_srgb_Crop.jpg'}];2026-08-31T11:57:06+02:00
c9b5ebcf-55d7-4817-aca8-2fb8f0304c30;Rohners Chloschterbeck;Das gemütliche Bäckerei-Juwel, mitten in der Stadt St.Gallen.;<p>Der einzigartige Name leitet sich vom historischen Klosterviertel (Chloschterbezirk) ab, das einst diesen Teil der Stadt pr&auml;gte.</p><p>Von Montag bis Samstag bieten wir diverse Leckereien aus unserer Backstube in St.Georgen an. Von Hand geformte Brote und Kleinbrote, liebevoll gef&uuml;llte Sandwiches, leckere Fladen s&uuml;ss und salzig, stilvolle Pr&auml;sente und vieles mehr, finden Sie tagt&auml;glich in unserer Auslage.</p><p>Bei sch&ouml;nem Wetter stehen im Freien 26 Sitzpl&auml;tze zur Verf&uuml;gung. Diese laden dazu ein, sich nach einem ausgiebigen Einkaufsbummel oder einer faszinierenden Sightseeing-Tour in St.Gallen zu entspannen und sich kulinarisch verw&ouml;hnen zu lassen.</p>;9.3747798;47.4236632;Webergasse 1;9000;St.Gallen;+41712221805;info@rohners-chloschterbeck.ch;https://rohners-genusswelt.ch;[{'@type': 'ImageObject', 'contentUrl': 'https://sgbtpimtsoch.sos-ch-dk-2.exoscale-cdn.com/catalog/2/d/4/c/2d4c49a265d0b8b2356116ddb1dbae10e9aa9502_TYCM4378__2.JPG'}];2026-03-23T13:11:06+01:00
cf3c5ec0-716f-4334-8358-43878a5d9650;Handwerk-Statt in der Eventlocation zur Werkstatt;Wursten und mehr!;Welcher echte Mann wollte nicht schon immer mal Wursten? Unter dem Motto «Hauptsache Fleisch!» entsteht das fleischige 3-Gang-Menu. Und weil Bier für echte Männer genauso wichtig ist, zapft ihr zum Apéro euer eigenes Bierfässli an. Dass das Essen von Wein begleitet und der Abend mit Kaffee-Digestif abgerundet wird, versteht sich für eine solche Wurst-Werkstatt von selbst.

Jeder erhält 2 Würste zum Mitnehmen. Täglich buchbar ab 6 bis 20 Personen.

CHF 165 / Person;9.375021;47.425561;Marktplatz 11;9000;St. Gallen;+41 71 226 09 90;kontakt@zurwerkstatt-sg.ch;https://www.zurwerkstatt-sg.ch/;[{'@type': 'ImageObject', 'contentUrl': 'https://sgbtpimtsoch.sos-ch-dk-2.exoscale-cdn.com/catalog/6/7/9/0/6790328cabba870fff9f57bd057ce57f9b5d5fcd_Werkstatt_Herrenrunde.jpg'}];2026-03-04T08:29:18+01:00
cf65c5f8-3fb4-4a91-9902-5dc2043893ba;Wein Berneck;Wein Berneck wird geprägt von der Leidenschaft, die bestmöglichen Trauben zum bestmöglichen Wein zu keltern.;Das Winzerhandwerk wird traditionsbewusst und gleichzeitig innovativ gepflegt. Dadurch entstehen spannende Charakterweine aus reiner Natur. Auch wenn echte Handwerksarbeit wie ein Begriff aus längst vergangener Zeit klingt, so ist sie Garant für dauerhaften Erfolg.

Damit die Reben natürlich und ausgewogen ernährt werden, wird auf Herbizide, Insektizide und Kunstdünger verzichtet. 

Zu geniessen gibt die Weine im «Hirschen» am Rathausplatz. Gruppenbesuche des alten Kellergewölbes und Degustationen in der Weinbar sind jederzeit nach Absprache möglich. Das Konzertprogramm "Beflügelter Freitag" ist ebenfalls ein Besuch wert.;9.6091757;47.4252007;Rathausplatz 7a;9442;Berneck;+41 71 744 24 13;wgb@wein-berneck.ch;http://www.wein-berneck.ch/;[{'@type': 'ImageObject', 'contentUrl': 'https://sgbtpimtsoch.sos-ch-dk-2.exoscale-cdn.com/catalog/c/8/f/5/c8f5b915f7198f848e5bf4ec09c57b7fc5e43988_Ralph_Darklook.jpg'}];2026-03-04T08:31:56+01:00
da76b19b-389f-4569-9252-eb011788fc85;Restaurant Treichli ;Das Treichli thront wie ein Adlerhorst hoch über dem Bodensee.;<p>Das Restaurant bietet eine grosszügige Gartenterrasse und einen rustikalen Innenraum mit offenen Kamin. Das Lokal  vereint moderne Gemütlichkeit mit charmant dekorierten Holzböden, Pflanzen und Kerzen. Serviert werden regionale und saisonale Gerichte mit Fleisch aus Heiden und frischen Fischen aus dem Bodensee und von der Firma Zellweger. Die Weinkarte wurde mit sehr viel Liebe und Leidenschaft ausgewählt und die Weine stammen von Terravigna und Tobias Schmid aus dem Rheintal.&nbsp;&nbsp;</p>;9.5317096;47.4639792;Unterwienacht 451;9405;Wienacht Tobel;+41762136557;info@treichli.ch;https://treichli.ch;[{'@type': 'ImageObject', 'contentUrl': 'https://sgbtpimtsoch.sos-ch-dk-2.exoscale-cdn.com/catalog/7/5/3/b/753bdc1a1de0e605714fc55621fef7d8f30e5d71_IMG_4501.jpeg'}];2026-05-29T04:17:47+02:00
db224562-9cee-4922-90ae-b15e4cdcd696;Bratwurst-Degustation ;Sie gilt als die berühmteste Ostschweizerin: Die St.Galler Bratwurst!;<p class="rich-text-paragraph" data-v-d66dbd6c=""><span class="text-space-pre-line rich-text-text" data-abstract-init="body text">Bereits&nbsp;</span><span class="text-space-pre-line font-weight-bold rich-text-text" data-abstract-init="body text">1438</span><span class="text-space-pre-line rich-text-text" data-abstract-init="body text">&nbsp;wurde das Rezept f&uuml;r die Wurst erstmals erw&auml;hnt. Doch was wissen wir eigentlich &uuml;ber das kulinarische Kulturgut? Welche Zutaten sind in der Wurst enthalten und warum geniesst man sie ohne Senf? Und die Frage aller Fragen ist: Wer produziert die beste St.Galler Bratwurst?</span></p><p class="rich-text-paragraph" data-v-d66dbd6c=""><span class="text-space-pre-line rich-text-text" data-abstract-init="body text">Beim Degustationsseminar geht es also wortw&ouml;rtlich um die Wurst. Wir f&uuml;hren dich spielerisch an die emotionale Thematik heran und l&uuml;ften ihr Geheimnis. Du hast die einmalige Gelegenheit, Bratw&uuml;rste verschiedener Produzenten nebeneinander zu degustieren und zu entscheiden, welche Bratwurst dein Favorit ist.</span></p><p class="rich-text-paragraph" data-v-d66dbd6c=""><span class="text-space-pre-line rich-text-text" data-abstract-init="body text">Unsere Degustationsleiter Josef Niedermann &amp; Andreas Koller der Sortenorganisation St.Galler Bratwurst erkl&auml;ren dir dabei die feinen Unterschiede. Passend dazu geniesst du ein Bier der Brauerei Sch&uuml;tzengarten, welches hervorragend mit der Bratwurst harmoniert und ein krosses B&uuml;rli, dass deinen Gaumen zum Tanzen bringt.</span></p><p class="rich-text-paragraph" data-v-d66dbd6c=""><span class="text-space-pre-line rich-text-text" data-abstract-init="body text">Die Degustation findet entweder im Restaurant Brauwerk oder Restaurant zur Werkstatt in St.Gallen statt.&nbsp;</span></p>;9.3717223;47.4247253;Bahnhofstrasse 19;9000;St.Gallen ;+41 71 552 13 30;wurst@sg-bratwurst.ch;http://www.sg-bratwurst.ch/;[{'@type': 'ImageObject', 'contentUrl': 'https://sgbtpimtsoch.sos-ch-dk-2.exoscale-cdn.com/catalog/d/9/7/5/d975ea0f1e132dc7a919fb8bcc2c3a0786e48111_medium__Bratwurst_Degustation_06__3_.jpg'}];2026-03-16T23:34:42+01:00
dc4db811-4877-4ea8-ae17-ffe2ca744500;Restaurant Anker;Genussvoll sein;<p>Das Erststock-Restaurant im gleichnamigen Hotel heisst die G&auml;ste mit einem herrlichen Blick auf den Alpstein willkommen. Es werden kulinarische K&ouml;stlichkeiten mit Produkten aus der Region und der hauseigenen Metzgerei angeboten - von einfach gut bis &uuml;berraschend anders.</p>;9.387831820962898;47.3904685;Dorf 10;9053;Teufen;+41 71 333 13 45;info@anker-teufen.ch;http://www.anker-teufen.ch;[{'@type': 'ImageObject', 'contentUrl': 'https://sgbtpimtsoch.sos-ch-dk-2.exoscale-cdn.com/catalog/9/b/d/c/9bdc94a6d3e3b2025adb848acf7d6602f6e97b1f_unnamed.jpg'}];2026-03-04T08:29:21+01:00
ddd0b466-9730-4497-9569-7e0b44fec287;Confiserie Roggwiller of Switzerland;St. Gallen ohne die Confiserie Roggwiller ist wie Nutella ohne Haselnüsse. Dieses Stück Esskultur ist seit über 80 Jahren an der Multergasse 17, im Herzen der Altstadt, beheimatet und gönnt den Gästen eine Auszeit im Schlaraffenland!;Die Confiserie Roggwiller besteht seit dem Jahre 1941 und ist eine der führenden Confiserien in der Schweiz. "Aus Freude am Guten!", lautet ihr Motto, welches sie mit viel Herzblut, Handwerkskunst und Ideenreichtum umsetzt. Das Unternehmen betreibt Verkaufs-Standorte an der Multergasse, beim Bahnhof sowie in der Brühltor-Passage. An der Multergasse, im Herzen der Altstadt von St. Gallen, befindet sich auch das Café im "Wiener Stil" - eines der schönsten der Schweiz.

Zum genussvollen Angebot gehören die berühmten St. Galler Biber, feinste Pralinen und die verführerischen Schokoladen-Spezialitäten wie die St. Galler Spitzen, die Klostersiegel oder die St. Galler Pflastersteine. Auch mit vorzüglichen Torten und Pâtisserie werden die Kunden verwöhnt.;9.3755943;47.4243103;Multergasse 17;9000;St. Gallen;+41 71 222 50 92;confiserie@roggwiller.ch;http://roggwiller.ch/;[{'@type': 'ImageObject', 'contentUrl': 'https://sgbtpimtsoch.sos-ch-dk-2.exoscale-cdn.com/catalog/1/7/4/1/17412947886281eb156b698dc228c5a41f09244f_KSP_8906.jpg'}];2026-03-04T08:32:00+01:00
ddf6eb67-e054-4cdf-92a7-97938ca84a64;Wirtschaft zum Schlössli Haggen;Hier begegnen die Gäste der St.Galler Herzlichkeit und fühlen den Charme des historischen Gebäudes.;Ein Besuch, der in Erinnerung bleibt. Das Schlössli wurde erstmals im Jahre 1638 erwähnt und ist im Besitz der Ortsbürgergemeinde
St.Gallen. Über die Jahre wurde es gepflegt und
vieles aus seiner Entstehungszeit ist erhalten
geblieben und für Gäste wieder einsehbar gemacht.
Das gibt den verschiedenen Räumlichkeiten ihren
speziellen Charme.
Ob für Familienfeiern, Hochzeiten,
Taufe oder Firmenanlässe – jeder
Raum hat seine Geschichte.;9.3391845;47.4031365;Haggenstrasse 94;9014;St. Gallen;+41712773101;info@schloessli-haggen.ch;https://www.schloessli-haggen.ch;[{'@type': 'ImageObject', 'contentUrl': 'https://sgbtpimtsoch.sos-ch-dk-2.exoscale-cdn.com/catalog/b/c/7/9/bc7951940fc4410e68e74cface0138714633342b_FORWARD_SchloessliHaggen_20_01608_VA.jpg'}];2026-05-04T04:43:16+02:00
dec915cd-b19a-4963-a05d-0da061f994e7;Restaurant Löwengarten;Ob Feierabendbier oder Candlelight Dinner: Das junge, innovative Team sorgt dafür, dass Sie die Gäste rundum wohlfühlen.;Mit einer über hundertjährigen Tradition gehört die ehemalige Löwengarten-Brauerei zu Rorschach wie das Kornhaus und der Boden­see. Seit 2007 entsteht das legendäre Ostschweizer Bier jedoch in St. Gallen und die Brauerei in Rorschach steht still. Ganz still allerdings nicht: Auf dem Areal entstand ein neues, überaus lebendiges Quartier.

Wohnen, arbeiten, leben, spielen, geniessen: Auf dem Löwengarten-Areal geben sich Privates und Geschäftliches, Kultur und Natur, Kinder und Senioren die Hand. Die ehemalige Abfüllerei bildet das Herzstück des auf­blühenden Quartier­lebens.

Vom Biergarten bis zum Garten­zimmer, von der Dach­terrasse bis zum Gewölbe­keller - hier finden alle die perfekte Umgebung für ent­spann­ten Genuss. Die Löwengarten-Köche verschmelzen regionale und internationale Küche zu einem harmonischen kulinarischen Erlebnis. 

Typisch schweizerisch und zugleich weltoffen, auf das Wesentliche reduziert und doch gemütlich … herzlich willkommen im Restaurant Löwengarten!;9.482558861119978;47.478257299999996;St.Gallerstrasse 41;9400;Rorschach;+41 71 841 94 00;info@restaurant-loewengarten.ch;https://www.restaurant-loewengarten.ch/;[{'@type': 'ImageObject', 'contentUrl': 'https://sgbtpimtsoch.sos-ch-dk-2.exoscale-cdn.com/catalog/7/9/5/5/79551feb971368258a02847a2556ec3ef94313d8_LG_Restaurant_140421_06.jpg'}];2026-05-26T15:36:11+02:00
dfb82a94-6c9a-4d90-ab40-fabd44113a26;Vorstadtbeiz;„Fleisch – eine Frage der Haltung“

Perfekt gelagerte Fleischstücke aus der Schweiz und Argentinien in Verbindung mit selektionierten Weinen bilden das Zentrum des Angebotes.;<p>Ein w&auml;hrschafter ,,z'Mittag'' kann in der Vorstadtbeiz genauso genossen werden, wie ein gem&uuml;tliches Abendessen mit Familie, Freunden oder Gesch&auml;ftspartnern.</p><p>Einfache schweizer Spezialit&auml;ten werden mit einem modernern Kochstil kombiniert und mit regionalen Produkten erg&auml;nzt.&nbsp;</p><p>H&ouml;chste Qualit&auml;tsanspr&uuml;che an die Produkte, insbesondere das Fleisch, sind hier von gr&ouml;sster Wichtigkeit.</p>;9.4199694;47.4493262;Rorschacherstrasse 310;9016;St.Gallen;071 288 14 55;info@vorstadtbeiz.ch;https://vorstadtbeiz.ch/;[{'@type': 'ImageObject', 'contentUrl': 'https://sgbtpimtsoch.sos-ch-dk-2.exoscale-cdn.com/catalog/4/c/8/f/4c8fb7b1e8bbf092e24d1dc9374d0d557a5b2010_website_logo_transparent_background.png'}];2026-08-11T20:33:08+02:00
dfff8c20-40e4-41a4-b301-33271a227b84;Bratwurst & Bowls;St.Galler Bratwurst meets Poke aus Hawaii;Die Traditionswurst gibt sich weltoffen und zieht mit exotischer Kulinarik unter ein Dach. Zu den feinen Fleischspezialitäten gesellen sich frische Poke-Bowls nach hawaiianischem Vorbild. Aloha tropische Leichtigkeit!

Die bunten Poke-Bowls bringen Frische und Abwechslung ins Take-away-Angebot der Stadt. Poke-Anfänger*innen wählen eine Signature Bowl, Kreative stellen sich die Bowl im simplen Baukasten-Prinzip nach persönlichem Gusto zusammen. Mmh, unschlagbar lecker!

Es gibt aber natürlich auch immer noch die Klassiker. Das wissen die Inhaber, Alexander Zimmermann und Sandro Vladani. Den Herzblut-Gastronomen ist nicht «wurst», was St. Galler*innen essen. Deshalb lassen sie die Fleischspezialitäten neu aufleben und verleihen St. Galler Bratwurst, Currywurst und Weidebeef-Burger einen frischen Twist.;9.37505;47.42365;Schmiedgasse 34;9000;St. Gallen;+41 71 222 37 23;aloha@bratwurstundbowls.ch;https://bratwurstundbowls.ch/;[{'@type': 'ImageObject', 'contentUrl': 'https://sgbtpimtsoch.sos-ch-dk-2.exoscale-cdn.com/catalog/d/3/5/6/d3562b33371d0da70f514e337491f92b7d8cd14c_BB_030_768x1024.jpg'}];2026-03-04T08:29:21+01:00
e136de8c-b4b2-47a2-99dd-ae30405fe009;Restaurant Traube-St.Georgen;Geniesse herzhafte Hausmannskost und regionale Spezialitäten in gemütlicher Atmosphäre. Die Sonnenterrasse lädt zum Verweilen ein.;<p>Willkommen in der Traube! Lass Dich mit hausgemachten K&ouml;stlichkeiten aus der Region verw&ouml;hnen. Ob ein gem&uuml;tliches Abendessen mit Freunden oder ein entspanntes Mittagessen &ndash; im Restaurant Traube-St.Georgen findest Du f&uuml;r jeden Anlass das Richtige. Das freundliche Team und das rustikale Ambiente machen den Besuch zu einem besonderen Erlebnis. Im Sommer k&ouml;nnen die G&auml;ste ihr Essen auch auf der sch&ouml;nen Terrasse geniessen.</p><p>Verweilen und Geniessen: Die Traube-St.Georgen l&auml;dt ein in eine Welt der Gastlichkeit. Hier treffen traditionelles Handwerk und moderne K&uuml;che aufeinander. Lass Dich von saisonalen Gerichten inspirieren und geniesse die unbeschwerte Atmosph&auml;re.</p>;9.3820066;47.4170471;Sankt Georgen-Strasse 79;9000;St. Gallen;+41 71 222 58 97;info@speiserestaurant-traube.ch;https://speiserestaurant-traube.ch/;[{'@type': 'ImageObject', 'contentUrl': 'https://sgbtpimtsoch.sos-ch-dk-2.exoscale-cdn.com/catalog/6/1/f/e/61feed0278baeb458e7c0c705eaf23edb1367fc7_IIIH1500__2.jpeg'}];2026-08-04T14:33:26+02:00
e59860a9-425d-4642-a5a8-a2ea88bc27ba;Zur Werkstatt Eventlocation St. Gallen;Genuss und Erlebnis vereint!;In der Werkstatt wird die Kunst des Koch- und Barhandwerks mitten in die Stadt gebracht. 

Die Eventlocation bietet den perfekten Rahmen für Firmenevents, Geburtstage, Hochzeiten und andere Feierlichkeiten.

Private Gruppen können bei exklusive Kochkurse, Kochbattles und Cocktailkurse buchen oder einen Genussabend nach ihren individuellen Wünschen geniessen. Gemeinsam mit Profis können Laien am Herd und an der Bar kreativ werden. 

Geniesser dürfen sich auf köstliche Gerichte aus der offenen Küche und raffinierte Cocktails der Barkeeper freuen. 

Zudem bietet der Eventkalender regelmässig öffentliche Highlights, die für jedermann zugänglich sind.

Generell gilt: gemeinsam machen und geniessen verbindet – dies macht die Werkstatt zu einer Genuss-Werkstatt.;9.37503;47.42552;Marktplatz 11;9000;St. Gallen;+41 71 226 09 90;kontakt@zurwerkstatt-sg.ch;http://www.zurwerkstatt-sg.ch;[{'@type': 'ImageObject', 'contentUrl': 'https://sgbtpimtsoch.sos-ch-dk-2.exoscale-cdn.com/catalog/c/7/d/f/c7df42656aea04f0cd2a8e19b3860713e89937f5_20190815_WERKSTATT_ST_GALLEN_269.jpg'}];2026-03-04T08:29:21+01:00
e73b3959-d6d8-4281-9879-3e12748286d0;Restaurant Nektar;Das Restaurant Nektar an der Geltenwilenstrasse – nur wenige Gehminuten vom Hauptbahnhof und dem Stadtzentrum entfernt bietet ein modernes & gemütliches Ambiente. Das Ambiente klein und persönlich. Eine Adresse, an der Gastronomie und Geselligkeit zusammenfinden.;<p>St.Gallen ist eine Stadt mit reicher kulinarischer Geschichte: vom Sch&uuml;tzengarten-Brauereiquartier bis zur Altstadt-Gastronomie. Die Vielfalt der St.Galler Genussszene ausmachen. Wir sehen uns als Teil dieser lebendigen St. Galler Restaurantlandschaft &ndash; mit unserer eigenen Handschrift.</p><p>Wer einen Tisch in einem Restaurant in St.Gallen sucht, das traditionell und international zugleich denkt, ist im Nektar richtig: feine Speisen, ausgesuchte Weine, ein gem&uuml;tliches Ambiente und Gastfreundschaft, die nicht aufgesetzt ist. Klein, modern, gem&uuml;tlich. Ein Ort f&uuml;r ein lockeres Mittagessen, einen Ap&eacute;ro, ein feines Abendessen oder einen geselligen Anlass.</p>;9.3660911;47.4197359;Geltenwilenstrasse 16;9001;St. Gallen;+41712222090;info@restaurant-nektar.ch;http://www.restaurant-nektar.ch/;[{'@type': 'ImageObject', 'contentUrl': 'https://sgbtpimtsoch.sos-ch-dk-2.exoscale-cdn.com/catalog/8/0/d/7/80d7785b853351fa6a3f4bd76b74693424ce9952_6be96886_bcd7_4aa2_b00f_24bb599a41bf.jpeg'}];2026-08-18T14:32:29+02:00
e768f618-5209-492e-a0c5-de814e88c8c5;Kaffeehaus;Das Kaffeehaus in St. Gallen, untergebracht im historischen Polizeiposten der alten Linsebühl-Post, ist weit mehr als nur ein Café – es ist ein fester Bestandteil der Stadt.;In der hauseigenen Rösterei entfaltet sich die Welt feinster Spezialitätenkaffees – kreativ, aromatisch und mit der unverwechselbaren Handschrift des Baristas. Hier wird Kaffee nicht nur getrunken, sondern zelebriert – ein Genussmoment, in dem die Zeit stillzustehen scheint. Wer den Geschmack mit nach Hause nehmen möchte, kann den Kaffee direkt im Kaffeehaus kaufen.

Doch das Kaffeehaus ist mehr als ein Ort für herausragenden Kaffee. Es ist ein lebendiger Treffpunkt für Klang, Kunst und Wort – ein Raum, in dem Geschichten entstehen und geteilt werden.;9.3835919;47.4250453;Linsebühlstrasse 77;9000;St. Gallen;+41 71 534 34 24;post@kaffeehaus.sg;https://kaffeehaus.sg/;[{'@type': 'ImageObject', 'contentUrl': 'https://sgbtpimtsoch.sos-ch-dk-2.exoscale-cdn.com/catalog/2/6/6/2/266219bed0523c20fc5b5718f7991bb2125cfc1f_kiostuehle_kaffeehaus.jpg'}];2026-08-30T04:27:36+02:00
e7885384-dbd2-420d-94c2-f60b557cbecc;Restaurant Villa am See by Sandro Lüthi;Die «Villa am See» in Goldach glänzt nicht nur mit herrlichem Ausblick direkt auf den Bodensee, sie verzaubert auch auf ganzer kulinarischer Linie.;<p>Aus dem schmucken Wohnhaus aus dem Ende des 19. Jahrhunderts ist ein Bijou mit Charme und Eleganz entstanden. Frisch renoviert im Jahr 2023 erstrahlt die Villa in neuem Glanz!</p><p style="margin-bottom: 1rem;">Sandro L&uuml;thi und sein Team sind stets bestrebt, alle Ihre W&uuml;nsche erf&uuml;llen zu k&ouml;nnen, damit Ihr Genuss auch zu einem Erlebnis wird!</p><p style="margin-bottom: 1rem;">Kreativit&auml;t, beste Qualit&auml;t der Grundprodukte vermischt mit viel Handwerk, &nbsp;der Liebe zum Detail und viel Know-how f&uuml;hren zu ausgewogenen Gerichten.</p><p style="margin-bottom: 1rem;">Eine regelm&auml;ssig wechselnde Men&uuml;karte und saisonale Gerichte, begleitet durch auserlesene Weine sollen alle G&auml;ste dazu verleiten, &ouml;fters in der Villa am See einzukehren.</p>;9.47628;47.48676;Seestrasse 64;9403;Goldach;+41 71 455 25 26;info@villa-am-see-goldach.ch;http://www.villa-am-see-goldach.ch;[{'@type': 'ImageObject', 'contentUrl': 'https://sgbtpimtsoch.sos-ch-dk-2.exoscale-cdn.com/catalog/f/4/0/4/f4045e5e9c6a65a86715478749a1da5afcda399e_image001__2.jpg'}];2026-05-29T04:18:32+02:00
eb1a6dac-1cf7-4955-820b-488b707c6d71;Haus des Weins;Die Vielfalt der St.Galler Weine unter einem Dach erleben.;<p>In Berneck, der gr&ouml;ssten Rebbaugemeinde des Kantons St. Gallen, steht seit Oktober 2018 das Haus des Weins mit seinem markanten Dach f&uuml;r G&auml;ste offen. Jeden Samstag von 14 bis 22 Uhr l&auml;sst sich hier die faszinierende Vielfalt der St. Galler Weine entdecken und nach Herzenslust degustieren. Insgesamt 22 Weinmacher nutzen die stilvolle Plattform und pr&auml;sentieren insgesamt gegen 100 Weine aus den Regionen Rheintal, Sarganserland/Walensee und Z&uuml;richsee. Und nat&uuml;rlich k&ouml;nnen die Lieblingstropfen und weitere feine Produkte aus der Region vor Ort gekauft werden. Die landschaftliche Vielfalt des Kantons St. Gallen erm&ouml;glicht eine &uuml;berraschende Auswahl von Sorten, die in 30 Weinbaugemeinden angebaut werden. Von den Klassikern Pinot noir und M&uuml;ller-Thurgau bis zu trendigen PIWI-Sorten wie Cabernet Jura oder Johanniter. Hervorragend ausgebildete Winzer nutzen die nat&uuml;rlichen Standortvorteile und produzieren Weine, die mittlerweile an internationalen Wettbewerben absolut konkurrenzf&auml;hig sind. Immer wieder wird die M&ouml;glichkeit geboten, vor Ort einen &laquo;Winzer des Monats&raquo; zu erleben und die Weine zu probieren sowie im pers&ouml;nlichen Gespr&auml;ch die Philosophie und Projekte kennen zu lernen. F&uuml;r Kulinarikinteressierte werden das ganze Jahr &uuml;ber interessante Kurse rund um das Thema Wein angeboten. Auf www.hausdesweins-sg.ch sind jeweils die Daten der neusten Weinerlebnisse ersichtlich.</p>;9.60784;47.42556;Obereggerstrasse 8a;9442;Berneck;+41 71 570 57 87;info@hausdesweins-sg.ch;http://www.hausdesweins-sg.ch;[{'@type': 'ImageObject', 'contentUrl': 'https://sgbtpimtsoch.sos-ch-dk-2.exoscale-cdn.com/catalog/0/0/a/3/00a31d87b4ea07af178ec51da3a162c961a8554b_Rebbl__tenfest_bearbeitet_y2022_7__2.jpg', 'caption': {'de': 'Copyright: Paolo Vaccariello'}}];2026-08-31T08:46:43+02:00
ec38a899-f814-48b3-baf8-e61402c059fd;Bäckerei Füger Handmade Rorschach;Mit Cafébar und Bistro;Hier werden die Gäste mit täglich frischem handgemachten Brot, einer vielfältigen Auswahl an Sandwiches, süssen und salzigen Versuchungen verwöhnt. 

An der kleinen Kaffeebar gibt es eine Tasse aromatischer Kaffee und Tee zu geniessen.;9.487519942997125;47.47869965;St.Gallerstrasse 13;9400;Rorschach;+41 71 841 20 16;rorschach@fueger.ch;https://fueger-handmade.ch/rorschach/;[{'@type': 'ImageObject', 'contentUrl': 'https://sgbtpimtsoch.sos-ch-dk-2.exoscale-cdn.com/catalog/6/6/6/b/666b0b92537497216851ba104bf0bd20eb829cd7_Fueger_Logo_Handmade_StGallen_sw_201221.png'}];2026-06-29T16:19:09+02:00
ec5f4ddb-9583-40f5-b75a-e57d78b6b4c8;Rohners Dorfbeck;6 Tage in der Woche knusperts hier...;<p>Die B&auml;ckerei Rohner AG ist ein mittelgrosses Unternehmen mit vier Verkaufsstellen. Mitten in St.Georgen befindet sich die Produktion der traditionellen Dorfb&auml;ckerei und die Verkaufsstelle Rohners Dorfbeck. Durch die fr&uuml;hen &Ouml;ffnungszeiten l&auml;sst es sich gut und sorgenfrei in den Tag starten. Rohners Dorfbeck verf&uuml;gt &uuml;ber drei kleine Tische im Innenbereich und zwei kleine Tische im Aussenbereich, die zum Verweilen einladen. Von Montag bis Samstag werden diverse Leckereien aus der Backstube angeboten. Von Hand geformte Brote und Kleinbrote, liebevoll gef&uuml;llte Sandwiches, leckere Fladen s&uuml;ss und salzig, stilvolle Pr&auml;sente und vieles mehr sind tagt&auml;glich in der Auslage zu finden. Das Team von Rohners Dorfbeck freut sich auf Ihren Besuch!</p>;9.3761;47.42237;St. Georgen-Strasse 58;9000;St. Gallen;0712223070;info@rohners-dorfbeck.ch;https://rohners-genusswelt.ch/;[{'@type': 'ImageObject', 'contentUrl': 'https://sgbtpimtsoch.sos-ch-dk-2.exoscale-cdn.com/catalog/0/b/3/4/0b3437ed06190505864e12a8b9ed727f7ee3c897_Rohners_Dorfbeck_B__ckerei_Konditorei_Confiserie_St.Georgen_Backstube_Verkaufsladen.PNG'}];2026-03-23T13:32:49+01:00
ed302d5d-47b1-464a-82e5-ffbf633b156c;La verità - das lokal;Abschalten und italienische Kulinarik und Ambiente geniessen. Oder Feste feiern im neuen Eventlokal "Cantina La stamperia".;<p>Am sch&ouml;nsten Platz in der St.Galler Altstadt in einem sch&ouml;nen Gew&ouml;lbekeller im Haus zur Wahrheit befindet sich das La verit&agrave;. In dem historischen Geb&auml;ude erinnert die alte Stadtmauer an l&auml;ngst vergangene Zeiten. Am langen Tisch, wo man isst und trinkt, plaudert und lacht, treffen Einheimische und Touristen aufeinander. Hausgemachte Antipasti, dazu ein gutes Glas Wein, Mittags die mit Freude gekochte Suppe oder das mit italienischen K&ouml;stlichkeiten gef&uuml;llte Ciabatta - das alles gibt es im La verit&agrave; oder auf dem sonnigen Gallusplatz zu geniessen. Im Eventlokal Cantina La stamperia k&ouml;nnen auch Events und Ap&eacute;ros, wie Hochzeiten, Geburtstage oder Meetings und Feiern f&uuml;r Firmen stattfinden.</p>;9.37564;47.42239;Gallusstrasse 32;9000;St. Gallen;+41 71 523 00 77;astrid_kuhn@bluewin.ch;https://www.laverita.ch/;[{'@type': 'ImageObject', 'contentUrl': 'https://sgbtpimtsoch.sos-ch-dk-2.exoscale-cdn.com/catalog/4/8/c/3/48c3803fe8f2e37eebcd59b949d7ef7461fc540f_la_verita_sg_108f.jpg'}];2026-08-27T14:33:58+02:00
efe4ae5a-a140-463a-9aa8-58c976114ed3;Wetli Weine;Vier Brüder - ein Weingut;An den steilsten Südhängen der östlichen Schweiz, führen die Brüder Kaspar jun., Matthias, Florian und Adrian die Weinbautradition ihrer Eltern Kaspar und Susanne Wetli fort. Die aussergewöhnliche Konstellation dieser Winzerfamilie ist schweizweit, wenn nicht sogar weltweit einzigartig. Mit viel Schwung treffen neue Ideen auf traditionelle Werte und bestärken somit das Qualitätsbewusstsein des Weinguts.
Mit rund 18 Hektaren in drei Kantonen stehen die Brüder für ehrlichen, nachhaltigen Weinbau. An den steilen Ausläufern des Appenzeller Hügellandes welche in das Rheintal ragen, finden bewährte Traubensorten wie auch neue Sorten hervorragende Bedingungen vor.
;9.61695;47.42332;Tramstrasse 23;9442;Berneck;+41 71 747 90 90;weine@wetliweine.ch;https://schmidwetli.ch/de/;[{'@type': 'ImageObject', 'contentUrl': 'https://sgbtpimtsoch.sos-ch-dk-2.exoscale-cdn.com/catalog/e/7/2/8/e7282b210185727423a0217af611e26f70e7d387__97A6895.jpg'}];2026-03-04T08:32:03+01:00
f587a179-e12f-48b6-9e53-a54430d40aaf;Restaurant Schwägalp;Einheimische Spezialitäten in modernem Ambiente im Restaurant Schwägalp des «Säntis – das Hotel» geniessen.;<p>Das Restaurant Schw&auml;galp befindet sich im Erdgeschoss des &laquo;S&auml;ntis &ndash; das Hotel&raquo; am Fusse des S&auml;ntis. Die G&auml;ste k&ouml;nnen ihren Blick auf das imposante S&auml;ntismassiv schweifen lassen, w&auml;hrend sie mit typisch regionalen Gerichten auf h&ouml;chstem Niveau verw&ouml;hnt werden.</p><p class="MsoNormal"><strong>Wichtige Information: Die S&auml;ntis-Schwebebahn ist infolge Erneuerung der Bahn vom 1. Mai bis Sp&auml;therbst 2026 eingestellt.</strong></p><p class="MsoNormal"><strong>Das &laquo;S&auml;ntis &ndash; das Hotel&raquo; und die Restaurationsbetriebe auf der Schw&auml;galp sind durchgehend f&uuml;r Sie ge&ouml;ffnet.</strong></p>;9.3188294;47.2563886;Schwägalp 790;9107;Schwägalp;+41 71 365 65 65;kontakt@saentisbahn.ch;https://saentisbahn.ch/essen-trinken/restaurant-schwaegalp/;[{'@type': 'ImageObject', 'contentUrl': 'https://sgbtpimtsoch.sos-ch-dk-2.exoscale-cdn.com/catalog/f/8/6/6/f866f3fba8dd6cac59d33080119863a59a2aa4b9_24001_6745_min__2_2.jpg'}];2026-05-05T15:58:06+02:00
f58ae167-11cc-471a-8116-78a4a5add5ad;Café Bar Treppenhaus;Bar, Café, Veranstal­tungen...;Seit Januar 2014 steht das Treppenhaus für rockige Gitarrenwände, durchzechte Barnächte, heiteren Kaffeeplausch mit Kinderveranstaltungen, intensive Tresengespräche mit der weltgewandten Servicefachkraft, heissblütige Jassturniere, tränig-berührendes Singer-Songwriting, nervenaufreibendes Public-Viewing, bezaubernde Chai-Lattes, serviert von noch bezaubernderem, charmant-verkatertem Barpersonal... Die Café Bar Treppenhaus steht für die friedliche Koextistenz diverser Stilrichtungen und Gustos. Es geht darum, etwas zu bewegen in der gastlichen Hafenstadt und dem Treiben den eigenen Stempel aufzuprägen.;9.495297;47.4775716;Kirchstrasse 3;9400;Rorschach;+41 79 789 79 06;info@treppenhaus.ch;http://www.treppenhaus.ch/;[{'@type': 'ImageObject', 'contentUrl': 'https://sgbtpimtsoch.sos-ch-dk-2.exoscale-cdn.com/catalog/5/0/2/9/5029e91ba684971a4a4e884b2e1a5c2074821243_BUH_2691_min_1600x900.jpg'}];2026-05-26T15:35:20+02:00
fd49c941-ec8f-4637-935c-1fc8c58c8667;News Café Musikbar;Die News Café & Musikbar - wo man sich trifft im Herzen von St.Gallen.;Im Herzen von St.Gallen befindet sich die News Café & Musikbar: Das News. Ein Ort wo sich Genuss und Kommunikation treffen. Das Lokal besticht durch ein geschmackvolles Ambiente kombiniert mit einem attraktiven Angebot an Getränken und Snacks sowie einem breiten Medienangebot. Bei warmen Temperaturen lädt die Sonnenterrasse zum Geniessen ein. 

Die News Café & Musikbar bietet sowohl Frühstück und Brunch als auch Mittagessen und diverse Snacks an. Feine Cocktails und Apéros runden das Angebot ab.;9.37409;47.42524;Oberer Graben 8;9000;St. Gallen;+41712222223;info@newscafebar.ch;https://newscafebar.ch/;[{'@type': 'ImageObject', 'contentUrl': 'https://sgbtpimtsoch.sos-ch-dk-2.exoscale-cdn.com/catalog/6/2/5/7/6257d98a67602e0607dc8829d083db92c1c327f0_Screenshot_2023_09_05_100145.png'}];2026-03-04T08:32:06+01:00
