{"type": "FeatureCollection", "features": [{"type": "Feature", "properties": {"identifier": "0050c05f-a6c5-4d15-880c-9f9241169523", "name": "Schn\u00e4pplib\u00f6rse - \"Kinderland aus zweiter Hand\"", "description": "<p>Ob Kinderwagen, Autositze, Kleider oder Spielwaren: In der Schn\u00e4pplib\u00f6rse wird alles was Kinder m\u00f6gen und Eltern brauchen gefunden. Sie ist die Einkaufsm\u00f6glichkeit f\u00fcr alle, die auf Nachhaltigkeit\nder Produkte und somit der Umwelt achten. Jeweils im Fr\u00fchling und im Sp\u00e4tsommer wird das Angebot gewechselt.<br>Ausserdem bietet die Schn\u00e4pplib\u00f6rse an, jedem seine selbst hergestellten Artikel zu pr\u00e4sentieren.<br><br><span style=\"font-weight: bold;\">Wild im Bild</span></p><p>Selbstgemachte Fotografien als exklusive Geschenke:</p><ul><li>als Bild, eingerahmt mit Altholz oder in alten Fenstern</li><li>Memorys oder Puzzles</li><li>Grusskarten f\u00fcr jede Gelegenheit - denn eine unerwartete Karte im Briefkasten, mit ein paar handgeschriebenen Worten, erfreut\n   jedes Herz</li></ul>", "url": "https://xn--schnpplibrse-jcb1x.ch/", "image": "https://sgbtpimtsoch.sos-ch-dk-2.exoscale-cdn.com/catalog/b/5/5/8/b558f8a54a2daa6a2c440d7662232a7d53a5cc92_Aussenansicht.jpg", "openstreetmap_id": "way/281466811"}, "geometry": {"type": "Point", "coordinates": ["8.945026657047388", "47.2421747"]}}, {"type": "Feature", "properties": {"identifier": "00db8948-2fab-4a49-a3ee-6bbb60760e34", "name": "Trio Anderscht", "description": "<p>Zusammen erschaffen Andrea Kind, Fredi Zuberb\u00fchler und Raffael Bietenhader eine Musik, die gepr\u00e4gt ist von einer unb\u00e4ndigen Spielfreude und kreativen Energie. Sie bewegen sich m\u00fchelos zwischen verschiedenen Genres und Stilen und schaffen eine ganz eigene Klangwelt, die das Publikum begeistert und ber\u00fchrt.</p>", "image": "https://sgbtpimtsoch.sos-ch-dk-2.exoscale-cdn.com/catalog/2/e/d/1/2ed1248fdcbef5b889ad645ac2c9a49d0fcbfd31_trio_anderscht.jpg", "openstreetmap_id": "way/769064337"}, "geometry": {"type": "Point", "coordinates": ["9.4565574", "47.2314791"]}}, {"type": "Feature", "properties": {"identifier": "0198320a-32b0-4607-8319-d703f84e3aa9", "name": "Siessenweiher", "description": "<p>Ebenfalls aus den Anf\u00e4ngen der Industrialisierung stammt der um 1860 angelegte Weiher in der Siessen. Zusammen mit dem Oberfeldweiher und dem B\u00fcechlibergweiher wurde die vom B\u00fcrgner Bach gewonnene Wasserkraft f\u00fcr die 1862 in Betrieb genommene Weberei im Dorf Eschenbach genutzt. Dieser Betrieb wurde anno 1956 eingestellt. </p><p>Heute gilt der Siessenweiher als Amphibien- und Reptilienreservat von nationaler Bedeutung und befindet sich, wie der Oberfeldweiher, im Eigentum der Gemeinde Eschenbach.</p>", "image": "https://sgbtpimtsoch.sos-ch-dk-2.exoscale-cdn.com/catalog/0/9/3/c/093cbaa49ea7a95d1f120ad5066f5ff1b6e7bcf8_Siessenweiher_Johanna_Aerne.jpg", "openstreetmap_id": "node/11272859433"}, "geometry": {"type": "Point", "coordinates": ["8.934094905853273", "47.245561663230575"]}}, {"type": "Feature", "properties": {"identifier": "01cf6189-57de-4918-8051-d076e9f6b3c7", "name": "Schlitteln im Atzm\u00e4nnig", "description": "<p>Die eher kurze, aber dank ihrem Gef&auml;lle rasante Schlittelbahn startet nur wenige Schritte neben der Bergstation. Zun&auml;chst wird ein Waldst&uuml;ck durchquert, danach gleitet man &uuml;ber die verschneiten Weiden ins Tal &ndash; kurvenreich und &uuml;ber die eine oder andere Kuppe. Auf dem Gleitst&uuml;ck zum Schluss kann man die Fahrt ausklingen lassen. Direkt vor der Talstation der Sesselbahn kommt der Schlitten wieder zu stehen.</p><p>Verschiedene Schlitten-Modelle k&ouml;nnen direkt bei der Talstation gemietet werden.&nbsp;</p><p class=\"MsoNormal\">Anreise mit den &ouml;ffentlichen Verkehrsmitteln:<br>Bus 630 von Eschenbach (Dorftreff) nach Hintergoldingen (Atzm&auml;nnig Schutt)</p>", "url": "https://www.atzmaennig.ch/", "image": "https://sgbtpimtsoch.sos-ch-dk-2.exoscale-cdn.com/catalog/3/8/c/a/38ca36461602c99d65d00dc3b5799db65a0a5a62_atzmaennig_gesamtangebote_gruppen_schlitteln_01__1_.jpg", "openstreetmap_id": "node/726611392"}, "geometry": {"type": "Point", "coordinates": ["8.99610757827759", "47.28468768882354"]}}, {"type": "Feature", "properties": {"identifier": "0209f5dd-6951-4a57-8239-d1ee16aa5404", "name": "Schl\u00fcssel M\u00fcller AG", "description": "Wer in St.Gallen und Umgebung einen Schl\u00fcssel oder ein Schloss braucht, kommt an Schl\u00fcssel M\u00fcller kaum vorbei. Die Schl\u00fcssel M\u00fcller AG bietet seit 60 Jahren ein breites Spektrum an Dienstleistungen im Bereich Schliess- und Sicherheitstechnik an.\n\nDie Schl\u00fcssel M\u00fcller AG bietet neben der Beratung auch die Montage der Produkte an. Die Fachberater f\u00fcr die gesamte Geb\u00e4udesicherheit stehen gerne f\u00fcr ein individuelles Beratungsgespr\u00e4ch zur Verf\u00fcgung.\n\nSeit der Firmengr\u00fcndung ist bei mit Gewissheit eines gleich geblieben: Ungebrochener Elan und ein kompetentes freundliches Team von Spezialisten. Einwandfreie Qualit\u00e4t zu fairen Preisen. Die Schl\u00fcssel M\u00fcller AG ist Fachpartner diverser Hersteller, bietet innovative L\u00f6sungen und Sicherheit nach Mass!\n\nDas Leistungsspektrum:\nSchl\u00fcsselverwaltung \u00b7 Schliesstechnik \u00b7 Sicherheitssysteme \u00b7 T\u00fcren-, Zutritte-, Kontrollsysteme \u00b7 Geb\u00e4udesicherheit \u00b7 Sicherheitsarchitektur \u00b7 Nachtr\u00e4gliche Einbruchsicherungen (an bestehenden Objekten) \u00b7 Kundendienst mit 24-Stunden-Service.", "url": "https://www.schluessel-mueller.ch/", "image": "https://sgbtpimtsoch.sos-ch-dk-2.exoscale-cdn.com/catalog/2/2/7/9/2279bc36ce39fc0f9f1a2d379d38a1d27bf92c41_IMG_2436.heic.jpg", "openstreetmap_id": "node/7503475142"}, "geometry": {"type": "Point", "coordinates": ["9.377246815176932", "47.42705594591"]}}, {"type": "Feature", "properties": {"identifier": "03815269-a186-40c0-a0b5-ad584126310c", "name": "Hotel Restaurant Falkenburg", "description": "<p>Die Falkenburg liegt idyllisch inmitten der Natur und bietet einen herrlichen Blick &uuml;ber die St.Galler Altstadt. Dank der guten Anbindung ist sie sowohl mit &ouml;ffentlichen Verkehrsmitteln als auch mit dem Auto bequem erreichbar.</p><p>Im hauseigenen Restaurant erwartet Sie eine vielseitige und kreative K&uuml;che mit saisonalen, klassischen, traditionellen und internationalen Gerichten.&nbsp;</p><p>Die historische Falkenburg verbindet stilvolles Ambiente mit modernem Komfort. Neben dem Restaurant stehen unseren G&auml;sten drei hochwertig ausgestattetete Doppelzimmer sowie ein Einzelzimmer zur Verf&uuml;gung. Das im 15. Jahrhundert erbaute Haus wurde liebevoll renoviert und technisch auf den neusten Standard gebracht.</p><p>Unser charmantes Mini-Hotel bietet den idealen Rahmen f&uuml;r enstpannte Auszeiten, Famillientreffen oder&nbsp;gem&uuml;tliche Stunden mit Freunden. Von hier aus erreichen Sie bequem zahlreiche Sehensw&uuml;rdigkeiten und weitere Highlights der Stadt.</p><p>Erleben Sie Genuss, Geschichte und Gastfreundschaft - wir freuen uns auf Ihren Besuch in der Falkenburg.</p>", "url": "http://www.falkenburgsg.ch/", "image": "https://sgbtpimtsoch.sos-ch-dk-2.exoscale-cdn.com/catalog/2/6/b/9/26b981fc9a44084365f7b7881ce63c6ee4aa256e_Bild_11.jpg", "openstreetmap_id": "392709703"}, "geometry": {"type": "Point", "coordinates": ["9.375084692221808", "47.4184709"]}}, {"type": "Feature", "properties": {"identifier": "0382659d-298b-435c-a65d-69bca1f8ebf8", "name": "Zwei Schwarznasen, die das Werk aus ihrer Wolle begutachten", "description": "<p><strong>Tipps und Hinweise<br></strong>Auf dem Archehof R&uuml;egg gibt es viele Abenteuer zu entdecken, ob Gross oder Klein, Schulen, Spielgruppen, Kinder- oder Familienfeste, Vereine oder Firmen, hier ist f&uuml;r jeden etwas dabei.</p><p><strong>Angebot</strong></p><ul><li>Wussen Sie, dass das Appenzellerspitzhauben Huhn H&ouml;rner hat?</li><li>Bereits die Kelten Skudden hielten?</li><li>Aus wollschweinborsten B&uuml;rsten hergestellt wurden?</li></ul><p>Dies alles und noch viel mehr erfahren Sie bei unseren Hoff&uuml;hrungen.</p><p>Gerne stellen wir ganz individuelle Angebote f&uuml;r Sie zusammen, sei es mit Themenap&eacute;ro, einem gem&uuml;tlichen Essen im Hofst&uuml;bli, einer Hoftrophy, einem Workshop oder vielem mehr. Gemeinsam finden wir das passende Angebot f&uuml;r genau Ihren Anlass.</p><p>Das Team vom Archehof R&uuml;egg steht Ihnen f&uuml;r Planung und Umsetzung Ihrer Ideen gerne jederzeit zur Verf&uuml;gung.</p><p><strong>Durchf&uuml;hrung</strong></p><ul><li>T&auml;glich</li></ul>", "url": "https://rueegg4you.ch/", "image": "https://sgbtpimtsoch.sos-ch-dk-2.exoscale-cdn.com/catalog/9/5/9/f/959f33e0de36ba3e9d5a3c1a1d3a88df6fa915c6_20250526_185520.jpg", "openstreetmap_id": "node/5503373556"}, "geometry": {"type": "Point", "coordinates": ["8.8961648", "47.2428762"]}}, {"type": "Feature", "properties": {"identifier": "0411a33d-8d6f-4d2e-842d-848a449715f9", "name": "FRAME Freizeit & Bar", "description": "<p>Tobe dich beim Light Jumper oder dem Schwarzlicht 3D Minigolf aus, singe deine liebsten Hits in einem von unseren drei Karaoke-R&auml;umen oder entdecke moderne Bowling-Varianten wie Duckpin Bowling und Soccer Bowling. Zus&auml;tzlich stehen dir Arcade Games, Dart, Billard und Shuffleboard zur Verf&uuml;gung.</p><p>Das besondere Highlight im FRAME ist BattleKart. Hier f&auml;hrst du mit einem Elektro-Kart durch eine virtuelle Spielwelt, die direkt auf den Boden projiziert wird. Sammle Power-Ups, weiche Hindernissen aus und schiesse deine Gegner aus dem Rennen. Ausserdem kannst du zwischen sechs verschiedenen Spielmodi ausw&auml;hlen. Um mitzufahren, musst du mindestens&nbsp;<strong>1.45 Meter</strong> gross sein.</p><p>Verbringe bei uns einen abwechslungsreichen und unterhaltsamen Abend mit deinen Freunden. Ob Firmen- oder Familienausflug, Schulreise oder Junggesellenabschied, bei uns bist du genau richtig. Lass den Abend anschliessend bei einem Drink oder einem leckeren Flammkuchen an unserer Bar ausklingen, die sich mitten im Geschehen befindet.</p>", "url": "https://frame-freizeit.ch/", "image": "https://sgbtpimtsoch.sos-ch-dk-2.exoscale-cdn.com/catalog/8/6/2/9/86290307acb4c583d46a209caba1b384350a2038_2025_Frame_Freizeit_Lifestyle_Fotografie_byDarrenFeels_65.jpg", "openstreetmap_id": "relation/3727142"}, "geometry": {"type": "Point", "coordinates": ["9.5479483", "47.3794573"]}}, {"type": "Feature", "properties": {"identifier": "07bceb8b-f4f1-4fe9-b5da-a390eb424775", "name": "Querbeat Gaiserwald", "description": "<p>Seit \u00fcber 20 Jahren singt der Chor mit Begeisterung. Im Mittelpunkt steht dabei die Freude an der Musik und an der Gemeinschaft - Botschaften, die sie singend in die Welt hinaus tragen. Das Repertoire umfasst Gospels, Pop, Blues, Musicals und Kirchenmusik.<br></p>", "url": "https://querbeat-gaiserwald.ch/", "image": "https://sgbtpimtsoch.sos-ch-dk-2.exoscale-cdn.com/catalog/7/f/c/1/7fc1b7775f1f85cb1c7bbd98b50db1539aa9923c_chor_querbeat_gaiserwald.jpg", "openstreetmap_id": "node/2117906323"}, "geometry": {"type": "Point", "coordinates": ["9.3347679", "47.4296225"]}}, {"type": "Feature", "properties": {"identifier": "07c03682-714b-4f4e-8bd6-916515e71cff", "name": "ParadEis Hof ", "description": "<p>Der Hof so wie das Hofl\u00e4deli mit Selbstbedienung befindet sich an der Rickenstrasse, ausfahrts Eschenbach in Richtung Neuhaus. </p><p><span style=\"font-weight: bold;\">Angebot:</span>&nbsp;</p><ul><li>Rohmilch ab Automat CHR 1.20 pro Liter (eigene Flasche zum Abf\u00fcllen mitbringen oder Glasflasche zum Kauf vor Ort)</li><li>Eier vom H\u00fchnermobil</li><li>Weitere Kleinigkeiten</li></ul><p><br>Das H\u00fchnermobil ist ein mobiler Stall, welcher regelm\u00e4ssig umplatziert wird. Die H\u00fchner haben somit regelm\u00e4ssig eine sch\u00f6ne Wiese und viel Auslauf.<br></p>", "image": "https://sgbtpimtsoch.sos-ch-dk-2.exoscale-cdn.com/catalog/2/c/9/2/2c9203402f962f67313fb076aeb2991c3b32a646_1715145927164.jpg", "openstreetmap_id": "way/1087298408"}, "geometry": {"type": "Point", "coordinates": ["8.930567888034311", "47.24158625"]}}, {"type": "Feature", "properties": {"identifier": "0959be82-0b36-4efd-8a1e-21983164361d", "name": "Route \"Goldige Aussichten\" ", "description": "<p>Wer die sch&ouml;nsten Aussichten einmal anders erleben will als zu Fuss, der mietet sich im Atzm&auml;nnig ein T&ouml;ffli oder nimmt sein E-Bike. Einen grossen Teil der Route f&uuml;hrt &uuml;ber die E-Bike Herzroute Nr. 99.</p><p>Im Chrinnehof, im Hofl&auml;deli (Hofcheller) gibt es auch Kaffee, Sirup oder Most f&uuml;r einen gem&uuml;tlichen Rast. Wer mit den gemieteten T&ouml;ffli vom Atzm&auml;nnig unterwegs ist, erh&auml;lt sogar einen Gutschein f&uuml;r ein gratis Getr&auml;nk.</p><p>Weitere Info zur Route sind auf <a href=\"https://www.outdooractive.com/de/route/radfahren/zuercher-oberland/goldige-aussichten-rundtour-ab-atzmaennig/47889337/#caml=99c,1h9moc,7ti98p,0,0\" target=\"_blank\" rel=\"noopener\">outdooractive </a>erfasst.</p><p class=\"MsoNormal\">Anreise mit den &ouml;ffentlichen Verkehrsmitteln:<br>Bus 630 von Eschenbach (Dorftreff) nach Hintergoldingen (Atzm&auml;nnig Schutt)</p><p class=\"MsoNormal\">Die genaue Route sowie die GPX Daten sind unter diesem&nbsp;<a href=\"https://schweizmobil.ch/de/tour/4540674\">Link</a> ersichtlich.</p>", "url": "https://www.atzmaennig.ch/de/gruppenevents/gesamtangebot-fuer-gruppen/toeffli-touren/?search_highlighter=chalts", "image": "https://sgbtpimtsoch.sos-ch-dk-2.exoscale-cdn.com/catalog/b/a/b/0/bab022ce07be89409b8a29b737d5bdbda3896fc9_T__ffli_Tour_Atzm__nnig_1024_1.jpg", "openstreetmap_id": "node/726611392"}, "geometry": {"type": "Point", "coordinates": ["8.996762037277223", "47.28529917719371"]}}, {"type": "Feature", "properties": {"identifier": "09e32bd6-dee1-453e-ab33-6366a91cb17c", "name": "Appenzeller T\u00f6fflitour Feierabend - by TOPAZ", "description": "<div class=\"object-block object-block-103 mb-section\"><p>Erleben Sie das unvergleichliche &bdquo;T&ouml;fflibuebe- &amp; meitle-Feeling&ldquo; neu. Ob als nostalgisches Comeback oder Premiere auf dem Mofa: Schnappen Sie sich Ihre Gruppe und tuckern Sie gem&uuml;tlich in den Feierabend. Auf verkehrsarmen Panoramastrasssen geniessen Sie die herrliche Abendstimmung, den Blick auf den imposanten Alpstein und das Gef&uuml;hl grenzenloser Freiheit.</p><h3>Die Tour im &Uuml;berblick</h3><ul><li data-path-to-node=\"7,0,0\"><strong data-path-to-node=\"7,0,0\" data-index-in-node=\"0\">Strecke:</strong> Ca. 20 km (Teufen &ndash; B&uuml;hler &ndash; Trogen &ndash; Speicher &ndash; Teufen).</li><li data-path-to-node=\"7,1,0\"><strong data-path-to-node=\"7,1,0\" data-index-in-node=\"0\">Dauer:</strong> 2 Stunden (jeweils von 17:00 bis 19:00 Uhr).</li><li><strong>Gruppe:</strong>&nbsp;2 bis 16 Personen (Gr&ouml;ssere Gruppen auf Anfrage).</li><li><strong>Navigaton:</strong>&nbsp;Einfaches Roadbook mit Bild und Text direkt am Lenker.</li></ul><h3>Leistungen &ndash; inklusive</h3><ul><li>Miet-T&ouml;ffli (klimaneutral via&nbsp;<em>myclimate</em>) inkl. Benzin.</li><li>Helm mit Hygieneunterzieher &amp; Regenponcho bei Bedarf.</li><li>Detaillierter Streckenbeschrieb &amp; Notfall-Pikett mit Ersatzt&ouml;ffli.</li></ul><h3 data-path-to-node=\"11\">Waldegg-Special (Optional)</h3><p data-path-to-node=\"12\">M&ouml;chten Sie den Abend kulinarisch ausklingen lassen? Beenden Sie Ihre Tour direkt bei der Erlebnis Waldegg. Wir holen die T&ouml;ffli dort ab, w&auml;hrend Sie im kultigen <em data-path-to-node=\"12\" data-index-in-node=\"162\">Schnuggebock</em> oder im <em data-path-to-node=\"12\" data-index-in-node=\"183\">Restaurant Waldegg</em> ein feines Nachtessen geniessen.</p><ul><li data-path-to-node=\"13,0,0\"><strong>Aufpreis</strong>: Pauschal CHF 50.00.</li><li data-path-to-node=\"13,1,0\"><strong>Plus</strong>: Ein Gratis-Shuttle bringt Sie nach dem Essen bequem zur&uuml;ck zum Bahnhof Teufen (auf Voranmeldung).</li></ul><h3>Wichtige Informationen</h3><ul><li><strong>Wetter:</strong>&nbsp;Wir fahren bei fast jedem Wetter (ausser Schnee). Bitte tragen Sie wetterfeste Kleidung und festes Schuhwerk.</li><li><strong>Sicherheit:</strong>&nbsp;Helme sind mit Visier ausgestattet. Es gelten die Schweizer Verkehrsregeln; die Haftung liegt bei den Lenkern.</li><li><strong>Klimaschutz:</strong>&nbsp;Seit 2018 kompensieren wir unsere Emissionen &uuml;ber die Stiftung&nbsp;<em>myclimate</em>&nbsp;(F&ouml;rderprogramm Agroforst).</li><li><strong>Treffpunkt:</strong>&nbsp;Hauptstrasse 59, 9053 Teufen AR.</li></ul><p><strong>Buchungshinweis:</strong> Unser B&uuml;ro ist Mo&ndash;Fr (09:00&ndash;17:00 Uhr) besetzt. Buchungen f&uuml;r das Wochenende k&ouml;nnen nur bis Freitag, 17:00 Uhr entgegengenommen werden.</p></div>", "url": "https://zeitreisen.ch", "image": "https://sgbtpimtsoch.sos-ch-dk-2.exoscale-cdn.com/catalog/2/b/7/b/2b7bcdf14b81c0504bff68c9163512a9a3aa2900_toefflitour_appenzellerland_mit_saentis.jpg", "openstreetmap_id": "way/317842895"}, "geometry": {"type": "Point", "coordinates": ["9.373419284820558", "47.389634376187"]}}, {"type": "Feature", "properties": {"identifier": "09e4b34f-3d05-4175-8533-2b15baf48626", "name": "Geocaching - Goldinger - Rundi", "description": "<p>&nbsp;\"Geocaching\" ist eine spannende Schatzsuche mit GPS-Ger&auml;t oder Smartphone. In der Geocaching App sind unz&auml;hlige Caches (Verstecke) zu finden. Eine abwechslungsreiche Freizeitbesch&auml;ftigung in der Natur.</p><p>Bei der \"Goldinger-Rundi\" sind 15 Caches versteckt, welche bei einer sch&ouml;nen Rundwanderung von B&uuml;rg nach Goldingen gesucht werden k&ouml;nnen.</p><p>Geocaching ist ein Spass f&uuml;r die ganze Familie und motiviert die Jungmannschaft auf Wandertour zu gehen.</p><p><strong>Vorgehen:</strong></p><p>Geocaching App auf Smartphone herunterladen und anmelden. Auf Wanderung gehen und Cache suchen. (Ein GPS-Ger&auml;t kann z.T. hilfreich sein, in der Regel reicht aber die Karte auf dem Smartphone aus, den Cache zu finden.)</p><p><a href=\"https://www.geocaching.com/play\" target=\"_blank\" rel=\"noopener noreferrer\">www.geocaching.com</a> internationale offizielle Seite&nbsp;&nbsp;</p><p class=\"MsoNormal\">Anreise mit den &ouml;ffentlichen Verkehrsmitteln:<br>Bus 630 von Eschenbach (Dorftreff) nach B&uuml;rg (Neuhaus, B&uuml;rg)</p>", "url": "https://www.geocaching.com/play", "image": "https://sgbtpimtsoch.sos-ch-dk-2.exoscale-cdn.com/catalog/4/c/3/3/4c33340ab228d14643d5eea3b14ac5515ca9aa7c_Goldingen_Steigen.jpg", "openstreetmap_id": "Dorfstrasse 1"}, "geometry": {"type": "Point", "coordinates": ["8.966796398162844", "47.26285667680024"]}}, {"type": "Feature", "properties": {"identifier": "0a1efd8a-8aec-44fc-a984-7c7c666fc64e", "name": "Bio-Bergbauernhof Raimann", "description": "<p>Oberhalb vom Bannholz, im Tann, befindet sich der Bio-Bauernhof der Familie Raimann mit den Betriebszweigen Milchwirtschaft und Legehennen. Die K\u00fche erhalten nur Futter vom eigenen Betrieb, es gibt kein Zukauf von Gras oder Kraftfutter.</p><p><span style=\"font-weight: bold;\">Angebot:</span></p><ul><li>Bio-Heumilch</li><li>NOP anerkannt (d.h. f\u00fcr diese Produktion d\u00fcrfen keine Antibiotika in der milchproduzierenden Herde eingesetzt werden)</li><li>Bio-Eier</li><li>Brennholz</li></ul><p><br><span style=\"font-weight: bold;\">Stallvisite:</span><br>Familie Raimann macht beim Angebot <a href=\"https://www.schweizerbauern.ch/bauernhof-erleben/auf-dem-bauernhof/stallvisite/\" target=\"_blank\">\"Stallvisite \u2013 offene Hoft\u00fcren\" </a>vom Schweizer Bauernverband mit. D.h. man darf dem Bauern gerne \u00fcber die Schultern schauen und einen Einblick in den Bauernbetrieb erhalten. Bei der Familie Raimann darf auch gerne mitgeholfen werden.</p><p><span style=\"font-weight: bold;\">Bio-Milch ab Hof:</span><span style=\"font-weight: 700;\"><br></span>Die Bio-Heumilch wird ab Hof verkauft. M\u00f6glichst im eigenen Gef\u00e4ss.</p><p><span style=\"font-weight: bold;\">Bio-Eier Hauslieferdienst:<br></span>Jeden Freitag werden den Kunden frische Bio-Eier, direkt in den Briefkasten geliefert. Bezahlt wird bequem per Rechnung. Die Anzahl Eier kann frei gew\u00e4hlt werden, auch Lieferungen nur alle zwei Wochen sind m\u00f6glich. Das Angebot gilt in: Goldingen, Laupen und Wald.</p><p>Kosten pro Bio-Ei: CHF -.70&nbsp; &nbsp;(Lieferung inklusive). Gerne kann auch von der Bio-Heumilch geliefert werden.<br></p><p><span style=\"font-weight: bold;\">Erreichbarkeit:<br></span>Ab Goldingen, Egligen f\u00e4hrt man am Restaurant Bannholz vorbei bis die Strasse beim Hof Tann endet. Es f\u00fchrt nur noch ein Wander-/Veloweg weiter zur Chrinnen, oberhalb der H\u00f6henklinik in Wald ZH.&nbsp;</p><p>Der Hof liegt direkt an der<a href=\"https://goldingertal.ch/de/map/details/herzroute-e-bike-tour-803ca38f-ba19-48a3-8cab-5d973de6d9e4.html\" target=\"_blank\"> Herzroute</a> oder am Wandertour-Vorschlag <a href=\"https://goldingertal.ch/de/map/details/laedeli-tour-668b9031-f457-4dbe-a90c-e50d867f8381.html\" target=\"_blank\">L\u00e4deli-Tour</a>.</p>", "image": "https://sgbtpimtsoch.sos-ch-dk-2.exoscale-cdn.com/catalog/c/5/a/c/c5ac82afe970750e5c44865136a8bda077e8f7ce_Bio_Bergbauernhof_Raimann.JPG", "openstreetmap_id": "way/196386614"}, "geometry": {"type": "Point", "coordinates": ["8.95443577849947", "47.2754756"]}}, {"type": "Feature", "properties": {"identifier": "0c516afb-ba4e-4f59-959e-b30030ef2052", "name": "Rundwanderung Chrinnen-Farneralb", "description": "<p>Die Wanderung startet oberhalb vom Rehazentrum Wald beim TCS Parkplatz Chrinnen. Von dort geht es erstmal steil bergauf Richtung Farneralp. Von Dort geniesst man eine wunderbare Aussicht &uuml;ber die sch&ouml;ne Berglandschaft. Weiter f&uuml;hrt die Wanderung &uuml;ber den Chrinnenberg Richtung Tann und zur&uuml;ck zum Chrinnenhof. Der sch&ouml;ne Hofladen der Familie Kindlimann bietet verschiedene selbstgemachte Hofprodukte an.&nbsp;</p><p>Dauer 1.30h / Distanz 4.3km</p><p>Anreise mit den &ouml;ffentlichen Verkehrsmitteln:<br>Bus 631 von Eschenbach (Dorftreff) nach R&uuml;ti (Bahnhof)<br>Bus 885 von R&uuml;ti (Bahnhof) nach Wald (Bahnhof)<br>Bus 892 von Wald (Bahnhof) nach Wald (Rehazentrum)</p><p>Die genaue Route sowie die GPX Daten sind unter diesem <a href=\"https://schweizmobil.ch/de/tour/2775954\">Link</a>&nbsp;ersichtlich.</p><p>&nbsp;</p>", "image": "https://sgbtpimtsoch.sos-ch-dk-2.exoscale-cdn.com/catalog/f/8/b/8/f8b8edffdf1a80294dc7179dfe3e226255cfedfa_DJI_20250906133356_0096_klein_D.JPG", "openstreetmap_id": "node/11282934186"}, "geometry": {"type": "Point", "coordinates": ["8.948535919189455", "47.28195121739706"]}}, {"type": "Feature", "properties": {"identifier": "0c787e1f-6355-476d-8ff1-fa62f1542b0a", "name": "Hongler Kerzen", "description": "Bereits 1703 erscheint der Name Hongler im Rechnungsbuch der Kirchgemeinde Berneck. Bis heute stellt der Familienbetrieb Kerzen her. Ob zur Taufe, zu Ostern, zur Hochzeit oder auch zum Verzieren \u2013 das Angebot ist vielf\u00e4ltig. Der Shop l\u00e4dt zum St\u00f6bern ein. \n\nAuf einer Betriebsf\u00fchrung erfahren die Besucher viel Wissenswertes und Interessantes \u00fcber das traditionelle Handwerk. Eine kurze Pr\u00e4sentation bringt die Geschichte der Kerze n\u00e4her. Beim Rundgang durch die Fabrikation k\u00f6nnen die Besucher mitverfolgen, wie aus Wachs und Docht eine Kerze entsteht.", "url": "http://www.hongler.ch/", "image": "https://sgbtpimtsoch.sos-ch-dk-2.exoscale-cdn.com/catalog/6/7/e/7/67e7bf437f6f1cf0bfee30bf1aec739cd1191028_Hongler_Kerzen_01.jpg", "openstreetmap_id": "node/7370129902"}, "geometry": {"type": "Point", "coordinates": ["9.549312200000031", "47.3773548"]}}, {"type": "Feature", "properties": {"identifier": "0cd5b495-3126-480d-9bf1-ae6744d4b5f1", "name": "Tanoshii Funpark", "description": "<p class=\"MsoNormal\">Freue dich auf einen Trampolinpark mit 72 unterschiedlich grossen Trampolinen, springe in die Schnitzelgrube oder perfektioniere deine Spr&uuml;nge auf unseren High Performance Trampolinen und schiesse K&ouml;rbe auf NBA-H&ouml;he auf unserem Basketballfeld.<br><br>Wenn du auf der Suche nach der n&auml;chsten Challenge bist, kannst du dich mit deinen Freunden auf unserem Ninja Parcour messen oder eine neue Welt mit unseren verschiedenen Virtual Reality Spielmodi betreten. W&auml;hle zwischen hungrigen Piraten, dem Kampf gegen Zombies oder achte dich vor dem verr&uuml;ckten Yeti. Unsere Simracing Lounge bietet dir ausserdem ein einziges Rennsimulationserlebnis, welches zu den Besten weltweit geh&ouml;rt.<br><br>Geniesse bei uns unvergessliche Momente mit deinen Freunden. Ob spontaner Ausflug, Schulreise oder Geburtstagsfeier, das Tanoshii bietet f&uuml;r alle G&auml;ste <strong>ab sechs Jahren</strong> den idealen Rahmen f&uuml;r gemeinsame Erlebnisse. Begleitpersonen, die nicht springen m&ouml;chten, d&uuml;rfen das Geschehen vom Zuschauerbereich aus mitverfolgen.</p><p class=\"MsoNormal\">&nbsp;</p><p class=\"MsoNormal\">&nbsp;</p>", "url": "https://www.tanoshii.ch/de/", "image": "https://sgbtpimtsoch.sos-ch-dk-2.exoscale-cdn.com/catalog/8/5/2/7/852796b5ee0b480790eee17d2b721b58710fcf8d_Tanoshii_Keyvisuals_HQ_Andographie__5_von_52_.jpg", "openstreetmap_id": "relation/3727142"}, "geometry": {"type": "Point", "coordinates": ["9.5479483", "47.3794573"]}}, {"type": "Feature", "properties": {"identifier": "0d672c7a-7e4b-4b88-b582-7d06c20965d6", "name": "Bauernhaus Chraueren", "description": "<p>Gegen\u00fcber L\u00fctschbach oberhalb dem Tobel des Lattenbachs liegt der Weiler Chraueren. Dort steht das \u00e4lteste datierte Bauernhaus im Seebezirk. Der St\u00e4nderbau, ein in unserer Gegend fr\u00fcher \u00fcblich gewesener Baustil der Bauernh\u00e4user, weist an der \u00f6stlichen Bugkonsole eingeschnitten die Jahrzahl 1646 auf.<br></p>", "image": "https://sgbtpimtsoch.sos-ch-dk-2.exoscale-cdn.com/catalog/a/b/5/3/ab530ff60276764ad49d5e0d6a35fd0b0dc622f2_BauernhausChraueren.jpg", "openstreetmap_id": "node/7528883312"}, "geometry": {"type": "Point", "coordinates": ["8.9074748", "47.253643"]}}, {"type": "Feature", "properties": {"identifier": "0fc25b5a-9223-4856-94ec-842b4f824914", "name": "Concept Store Parisparadis", "description": "<p>In ihrer Boutique bringt Shirin Tanyer-Heezen ihr ganz pers\u00f6nliches, authentisches Paris zum Leben: lebendig, multikulturell und \u00fcberraschend. Anstelle von Klischees erwarten Sie handverlesene Sch\u00e4tze mit Seele \u2013 Keramik, Textilien (darunter von der Ladeninhaberin selbst gemachte Kissen und Accessoires), Kerzen, Postkarten, B\u00fccher, kleinere M\u00f6belst\u00fccke, Kuriosit\u00e4ten, Kunstwerke und vieles mehr. Alles mit Herz, Geschichte und Stil. Ein Ort zum Entdecken, Verweilen und Staunen \u2013 ein Ort, der inspiriert.</p>", "url": "https://www.parisparadis-boutique.com/", "image": "https://sgbtpimtsoch.sos-ch-dk-2.exoscale-cdn.com/catalog/f/6/2/5/f62576636ebb04a6f5e91b20175b1fd7bd42f81d_20250604_textilland_stgallen_verknuepft_parisparadis.jpeg", "openstreetmap_id": "node/7193109291"}, "geometry": {"type": "Point", "coordinates": ["9.364860", "47.420607"]}}, {"type": "Feature", "properties": {"identifier": "0fc2d9c1-99fc-412d-8b39-333fe39ee726", "name": "ProPuls Projektagentur GmbH", "description": "<p>Die Projekte und Veranstaltungen der ProPuls Projektagentur GmbH richten sich an ein breites Publikum. Sie haben zum Ziel, die Gesellschaft zu bewegen und zusammenzuf\u00fchren.<br></p>", "url": "https://www.propuls.ch/", "image": "https://sgbtpimtsoch.sos-ch-dk-2.exoscale-cdn.com/catalog/d/d/a/7/dda7b6e9d25a62e0132c18537571ec75836f6cd2_propuls_projektagentur.png", "openstreetmap_id": "way/241705197"}, "geometry": {"type": "Point", "coordinates": ["9.293635142689112", "47.40491725"]}}, {"type": "Feature", "properties": {"identifier": "0fc6da08-c482-4e32-ab3c-3b2a0948ddf3", "name": "Eisstock Spass im Atzm\u00e4nnig", "description": "<p>Eisstockschiessen ist eine gelungene Abwechslung. Dieser Eissport wird mit einem runden Eisstock und einer sogenannten Daube gespielt. Die Daube wird in einem Abstand von 10 bis 15 Metern auf dem Eis platziert. Das Ziel des Spiel ist, die Eisst&ouml;cke m&ouml;glichst nahe an die Daube zu &laquo;legen&raquo;.</p><p>Bei uns kann auch auf die &laquo;Latt'n&raquo; gespielt werden. Das Ziel ist dabei, eine m&ouml;glichst hohe Punktzahl zu erreichen, indem die Latte mit dem Stock getroffen und gedreht wird. Beliebt ist dies besonders bei Gruppen und Familien.</p><p class=\"MsoNormal\">Anreise mit den &ouml;ffentlichen Verkehrsmitteln:<br>Bus 630 von Eschenbach (Dorftreff) nach Hintergoldingen (Atzm&auml;nnig Schutt)</p>", "url": "https://www.atzmaennig.ch/", "image": "https://sgbtpimtsoch.sos-ch-dk-2.exoscale-cdn.com/catalog/1/7/0/f/170faa07290af24b98322e960740fd7d6f7537e6_Eisstock_Gruppe_Abend.jpg", "openstreetmap_id": "node/726611392"}, "geometry": {"type": "Point", "coordinates": ["8.990249633789064", "47.28228291955602"]}}, {"type": "Feature", "properties": {"identifier": "0fda1a19-601e-42ad-947f-4037c829acd0", "name": "Rhein-Route Highlights (5 Tage / 4 N\u00e4chte) | Saison 1 Kategorie B", "description": "<p class=\"MsoNormal\">Die Rhein-Route umspannt den Osten der Schweiz in einem weiten Bogen. Auf dieser Reise entdecken Sie die Highlights dieser Route und radeln vom weiten Bodensee, wo Obstg&auml;rten, Schl&ouml;sser und fr&ouml;hliches Touristengeschnatter die Gestade des gr&uuml;n und silbern schimmernden &laquo;schw&auml;bischen Meeres&raquo; zieren bis nach Basel.</p><p class=\"MsoNormal\">Saison 1: vom 21. M&auml;rz bis 24. April 2026 und vom 26. September bis 18. Oktober 2026</p><p class=\"MsoNormal\">Kategorie B: ab CHF 955.00</p><p class=\"MsoNormal\">Der genaue Reiseverlauf ist&nbsp;<a href=\"https://shop.st.gallen-bodensee.ch/de/products/rheinroute-highlights-5-tage-4-naechte-saison-1-kategorie-b\" target=\"_blank\" rel=\"noopener\">hier</a> ersichtlich.&nbsp;</p>", "url": "https://www.eurotrek.ch", "image": "https://sgbtpimtsoch.sos-ch-dk-2.exoscale-cdn.com/catalog/b/2/4/8/b248c8038209dd2da38f07c626ad5a68090c64b0_Rheinroute_Dig_Marktplatz.jpg", "openstreetmap_id": "node/1349145879"}, "geometry": {"type": "Point", "coordinates": ["9.505248", "47.4780562"]}}, {"type": "Feature", "properties": {"identifier": "10efec41-b6a2-470f-b3e1-0f796b205dfa", "name": "Stellplatz Haus Ziel", "description": "Der Stellplatz am Natur Haus Ziel l\u00e4dt ein, den Blick \u00fcber das Tal schweifen zu lassen: Die Appenzeller- & Vorarlberger Alpen sind zum Greifen nahe! Die G\u00e4ste k\u00f6nnen auf dem Stellplatz verweilen oder einen Spaziergang in die nahe gelegene Altstadt von Altst\u00e4tten oder dem Vita Parcours unternehmen. F\u00fcr Aktive bietet sich auch eine Rundfahrt mit dem E-Bike \u00fcber den St. Anton an.", "url": "https://www.hausziel.ch/stellplatz-camping/", "image": "https://sgbtpimtsoch.sos-ch-dk-2.exoscale-cdn.com/catalog/2/1/a/6/21a63ea87910c32cdb2cb149f391cd837bb326aa_Eingang___1.jpg", "openstreetmap_id": "node/6451346157"}, "geometry": {"type": "Point", "coordinates": ["9.53469", "47.38879"]}}, {"type": "Feature", "properties": {"identifier": "122b13cd-fc7e-4655-9287-83d139d3f53d", "name": "Atzm\u00e4nnig-Beef", "description": "<p>Die Mischpakete an Fleisch, welche auf dem Hof angeboten werden kommen von ca. f\u00fcnf Monate alten K\u00e4lber und ca. zw\u00f6lf Monate alten Jungrindern. Diese konnten ihr ganzes Leben bei der Mutter soviel Milch trinken wie sie wollten. Je nach Jahreszeit fressen sie auch Gras, Heu und Silage. Die \"multikulti\" Herde besteht aus Mutterk\u00fchen der verschiedensten Rassen und ein Limousinstier, der f\u00fcr den Nachwuchs sorgt. Die Tiere geniessen ihr Leben im Naherholungsgebiet Atzm\u00e4nnig, auf der Alpweide hintere M\u00fcsliegg oder im Sommer auf der M\u00fcrtschenalp.&nbsp;</p><p>In der <a href=\"https://goldingertal.dev.cms.tso.ch/de/map/details/sunne-metzg-f10e731e-36e7-444c-98c5-bb5774702894.html\" target=\"_blank\">Sunne Metzg</a> in Hintergoldingen wird das Fleisch verarbeitet und nach ihren W\u00fcnschen verpackt.&nbsp;</p>", "image": "https://sgbtpimtsoch.sos-ch-dk-2.exoscale-cdn.com/catalog/3/a/0/c/3a0c04df449f1dbb415696246d63dd96af825c83_Atzm__nnig_Beef_1.jpg", "openstreetmap_id": "way/271931588"}, "geometry": {"type": "Point", "coordinates": ["8.982611188431074", "47.288796399999995"]}}, {"type": "Feature", "properties": {"identifier": "132058da-9ea2-4cb8-aa4c-d83d09051397", "name": "Appenzeller T\u00f6fflitour - by TOPAZ", "description": "<div class=\"object-block object-block-103 mb-section\"><p>Erleben Sie das unvergleichliche &bdquo;T&ouml;fflibuebe- &amp; meitle-Feeling&ldquo; neu. Ob als nostalgisches Comeback oder Premiere auf dem Mofa: Schnappen Sie sich Ihre Gruppe und tuckern Sie gem&uuml;tlich in den Feierabend. Auf verkehrsarmen Panoramastrasssen geniessen Sie die herrliche Abendstimmung, den Blick auf den imposanten Alpstein und das Gef&uuml;hl grenzenloser Freiheit.</p><h3>Die Tour im &Uuml;berblick</h3><ul><li><strong data-path-to-node=\"7,0,0\" data-index-in-node=\"0\">Strecke (ca. 44 km):</strong> Teufen &ndash; B&uuml;hler &ndash; Trogen &ndash; St. Anton &ndash; Oberegg &ndash; Rehetobel &ndash; Speicherschwendi &ndash; Speicher &ndash; Teufen.</li><li><strong>Dauer:</strong> 5 Stunden (jeweils von 10:00 bis 15:00 Uhr, reine Fahrzeit ca. 1.5 Stunden).</li><li><strong>Gruppe:</strong>&nbsp;2 bis 16 Personen (Gr&ouml;ssere Gruppen auf Anfrage).</li><li><strong>Navigaton:</strong>&nbsp;Einfaches Roadbook mit Bild und Text direkt am Lenker.</li></ul><h3>Leistungen &ndash; inklusive</h3><ul><li>Miet-T&ouml;ffli (klimaneutral via&nbsp;<em>myclimate</em>) inkl. Benzin.</li><li>Helm mit Hygieneunterzieher &amp; Regenponcho bei Bedarf.</li><li>Detaillierter Streckenbeschrieb &amp; Notfall-Pikett mit Ersatzt&ouml;ffli.</li></ul><h3>Wichtige Informationen</h3><ul><li><strong>Wetter:</strong>&nbsp;Wir fahren bei fast jedem Wetter (ausser Schnee). Bitte tragen Sie wetterfeste Kleidung und festes Schuhwerk.</li><li><strong>Sicherheit:</strong>&nbsp;Helme sind mit Visier ausgestattet. Es gelten die Schweizer Verkehrsregeln; die Haftung liegt bei den Lenkern.</li><li><strong>Klimaschutz:</strong>&nbsp;Seit 2018 kompensieren wir unsere Emissionen &uuml;ber die Stiftung&nbsp;<em>myclimate</em>&nbsp;(F&ouml;rderprogramm Agroforst).</li><li><strong>Treffpunkt:</strong>&nbsp;Hauptstrasse 59, 9053 Teufen AR.</li></ul><p><strong>Buchungshinweis:</strong> Unser B&uuml;ro ist Mo&ndash;Fr (09:00&ndash;17:00 Uhr) besetzt. Buchungen f&uuml;r das Wochenende k&ouml;nnen nur bis Freitag, 17:00 Uhr entgegengenommen werden.</p></div>", "url": "https://zeitreisen.ch", "image": "https://sgbtpimtsoch.sos-ch-dk-2.exoscale-cdn.com/catalog/8/d/8/5/8d85e3eb9244e4a71c32a30bb3624fd47978c4ee_T__ffli_Tour.jpg", "openstreetmap_id": "way/317842895"}, "geometry": {"type": "Point", "coordinates": ["9.37338709831238", "47.38963444745751"]}}, {"type": "Feature", "properties": {"identifier": "132a8c17-153e-480f-b1d8-8352dcaf19b7", "name": "Feuerstelle Bergstation", "description": "<p>Diese sch&ouml;ne Feuerstelle liegt direkt oberhalb der Bergstation des Sesselliftes sch&ouml;n im Schatten.&nbsp;</p>\n<p>Sie bietet Holz und Sitzgelegenheiten und der erste Posten des <a href=\"https://goldingertal.ch/de/map/details/spatz-maenni-erlebnisweg-3d2479a9-bb3d-4d45-8a0e-ad85c6e01032.html\" target=\"_blank\" rel=\"noopener\">Spatzm&auml;nniweges</a> befindet sich ebenfalls an diesem Ort.&nbsp;</p>", "image": "https://sgbtpimtsoch.sos-ch-dk-2.exoscale-cdn.com/catalog/e/c/a/d/ecadf69609284c22029ffce73736c66f7c3f12fb_Carina_Scheuringer_Goldingertal_Atzmaennig_HR_81.jpg", "openstreetmap_id": "node/5283577927"}, "geometry": {"type": "Point", "coordinates": ["9.011047482490541", "47.279480152374894"]}}, {"type": "Feature", "properties": {"identifier": "137b7fb7-d649-4da7-acbd-e93f85c3304d", "name": "Sportbahnen Atzm\u00e4nnig AG", "description": "<p>Die Sportbahnen Atzm&auml;nnig AG in Goldingen ist ein vielseitiges Ausflugsziel f&uuml;r die ganze Familie. Umgeben von idyllischer Natur bieten sie ganzj&auml;hrig abwechlungsreiche Freizeit- und Sportm&ouml;glichkeiten.&nbsp;</p><p>Im Sommer locken Attraktionen wie die beliebte Rodelbahn, der Seilpark, Wanderwege sowie ein Kulturangebot. Im Winter verwandelt sich der Atzm&auml;nnig in ein famili&auml;res Skigebiet mit Skipisten, Schlittelpisten, Schneeschuhtrails und der Winterarena f&uuml;r Beginner.</p><p>Erg&auml;nzt wird das Angebot durch verschiedene &Uuml;bernachtungsm&ouml;glichkeiten und gem&uuml;tliche Restaurants. Zudem stehen attraktive Gruppenangebote f&uuml;r Schulen, Vereine und Firmen zur Verf&uuml;gung. Weitere Informationen zu allen Angeboten und Aktivi&auml;ten sind auf der Webseite der Sportbahnen Atzm&auml;nnig AG zu finden.</p><p>Ob Aktion, Erholung oder Naturgenuss - die Sportbahnen Atzm&auml;nnig AG verbinden Bewegung, Erlebnis und Entspannung in einer einzigartigen Berglandschaft.&nbsp;</p><p class=\"MsoNormal\">Anreise mit den &ouml;ffentlichen Verkehrsmitteln:<br>Bus 630 von Eschenbach (Dorftreff) nach Hintergoldingen (Atzm&auml;nnig Schutt)</p>", "url": "https://www.atzmaennig.ch/", "image": "https://sgbtpimtsoch.sos-ch-dk-2.exoscale-cdn.com/catalog/7/3/d/5/73d5841d80961b0b4de6e31d27957f5021524356_202506_spielplatz_talstation_atzmaennig_goldingertal_atzmaennig_71__16_.jpg", "openstreetmap_id": "way/45492419"}, "geometry": {"type": "Point", "coordinates": ["8.996053934097292", "47.28470266227095"]}}, {"type": "Feature", "properties": {"identifier": "163d7d58-8e20-4d29-b342-055596816940", "name": "Rundwanderung Neuhaus - Neuh\u00fcslertobel", "description": "<p>Gestartet wird vis-&agrave;-vis der alten Holzbr&uuml;cke. Der Fussweg f&uuml;hrt entlang einer Wasserleitung, mit der heute noch Strom aus Wasserkraft produziert wird. &Uuml;ber aufgeh&auml;ngte Stege und luftige Br&uuml;cken gelangt man ans Ende des Tobels, wo sich ein kleiner Stausee befindet. Durch einen kurzen, aber steilen Aufstieg erreicht man das \"Chasteli\". Von dort f&uuml;hrt ein kurzer Fussmarsch wieder nach Neuhaus zur&uuml;ck.</p><p>Die gesamte Rundwanderung ist ca. 2km lang und dauert etwa 1 Stunde.</p><p class=\"MsoNormal\">Anreise mit den &ouml;ffentlichen Verkehrsmitteln:<br>Bus 622 oder 631 von Eschenbach (Dorftreff) nach Neuhaus (Ochsen)</p><p class=\"MsoNormal\">Die genaue Route sowie die GPX Daten sind unter diesem <a href=\"https://schweizmobil.ch/de/tour/2438034\">Link</a>&nbsp;ersichtlich.</p>", "image": "https://sgbtpimtsoch.sos-ch-dk-2.exoscale-cdn.com/catalog/c/9/4/d/c94d74f7c5fcc5ed010a09e6fc54ab926f08d261_DSC08064.JPG", "openstreetmap_id": "way/1089863661"}, "geometry": {"type": "Point", "coordinates": ["8.95117521286011", "47.24398897772313"]}}, {"type": "Feature", "properties": {"identifier": "17ce3992-8d1a-4d9a-9d77-5f6cb9638ee2", "name": "Winter Teamerlebnis Schneeschuhtour hoch \u00fcber dem Walensee", "description": "<p class=\"MsoNormal\">Bei dieser Schneeschuhtour erlebst du die verschneite Landschaft am Kerenzerberg - fernab vom Trubel &ndash; Schritt f&uuml;r Schritt, ganz im eigenen Rhythmus.</p><p class=\"MsoNormal\">Abseits pr&auml;parierter Wege f&uuml;hrt dich dein Guide durch unber&uuml;hrte Winterlandschaften, vorbei an glitzernden Schneefeldern und verschneiten W&auml;ldern. Mit Schneeschuhen an den F&uuml;ssen wird selbst tiefer Pulverschnee m&uuml;helos begehbar &ndash; ideal f&uuml;r Einsteiger ebenso wie f&uuml;r erfahrene Winterliebhaber.</p><p class=\"MsoNormal\"><strong>Was dich erwartet:</strong></p><ul style=\"margin-top: 0cm;\" type=\"disc\"><li class=\"MsoNormal\" style=\"mso-list: l0 level1 lfo1; tab-stops: list 36.0pt;\">Naturerlebnis in absoluter Ruhe</li><li class=\"MsoNormal\" style=\"mso-list: l0 level1 lfo1; tab-stops: list 36.0pt;\">Sanfte Bewegung an der frischen Bergluft</li><li class=\"MsoNormal\" style=\"mso-list: l0 level1 lfo1; tab-stops: list 36.0pt;\">Faszinierende Ausblicke auf die Winterlandschaft</li><li class=\"MsoNormal\" style=\"mso-list: l0 level1 lfo1; tab-stops: list 36.0pt;\">Spannende Einblicke in Natur, Tierwelt und Region</li></ul><p class=\"MsoNormal\">Ob als entschleunigendes Naturerlebnis, aktiver Teamevent oder besonderes Gruppenerlebnis &ndash; diese Tour verbindet Bewegung, Achtsamkeit und die Magie des Winters.</p><p class=\"MsoNormal\"><strong>Jetzt eintauchen in die Stille des Winters &ndash; und die verschneite Welt auf leisen Sohlen entdecken.</strong></p><p class=\"MsoNormal\">&nbsp;</p>", "url": "https://www.rafters.ch/winterevents/schneeschuhtouren/index.html", "image": "https://sgbtpimtsoch.sos-ch-dk-2.exoscale-cdn.com/catalog/1/9/6/2/1962f1222da7a7e64d4cb301786b79000eecae51_Teamevent_Winter_.jpg", "openstreetmap_id": "node/9041170563"}, "geometry": {"type": "Point", "coordinates": ["9.1246868", "47.1040405"]}}, {"type": "Feature", "properties": {"identifier": "182d93a2-39d1-4904-aebd-27855c9bce90", "name": "APODRO Drogerie Eschenbach", "description": "<p>Fachpersonen beraten sie gerne kompetent und individuell bei Fragen rund um Ihre Gesundheit und Sch\u00f6nheit. Neben dem klassischen Sortiment einer Drogerie finden sie bei uns zudem kreative Geschenkideen und Papeterie Artikel. Zus\u00e4tzlich k\u00f6nnen Sie hier in Zusammenarbeit mit unserer APODRO Apotheke s\u00e4mtliche Arzt- und Spitalrezepte einl\u00f6sen. </p><p><span style=\"font-weight: bold;\">Angebot:</span></p><ul><li>Drogerie</li><li>Papeterie Artikel</li><li>Verkaufsstelle Goldig\u00e4 Taler</li><li>Einl\u00f6sen vom Goldig\u00e4 Taler<br><br></li></ul><p>In der APODRO Drogerie kann der Goldig\u00e4 Taler eingel\u00f6st sowie gekauft werden.</p>", "url": "https://www.apodro.ch/%C3%BCber-uns/apodro-standorte/eschenbach/", "image": "https://sgbtpimtsoch.sos-ch-dk-2.exoscale-cdn.com/catalog/b/3/1/8/b318a1ad534eb3c51f57aa93107524faac36dce5_1718909944663__1_.jpg", "openstreetmap_id": "node/475204285"}, "geometry": {"type": "Point", "coordinates": ["8.9223042", "47.2409953"]}}, {"type": "Feature", "properties": {"identifier": "1872d1ad-bdf5-4fda-8d42-522dedca40cf", "name": "Alpwirtschaft H\u00fcttenberg", "description": "<p>Der H\u00fcttenberg liegt auf 1058 m.\u00fc.M. und ist von der Bergstation Atzm\u00e4nnig in ca. 35 Minuten oder vom Parkplatz Oberricken (Walde ) in knapp 25 Minuten zu erreichen. </p><p>Von der Sonnenterrasse bietet sich eine 180 Grad Panoramasicht vom Appenzellerland, Toggenburg \u00fcber die Glarnerberge bis weit in die Zentralschweiz.<br></p>", "url": "https://www.huettenberg-walde.ch/", "image": "https://sgbtpimtsoch.sos-ch-dk-2.exoscale-cdn.com/catalog/f/7/e/4/f7e453f70ec630062756dda65054238cdee89d3f_20230617_102204__1_.jpg", "openstreetmap_id": "node/11264506237"}, "geometry": {"type": "Point", "coordinates": ["9.023240804672243", "47.27748204385754"]}}, {"type": "Feature", "properties": {"identifier": "19025f40-bd6d-475b-b6c5-8fae6ca5a7fe", "name": "Goldinger Rundwanderung \u00fcber den Tweralpspitz", "description": "<p style=\"--tw-border-spacing-x: 0; --tw-border-spacing-y: 0; --tw-translate-x: 0; --tw-translate-y: 0; --tw-rotate: 0; --tw-skew-x: 0; --tw-skew-y: 0; --tw-scale-x: 1; --tw-scale-y: 1; --tw-scroll-snap-strictness: proximity; --tw-ring-offset-width: 0px; --tw-ring-offset-color: #fff; --tw-ring-color: rgb(59 130 246 / .5); --tw-ring-offset-shadow: 0 0 #0000; --tw-ring-shadow: 0 0 #0000; --tw-shadow: 0 0 #0000; --tw-shadow-colored: 0 0 #0000; padding-top: 0px;\">Der erste Teil der Wanderung folgt dem Frechspatz M&auml;nni Erlebnisweg, der in Zusammenarbeit mit dem bekannten Kinderliedmacher Andrew Bond entstanden ist. Wer den Aufstieg auf den Oberatzm&auml;nnig nicht auf sich nehmen will,&nbsp;l&auml;sst sich von der Sesselbahn bequem auf den Berg tragen. Hier erwartet Sie das Bergrestaurant Harz mit der sch&ouml;nen Aussicht auf die Linthebene und den Obersee hinunter.</p><p style=\"--tw-border-spacing-x: 0; --tw-border-spacing-y: 0; --tw-translate-x: 0; --tw-translate-y: 0; --tw-rotate: 0; --tw-skew-x: 0; --tw-skew-y: 0; --tw-scale-x: 1; --tw-scale-y: 1; --tw-scroll-snap-strictness: proximity; --tw-ring-offset-width: 0px; --tw-ring-offset-color: #fff; --tw-ring-color: rgb(59 130 246 / .5); --tw-ring-offset-shadow: 0 0 #0000; --tw-ring-shadow: 0 0 #0000; --tw-shadow: 0 0 #0000; --tw-shadow-colored: 0 0 #0000; padding-top: 0px;\">Wer m&ouml;chte, macht einen Abstecher zum <a href=\"https://goldingertal.ch/de/map/details/alpwirtschaft-huettenberg-1872d1ad-bdf5-4fda-8d42-522dedca40cf.html\">Restaurant H&uuml;ttenberg</a> hinunter. Hier geniessen Sie nebst einem w&auml;hrschaften Essen auch einen grandiosen Ausblick &uuml;ber die Linthebene. Ansonsten f&uuml;hrt der Weg auf der Grath&ouml;he &uuml;ber die Schwammegg zum Hinterrotstein.&nbsp;Wenig sp&auml;ter verzweigt sich der Weg: Rechts &uuml;ber Rotstein und Tweralpspitz zur Chr&uuml;zegg. Da und dort verweisen Tafeln des <a href=\"https://goldingertal.ch/de/map/details/geoweg-chruezegg-6ef26262-0aea-4b3f-b5fc-e2737d0efc8c.html\">Geowegs</a> auf die geologischen Besonderheiten des Gebietes. Bald ist das <a href=\"https://goldingertal.ch/de/map/details/berggasthaus-chruezegg-e289de46-edee-4602-8063-033c9ba4dac6.html\">Berggasthaus Chr&uuml;zegg</a> erreicht. Hier l&auml;dt eine grosse, sonnige Aussichtsterrasse zur Rast. Die Rundsicht ist atemberaubend: vorne bis weit &uuml;ber das Goldingertal zum Z&uuml;richsee, rechts auf die Gipfel des T&ouml;ssberglandes, nach hinten bis hinauf zum Bodensee und links auf den S&auml;ntis und die Churfirsten. Zu den Spezialit&auml;ten des Hauses geh&ouml;ren der hausgemachte K&auml;se, der nur hier erh&auml;ltlich ist, sowie das Mineralwasser und die Limonade aus der eigenen Quelle.</p><p style=\"--tw-border-spacing-x: 0; --tw-border-spacing-y: 0; --tw-translate-x: 0; --tw-translate-y: 0; --tw-rotate: 0; --tw-skew-x: 0; --tw-skew-y: 0; --tw-scale-x: 1; --tw-scale-y: 1; --tw-scroll-snap-strictness: proximity; --tw-ring-offset-width: 0px; --tw-ring-offset-color: #fff; --tw-ring-color: rgb(59 130 246 / .5); --tw-ring-offset-shadow: 0 0 #0000; --tw-ring-shadow: 0 0 #0000; --tw-shadow: 0 0 #0000; --tw-shadow-colored: 0 0 #0000; padding-top: 0px;\">&Uuml;brigens: Wer nicht die ganze Wanderung &uuml;ber die Chr&uuml;zegg unter die F&uuml;sse nehmen will, macht sich bereits bei der Oberen Tweralp auf den R&uuml;ckweg nach Schutt. Auf halbem Weg, wo die asphaltierte Strasse beginnt, treffen Sie dann auf das <a href=\"https://goldingertal.ch/de/map/details/restaurant-alp-altschwand-f93d6e26-251d-4c65-babb-771f3b4b2b91.html\">Restaurant Alp Altschwand</a>.&nbsp;Hier&nbsp;erwartet Sie eine gutb&uuml;rgerliche K&uuml;che mit saisonalen Men&uuml;s.</p><p style=\"--tw-border-spacing-x: 0; --tw-border-spacing-y: 0; --tw-translate-x: 0; --tw-translate-y: 0; --tw-rotate: 0; --tw-skew-x: 0; --tw-skew-y: 0; --tw-scale-x: 1; --tw-scale-y: 1; --tw-scroll-snap-strictness: proximity; --tw-ring-offset-width: 0px; --tw-ring-offset-color: #fff; --tw-ring-color: rgb(59 130 246 / .5); --tw-ring-offset-shadow: 0 0 #0000; --tw-ring-shadow: 0 0 #0000; --tw-shadow: 0 0 #0000; --tw-shadow-colored: 0 0 #0000; margin-bottom: 0px;\">F&uuml;r die G&auml;ste auf der Chr&uuml;zegg geht die Route nach der Pause weiter Richtung Chabis und Oberchamm, wo sie ziemlich steil hinunter f&uuml;hrt. Beim Bach angekommen geht es gem&auml;chlich zur&uuml;ck zur Talstation der Sportbahnen Atzm&auml;nnig.</p><p class=\"MsoNormal\">Anreise mit den &ouml;ffentlichen Verkehrsmitteln:<br>Bus 630 von Eschenbach (Dorftreff) nach Hintergoldingen (Atzm&auml;nnig Schutt)</p><p class=\"MsoNormal\">Die genaue Route sowie die GPX Daten sind unter diesem <a href=\"https://schweizmobil.ch/de/tour/5219512\">Link</a>&nbsp;ersichtlich.</p>", "url": "https://www.atzmaennig.ch/", "image": "https://sgbtpimtsoch.sos-ch-dk-2.exoscale-cdn.com/catalog/c/f/8/6/cf865d8c7662f35062648781dc0808a3f511cc70_Wanderweg_Chr__zegg_Blick_Vrenelisg__rtli.JPG", "openstreetmap_id": "node/726611392"}, "geometry": {"type": "Point", "coordinates": ["8.996230959892275", "47.28469859947765"]}}, {"type": "Feature", "properties": {"identifier": "19a0ad43-e705-4f0e-b335-d5716329677c", "name": "NOMOL First- & Secondhand", "description": "<p class=\"MsoNormal\">In dem kleinen, feinen Laden finden Besucher:innen sorgf&auml;ltig ausgew&auml;hlte First- und Secondhand-Kleider, Accessoires und Taschen &ndash; darunter viele hochwertige Markenst&uuml;cke zu erschwinglichen Preisen. Jedes einzelne Teil wird von Hand gepr&uuml;ft und mit Bedacht ausgew&auml;hlt. Die pers&ouml;nliche Beratung rundet das Einkaufserlebnis ab und macht den Besuch zu etwas Besonderem.</p>", "url": "https://www.nomol-secondhand.ch/", "image": "https://sgbtpimtsoch.sos-ch-dk-2.exoscale-cdn.com/catalog/d/e/7/9/de791ac110de5f378e4765454870ed4de9f2dae0_20250924_nomol_laden_innen.jpg", "openstreetmap_id": "node/11159809659"}, "geometry": {"type": "Point", "coordinates": ["9.374043", "47.421742"]}}, {"type": "Feature", "properties": {"identifier": "1c718eb7-a16e-4f2e-9307-f66fe59a49b5", "name": "Bier von Frau zu Frau", "description": "<p>Erlebe in Begleitung mit unserer Bier-Sommeli&egrave;re die reiche Welt der Biere von einer v&ouml;llig neuen Seite. Erhalte einen interessanten Einblick in die Geschichte und Herstellung des Biers und degustiere unter kundiger Begleitung die verschiedensten Bierstile. Erfahre, wie die Biere richtig ausgeschenkt werden und welche Bierstile mit welchen Speisen besonders gut harmonieren.</p>", "url": "http://www.schuetzengarten.ch", "image": "https://sgbtpimtsoch.sos-ch-dk-2.exoscale-cdn.com/catalog/7/8/b/2/78b219e8816e9543a8d9afc83fcda7a291f91471_Schuega_29_0134__2.jpg", "openstreetmap_id": "node/7193106970"}, "geometry": {"type": "Point", "coordinates": ["9.37906", "47.42968"]}}, {"type": "Feature", "properties": {"identifier": "1d9734b5-41b6-483b-a644-bc4779443bb2", "name": "Xundsy | Gesund sein \u2013 Gesund bleiben", "description": "<p>Heutzutage ist es wichtig, den K\u00f6rper bei der Ausleitung von Schadstoffen zu unterst\u00fctzen. Die Ents\u00e4uerung und Entschlackung mit dem Body Detox\u00ae Elektrolyse Fussbad hat sich deshalb bew\u00e4hrt, weil tausende von spezialisierten Schweissdr\u00fcsen an den F\u00fcssen eine \u00fcberdurchschnittliche Ausleitung erm\u00f6glichen. </p><p><span style=\"font-weight: bold;\">Angebot:</span> </p><ul><li>Body Detox\u00ae Elektrolyse Fussbad - eine Anwendung dauert zwischen 20-30 Minuten und wird mittels verschiedenen Programmen individuell auf den Klienten abgestimmt. Dabei k\u00f6nnen Lymph-Fluss und Durchblutung auf angenehme und sp\u00fcrbare sanfte Art angeregt werden. </li><li>Stoffwechselkur - mit diesem mehrfach erprobten Programm haben mittlerweile \u00fcber 500\u2018000 Menschen in Deutschland, \u00d6sterreich und Schweiz erfolgreich und nachhaltig abgenommen. </li><li>Darmkur - ich begleite vor, w\u00e4hrend und auch nach einer Darmkur.</li><li>PLUS NEU - Kristallmatte von VITORI\u00ae! Entdecke die Gesundheit und Entspannung auf Knopfdruck Die VITORI\u00ae Kristallmatte verf\u00fcgt \u00fcber 13 verschiedene Magnetfeldprogramme und kann auch manuell eingestellt werden. Unter anderem ist auch die Schumann-Frequenz einprogrammiert. Dabei handelt es um den Herzschlag der Erde. Diese Resonanz geht mit vielf\u00e4ltigen Vorteilen f\u00fcr Gesundheit und Wohlbefinden einher.<br><br></li></ul><p><span style=\"font-weight: bold;\">Vermietung:</span> </p><ul><li>Body Detox\u00ae Elektrolyse Fussbad </li><li>VITORI\u00ae Kristallmatte<br></li></ul>", "url": "https://www.xundsy.ch/", "image": "https://sgbtpimtsoch.sos-ch-dk-2.exoscale-cdn.com/catalog/d/5/8/9/d58942b819ba992b83cbb377dc4c300dc7ab3a6b_Raum_Gibswil.jpg", "openstreetmap_id": "way/987155176"}, "geometry": {"type": "Point", "coordinates": ["8.915291594020218", "47.3146929"]}}, {"type": "Feature", "properties": {"identifier": "1dc530e5-6599-423b-b55d-972b17e35bcb", "name": "Simon Enzler", "description": "<p>Simon Enzler ist seit Mitte der 90er Jahre auf den B\u00fchnen, die die Welt bedeuten, zuhause. Eines seiner Markenzeichen ist sein markanter Appenzeller Dialekt. Die Moderation der Sendung&nbsp;<span style=\"font-family: Arial, sans-serif; font-size: 10pt;\">\u00ab</span>Comedy im Casino<span style=\"font-family: Arial, sans-serif; font-size: 10pt;\">\u00bb</span>&nbsp;des Schweizer Fernsehens machte ihn einem breiten Schweizer Publikum bekannt.</p>", "url": "https://www.simonenzler.ch/index.php", "image": "https://sgbtpimtsoch.sos-ch-dk-2.exoscale-cdn.com/catalog/c/f/2/f/cf2f74869a7f4e083f76167ce9485ce1f19ef511_simon_enzler.jpg", "openstreetmap_id": "way/1112993660"}, "geometry": {"type": "Point", "coordinates": ["9.3454725", "47.3797849"]}}, {"type": "Feature", "properties": {"identifier": "1e5b3eef-de61-4187-af61-fb59f3a80dd6", "name": "Aatalweiher", "description": "<p>F\u00fcr die 1833 erstellte Spinnerei am Ausgang des Tobels am Uznaberg wurde die Wasserkraft des Aabachs genutzt. 1864 erfolgte in Anbetracht der betrieblichen Entwicklung f\u00fcr die zus\u00e4tzliche Wasserkraftgewinnung die Anlegung des Aatalweihers in Neuhaus. Nach mehr als 170 Jahren Bestand stellte die Spinnerei am Uznaberg im Fr\u00fchling 2005 ihren Betrieb endg\u00fcltig ein. Heute l\u00e4dt der See zum baden, grillen und verweilen ein.<br></p>", "image": "https://sgbtpimtsoch.sos-ch-dk-2.exoscale-cdn.com/catalog/9/d/3/0/9d3015524ed7b27eaa1a58e0e51dcfc199cce907_Aatalweiher.jpg", "openstreetmap_id": "Industriestrasse 1"}, "geometry": {"type": "Point", "coordinates": ["8.951432704925539", "47.23986597996092"]}}, {"type": "Feature", "properties": {"identifier": "217c1997-5929-41db-a18c-2afae3f9ea4a", "name": "Farner Bike Route", "description": "<p>Ausgangspunkt dieser Tour ist das St\u00e4dtchen Uznach, wo es eine grosse Storchenkolonie gibt. Gut m\u00f6glich, dass man schon auf den ersten Metern eines der weiss-schwarzen Tiere zu sehen bekommt. So leicht wie die V\u00f6gel bew\u00e4ltigt man den Anstieg auf den Oberricken mit dem Bike nicht: Zwischen Ernetschwil und Bildhus \u00fcberwindet man auf 2,5 Kilometern eine H\u00f6hendifferenz von fast 300 Metern. </p><p>Der Weg f\u00fchrt weiter durch die Hochmoore auf dem Ricken, die sich in der Bl\u00fctezeit (Mai/Juni) von ihrer pr\u00e4chtigsten Seite zeigen. Vom Dorf Ricken geht es nochmals 150 Meter aufw\u00e4rts zum Oberricken. Auf den nun folgenden vier Kilometern kann man talw\u00e4rts fahrend auf Asphalt, Kies und Wiesen wieder Kr\u00e4fte sammeln. </p><p>Die braucht man f\u00fcr den Anstieg auf den 1157 Meter hohen Farner. Dort wartet eine sch\u00f6ne Aussicht auf Linthebene, Z\u00fcrichsee und Alpen. Die Abfahrt nach Goldingen ist der technisch anspruchsvollste Teil dieser Tour. Auf der restlichen Strecke bis zum Ziel in Uznach rollt man auf Nebenstrassen und Feldwegen gem\u00fctlich hinab.<br></p>", "image": "https://sgbtpimtsoch.sos-ch-dk-2.exoscale-cdn.com/catalog/e/d/d/3/edd350dbc404b80cecad033d6abe1b98035e01ea_Mountainbike.jpg", "openstreetmap_id": "node/7128146833"}, "geometry": {"type": "Point", "coordinates": ["8.981580734252931", "47.223677663098755"]}}, {"type": "Feature", "properties": {"identifier": "221b96e5-7e16-4b19-92f9-c1e757d84950", "name": "Neuhaus nach Uznaberg", "description": "<p>Auf dem sch&ouml;nen Wanderweg mit Start beim Skicenter Neuhaus f&uuml;hrt die kurze jedoch sehr sch&ouml;ne Wanderung Richtung Bauwil, hinab zum Aabach und entland des Baches durch den sch&ouml;nen Burgerwald bis nach Uznaberg.</p><p>Dauer ca. 50min. / Distanz ca. 2.8km</p><p>Anreise mit den &ouml;ffentlichen Verkehrsmitteln:&nbsp;<br>Bus 622 von Eschenbach (Dorftreff) nach Neuhaus (B&auml;ckerei Morger)<br>Zur&uuml;ck: Bus 631 Uznaberg (Uznabergstr.) nach Neuhaus (Ochsen)<br>Bus 622 Neuhaus (Ochsen) nach Eschenbach (Dorftreff)</p><p>Die genaue Route sowie die GPX Daten sind unter diesem <a href=\"https://schweizmobil.ch/de/tour/2431804\">Link</a>&nbsp;ersichtlich.</p>", "image": "https://sgbtpimtsoch.sos-ch-dk-2.exoscale-cdn.com/catalog/c/6/9/6/c6969f2bb59d71b4eec373db150d4f94a385b321_Neuhaus_nach_Uznaberg.jpg", "openstreetmap_id": "node/32000652"}, "geometry": {"type": "Point", "coordinates": ["8.948042392730715", "47.243070500099414"]}}, {"type": "Feature", "properties": {"identifier": "2366a85f-26f5-4058-901a-9386e560acf5", "name": "Wandern im Atzm\u00e4nnig - Route 6b", "description": "<p>Diese Wanderung f&uuml;hrt von der Atzm&auml;nnig Talstation hoch &uuml;ber Oberchamm Richtung Chr&uuml;zegg. Von dort aus ist es ebenfalls gut m&ouml;glich, ins Toggenburg weiterzuwandern. Zum Beispiel nach Libingen in ca. 1 &frac12; Std. Oder durch das Steintal nach Wattwil in ca. 2 Std. Nach Lichtensteig &uuml;ber den Alplispitz in ca. 2 &frac12; Std. oder nach Krinau in ca. 1 &frac12; Std.</p><p>Wanderzeiten ab Chr&uuml;zegg.</p><p>Anreise mit den &ouml;ffentlichen Verkehrsmitteln:<br>Bus 630 von Eschenbach (Dorftreff) nach Hintergoldingen (Atzm&auml;nnig Schutt)</p>", "url": "https://www.atzmaennig.ch/", "image": "https://sgbtpimtsoch.sos-ch-dk-2.exoscale-cdn.com/catalog/d/6/3/8/d638aa550ef208b3cec46470dd3e62b78ffb04a7_Aussicht_Chr__zegg_CW.jpg", "openstreetmap_id": "way/231502473"}, "geometry": {"type": "Point", "coordinates": ["8.99582862854004", "47.28467311689759"]}}, {"type": "Feature", "properties": {"identifier": "23bee9d7-87f7-474e-a5f6-8e48d363981d", "name": "Bleiche Hotel", "description": "<p>Das Bleiche Hotel in Wald ZH mit seinen 25 aussergew\u00f6hnlichen Einzel- und Doppelzimmern ist ein Mix aus Moderne und traditionsreicher Industriekultur. Die stilvolle Wellness- und Saunaabteilung des Bleiche Bad rundet mit verschiedenen Massage- und Kosmetikanwendungen das exklusive Angebot ab. </p><p>Im Angebot stehen Superior, Kubus, Deluxe Zimmer und diverse Arrangement.</p>", "url": "https://bleiche.ch/hotel/", "image": "https://sgbtpimtsoch.sos-ch-dk-2.exoscale-cdn.com/catalog/1/5/e/1/15e166b8736f4cb83fcb5e7e3424a0533064ab8f_Aussenaufnahme_10_a__3_.jpg", "openstreetmap_id": "node/10879455964"}, "geometry": {"type": "Point", "coordinates": ["8.9105813", "47.2760573"]}}, {"type": "Feature", "properties": {"identifier": "23caef9a-15f1-4be1-b750-5cbeadc72cdf", "name": "Outdoor-Raclette", "description": "<p>Das Outdoor-Raclette wird vor Ort betreut.</p><p><strong>Tipps und Hinweise: </strong></p><p>Das Outdoor-Raclette kann im Goldingertal oder Grenzgebiet organisiert werden. Attraktive Orte daf\u00fcr sind z. B. die Feuerstelle bei b\u00e4umig-kreativ, Bauernhof Nauen (Goldingen) usw. Der Raclettek\u00e4se ist hausgemacht von der K\u00e4serei Sutter in Goldingen. Auf Wunsch k\u00f6nnen Gruppenspiele (Gold-Trophy) oder Motorsagen- Show-Drechseln angeboten werden.</p><p><strong>Preise / Inbegriffene Leistungen:</strong>\u00a0</p><ul><li>Raclette (Nature, Knoblauch, Chili, etc.)</li><li>Preis pro Person: CHF 30.00 * / CHF 40.00 (mit Wurst/Speck) *</li><li>ausserhalb Goldingertal : CHF 1.50/km</li><li>Getr\u00e4nke (Gl\u00fchwein, Teemoscht, Mineral, etc.) sind nach Absprache und separat zu bezahlen</li><li>Barfeuerf\u00e4sser k\u00f6nnen dazugemietet werden</li></ul><p></p><p><strong>Durchf\u00fchrung:</strong>\u00a0</p><ul><li>Datum nach Absprache</li><li>Bei schlechter Witterung kann evtl. ein Zelt / Unterstand organisiert werden</li><li>Dauer ca. 2 h / jede weitere Stunde: CHF 90.00</li></ul><p></p><p>Gruppengr\u00f6sse</p><ul><li>min. keine Beschr\u00e4nkung, *Mindestpreis CHF 400.00</li><li>max. 30 Personen</li></ul>", "url": "https://www.baeumig-kreativ.ch/", "image": "https://sgbtpimtsoch.sos-ch-dk-2.exoscale-cdn.com/catalog/8/8/7/2/8872e4e06afc9f758c826841f5eca5992f7cad97_Raclette1.jpg", "openstreetmap_id": "way/273800582"}, "geometry": {"type": "Point", "coordinates": ["8.94809321105501", "47.25248635"]}}, {"type": "Feature", "properties": {"identifier": "240be461-0d0f-4c59-90a3-197613e63711", "name": "Outdoor-Omeletten", "description": "<p>Die Omeletten werden selbst zusammengestellt und auf dem Feuerfass gebrutzelt. Das Angebot wird vor Ort betreut.</p><p><strong>Tipps und Hinweise:</strong></p><p>Die Outdoor-Omeletten k\u00f6nnen im Goldingertal oder Grenzgebiet organisiert werden. Attraktive Orte daf\u00fcr sind z. B. die Feuerstelle bei b\u00e4umig-kreativ, Bauernhof Nauen (Goldingen) usw. Auf Wunsch k\u00f6nnen Gruppenspiele (Gold-Trophy) oder Motorsagen- Show-Drechseln angeboten werden.</p><p><strong>Preise / Inbegriffene Leistungen:</strong></p><ul><li>Omeletten (verschiedene Zutaten Fleisch und Gem\u00fcse)</li><li>Preis pro Person: CHF 35.00 *</li><li>ausserhalb Goldingertal : CHF 1.50/km</li><li>Getr\u00e4nke sind nach Absprache und separat zu bezahlen</li><li>Barfeuerf\u00e4sser k\u00f6nnen dazugemietet werden</li></ul><p></p><p><strong>Durchf\u00fchrung:</strong>\u00a0</p><ul><li>Datum nach Absprache</li><li>Bei schlechter Witterung kann evtl. ein Zelt / Unterstand organisiert werden</li><li>Dauer ca. 2 h / jede weitere Stunde: CHF 90.00</li><li>Gruppengr\u00f6sse min. keine Beschr\u00e4nkung, *Mindestpreis CHF 400.00, max. 30 Personen</li></ul>", "url": "https://www.baeumigkreativ.ch/", "image": "https://sgbtpimtsoch.sos-ch-dk-2.exoscale-cdn.com/catalog/f/6/8/a/f68ae0f3f1befb301d4f8a6ac4f82e0016649d3c_Omeletten.jpeg", "openstreetmap_id": "way/273800582"}, "geometry": {"type": "Point", "coordinates": ["8.94809321105501", "47.25248635"]}}, {"type": "Feature", "properties": {"identifier": "26420bfb-e95b-4649-a3e8-db52c4fdd68d", "name": "Outdoor-Fondue", "description": "<p>Das Outdoor-Fondue wird vor Ort zubereitet und betreut.</p><p><strong>Tipps und Hinweise:</strong></p><p>Das Outdoor-Fondue kann im Goldingertal oder Grenzgebiet organisiert werden. Attraktive Orte daf\u00fcr sind z. B. die Feuerstelle bei <a href=\"https://goldingertal.ch/de/map/details/baeumig-kreativ-8ed21150-b746-4cab-a88c-7b776a9b0071.html\" rel=\"noopener noreferrer\" target=\"_blank\">b\u00e4umig-kreativ</a>, Bauernhof Nauen (Goldingen) usw. Das Fondue ist hausgemacht von der K\u00e4serei Sutter in Goldingen. Auf Wunsch k\u00f6nnen Gruppenspiele (Gold-Trophy) oder Motorsagen- Show-Drechseln angeboten werden.</p><p><strong> Preise / Inbegriffene Leistungen:</strong>\u00a0</p><ul><li>Fondue vom Holzfeuer, mind. 2 Sorten gleichzeitig</li><li>Brot, Sch\u00fcrzen, lange Fonduegabeln, Holz/Kohle; Vorbereitung und Betreuung von Feuer und Fondue</li><li>Preis pro Person: CHF 29.00*</li><li>ausserhalb Goldingertal: CHF 1.50/km</li><li>Getr\u00e4nke (Gl\u00fchwein, Teemoscht, Mineral, etc.) sind nach Absprache und separat zu bezahlen</li><li>Barfeuerf\u00e4sser k\u00f6nnen dazugemietet werden</li></ul><p></p><p><strong>Durchf\u00fchrung:</strong></p><ul><li>Datum nach Absprache</li><li>Bei schlechter Witterung kann evtl. ein Zelt / Unterstand organisiert werden</li><li>Dauer ca. 2 h / jede weitere Stunde: CHF 90.00\u00a0</li><li>Gruppengr\u00f6sse min. keine Beschr\u00e4nkung, *Mindestpreis CHF 400.00, max. 50 Personen</li></ul>", "url": "https://www.baeumigkreativ.ch/", "image": "https://sgbtpimtsoch.sos-ch-dk-2.exoscale-cdn.com/catalog/9/3/8/7/938785db3f98d2afe73d260db904bd646705516d_Fondue.jpg", "openstreetmap_id": "way/273800582"}, "geometry": {"type": "Point", "coordinates": ["8.94809321105501", "47.25248635"]}}, {"type": "Feature", "properties": {"identifier": "2648119c-93c1-44ae-b165-976e0cd22a20", "name": "Bodensee", "description": "<p>Der Bodensee im Dreil&auml;ndereck Schweiz/Deutschland/&Ouml;sterreich ist mit einer L&auml;nge von 64km und einer maximalen Breite von 12km der drittgr&ouml;sste Binnensee Europas. Auf dem Bodensee verkehren veschiedene Kursschiffe und bieten ein attraktives Angebot.&nbsp;</p>\n<p>Zahllose Wassersportm&ouml;glichkeiten, Wanderwege und vor allem Skating- und Radwege bietet die Ferien- und Ausflugsregion. Ein beliebter Klassiker ist der Bodensee-Radweg, der rund um den See f&uuml;hrt.</p>", "image": "https://sgbtpimtsoch.sos-ch-dk-2.exoscale-cdn.com/catalog/a/9/d/1/a9d1096a81d8861f682ab1674a89327f45b38726_medium__Sonnenuntergang_Aussicht_Bodensee.jpg", "openstreetmap_id": "1683867"}, "geometry": {"type": "Point", "coordinates": ["9.496307373046877", "47.48613919859396"]}}, {"type": "Feature", "properties": {"identifier": "2873c818-4f7c-4143-8246-febaa423c601", "name": "Areal Bildst\u00f6ckli", "description": "<p>Inmitten des gemeindeeigenen Rebbergs eingebettet, pr\u00e4sentiert sich die Arena Bildst\u00f6ckli. Auf dem eingerichteten Spielplatz k\u00f6nnen sich Kinder verweilen, w\u00e4hrend sich auf dem arenaf\u00f6rmigen Platz die Erwachsenen treffen. </p><p>Die Arena Bildst\u00f6ckli bietet mehr als ein stimmungsvolles Ambiente. Das Areal wird auch als Festort f\u00fcr verschiedene kulturelle Anl\u00e4sse der Gemeinde genutzt. So finden beispielsweise die 1. August-Feier, das Rebenfest oder Musikkonzerte der Musikgesellschaften in der Arena Bildst\u00f6ckli statt.<br></p>", "image": "https://sgbtpimtsoch.sos-ch-dk-2.exoscale-cdn.com/catalog/4/f/5/f/4f5fe61475b038bee865b9dc2ba9571ecffbaf28_Arena_Bildst__ckli___Foto_von_Andreas_Steiger_Fr__hling_2014__002_.jpg", "openstreetmap_id": "node/7128127640"}, "geometry": {"type": "Point", "coordinates": ["8.924471139907839", "47.24231299835728"]}}, {"type": "Feature", "properties": {"identifier": "28c40e6b-5cf4-42fe-a343-4dfd35df79c1", "name": "PADL Bodensee", "description": "Mit PADL Bodensee erleben Sie abenteuerliche Stunden am und auf dem Wasser, die jedes Paddelherz h\u00f6her schlagen lassen. Erfahrene Kursleiterinnen und Kursleiter begleiten Ihre Gruppe auf dem idyllischen Gew\u00e4sser und sorgen f\u00fcr ein unvergessliches Erlebnis.", "url": "https://padl-bodensee.ch/de/", "image": "https://sgbtpimtsoch.sos-ch-dk-2.exoscale-cdn.com/catalog/e/6/d/e/e6de5d81517025f8084581d9124959c00a35c819_PADL_Bodensee_PADL_Festival_2022_Wake_up_Paddle_1.jpg", "openstreetmap_id": "node/6377781393"}, "geometry": {"type": "Point", "coordinates": ["9.3799292", "47.5644513"]}}, {"type": "Feature", "properties": {"identifier": "292dca50-53a2-43b9-a4a4-f797c4844d13", "name": "Garnhandw\u00e4rch", "description": "<p class=\"MsoNormal\">Im &bdquo;Flickw&auml;rch&rdquo; widmet sich Katja Frefel der Textilreparatur. Ob sichtbar oder unsichtbar: Lieblingsst&uuml;cke werden sorgf&auml;ltig gerettet, kreativ erneuert und zu Unikaten verwandelt. So entstehen neue Werte, und Ressourcen werden geschont. Wer selbst Hand anlegen m&ouml;chte, kann in einem der Kurse das Flicken von Kleidungsst&uuml;cken erlernen.</p><p class=\"MsoNormal\">Katja Frefel zeigt an Veranstaltungen den Weg des Flachses &ndash; einer der &auml;ltesten Kulturpflanzen &ndash; vom zarten Pfl&auml;nzchen bis zum fertigen Leinen. Die Teilnehmenden erleben dabei die Geschichte, die Nachhaltigkeit und die vielseitigen Eigenschaften des Materials.</p>", "url": "https://www.garnhandwaerch.ch/", "image": "https://sgbtpimtsoch.sos-ch-dk-2.exoscale-cdn.com/catalog/3/c/f/2/3cf2f4300fc65301933f084bc9f6dc993aa3b2b1_20251001_garnhandwaerch_titelbild.jpg", "openstreetmap_id": "way/789625610"}, "geometry": {"type": "Point", "coordinates": ["9.364393", "47.418072"]}}, {"type": "Feature", "properties": {"identifier": "29fde06b-b5bb-4f6e-8280-92c50d658b04", "name": "B\u00e4ckerei Morger", "description": "<p>Die B&auml;ckerei Morger in Neuhaus und in Eschenbach bietet nebst den verschiedenen Broten und Kleingeb&auml;ck auch regionale Produkte aus dem Lebensmittelladen an. Denn in Neuhaus ist die B&auml;ckerei zus&auml;tzlich eine Postagentur und ein Lebensmittelladen.&nbsp;</p><p><span style=\"font-weight: bold;\">Angebot:</span></p><ul><li>Brot, div. Spezialbrote, Gipfeli, Zopf</li><li>Nussgipfel, W&auml;hen, Kleingeb&auml;ck, Torten Patisserie</li><li>Sandwiches, Canap&eacute;s, Bircherm&uuml;esli</li><li>Kaffee zum Mitnehmen</li><li>Partybrote (mit diversen F&uuml;llungen)</li><li>Partyservice (Ap&eacute;ro- und Dessertbuffet)</li></ul><p>Filiale Eschenbach:<br>Mo-Fr 06.00 - 12.15 und 14.00 - 18.30 Uhr<br>Sa 06.00 - 13.00 Uhr<br>So 06.30 - 12.00 Uhr<br>Tel. 055 282 11 44<br><br>Filiale Uznach:<br>Mo-Fr 06.00 - 12.30 Uhr<br>Sa-So 06.30 - 11.30 Uhr<br>Tel. 077 538 20 18</p>", "url": "https://www.baeckerei-morger.ch/#", "image": "https://sgbtpimtsoch.sos-ch-dk-2.exoscale-cdn.com/catalog/a/6/d/b/a6dbda7acc59097fa6922bc0845f8de70849dd9e_Morger.jpg", "openstreetmap_id": "node/659837458"}, "geometry": {"type": "Point", "coordinates": ["8.9471241", "47.2428859"]}}, {"type": "Feature", "properties": {"identifier": "2a24b658-8951-4014-b23e-f979039477c2", "name": "Schneeschuh Touren", "description": "<p>Erkunden Sie die herrlich verschneite Voralpen-Landschaft mit Schneeschuhen. Im Atzm&auml;nnig-Gebiet sind zwei Schneeschuh-Trails markiert, welche individuell begehbar und auch f&uuml;r Anf&auml;nger gut machbar sind.</p><p>Der Start ist jeweils bei der Bergstation Atzm&auml;nnig.</p><p><span style=\"font-weight: bold;\">Route 1: Chr&uuml;zegg</span><br>Atzm&auml;nnig Bergstation - Chr&uuml;zegg - Atzm&auml;nnig Talstation<br>Distanz: 7km, Laufzeit: 3-4 Stunden</p><p><span style=\"font-weight: bold;\">Route 2: Altschwand</span><br>Atzm&auml;nnig Bergstation - Altschwand - Atzm&auml;nnig Talstation<br>Distanz: 3.5km, Laufzeit: 1.5 bis 2 Stunden</p><p>An beiden Touren liegen mindestens je zwei Restaurants. Schneeschuhe k&ouml;nnen bei der Talstation Atzm&auml;nnig gemietet werden.</p><p>Es werden auch gef&uuml;hrte Touren angeboten wie die Vollmond-Schneeschuh-Tour.</p><p class=\"MsoNormal\">Anreise mit den &ouml;ffentlichen Verkehrsmitteln:<br>Bus 630 von Eschenbach (Dorftreff) nach Hintergoldingen (Atzm&auml;nnig Schutt)</p>", "url": "https://www.atzmaennig.ch/de/winter/winterangebote/schneeschuhtrail/?gad_source=1&gclid=Cj0KCQjw05i4BhDiARIsAB_2wfC_DDWVt_KfyfCe-R8ZmATYoNbhEMg4Y1rTeI_tNQp_Vfkb2zIEagcaAjrGEALw_wcB", "image": "https://sgbtpimtsoch.sos-ch-dk-2.exoscale-cdn.com/catalog/3/b/6/9/3b6989e84d26c23e64bc1126e645916c0d6d62e9_2024_schneeschuh9.jpg", "openstreetmap_id": "way/231502473"}, "geometry": {"type": "Point", "coordinates": ["8.99704973589569", "47.28537835"]}}, {"type": "Feature", "properties": {"identifier": "2a33e6ea-716d-4a05-9d24-e1bd3f58fffd", "name": "Cafe\u0301 Bar Blumenmarkt", "description": "<p>Im Herzen der Stadt &ndash; wie der Name sagt, gleich am Blumenmarkt &ndash; befindet sich die gem&uuml;tliche Caf&eacute; Bar. Morgens werden Granola und Bircherm&uuml;esli serviert, mittags werden Stammg&auml;ste und Reisende mit Salaten, Suppen, Quiches aber auch mit Cakes und Brownies verw&ouml;hnt. Abends verwandelt sich die Blumenmarkt Caf&eacute; Bar zum lokalen Treffpunkt f&uuml;r Nachtschw&auml;rmer mit feinen Beats, kreativen Drinks und tollen Antipasti. Samstags und sonntags stehen leckere Brunchgerichte zur Auswahl.&nbsp;</p>", "url": "http://www.blumenmarktbar.ch", "image": "https://sgbtpimtsoch.sos-ch-dk-2.exoscale-cdn.com/catalog/f/f/1/9/ff191c5d1b558280a8e8f400f77a06f89d2018fa_R0015688b2.jpg", "openstreetmap_id": "node/4092576490"}, "geometry": {"type": "Point", "coordinates": ["9.3747487", "47.4258812"]}}, {"type": "Feature", "properties": {"identifier": "2b8be17d-54ba-454d-beb6-8540c254d8e9", "name": "Landi Goldingen", "description": "<p><span style=\"font-weight: bold;\">Angebot:</span></p><ul><li>Lebensmittelladen mit frischem Brot</li><li>integrierte Poststelle</li><li>Heiz\u00f6l- und Treibstoffservice</li><li>Futtermittel</li><li>Getr\u00e4nkelieferung</li><li>Swisslos Partner Verkauf Goldschatz Wein</li></ul>", "image": "https://sgbtpimtsoch.sos-ch-dk-2.exoscale-cdn.com/catalog/5/d/7/9/5d79ade4411f8ce85a5a3f4fdb9cb5abcbf3875d_Goldingertal_Atzmaennig_HR_439_carina.jpg", "openstreetmap_id": "way/270254267"}, "geometry": {"type": "Point", "coordinates": ["8.960201541906883", "47.2642988"]}}, {"type": "Feature", "properties": {"identifier": "2e756ad1-4cf3-454c-85df-55cc23b70a8a", "name": "Winter Arena \"Spatzenland\"", "description": "<p>Unmittelbar neben der Brustenegg-H&uuml;tte im Atzm&auml;nnig, an sonniger Lage, befindet sich die Winter Arena &laquo;Spatzenland&raquo;. B&ouml;gli, F&auml;hnli, ein 24 Meter langes F&ouml;rderband und viele weitere spassige Hilfsmittel bieten die unterschiedlichsten M&ouml;glichkeiten, den Schneesport spielerisch zu erlernen und anforderungsgerecht zu gestalten. Das perfekte Einstiegsgel&auml;nde f&uuml;r alle Beginner, egal ob Kind oder Erwachsen.</p><p class=\"MsoNormal\">Anreise mit den &ouml;ffentlichen Verkehrsmitteln:<br>Bus 630 von Eschenbach (Dorftreff) nach Hintergoldingen (Atzm&auml;nnig Schutt)</p>", "url": "https://www.atzmaennig.ch/", "image": "https://sgbtpimtsoch.sos-ch-dk-2.exoscale-cdn.com/catalog/4/e/4/a/4e4a590837e2bbf93841ba395cc87d40f76167c1_2024_winter_arena_atzm__nnig_02.jpg", "openstreetmap_id": "way/196376534"}, "geometry": {"type": "Point", "coordinates": ["8.993768692016603", "47.282770133484036"]}}, {"type": "Feature", "properties": {"identifier": "2f206b67-0327-454f-9ba4-50a61d6f144e", "name": "Hobby-Drechsler Sepp R\u00fcegg", "description": "<p>Im Atelier von Sepp R\u00fcegg gibt es viel zu bewundern. Aus diversen Holzarten wie Fichte, Eiche, Nussbaum etc. stellt Sepp wundersch\u00f6ne Unikate her.&nbsp;</p><p><span style=\"font-weight: bold;\">Angebot:</span></p><ul><li>Kerzenst\u00e4nder</li><li>Teller und Schalen</li><li>Kugelschreiber</li><li>Brief\u00f6ffner</li><li>Deko-Fr\u00fcchte, Holz-Pilze</li><li>Weink\u00fchler und vieles mehr<br><br></li></ul><p>Vorbeischauen lohnt sich! Einfach einen Termin vereinbaren und Sepp \u00f6ffnet seine T\u00fcren.&nbsp;</p>", "image": "https://sgbtpimtsoch.sos-ch-dk-2.exoscale-cdn.com/catalog/8/b/f/1/8bf12783a03cf497e0aacd43390936867300d5ae_007.jpg", "openstreetmap_id": "way/1091572007"}, "geometry": {"type": "Point", "coordinates": ["8.944361830207608", "47.24908395"]}}, {"type": "Feature", "properties": {"identifier": "2f76b934-6330-4e42-bf56-d5a0511cfd34", "name": "Feuerstelle Schlotterschlucht", "description": "<p>Auf dem Weg Richtung Tal befindet sich die Feuerstelle \"Schlotterschlucht mit Holz und Grillrost. Ideal um eine Pause einzulegen und die herrliche Aussicht zu geniessen.&nbsp;</p>", "image": "https://sgbtpimtsoch.sos-ch-dk-2.exoscale-cdn.com/catalog/b/1/9/b/b19b4a5bdf10af458a72fc6ed49449d2188061c0_feuerstelle_schlotterschlucht_klein.jpg", "openstreetmap_id": "node/5283577927"}, "geometry": {"type": "Point", "coordinates": ["8.996729850769045", "47.27819528344357"]}}, {"type": "Feature", "properties": {"identifier": "2f87ea07-88d0-45ff-a6c7-d48bdbfdce9b", "name": "Wandern im Atzm\u00e4nnig - Route 2", "description": "<p>Diese Rundwanderung startet bei der Talstation Atzm&auml;nnig, von der aus mit der Sesselbahn (&Ouml;ffnungszeiten beachten) die H&ouml;henmeter &uuml;berwunden werden k&ouml;nnen. Von der Bergstation geht es durch den Wald talw&auml;rts in ca. 35 Minuten zum&nbsp;<a href=\"https://goldingertal.ch/de/map/details/alpwirtschaft-huettenberg-1872d1ad-bdf5-4fda-8d42-522dedca40cf.html\" target=\"_blank\" rel=\"noopener\">Bergrestaurant H&uuml;ttenberg</a> (Holzwegweiser beachten). Auf dem R&uuml;ckweg f&uuml;hrt der Weg &uuml;ber den Vorderen Rotstein und die Schwammegg zur Bergstation.&nbsp;</p><p>Wanderzeit: ca. 1 1/4 Std.&nbsp;&nbsp;</p><p>Anreise mit den &ouml;ffentlichen Verkehrsmitteln:<br>Bus 630 von Eschenbach (Dorftreff) nach Hintergoldingen (Atzm&auml;nnig Schutt)</p>", "url": "https://www.atzmaennig.ch/", "image": "https://sgbtpimtsoch.sos-ch-dk-2.exoscale-cdn.com/catalog/d/9/8/c/d98c22bd903fd0d453967f36e2aad647e4386fff_Goldingertal_Atzmaennig_HR_144_Carina_Scheuringer.jpg", "openstreetmap_id": "way/231502473"}, "geometry": {"type": "Point", "coordinates": ["8.995796442031862", "47.2848150544246"]}}, {"type": "Feature", "properties": {"identifier": "30bcbeb1-602a-4219-8868-0b51386dc52c", "name": "Rodeln im Atzm\u00e4nnig", "description": "<p>Mit der Sesselbahn gelangen Sie bequem zum Start und geht von da an nur noch steil bergab. Sie rasen auf 700m durch Tunnels, &uuml;ber Bach&uuml;bergange und in erh&ouml;hte Steilkurven &ndash; bis zum Ziel, das sich 126m weiter unten befindet.</p><p>Sp&uuml;ren Sie den Rausch der Geschwindigkeit und geben Sie Vollgas. Aber keine Angst, denn der Rodel l&auml;sst sich nicht nur leicht beschleunigen, sondern auch innert k&uuml;rzester Zeit wieder bremsen.</p><p>Unten bei der Talstation gibt es weitere Attraktivit&auml;ten um den Tag ausklingen zu lassen.</p><p class=\"MsoNormal\">Anreise mit den &ouml;ffentlichen Verkehrsmitteln:<br>Bus 630 von Eschenbach (Dorftreff) nach Hintergoldingen (Atzm&auml;nnig Schutt)</p>", "url": "https://www.atzmaennig.ch/de/sommer/sommerangebote/rodelbahn/", "image": "https://sgbtpimtsoch.sos-ch-dk-2.exoscale-cdn.com/catalog/3/8/c/c/38cc311c7babeea95f49982dbec07d8fb6363a55_Rodelbahn5__1_.jpg", "openstreetmap_id": "way/911466485"}, "geometry": {"type": "Point", "coordinates": ["8.995742797851564", "47.28479013960538"]}}, {"type": "Feature", "properties": {"identifier": "30ea25fc-7d10-4461-a95f-e2a3c320a8ab", "name": "Wandern im Atzm\u00e4nnig - Route 4", "description": "<p>Diese sch&ouml;ne Wanderung startet bei der Talstation Atzm&auml;nnig, von der aus mit der Sesselbahn (&Ouml;ffnungszeiten beachten) die H&ouml;henmeter &uuml;berwunden werden k&ouml;nnen. Oben gehen Sie Richtung Chr&uuml;zegg via Schwammegg-Rotstein-Tweralpspitz-Tweralph&uuml;tte. Bei der H&uuml;tte ca. 200m weiter unterhalb den Wegweiser beachten, dann Richtung Restaurant Altschwand gehen und wieder zur&uuml;ck zur Talstation Schutt.</p><p>Wanderzeit: ca. 2 1/4 Std.&nbsp;</p><p>Der Weg f&uuml;hrt an verschiedenen Feuerstellen vorbei.&nbsp;</p><p>Anreise mit den &ouml;ffentlichen Verkehrsmitteln:<br>Bus 630 von Eschenbach (Dorftreff) nach Hintergoldingen (Atzm&auml;nnig Schutt)</p>", "url": "https://www.atzmaennig.ch/", "image": "https://sgbtpimtsoch.sos-ch-dk-2.exoscale-cdn.com/catalog/4/1/5/1/4151b7b4bbb20bb5bd43aa64ad0504e950d0712b_Carina_Scheruinger_Goldingertal_Atzmaennig_HR_259.jpg", "openstreetmap_id": "way/231502473"}, "geometry": {"type": "Point", "coordinates": ["8.995640873908998", "47.28477865998415"]}}, {"type": "Feature", "properties": {"identifier": "3124fca2-5548-4a32-822c-1948511fbbc5", "name": "Schlafen im Zirkuswagen", "description": "<p>In zwei gem\u00fctlichen Zirkuswagen k\u00f6nnen bis zu je 4 Personen gem\u00fctliche Ferientage geniessen. Die W\u00e4gen sind das ganze Jahr \u00fcber buchbar. Kinder d\u00fcrfen mit auf die F\u00fcttertour. Die Verpflegung gibts im Hofst\u00fcble. </p><p><span style=\"font-weight: bold;\">Neu ab Mai:</span> </p><ul><li>haben wir auch noch eine Kinderpauschale zum Kinderbuch \"Konrad Kupferhals\", bei diesem Angebot stehen die Kinder und die kleine Kupferhalsziege Konrad im Mittelpunkt</li><li>Angebot Romatik pur...<br></li></ul>", "url": "http://www.rueegg4you.ch/", "image": "https://sgbtpimtsoch.sos-ch-dk-2.exoscale-cdn.com/catalog/e/f/6/a/ef6a2ce7641052ef1ce196bdf985256ac1f6b03b_IMG_20210428_143507.jpg", "openstreetmap_id": "node/5503373556"}, "geometry": {"type": "Point", "coordinates": ["8.895497918128969", "47.24265532084563"]}}, {"type": "Feature", "properties": {"identifier": "3176f684-0c75-4118-81ff-c16fe5cd2d2f", "name": "Hubertinger Bio-Weide-Beef", "description": "<p>Die Hubertinger Angus-Weide-Rinder d\u00fcrfen ein Alter von ca. 18-24 Monaten erreichen. Das Futter f\u00fcr die Rinder ist im Sommer die Weide und im Winter Heu und Silage aus eigenem Anbau. Zus\u00e4tze wie Leistungsf\u00f6rderer (Hormone), Medikamente (Antibiotika) oder \u00e4hnliches werden dem Futter nicht beigemischt. </p><p><span style=\"font-weight: bold;\">Angebot:</span> </p><ul><li>Mischpakete \u00e0 10kg / 5kg CHF 33.-/kg<br><br></li></ul><p><span style=\"font-weight: bold;\">Im 10kg Mischpaket enthalten:</span> </p><ul><li>Voressen (ca. 1,2kg) </li><li>Braten (ca. 1,5kg) </li><li>Siedfleisch (ca. 1.5kg) </li><li>Gehacktes (ca. 2.0kg) </li><li>Geschnetzeltes (ca. 1.0kg)</li><li> Pl\u00e4tzli \u00e0 la Minute (ca. 1.0kg) </li><li>Gulasch (ca. 0.4kg) </li><li>Filet oder Huft (ca. 0.5kg) </li><li>Hohr\u00fcckensteak (ca. 0.3kg) </li><li>Entrec\u00f4te (ca. 0.6kg) </li></ul><p><br>Auf Anfrage auch Einzelportionen erh\u00e4ltlich! </p><p><span style=\"font-weight: bold;\">Zu empfehlen sind auch:</span><span style=\"font-weight: 700;\"><br></span>Mostbr\u00f6ckli, Buuresch\u00fcblig, Hamburger, Grill-Sch\u00fcblig, Chili-Sch\u00fcblig.</p><p><span style=\"font-weight: bold;\">Erreichbarkeit:</span> <br>Der Hubertingerhof liegt an einem kleinen Str\u00e4sschen (Veloweg, Wanderweg) vom Dorf Goldingen nach Laupen/Diemberg. </p><p><span style=\"font-weight: bold;\">Und sonst noch:</span></p><ul><li>Teilnahme bei <a href=\"https://www.schweizerbauern.ch/bauernhof-erleben/auf-dem-bauernhof/stallvisite/\" target=\"_blank\">stallvisite.ch</a> - Bauernh\u00f6fe \u00f6ffnen ihre Stallt\u00fcren f\u00fcr die Bev\u00f6lkerung</li><li>Partyraum zu vermieten </li><li>3 einfache Stellpl\u00e4tze</li></ul>", "image": "https://sgbtpimtsoch.sos-ch-dk-2.exoscale-cdn.com/catalog/4/2/0/8/42082d2d8d153a82cc13597ee15b7eb668aa450a_Hubertingerhof_Hauptbild.jpg", "openstreetmap_id": "node/11266103951"}, "geometry": {"type": "Point", "coordinates": ["8.9439967", "47.2609884"]}}, {"type": "Feature", "properties": {"identifier": "32dca0a6-1a69-4a9a-bb32-e443ff3656f8", "name": "Coiffeur Schnitt|werk", "description": "<p>Im modernen Coiffeursalon von Kathrin wird das Wohlbefinden des Kunden gross geschrieben. Ob die Haare nur gestylt werden sollen oder mit einem neuen Schnitt versehen, Kathrin wird den Wunsch erf\u00fcllen.&nbsp;</p><p>Wenn Kathrin nicht in ihrem Coiffeursalon anzutreffen ist, widmet sie sich dem zweiten Standbein der Fotografie. Sie liebt es Familien, Baby und Hochzeitsfotos f\u00fcr unvergessliche Erinnerungen zu machen.&nbsp;</p>", "url": "https://www.schnitt-werk.ch/", "image": "https://sgbtpimtsoch.sos-ch-dk-2.exoscale-cdn.com/catalog/9/a/9/3/9a938f587abe7be0aa38833ef20db3e19f4d2c33_KathrinDietziker_Schnittwerk_03.jpg", "openstreetmap_id": "way/270254329"}, "geometry": {"type": "Point", "coordinates": ["8.966785820384615", "47.261727"]}}, {"type": "Feature", "properties": {"identifier": "33304efc-562f-458a-9f35-0a03e7b672e4", "name": "Ski- & Snowboard-Center Neuhaus", "description": "<p>Das Hauptaugenmerk ist, den Wintersport f\u00fcr Familien erschwinglich zu machen, dies auf diversen Ebenen (vern\u00fcnftiges Preissortiment, Kinder-System-Programm, verg\u00fcnstigte Tageskarten, etc.). </p><p>Im Ski- &amp; Snowboard-Center finden Sie aber auch alles f\u00fcr den Wandersport, denn seit \u00fcber 10 Jahren ist das Gesch\u00e4ft das ganze Jahr ge\u00f6ffnet! Ein Familienbetrieb der f\u00fcr Familien da ist! </p><p><span style=\"font-weight: bold;\">Angebot im Winter:</span></p><ul><li>Ski- und Snowboard-Artikel</li><li>Kinder-System-Programm</li><li>Ski- &amp; Snowboard-Service</li><li>Wintersportbekleidung f\u00fcr Erwachsene und Kinder</li><li>Schneeschuhe</li><li>verg\u00fcnstigte Tageskarten </li></ul><p><span style=\"font-weight: bold;\"><br></span></p><p><span style=\"font-weight: bold;\">Angebot im Sommer:</span></p><ul><li>Freizeit\u2013 und Wanderschuhe f\u00fcr Kinder und Erwachsene</li><li>Rucks\u00e4cke f\u00fcr Kinder und Erwachsene</li><li>Freizeit\u2013 und Wanderbekleidung f\u00fcr Erwachsene und Kinder</li><li>\u00dcbersommerungs-Service f\u00fcr Ihre Ski\u2013 oder Snowboardausr\u00fcstung </li><li>Retournierungsm\u00f6glichkeit f\u00fcr Winter-Kinder-System-Ausr\u00fcstung - (idealerweise bis Anfangs Juli)</li></ul>", "url": "https://skicenter.ch/", "image": "https://sgbtpimtsoch.sos-ch-dk-2.exoscale-cdn.com/catalog/a/8/1/3/a8135224863f53d1246c9970b9d9c71c265ee7ff_IMG_5475.jpg", "openstreetmap_id": "node/8993365007"}, "geometry": {"type": "Point", "coordinates": ["8.9481335", "47.2431951"]}}, {"type": "Feature", "properties": {"identifier": "33949ea5-177d-4669-bacc-ecd23d1c47fb", "name": "Bergrestaurant Atzm\u00e4nnig Harz", "description": "<p>Das gem\u00fctliche Bergrestaurant Atzm\u00e4nnig Harz liegt etwa 5 Gehminuten von der Bergstation entfernt direkt an der Wanderroute und Skipiste. Mit rustikalen Speisen, feinem Kaffee oder Desserts l\u00e4dt es zu einer Pause ein. Dabei k\u00f6nnen Sie im Restaurant sowie auf der grossen Terrasse die Sonne und das wunderbare Panorama von den Churfirsten bis ins Berner Oberland geniessen. </p><p>Jeden Sonntag auf Voranmeldung (von Mai bis Oktober) wird ein reichhaltiges Fr\u00fchst\u00fccksbuffet angboten.<br></p>", "url": "https://www.bergrestaurant-atzmaennig.ch/", "image": "https://sgbtpimtsoch.sos-ch-dk-2.exoscale-cdn.com/catalog/e/0/1/f/e01f04613e60d0126cf17c4b844bb4ff9f4e0363_goldingen_bergrestaurant_harz_atzmaennig.jpg", "openstreetmap_id": "node/5283577927"}, "geometry": {"type": "Point", "coordinates": ["9.007952213287355", "47.27846099255573"]}}, {"type": "Feature", "properties": {"identifier": "3633c28d-08f4-42c1-87e9-8a1cb001ad08", "name": "Rhein-Route Highlights (5 Tage / 4 N\u00e4chte) | Saison 2 Kategorie A", "description": "<p>Die Rhein-Route umspannt den Osten der Schweiz in einem weiten Bogen. Auf dieser Reise entdecken Sie die Highlights dieser Route und radeln vom weiten Bodensee, wo Obstg&auml;rten, Schl&ouml;sser und fr&ouml;hliches Touristengeschnatter die Gestade des gr&uuml;n und silbern schimmernden &laquo;schw&auml;bischen Meeres&raquo; zieren bis nach Basel.</p><p>Saison 2: vom 25. April bis 25. September 2026</p><p class=\"MsoNormal\">Kategorie A: ab CHF 1055.00</p><p>Der genaue Reiseverlauf ist&nbsp;<a href=\"https://shop.st.gallen-bodensee.ch/de/products/rheinroute-highlights-5-tage-4-naechte-saison-2-kategorie-a\" target=\"_blank\" rel=\"noopener\">hier</a> ersichtlich.</p>", "url": "https://www.eurotrek.ch", "image": "https://sgbtpimtsoch.sos-ch-dk-2.exoscale-cdn.com/catalog/6/6/e/6/66e68bbc96b0f8b1017bcca6a525b0f407c4e312_Rheinroute_Dig_Marktplatz.jpg", "openstreetmap_id": "node/1349145879"}, "geometry": {"type": "Point", "coordinates": ["9.505248", "47.4780562"]}}, {"type": "Feature", "properties": {"identifier": "36fc51fe-f77b-4066-aa01-9c5f908d1641", "name": "Restaurant M\u00fcrtschen", "description": "<p>Als Teil des Pflegezentrums Eschenbach ist das Restaurant M\u00fcrtschen ein beliebter Treffpunkt f\u00fcr die Bewohnerinnen und Bewohner sowie auch externe G\u00e4ste. Geniessen Sie t\u00e4glich saisonale K\u00f6stlichkeiten, gesch\u00e4tzte Klassiker oder einfach Kaffee und Dessert im Herzen von Eschenbach.&nbsp;</p><p>Bei sch\u00f6nem Wetter, wird ebenfalls auf der Terrasse bedient.&nbsp;</p><p>Die Cafeteria bietet 44 Pl\u00e4tze. Auch Gruppen sind willkommen.&nbsp;<br></p>", "url": "https://pflegezentrum-eschenbach.ch/restaurant-muertschen/", "image": "https://sgbtpimtsoch.sos-ch-dk-2.exoscale-cdn.com/catalog/5/9/7/4/5974c4ce8775f6f3d9f36718b5fb8bb285e083d8_PZEschenbach_HausM__rtschen_7.jpg", "openstreetmap_id": "way/397556582"}, "geometry": {"type": "Point", "coordinates": ["8.919250958742332", "47.2390026"]}}, {"type": "Feature", "properties": {"identifier": "371207fb-bed6-440f-a75c-0bb2f181748f", "name": "Firmenmuseum Schneider Busbetriebe in Ermenswil", "description": "<p>In den Sommermonaten kann die Museumsbesichtigung mit einer Oldtimer-Busfahrt erg\u00e4nzt werden.<br></p>", "image": "https://sgbtpimtsoch.sos-ch-dk-2.exoscale-cdn.com/catalog/a/3/2/2/a3221297ca9a7958303cbf5995cd9606b6797416_2024_Schneider_Museum_Busse_geschm__ckt_MG_5857.JPG", "openstreetmap_id": "way/383760599"}, "geometry": {"type": "Point", "coordinates": ["8.884280920028688", "47.244716840520816"]}}, {"type": "Feature", "properties": {"identifier": "37aff33b-624f-4314-87cf-1fcc6a15a3f3", "name": "H\u00fcppi Dachbau AG", "description": "<p>Das abwechslungsreiche Aufgabengebiet sorgt f\u00fcr eine spannende Vielfalt im Alltag.</p><p>Im Team der H\u00fcppi Dachbau AG finden sich ausserdem zahlreiche Hobbyk\u00fcnstler, die ihre Kreativit\u00e4t entfalten und eine Reihe von einzigartigen Holzspielzeugen herstellen. Diese kunstvollen Werke k\u00f6nnen vor Ort bewundert und auch erworben werden.<br></p>", "url": "https://www.hueppi-dachbau.ch/", "image": "https://sgbtpimtsoch.sos-ch-dk-2.exoscale-cdn.com/catalog/7/9/5/2/79524d18460cbc1bdb3b982e59d89291cb23e821_2020_diverse_holzkreationen.jpg", "openstreetmap_id": "way/272111704"}, "geometry": {"type": "Point", "coordinates": ["8.968346144573896", "47.270816100000005"]}}, {"type": "Feature", "properties": {"identifier": "38121dd8-470f-48bf-b4de-ab145a39cebb", "name": "Atzm\u00e4nnig-Schnee", "description": "<p>Der landwirtschaftliche Betrieb befindet sich 1 Km vor den Sportbahnen Atzm\u00e4nnig und umfasst ca. 28 K\u00fche (Raus-Label), 40 Rinder, 20 Mastk\u00e4lber (IP-Suisse-Label) und 50 H\u00fchner. 21 ha landwirtschaftliche Nutzfl\u00e4che befindet sich in der Bergzone 2 und 19 ha befinden sich in der Bergzone 3 (gleich unterhalb der Chr\u00fczegg). Zus\u00e4tzlich geh\u00f6ren 23 ha Wald zum Betrieb. Einige Fl\u00e4chen werden mit \u00d6ko-Qualit\u00e4t bewirtschaftet, z.B. Magerwiesen, Hecken, extensiv genutzte Weiden mit Strukturvielfalt, extensiv genutzte Wiesen, Obstgarten und Krauts\u00e4ume entlang der Waldr\u00e4nder. </p><p>Im L\u00e4deli werden Eier und Atzm\u00e4nnig-Schnee (Weichk\u00e4se) verkauft. Fleisch-Mischpakete und Holz k\u00f6nnen telefonisch bestellt werden. </p><p>Ab November werden ebenfalls Tannen\u00e4ste verkauft.</p>", "image": "https://sgbtpimtsoch.sos-ch-dk-2.exoscale-cdn.com/catalog/3/b/3/2/3b32e3e5471a2f1933344851abe5bbf9cbc53363_rossfallen_350.jpg", "openstreetmap_id": "way/271923960"}, "geometry": {"type": "Point", "coordinates": ["8.988395200481534", "47.28928595"]}}, {"type": "Feature", "properties": {"identifier": "3882c0bc-0cff-4b96-80c0-014360c2666c", "name": "Hof Nauen - Landwirtschaft mit Tradition", "description": "<p>Die Mutterkuhhaltung und die Bewirtschaftung der Wiesen und Weiden bilden einen wichtigen Teil des Betriebs. Daneben geh&ouml;ren auch die Holzverarbeitung, die Kastanien und die Produktion eigener Hofprodukte zum vielseitigen Hofalltag.&nbsp;</p><p>Einen Teil des eigenen Rindfleisches vermarktet die Familie Riget direkt ab Hof als SwissPrime Beef Mischpakete auf Bestellung. Auch die eigenen Kastanien bieten sie saisonal direkt ab Hof oder bei diversen Partnern an.&nbsp;</p><p>Sie legen Wert auf eine nachhaltige Bewirtschaftung, regionale Kreisl&auml;ufe und einen sorgf&auml;ltigen Umgang mit Natur und Ressourcen. Ihr Hof ist nicht nur Arbeitsplatz sondern ein St&uuml;ck Heimat, dass die Familie mit viel Herzblut bewirtschaftet und weiterentwickelt.&nbsp;</p>", "image": "https://sgbtpimtsoch.sos-ch-dk-2.exoscale-cdn.com/catalog/c/3/c/3/c3c35ed90c5dd1d3a2be7ec758bd35b73544ca3d_IMG20250504111045.jpg", "openstreetmap_id": "node/13098941817"}, "geometry": {"type": "Point", "coordinates": ["8.962343931198122", "47.25060837505299"]}}, {"type": "Feature", "properties": {"identifier": "38c6a0a1-eb98-4b52-bb26-f10cbadad4e0", "name": "Meter \u2013 Offenes Flickatelier in der Textilwerkstatt", "description": "<p>M\u00f6chten Sie endlich die Hosen k\u00fcrzen, die Socken stopfen, das Kleid einnehmen oder das Loch im Lieblingspulli flicken? Dann sind Sie hier genau richtig! Ob Flickarbeiten, K\u00fcrzungen, \u00c4nderungen oder kleine kreative Ideen: In diesem offenen N\u00e4h-Atelier geht es ums Selbermachen. Alle sind willkommen, unabh\u00e4ngig von Vorkenntnissen oder Erfahrung.</p><p>Der Kurs findet alle zwei Wochen statt. Eine Anmeldung ist nicht notwendig. Wer spontan kommt, ist ebenso willkommen wie alle, die gerne im Voraus planen. Die Teilnahme erfolgt auf Kollektenbasis. Einfach vorbeikommen und ausprobieren!</p>", "url": "https://meter-sg.ch/", "image": "https://sgbtpimtsoch.sos-ch-dk-2.exoscale-cdn.com/catalog/4/a/d/8/4ad86283e8c718f7370c1ecd959c773e14d28063_Download.jpg", "openstreetmap_id": "node/10090620327"}, "geometry": {"type": "Point", "coordinates": ["9.354015", "47.419932"]}}, {"type": "Feature", "properties": {"identifier": "396d21ed-f3e6-4962-b02b-7964a58b1cca", "name": "Glasritz - Geschenke", "description": "<p>Hier werden einzigartige Geschenke f\u00fcr Hochzeit, Geburtstag, Muttertag, Weihnachten und vieles mehr gefunden. </p><p>Die pers\u00f6nlichen W\u00fcnsche und Ideen nimmt Irene gerne auf oder unterst\u00fctzt mit einer individuellen Beratung, das passende Sujet zu finden. Die Geschenke werden mit viel Liebe und Sorgfalt personalisiert.<br></p>", "url": "https://glasritz-geschenke.jimdofree.com/", "image": "https://sgbtpimtsoch.sos-ch-dk-2.exoscale-cdn.com/catalog/d/a/1/1/da11d76c9ef2643840e033906eb98ef08384a299_glas_ritzen_3.jpg", "openstreetmap_id": "way/273895515"}, "geometry": {"type": "Point", "coordinates": ["8.943466503930878", "47.24979"]}}, {"type": "Feature", "properties": {"identifier": "3989d366-2383-4915-a528-437234083f3d", "name": "Bio Hof Bl\u00f6chlinger", "description": "<p>Am Eingang vom Dorf Goldingen, auf dem Weg von B\u00fcrg Richtung Atzm\u00e4nnig, liegt der Bio Hof Bl\u00f6chlinger. Auf dem Hof leben Rinder, H\u00fchner und Masth\u00fchner. Der Obstgarten mit verschiedenen Obstb\u00e4umen liefert ein vielseitiges Angebot an \u00c4pfeln, Birnen, Kirschen, Zwetschgen, Esskastanien und Pflaumen. </p><p>An der Strasse vor dem Haus, vis-\u00e0-vis der K\u00e4serei Pfister, steht das Hofl\u00e4deli/Verkaufswagen. Darin werden die Bio Produkte zur Selbstbedienung angeboten. Die Bio Eier sind das ganze Jahr erh\u00e4ltlich. Das Bio Obst und S\u00fcssmost wird saisonal angeboten. Bio Poulet direkt ab Hof gibt es 2-3-mal pro Jahr und kann bestellt/reserviert werden. Bezahlt wird bequem per Twint oder mit Bargeld in die Kasse.<br></p>", "image": "https://sgbtpimtsoch.sos-ch-dk-2.exoscale-cdn.com/catalog/0/d/3/6/0d3601c843e3d0774450035a8bf2465ddd72c360_Bio_Hof_Bl__chlinger___Hauptbild_Verkaufwagen.jpg", "openstreetmap_id": "way/270254363"}, "geometry": {"type": "Point", "coordinates": ["8.967090735787309", "47.26098575"]}}, {"type": "Feature", "properties": {"identifier": "39fbf514-8f4c-475c-badc-e5c3e3ec815e", "name": "Kristallh\u00f6hle Kobelwald", "description": "Sie zieht allj\u00e4hrlich tausende von Besuchern in ihren Bann. Die H\u00f6hlenatmosph\u00e4re, die Tropfsteine, vorbei an funkelnden Calcit-Kristallen, das rauschende Wasser sowie die Ton- und Lichtverh\u00e4ltnisse \u00fcben auf j\u00fcngere und \u00e4ltere Besucher eine grosse Faszination aus. Als begehbare, wasserf\u00fchrende H\u00f6hle mit einem grossen Kristall-Vorkommen ist sie einmalig in der Schweiz.", "url": "http://www.kristallhoehle.ch", "image": "https://sgbtpimtsoch.sos-ch-dk-2.exoscale-cdn.com/catalog/5/2/3/3/5233e154ce810f722254e5a45104325e68761867_K_H__hle2__2.jpg", "openstreetmap_id": "node/653930472"}, "geometry": {"type": "Point", "coordinates": ["9.534201620600687", "47.322854221093124"]}}, {"type": "Feature", "properties": {"identifier": "3b6cb1c9-0af9-4fa0-91aa-b509bbc330d2", "name": "Gasthaus zum Ochsen", "description": "<p>Bereits in 6. Generation und der Chef kocht pers\u00f6nlich mit marktfrischen, saisonalen Zutaten aus der Region. \n\nDas Gasthaus liegt direkt am Jakobsweg und ist ein idealer Ausgangspunkt f\u00fcr Ausfl\u00fcge ins Neuh\u00fcsler- und Aabachtobel. Restaurant und Gaststube sind rollstuhlg\u00e4ngig. Es bietet verschiedene R\u00e4umlichkeiten f\u00fcr Bankette, Sitzungen, Familien- und Vereinsanl\u00e4sse und bewirtschaftet f\u00fcnf einfache G\u00e4stezimmer.\n\nAus der K\u00fcche gibt es diverse Fitnessteller und Salate im Sommer, regionale Wildgerichte im Herbst, Metzgete im Oktober, Kn\u00f6pfli- und R\u00f6stivariationen im Winter und Spargelgerichte im Fr\u00fchling.</p><p>Die G\u00e4stezimmer verf\u00fcgen \u00fcber Dusche/WC/F\u00f6hn/TV/WLAN.</p>", "url": "https://www.ochsenneuhaus.ch/", "image": "https://sgbtpimtsoch.sos-ch-dk-2.exoscale-cdn.com/catalog/8/4/8/3/848385549233453125f7eaa5af9d118ffcdb61dc_Gasthaus_zum_Ochsen.jpg", "openstreetmap_id": "way/281466781"}, "geometry": {"type": "Point", "coordinates": ["8.947250097249128", "47.243179"]}}, {"type": "Feature", "properties": {"identifier": "3bab97f1-dcb9-4d2a-89e0-bba1b5f10d48", "name": "Archehof R\u00fcegg", "description": "<p>Es ist einer der letzten 3 ProSpecieRara Archeh&ouml;fe und ist ein Schauhof f&uuml;r vom Aussterben bedrohte Nutztiere. F&uuml;r diese betreibt der Archehof eine Erhaltungszucht, auch fast vergessene Obstb&auml;ume stehen mit auf dem Hof. In diesem Rahmen haben Besucher die M&ouml;glichkeit auf dem Hof anhand von Infotafeln einiges &uuml;ber die Tiere zu erfahren oder den Hofbetrieb z.B. als Gesch&auml;fts- Gruppenausflug usw. f&uuml;r eine F&uuml;hrung ggf. auch mit Ap&eacute;ro oder Essen zu besuchen. Das Programm kann individuell zusammengestellt werden mit unterschiedlichen Themen oder spielerisch als Bauernhofolympiade.<br><br><span style=\"font-weight: bold;\"> Der Arche-Hof bietet aber noch viel mehr</span></p>\n<ul>\n<li>Schlafen im Zirkuswagen</li>\n<li>Hotpots</li>\n<li>Gruppenanl&auml;sse und div. Caterings auch f&uuml;r Hochzeiten</li>\n<li>Kindernachmittage und Kindergeburtstage</li>\n<li>Programme f&uuml;r Kinder bis zur Oberstufe</li>\n<li>Elternrunde</li>\n<li>Sommerlager<br><br></li>\n</ul>\n<p><span style=\"font-weight: bold;\">Angebot Hofladen</span></p>\n<ul>\n<li>Konfis, Eingemachtes, Honig, Sirup, Lik&ouml;re</li>\n<li>Wurst- oder Rauchwaren, Bauernspeck, Wollschwein-Spezialit&auml;ten</li>\n<li>Frischfleisch (Natura Beef, Wollschwein oder Gitzi) auf Bestellung</li>\n<li>Ziegenmilch und Ziegenk&auml;se</li>\n<li>Freilandeier, Wachteleier</li>\n<li>Guetzli, Holzofenbrote und Butterz&ouml;pfe</li>\n<li>Alpakawolle und Duvets mit Alpakawollf&uuml;llung</li>\n<li>Geschenkk&ouml;rbe</li>\n</ul>\n<p>Neben unseren eigenen, sehr vielf&auml;ltigen Produkten, findet man noch allerlei Geschenkideen in unseren \"Rent a box\" Angeboten, ein Platz wo man die M&ouml;glichkeit hat sich eine Box zu mieten, in dieser seine eigenen Produkte auszustellen, welche dann durch uns verkauft werden. Den K&auml;se haben wir bei uns haupts&auml;chlich aus dem Goldingertal, Molkereiprodukte von der Familie Neff aus Wald, Gem&uuml;se immer am Samstag frisch vom Auhof, Donnerstag, Freitag und Samstag frische Backwaren aus dem Steinbackofen.</p>\n<p><strong>Wochenm&auml;rkte / M&auml;rkte</strong></p>\n<ul>\n<li>Donnerstags - R&uuml;ti ZH</li>\n<li>Freitag Vormittag - Uster</li>\n<li>Freitag Nachmittag - Siebnen</li>\n<li>Samstag - St&auml;fa</li>\n</ul>\n<p>Des weiteren ist der Archehof auf diversen anderen M&auml;rkten anzutreffen.&nbsp;</p>", "url": "http://www.rueegg4you.ch", "image": "https://sgbtpimtsoch.sos-ch-dk-2.exoscale-cdn.com/catalog/a/7/0/e/a70e3b9f96278ad6a7e27050e9537702b4532fcd_Hof.jpg", "openstreetmap_id": "node/5503373556"}, "geometry": {"type": "Point", "coordinates": ["8.89548182487488", "47.24264819683947"]}}, {"type": "Feature", "properties": {"identifier": "3beb7c1f-9b35-4cae-adbd-82987275e9e1", "name": "Pilgerherberge St.Gallen", "description": "Die Herberge liegt am Rand der Altstadt St.Gallen, direkt am Jakobsweg, dem Kolumbansweg und an der Via Francisca, drei der bedeutendsten Pilgerwege, die durch die Schweiz f\u00fchren. Die Pilgerherberge Sankt Gallen wird von einem engagierten Team ehrenamtlicher Hospitaleras und Hospitaleros gef\u00fchrt \u2013 viele von ihnen sind selbst erfahrene Pilgerinnen und Pilger. Sie sorgen mit viel Engagement und Gastfreundschaft daf\u00fcr, dass sich die Pilger willkommen f\u00fchlen. Die Tradition der Pilgerherbergen geht auf Kl\u00f6ster, Hospit\u00e4ler und Hospize zur\u00fcck, die seit Jahrhunderten Pilgernde auf ihrem Weg unterst\u00fctzen. Die Pilgerherberge St.Gallen setzt diese Tradition fort und bietet eine einfache, aber gem\u00fctliche Unterkunft f\u00fcr alle, die auf Pilgerwegen unterwegs sind.", "url": "https://pilgerherberge-sg.ch/reservation/", "image": "https://sgbtpimtsoch.sos-ch-dk-2.exoscale-cdn.com/catalog/4/1/4/2/41428b5bfc5473fd74a9d488bd9572dce986142e_pilgerherberge_st.gallen.jpg", "openstreetmap_id": "node/11299979042"}, "geometry": {"type": "Point", "coordinates": ["9.3830486", "47.4249312"]}}, {"type": "Feature", "properties": {"identifier": "3c57da83-c0c2-4983-8269-9a14399cd3cd", "name": "Restaurant Landhaus Rheineck", "description": "Die sorgf\u00e4ltig restaurierte Gaststube aus dem Jahr 1582 bietet eine stimmige Kulisse aus alt und neu. Im Saal k\u00f6nnen bis zu 80 Personen das charmante und liebevoll gestaltete Ambiente des Landhauses geniessen. Die K\u00fcche ist saisonal, regional und modern - authentisch, frisch und von konstanter Qualit\u00e4t.\nLass dich von uns zu unvergesslichen Momenten einladen - im Landhaus Rheineck, wo Genuss eine Heimat findet.", "url": "http://www.landhaus-rheineck.ch", "image": "https://sgbtpimtsoch.sos-ch-dk-2.exoscale-cdn.com/catalog/f/0/6/6/f06636c2929f53e02470058fcfeb792e1625f037_Restaurant__1___3.jpg", "openstreetmap_id": "node/2534668178"}, "geometry": {"type": "Point", "coordinates": ["9.58161", "47.46204"]}}, {"type": "Feature", "properties": {"identifier": "3c88e077-8576-4944-a23d-3fb36da2d575", "name": "Aabachtal - Neuh\u00fcslertobel", "description": "<p>Der Aabach entspringt an den H&auml;ngen der Chr&uuml;zegg und m&uuml;ndet bei Schmerikon in den Z&uuml;richsee. Die wildromantische Schlucht befindet sich zwischen der Holzbr&uuml;cke in Neuhaus und dem Stauwehr im Tobel. Die imposanten steilen Nagelfluhw&auml;nde und die Sch&ouml;nheit des Tobels macht es zu einem wahren Naturparadies, welches kreatives Schaffen mit Steinen und das Grillieren an kleinen Feuerstellen Jung und Alt erfreut.</p><p>Anreise mit den &ouml;ffentlichen Verkehrsmitteln:<br>Bus 622 oder 631 von Eschenbach (Dorftreff) nach Neuhaus (Ochsen)</p>", "image": "https://sgbtpimtsoch.sos-ch-dk-2.exoscale-cdn.com/catalog/8/5/8/2/8582330a0f525ee93605525546c3bddf43a5f263_IMG_3301.JPG", "openstreetmap_id": "way/47657927"}, "geometry": {"type": "Point", "coordinates": ["8.9529597", "47.2449693"]}}, {"type": "Feature", "properties": {"identifier": "3c9a7be0-e6e9-405a-a633-da80de1fb273", "name": "T\u00f6pfer-Kurs ", "description": "<p>Judith Hartmanns Leidenschaft ist Ton und im T\u00f6pfer-Kurs f\u00fchrt Sie die Teilnehmerinnen und Teilnehmer gerne in die verschiedenen Techniken ein. Der Fantasie sind keine Grenzen gesetzt, es entstehen eigene, sch\u00f6ne Meisterwerke. </p><p><span style=\"font-weight: bold;\">Preise / inbegriffene Leistungen:</span>&nbsp;</p><ul><li>Erstellen von eigenen Kunstwerken aus Ton </li><li>Anleitung, Materialbenutzung, Farben </li><li>Exkl. Ton (Kilopreis CHF 3.50) und brennen (Rohbrand CHF 9.00, Glasurbrand CHF 13.00), wird nach Verbrauch verrechnet </li><li>Getr\u00e4nke<br><br></li></ul><p><span style=\"font-weight: bold;\">Preis pro Person (2 Stunden):</span></p><ul><li>Erwachsene CHF 30.00 </li><li>Kinder CHF 20.00<br><br></li></ul><p><span style=\"font-weight: bold;\">Tipps und Hinweise:</span></p><ul><li>Geeignet f\u00fcr Anf\u00e4nger und Fortgeschrittene</li><li>Kurse im Atelier von Hartmann Herzen oder an einem Ort nach Absprache</li><li>Die Kunstwerke werden anschliessend gebrannt und k\u00f6nnen 2-3 Wochen sp\u00e4ter abgeholt werden</li><li>Auch ideal f\u00fcr Hochzeitspaare, um ein eigenes Herz zu erstellen oder Kindergeburtstage mit t\u00f6pfern, Kuchen oder Geburtstagstorte<br><br></li></ul><p><span style=\"font-weight: bold;\"> Durchf\u00fchrung:</span></p><ul><li>Nach Vereinbarung </li><li>Dauer ca. 2 Stunden </li><li>Anmeldung erforderlich (Absage, resp. Verschiebung bis 2 Tage im Voraus m\u00f6glich </li><li>Gruppengr\u00f6sse max. 6 Personen (gr\u00f6ssere Gruppen auf Anfrage)<br></li></ul>", "url": "https://www.hartmann-herzen.ch/", "image": "https://sgbtpimtsoch.sos-ch-dk-2.exoscale-cdn.com/catalog/5/5/0/a/550a361325e4b53de79cb552b755bc30ef580531_Hartmann_Herzen_auf_Holzbrett20170603_145659.jpg", "openstreetmap_id": "way/1087979067"}, "geometry": {"type": "Point", "coordinates": ["8.92822737259629", "47.2405773"]}}, {"type": "Feature", "properties": {"identifier": "3d2479a9-bb3d-4d45-8a0e-ad85c6e01032", "name": "Spatz M\u00e4nni Erlebnisweg", "description": "<p>Frechspatz M&auml;nni ist klug, mutig und manchmal ganz sch&ouml;n frech. Auf dem Erlebnisweg k&ouml;nnen Kinder die Geschichte von M&auml;nni erleben und ihn auf seinen Abenteuern begleiten. Der Weg f&uuml;hrt von der Bergstation der Sesselbahn zur&uuml;ck zur Talstation und an der <a href=\"https://goldingertal.ch/de/map/details/feuerstelle-schlotterschlucht-2f76b934-6330-4e42-bf56-d5a0511cfd34.html\" target=\"_blank\" rel=\"noopener\">Feuerstelle \"Schlotterschlucht\"</a> vorbei. Der Erlebnisweg ist f&uuml;r Kinder von ca. zwei bis zehn Jahren ausgelegt.&nbsp;<br><br>Beachten Sie bitte, dass die Wege nicht Kinderwagentauglich sind. Bei der Talstation k&ouml;nnen Kinder-R&uuml;ckentragen f&uuml;r CHF 8.00 ausgeliehen werden. <br><br>Bei der Spatz M&auml;nni Safari k&ouml;nnen Sie mit etwas Gl&uuml;ck eine &Uuml;bernachtung im PODhouse f&uuml;r die ganze Familie gewinnen. <a href=\"https://www.atzmaennig.ch/en/summer/summer-specials/spatz-maenni-adventure-trail/?search_highlighter=spatz\" target=\"_blank\" rel=\"noopener\">Hier</a> erfahren Sie mehr.<br><br>Anreise mit den &ouml;ffentlichen Verkehrsmitteln:<br>Bus 630 von Eschenbach (Dorftreff) nach Hintergoldingen (Atzm&auml;nnig Schutt)</p>", "url": "https://www.atzmaennig.ch/en/summer/summer-specials/spatz-maenni-adventure-trail/?search_highlighter=spatz+m%C3%A4nni", "image": "https://sgbtpimtsoch.sos-ch-dk-2.exoscale-cdn.com/catalog/d/f/d/4/dfd4aa25919991d4879d88be57708ad7e45218c4_P_7_Kr__nungsplatz2_klein.jpg", "openstreetmap_id": "way/911466485"}, "geometry": {"type": "Point", "coordinates": ["8.995270729064943", "47.2843825184805"]}}, {"type": "Feature", "properties": {"identifier": "3d3622c8-f94b-4ccc-b062-a46b203dbba9", "name": "Tru-Bistro", "description": "<p>Das Tru-Bistro direkt neben der Landi See in Neuhaus ist ein Treffpunkt f\u00fcr jedermann. Sei es f\u00fcr Zn\u00fcni, z'Mittag oder bereits schon am morgen fr\u00fch ab 5.00 Uhr.&nbsp;</p><p>Immer wieder organisiert das Tru-Bistro spezielle Events die Info dazu l\u00e4sst sich auf der eigenen Homepage finden.&nbsp;</p>", "url": "https://www.tru-bistro.ch/Home.htm", "image": "https://sgbtpimtsoch.sos-ch-dk-2.exoscale-cdn.com/catalog/8/1/d/b/81dba265591b06d5dd2bfd25813bc7d82a529de6_Tru_Bistro.jpg", "openstreetmap_id": "node/4397072090"}, "geometry": {"type": "Point", "coordinates": ["8.9509159", "47.2374663"]}}, {"type": "Feature", "properties": {"identifier": "3f139259-eb9b-4168-92ee-f978fe0a83ac", "name": "Restaurant Schloss Weinstein", "description": "<p data-start=\"279\" data-end=\"585\">Schloss Weinstein ist heute ein Ort, an dem Genuss, Geschichte und eine einzigartige Lage zusammenkommen. Hoch &uuml;ber den Rebbergen oberhalb von Marbach gelegen, bietet das Schloss einen beeindruckenden Ausblick &uuml;ber das Rheintal und l&auml;dt dazu ein, kulinarisch und landschaftlich eine Auszeit zu geniessen.</p><p data-start=\"587\" data-end=\"876\">Die Geschichte des Schlosses reicht bis ins Jahr 1375 zur&uuml;ck und pr&auml;gt bis heute die besondere Atmosph&auml;re dieses Ortes. In der heutigen Schloss-Wirtschaft wird gutb&uuml;rgerliche, saisonale K&uuml;che mit regionalem Bezug serviert &ndash; sei es im Restaurant oder auf der Sonnenterrasse mit Weitblick.</p><p data-start=\"878\" data-end=\"1183\">Ein besonderer Schwerpunkt liegt auf Hochzeiten und Veranstaltungen: Von der zivilen Trauung &uuml;ber freie Zeremonien im Rebberg bis hin zu Ap&eacute;ro, Festessen und Feierlichkeiten im Festsaal oder in der rustikalen Schloss-Scheune bietet Schloss Weinstein vielseitige M&ouml;glichkeiten f&uuml;r unvergessliche Anl&auml;sse.</p><p data-start=\"1185\" data-end=\"1377\">Dank der idyllischen Lage eignet sich das Schloss zudem ideal als Ausflugsziel in der Region &ndash; sei es f&uuml;r einen genussvollen Zwischenhalt, eine Feier oder einen besonderen Moment mit Aussicht.</p>", "url": "https://www.schloss-weinstein.ch", "image": "https://sgbtpimtsoch.sos-ch-dk-2.exoscale-cdn.com/catalog/2/4/2/5/2425a28192578493628a42ef7df097fc58e7d886_05_Weinstein.jpg", "openstreetmap_id": "way/122595467"}, "geometry": {"type": "Point", "coordinates": ["9.570926427841188", "47.39708191047987"]}}, {"type": "Feature", "properties": {"identifier": "3f47a958-270b-433e-8a28-063d5ea9f9cf", "name": "swissvid\u00ae Videoproduktion \u2013 Begleitung f\u00fcr Gruppenreisen", "description": "<p>swissvid&reg; bietet hochwertige Video- und Fotoproduktionen wie Reisevideos, Erinnerungen an Events oder Vlog-Produktionen, die besondere Erlebnisse in bleibende Erinnerungen verwandeln. Reisegruppen und Privatpersonen werden dabei diskret und authentisch auf ihren Reisen begleitet, w&auml;hrend emotionale Momente und einzigartige Eindr&uuml;cke festgehalten werden.</p><p>Dar&uuml;ber hinaus realisiert swissvid&reg; wirkungsvolle Imagefilme und visuelle Inhalte f&uuml;r touristische Betriebe &ndash; von Hotels &uuml;ber Destinationen bis hin zu Erlebnisanbietern.</p><p>Sichere deine pers&ouml;nliche Erinnerung oder pr&auml;sentiere dein Angebot professionell &ndash; swissvid&reg; freut sich deine Anfrage.&nbsp;</p>", "url": "https://swissvid.ch", "image": "https://sgbtpimtsoch.sos-ch-dk-2.exoscale-cdn.com/catalog/7/f/0/a/7f0a89b6705ae0fc27146105631a5913c0fa510f_Thumbnail_swissvid_Tourismus__2.JPG", "openstreetmap_id": "way/441910319"}, "geometry": {"type": "Point", "coordinates": ["9.3290721", "47.5915626"]}}, {"type": "Feature", "properties": {"identifier": "3f8582c6-4295-499e-b716-a0b11a9be4ac", "name": "Musigbar Mariaberg", "description": "Das historische Lokal liegt zentral in der am Bodensee gelegenen Stadt Rorschach. Die Musigbar-Mariaberg ist nicht nur f\u00fcr Live-Konzerte und Events bekannt - obwohl - die erstklassigen musikalischen Acts werfen hohe Wellen: Fast jedes Wochenende wird ein DJ oder eine Band pr\u00e4sentiert, welche die Balken zuverl\u00e4ssig zum Biegen bringen. In der Smoker's Lounge finden Geniesser eine gem\u00fctliche-gediegene Oase.", "url": "http://www.musigbar-mariaberg.ch", "image": "https://sgbtpimtsoch.sos-ch-dk-2.exoscale-cdn.com/catalog/e/0/6/2/e062f794ba586924aac9d441b0f9fdd876e08f12_IMG_20200626_211957.jpg", "openstreetmap_id": "node/3340097422"}, "geometry": {"type": "Point", "coordinates": ["9.4938401", "47.4780466"]}}, {"type": "Feature", "properties": {"identifier": "3f9a2f0e-8460-40c6-b5f2-84d30dad3cb2", "name": "E-Bike-Miete", "description": "<p class=\"rich-text-paragraph\" data-v-d66dbd6c=\"\"><span class=\"text-space-pre-line rich-text-text\" data-abstract-init=\"body text\">G&ouml;nn dir einen Tag voller Weitblick. Mit unseren Miet-E-Bikes von RAYMON gleitest du m&uuml;helos durch die idyllische Appenzeller Kulisse. Der Tag beginnt bei in Teufen &ndash; wohin die Reise geht, entscheidet deine Intuition. Wie w&auml;re es mit einer Pause im Gasthaus Leimensteig? Zwischen Alpenpanorama und S&auml;ntisblick schmeckt das Mittagessen doppelt so gut. Ein kleines Abenteuer, das den Kopf frei macht.</span></p>", "url": "https://www.zeitreisen.ch", "image": "https://sgbtpimtsoch.sos-ch-dk-2.exoscale-cdn.com/catalog/6/2/a/1/62a19718548a499825a2020a1d286711a7cf5ada_Mountainbike.jpg", "openstreetmap_id": "node/456718166"}, "geometry": {"type": "Point", "coordinates": ["9.3734114", "47.3896451"]}}, {"type": "Feature", "properties": {"identifier": "41338c8c-ee09-4a81-9c51-50e5678dac0a", "name": "Kobler Treuhand", "description": "<p>Bei Kobler Treuhand wird umfassend beraten und informiert. Egal welche Fragen auftauchen die Firma hilft und \u00fcbernimmt auch den Schreibservice.&nbsp;<br></p>", "url": "https://www.koblertreuhand.ch/", "image": "https://sgbtpimtsoch.sos-ch-dk-2.exoscale-cdn.com/catalog/3/f/f/4/3ff407454adc83cca1cbdfb43a5abbe361149448_gewerbe.png", "openstreetmap_id": "way/270254298"}, "geometry": {"type": "Point", "coordinates": ["8.962331507447063", "47.26349595"]}}, {"type": "Feature", "properties": {"identifier": "45007375-0566-40a6-b325-2c593a1cbe10", "name": "K\u00e4serei Sutter", "description": "<p>Das Ch\u00e4sl\u00e4deli der K\u00e4serei Sutter in Goldingen ist weit herum bekannt. T\u00e4glich findet man eine grosse Auswahl an feinstem K\u00e4se. Viele verschiedene K\u00e4sespezialit\u00e4ten werden in der K\u00e4serei gleich nebenan t\u00e4glich produziert. </p><p><span style=\"font-weight: bold;\">Angebot<span style=\"color: rgb(103, 118, 138); font-family: Lato, &quot;Helvetica Neue&quot;, Helvetica, Arial, sans-serif; font-size: 13px; font-style: normal; font-variant-ligatures: normal; font-variant-caps: normal; letter-spacing: normal; orphans: 2; text-align: start; text-indent: 0px; text-transform: none; widows: 2; word-spacing: 0px; -webkit-text-stroke-width: 0px; white-space: normal; background-color: rgb(255, 255, 255); text-decoration-thickness: initial; text-decoration-style: initial; text-decoration-color: initial; float: none; display: inline !important;\">t</span>:</span></p><ul><li>Tilsiter (mild, mittel, rezent)</li><li>Pfeffer-, Chili-, Curry-, Knoblauch-, B\u00e4rlauchk\u00e4se</li><li>Egliger Mutschli, Juchzerli (Weichk\u00e4se), Mozzarella</li><li>Goldinger Bergk\u00e4se, Speerk\u00e4se, Altlandenburger </li><li>im Ch\u00e4sl\u00e4deli ebenfalls erh\u00e4ltlich, jedoch nicht aus Eigenproduktion diverse weitere K\u00e4sesorten wie Emmentaler, Greyerzer, Olivenk\u00e4se.... </li><li>Raclette-K\u00e4se diverse Sorten</li><li>hausgemachtes Fondue</li><li>Molke-Drink (Mango, Apfel, Blutorgange)</li><li>Joghurt<br><br></li></ul><p>Ausserdem kann an der Sutter's Ch\u00e4s-Box (Verkaufsautomat) w\u00e4hrend 24h eingekauft werden.<br></p>", "image": "https://sgbtpimtsoch.sos-ch-dk-2.exoscale-cdn.com/catalog/e/e/2/5/ee2593426896eb3c2368c8ca58e800b7e516a00d_202506_kaeserei_sutter_egligen_goldingertal_atzmaennig__5_carina.jpg", "openstreetmap_id": "way/270254277"}, "geometry": {"type": "Point", "coordinates": ["8.961262918406593", "47.264756000000006"]}}, {"type": "Feature", "properties": {"identifier": "47095835-5dd2-4bc0-9d07-e35c059bdace", "name": "Stadtrestaurant swan21", "description": "Mediterrane K\u00fcche gepaart mit Schweizer Klassikern bilden das Angebot an Gaumenfreuden des Stadtrestaurant swan21, das weit \u00fcber die Grenzen von Wil bekannt und beliebt ist.\n\nLassen Sie sich von den saisonal wechselnden Gerichten verw\u00f6hnen, runden Sie das kulinarische Erlebnis mit einem feinen Tropfen aus unserer reichhaltigen Weinkarte ab und geniessen Sie einen angenehmen Aufenthalt mit Ihren G\u00e4sten. ", "url": "https://www.hotel-schwanen.ch/restaurants", "image": "https://sgbtpimtsoch.sos-ch-dk-2.exoscale-cdn.com/catalog/0/2/f/0/02f094afb15e0bbcc945314af1080dea8085f64a_IMG_E6969.JPG", "openstreetmap_id": "node/4153502772"}, "geometry": {"type": "Point", "coordinates": ["9.0432072", "47.46438"]}}, {"type": "Feature", "properties": {"identifier": "47e9ef34-08af-4ade-91cb-be3a667cf253", "name": "Witzig, genial, anregend - zu Besuch im Lozzi Museum", "description": "<p>Ein Museum f\u00fcr Kinder, Jugendliche und Erwachsene. Ein attraktives Ausflugsziel f\u00fcr Schulreisen, Vereine, Wandergruppen oder als geselliges Rahmenprogramm f\u00fcr Kundenanl\u00e4sse von Unternehmen oder von privaten Anl\u00e4ssen wie Hochzeiten, Geburtstage usw. </p><p>Das Lozzi Museum kann von Gruppen auf Anfrage auch ausserhalb der \u00d6ffnungszeiten besucht werden. </p><p><span style=\"font-weight: bold;\">Kosten pauschal bis:</span></p><ul><li>10 Besucher|innen CHF 120.00 </li><li>jede weitere Person CHF 12.00 </li><li>Aufsichtsperson CHF 100.00<br><br></li></ul><p><span style=\"font-weight: bold;\">Schulen:</span> </p><ul><li>Pauschal CHF 250.00 </li><li>inkl. 2 Begleitpersonen </li><li>maximal 25 Sch\u00fcler|innen<br><br></li></ul><p><span style=\"font-weight: bold;\">Eintrittspreise:</span> </p><ul><li>Erwachsene CHF 12.00 </li><li>Senioren und Studierende CHF 10.00 </li><li>Kinder / Jugendliche (6-16) CHF 7<span style=\"color: rgb(103, 118, 138); font-family: Lato, &quot;Helvetica Neue&quot;, Helvetica, Arial, sans-serif; font-size: 13px; font-style: normal; font-variant-ligatures: normal; font-variant-caps: normal; font-weight: 400; letter-spacing: normal; orphans: 2; text-align: start; text-indent: 0px; text-transform: none; widows: 2; word-spacing: 0px; -webkit-text-stroke-width: 0px; white-space: normal; background-color: rgb(255, 255, 255); text-decoration-thickness: initial; text-decoration-style: initial; text-decoration-color: initial; display: inline !important; float: none;\"><span>.00</span></span></li></ul>", "url": "https://lozzi-museum.ch/", "image": "https://sgbtpimtsoch.sos-ch-dk-2.exoscale-cdn.com/catalog/c/b/8/3/cb83ccac711b3e83bcb6c0ffe6776fa0268cc745_Flyer_Bildseite_2024.jpg", "openstreetmap_id": "way/254388659"}, "geometry": {"type": "Point", "coordinates": ["8.908520593563356", "47.27391455"]}}, {"type": "Feature", "properties": {"identifier": "4819bff3-517b-411f-acd1-d4cdc1a121e9", "name": "Pumptrack Flawil", "description": "<p>Ob BMX-Velo, Mountainbike, Kickboard oder Rollerskates, die M&ouml;glichkeiten auf dem Pumptrack Flawil sind vielf&auml;ltig. Der Track beim Oberstufenzentrum in Flawil ist t&auml;glich ge&ouml;ffnet und steht kostenlos zur Verf&uuml;gung. Schaffst du es, einmal durch den Track zu fahren, ohne in die Pedale treten oder angeben zu m&uuml;ssen?</p>\n<p>Ausserhalb der Ferien und Wochenenden wird gebeten, auf die Schulzeiten R&uuml;cksicht zu nehmen.</p>\n<p>Es wird empfohlen, stets einen Helm sowie angemessene Schutzausr&uuml;stung zu tragen. Die Verantwortung liegt bei den Benutzerinnen und Benutzern des Pumptracks.</p>", "url": "https://flawil.ch", "image": "https://sgbtpimtsoch.sos-ch-dk-2.exoscale-cdn.com/catalog/c/8/e/5/c8e544626c7190599c24dcc2ec5d16e81068a898_Pump_Track_Titel_30062025.jpg", "openstreetmap_id": "way/196782066"}, "geometry": {"type": "Point", "coordinates": ["9.195202589035036", "47.40984416071856"]}}, {"type": "Feature", "properties": {"identifier": "4835902d-f39e-4a22-87db-004294aa641e", "name": "Landwirtschaft - verbindet", "description": "<p>Der Anfang Juli 2023 er&ouml;ffnete Erlebnisweg entf&uuml;hrt die Besucher in vergangene Zeiten und in die Geschichte vom \"Chrinneschagi\". Zudem k&ouml;nnen aktuelle Themen rund um die Landwirtschaft entdeckt werden. Zwischen dem Chrinnehof und der Farneralp erwarten euch zehn Erlebnisstationen zum Entdecken, Erfahren und Geniessen.<br><br>&laquo;Chrinneschagi&raquo; ist der Urgrossvater von Andreas Kindlimann und begleitet auf dem neuen Erlebnisweg &laquo;Landwirtschaft-verbindet.ch&raquo;. Er nimmt Familien, Schulklassen und alle Wissbegierigen mit auf den Weg zu den zehn Erlebnisstationen. Mit seinem reichen Wissen aus alter Zeit und Informationen zu unterschiedlichen Themen wie Greifv&ouml;gel, Milchviehhaltung, Naturgewalten oder Wald weiss \"Chrinneschagi\" einiges zu erz&auml;hlen.</p><p>Der Erlebnisweg soll Spass bieten, aber auch Wissen vermitteln. Zur Landwirtschaft, und Vergangenheit aber auch zu kritischen Themen, wie die Lebensmittelverschwendung in der Schweiz. Wie wird die Schweiz in 10, 20 oder 30 Jahren aussehen? Der Weg ist f&uuml;r Jung und Alt geeignet. Neben Spass und Wissensvermittlung kann man bei drei Feuerstellen, Schaukeln und Holzliegen geniessen und vor allem eine traumhafte Aussicht erleben.</p><p>Der Start des Weges befindet sich gleich oberhalb des TCS-Parkplatz Chrinnen nach der H&ouml;henklinik Wald. Von dort aus geht es bergauf zur Farneralp, vorbei an Erlebnisstationen und einigen Feuerstellen. Auf dem Hof der Familie Kindlimann endet der Weg. Wer alle Fragen auf dem Weg richtig beantwortet hat, erh&auml;lt einen Code und kann im Schuppen beim Brunnen ein Geschenk abholen.</p><p>Im <a href=\"https://goldingertal.ch/de/map/details/chrinnehof-a71936fe-b3bd-4b0d-b14b-2b3e520ff5c3.html\" target=\"_blank\" rel=\"noopener\">Hofkeller</a> nebenan gibt es zudem feine hausgemachte Glac&eacute; und weitere K&ouml;stlichkeiten und Selbstgemachtes. Ausserdem ist es erlaubt einen Blick in den Stall zu werfen.</p><p>Reine Wanderzeit betr&auml;gt ca. 1.25 Stunden. Der Weg ist nur bedingt Kinderwagentauglich.</p><p class=\"MsoNormal\">Anreise mit den &ouml;ffentlichen Verkehrsmitteln:<br>Bus 631 von Eschenbach (Dorftreff) nach R&uuml;ti (Bahnhof)<br>Bus 885 von R&uuml;ti (Bahnhof) nach Wald (Bahnhof)<br>Bus 892 von Wald (Bahnhof) nach Wald (Rehazentrum)</p>", "image": "https://sgbtpimtsoch.sos-ch-dk-2.exoscale-cdn.com/catalog/6/f/7/a/6f7a45696ea502b010449e0e4244b1408780184d_Erlebnisweg_Landwirtschaft_verbindet_300dpi.jpg", "openstreetmap_id": "node/10211838342"}, "geometry": {"type": "Point", "coordinates": ["8.9475591", "47.2808356"]}}, {"type": "Feature", "properties": {"identifier": "484e765d-8ea6-4f54-a294-6f260af0410e", "name": "Bleichibeiz", "description": "<p>Was aus der Begeisterung f\u00fcr alte Fabrikr\u00e4ume entstand, hat sich als ein modern designtes Resort f\u00fcr Seminare, Bankette und Wellnessurlaube etabliert. Die Bleichibeiz, die sich mitten in Wald befindet, ist ein beliebtes Ziel bei Geniessern. </p><p><span style=\"font-weight: bold;\">Angebot:</span></p><ul><li>frische regionale K\u00fcche auf h\u00f6chstem Niveau</li><li>Semin\u00e4rr\u00e4ume f\u00fcr kleinere Meetings und grosse Anl\u00e4sse</li><li>Hotel mit 25 aussergew\u00f6hnlichen Zimmern</li><li>Entspannen und geniessen im BleicheBad und BleicheFit<br><br></li></ul><p><span style=\"font-weight: bold;\">Platzangebot:</span></p><ul><li>Restaurant 90 Pl\u00e4tze </li><li>Saal 80 Pl\u00e4tze </li><li>Seminarr\u00e4ume </li><li>Garten</li></ul>", "url": "https://bleiche.ch/beiz/", "image": "https://sgbtpimtsoch.sos-ch-dk-2.exoscale-cdn.com/catalog/6/4/6/4/6464d041db6e5660bbe5fe1b6859dac7dd918a93_Gartenbeiz_1_a.jpg", "openstreetmap_id": "node/10879455964"}, "geometry": {"type": "Point", "coordinates": ["8.9105813", "47.2760573"]}}, {"type": "Feature", "properties": {"identifier": "4963b867-7bac-4932-959d-91a810ccf229", "name": "St. Galler City Game - by TOPAZ", "description": "Nehmen Sie Ihr Team mit auf die Spuren von Gallus, entdecken Sie das Weltkulturerbe der einzigartigen Altstadt, seien Sie kreativ und l\u00f6sen Sie R\u00e4tsel und lustige Teamaufgaben. Auch ein guter Orientierungssinn ist gefragt, Kommunikation und einige \u00fcberraschende F\u00e4higkeiten sorgen daf\u00fcr, dass die einzelnen Teams die Siegpunkte gewinnen. Eine typisch lokale kulinarische \u00dcberraschung ist inklusive.", "url": "https://zeitreisen.ch", "image": "https://sgbtpimtsoch.sos-ch-dk-2.exoscale-cdn.com/catalog/1/f/1/4/1f1414212640e244e31bbd311f9dca2cc2e51918_TOPAZ_event_SG_city_game_2.jpg", "openstreetmap_id": "node/12304079695"}, "geometry": {"type": "Point", "coordinates": ["9.3734114", "47.3896451"]}}, {"type": "Feature", "properties": {"identifier": "4c724441-b461-4883-9b0c-e9f1382b624a", "name": "Romantische Vollmondfahrt auf den S\u00e4ntis", "description": "<p>Das Bergpanorama im stimmungsvollen Mondschein geniessen. An jedem Vollmondabend findet auf dem Gipfel ein festliches Vollmondbuffet statt, begleitet von musikalischer Unterhaltung.</p><p>Die genauen Daten sind im Eventkalender auf der Webseite der S&auml;ntis-Schwebebahn AG zu finden: <a href=\"https://saentisbahn.ch/erlebnis/agenda/event-kalender/\">https://saentisbahn.ch/erlebnis/agenda/event-kalender/</a></p><p>Bergfahrten erfolgen von 18.00 bis 19:30 Uhr,&nbsp;<br>Talfahrten starten ab 21.00 bis 23.00 Uhr.</p><p class=\"MsoNormal\"><strong>Wichtige Information: Die S&auml;ntis-Schwebebahn ist infolge Erneuerung der Bahn vom 1. Mai bis Sp&auml;therbst 2026 eingestellt.</strong></p><p class=\"MsoNormal\"><strong>Das &laquo;S&auml;ntis &ndash; das Hotel&raquo; und die Restaurationsbetriebe auf der Schw&auml;galp sind durchgehend f&uuml;r Sie ge&ouml;ffnet.</strong></p>", "url": "https://saentisbahn.ch/", "image": "https://sgbtpimtsoch.sos-ch-dk-2.exoscale-cdn.com/catalog/3/f/3/d/3f3d347af0cb68bdbe452d569a571d9587c4f8b3_Vollmond_Pano.jpg", "openstreetmap_id": "node/26864510"}, "geometry": {"type": "Point", "coordinates": ["9.3432366", "47.2493844"]}}, {"type": "Feature", "properties": {"identifier": "4cfd61f5-bf0d-428e-b396-4a7f2d7ff4b4", "name": "Creativ-Werken", "description": "<p>Bei den verschiedenen Kursen erhalten Sie Material und Tipps, um ihrer Kreativit&auml;t freien Lauf zu lassen.</p>\n<p><strong>Tipps und Hinweise</strong><br>Die Kurse sind perfekt geeignet f&uuml;r Firmen, Familie und Freunde und lassen sich gut mit einer Wanderung oder einem Ausflug zum Atzm&auml;nnig kombinieren.&nbsp;</p>\n<p><strong>Versch. Kurse / Preise / Inbegriffene Leistungen</strong></p>\n<ul>\n<li>Drahtblumen - Kurs inkl. Material 2 &frac12; Std.: CHF 95.00</li>\n<li>Papierherz - Kurs inkl. Material 2 &frac12; Std.: CHF 95.00</li>\n<li>Trockenblumen Loop - Kurs inkl. Material 3 Std.: CHF 110.00</li>\n<li>Herz geht immer - Kurs inkl. Material 3 Std.: CHF 110.00</li>\n<li>Oh du verr&uuml;cktes Huhn - Betonkurs &nbsp;inkl. Material 3 Std.: CHF 110.00</li>\n<li>Offener Betonkurs inkl. Grundmaterial 2 x 2 Std.: CHF 150.00</li>\n<li>Kugel zum Bepflanzen - Betonkurs inkl. Grundmaterial 3 Std.: CHF 110 / Bepflanzung separat CHF 42.00</li>\n<li>Polterabend oder Poltertag m&ouml;glich auf Anfrage</li>\n<li>Getr&auml;nke</li>\n</ul>\n<p><strong>Exklusiv; nach Absprache und Zusatzkosten</strong></p>\n<ul>\n<li>Ap&eacute;ro</li>\n<li>Zus&auml;tzliches Material</li>\n</ul>\n<p><strong>Durchf&uuml;hrung</strong></p>\n<ul>\n<li>T&auml;glich</li>\n<li>Finden in Regis.Creativ.Art-Werkstatt oder an einem Ort nach Absprache statt</li>\n<li>Anmeldung erforderlich (Absage, resp. Verschiebung bis 10 Tage im Voraus)</li>\n<li>Gruppengr&ouml;sse von mind. 5, max. 10 Personen / bei 2 Personen je CHF 100.00</li>\n</ul>", "url": "http://regiscreativart.ch/Willkommen/", "image": "https://sgbtpimtsoch.sos-ch-dk-2.exoscale-cdn.com/catalog/e/2/c/5/e2c54839f3ec8de5c9638e0860d211ff41be1192_IMG_20250618_WA0019.jpg", "openstreetmap_id": "way/271931651"}, "geometry": {"type": "Point", "coordinates": ["9.0011941", "47.2909976"]}}, {"type": "Feature", "properties": {"identifier": "4d892d18-fe3b-4ae1-b01b-e699152de696", "name": "Louis de Saint-Gall", "description": "<p>Seine Grosse Liebe gilt dem swingenden, bluesigen alten Jazz, s\u00fcffige Standards und mitreissende Musik. Tendenz: Back to the Roots mit einem einfachen groovigen Stil.</p>", "url": "https://www.louisdesaintgall.ch/", "image": "https://sgbtpimtsoch.sos-ch-dk-2.exoscale-cdn.com/catalog/b/5/b/9/b5b99c769825a12c6bf75cc99cda1bb4c7edd940_louis_de_saint_gall.jpg", "openstreetmap_id": "way/292312533"}, "geometry": {"type": "Point", "coordinates": ["9.183779780047317", "47.39547365"]}}, {"type": "Feature", "properties": {"identifier": "4e0b00d6-ae10-4351-8ff0-500835a49ac8", "name": "Hofladen Schmucki", "description": "<p>In der Mettlen arbeiten alle Hand in Hand. Ebenfalls wird ein Verkaufsautomat / Verkaufswagen betrieben. </p><p><span style=\"font-weight: bold;\">Die Spezialit\u00e4ten des Hofladens sind:</span> </p><ul><li>Eier</li><li>Milch</li><li>Kartoffeln</li><li>\u00c4pfel sowie saisonales Obst und Gem\u00fcse</li><li>Apfelsaft</li></ul><p>Chappler Gsch\u00e4nkt\u00e4schli und Kistli<br><br>All das wird \"Frisch vom Puur\" im Hofladen Schmucki in St. Gallenkappel oder in dem 24h Verkaufsautomaten angeboten.</p>", "url": "https://www.hofladenschmucki.ch/", "image": "https://sgbtpimtsoch.sos-ch-dk-2.exoscale-cdn.com/catalog/a/e/c/b/aecbe6964ad1ec71df4695ecf7b70c6708f44b05_Hof_Sicht_von_oben.jpg", "openstreetmap_id": "way/852468907"}, "geometry": {"type": "Point", "coordinates": ["8.98486375808716", "47.24953848063659"]}}, {"type": "Feature", "properties": {"identifier": "500ea802-6c6d-429e-b02b-94fd01811f4a", "name": "Segelerlebnis Bodensee", "description": "Ob eine stimmungsvolle Abendfahrt mit Sundowner, ein action-reicher Segelt\u00f6rn bei idealem Wind, eine entspannte Ausfahrt mit Badestopp oder ein Ausflug mit anschliessendem Nachtessen in einem Restaurant \u2013 es erwartet dich eine vielf\u00e4ltige Auswahl an Segelangeboten, die jeweils von Donnerstagabend bis Sonntagnachmittag buchbar sind.\n\nDie SPERANZA, ein wundersch\u00f6ner, klassischer Zweimaster, bietet neben dem Skipper Platz f\u00fcr Gruppen von bis zu 10 Personen. Du hast die M\u00f6glichkeit, Einzelpl\u00e4tze zu reservieren oder das gesamte Schiff exklusiv f\u00fcr eine eigene Gruppe zu buchen.\n\nStart- und Zielort aller T\u00f6rns ist Rorschach. Der Hafen ist nur 3 Gehminuten vom Bahnhof entfernt.", "url": "https://segelerlebnis-bodensee.ch/", "image": "https://sgbtpimtsoch.sos-ch-dk-2.exoscale-cdn.com/catalog/4/b/9/1/4b91ee16ac467cf0e850cc101937e40a0ef56712_Segelerlebnis_bodensee.jpg", "openstreetmap_id": "node/2895102741"}, "geometry": {"type": "Point", "coordinates": ["9.501210451126099", "47.478406210965126"]}}, {"type": "Feature", "properties": {"identifier": "529b1a61-c774-4639-907c-b330fdc8c601", "name": "Geocaching \u2013 Farneralp", "description": "<p>In der Geocaching App sind unz&auml;hlige Caches (Verstecke) zu finden. Eine abwechslungsreiche Freizeitbesch&auml;ftigung in der Natur. Geocaching ist ein Spass f&uuml;r die ganze Familie und motiviert die Jungmannschaft auf Wandertour zu gehen.</p><p><strong>Vorgehen:</strong></p><p>Geocaching App auf Smartphone herunterladen und anmelden. Auf Wanderung gehen und Cache suchen. (Ein GPS-Ger&auml;t kann z.T. hilfreich sein, in der Regel reicht aber die Karte auf dem Smartphone aus, den Cache zu finden.)</p><p>Auf der l&auml;ngeren Rundwanderung Chrinnen-Tann-Chrinnenberg-Farneralp gibt es f&uuml;nf abwechslungsreiche Caches zu entdecken.</p><p><a href=\"https://www.geocaching.com/play\" target=\"_blank\" rel=\"noopener noreferrer\">www.geocaching.com</a> internationale offizielle Seite</p><p>Anreise mit den &ouml;ffentlichen Verkehrsmitteln:<br>Bus 631 von Eschenbach (Dorftreff) nach R&uuml;ti (Bahnhof)<br>Bus 885 von R&uuml;ti (Bahnhof) nach Wald (Bahnhof)<br>Bus 892 von Wald (Bahnhof) nach Wald (Rehazentrum)</p>", "image": "https://sgbtpimtsoch.sos-ch-dk-2.exoscale-cdn.com/catalog/c/7/6/0/c760b98f54a3aecbc9357cfc35730e6f547ddcb3_202011_Wandern_Farner_TSchmuki_01.jpg", "openstreetmap_id": "node/11282934185"}, "geometry": {"type": "Point", "coordinates": ["8.9574056", "47.2848218"]}}, {"type": "Feature", "properties": {"identifier": "52ec6699-8e60-4c70-926c-16832d64e391", "name": "Blumengesch\u00e4ft L\u00f6wenzahn ", "description": "<p>Das Blumengesch\u00e4ft im Zentrum von Eschenbach bietet eine grosse Auswahl an verschiedenen Produkten. Es lohnt sich im Gesch\u00e4ft vorbei zu schauen und sich inspirieren zu lassen.</p><p>Angebot:</p><ul><li>Schnittblumen</li><li>Trauer und Gedenken</li><li>Hochzeiten und Feste</li><li>Dekorationen</li><li>Geschenke</li><li>Gutscheine</li></ul>", "url": "https://www.blumengeschaeft-loewenzahn.ch/", "image": "https://sgbtpimtsoch.sos-ch-dk-2.exoscale-cdn.com/catalog/f/6/1/d/f61d6c5725ebd899f8a3bdcfe958e5bde3a8e05e_L__wenzahn_1.jpg", "openstreetmap_id": "way/700705565"}, "geometry": {"type": "Point", "coordinates": ["8.919475868702392", "47.24121545"]}}, {"type": "Feature", "properties": {"identifier": "538cadbe-5fc0-4c20-bd38-b8fcea5fbcdd", "name": "Bibliothek Hauptpost", "description": "Die Bibliothek Hauptpost befindet sich im Postgeb\u00e4ude direkt am Bahnhof St.Gallen und bietet schnellen Zugang zu Information und Wissen. Hier kann der Durst nach Unterhaltung, nach Kultur, nach Aus- und Weiterbildung, nach wissenschaftlichen Arbeiten, aber auch Begegnung und Austausch gestillt werden. Die Kantonsbibliothek Vadiana und die Stadtbibliothek St.Gallen pr\u00e4sentieren hier rund 100'000 Medien und laden zu Veranstaltungen ein.", "url": "https://bibliosg.ch", "image": "https://sgbtpimtsoch.sos-ch-dk-2.exoscale-cdn.com/catalog/6/6/0/c/660c52664c923c74d87271e045a5f847a90ba706_Fotos_Hauptpost_Eingang___3_.JPEG", "openstreetmap_id": "relation/1626082"}, "geometry": {"type": "Point", "coordinates": ["9.370270371437075", "47.42262515669229"]}}, {"type": "Feature", "properties": {"identifier": "56c45382-d6ab-4627-9e50-53a351308581", "name": "OFFCUT St.Gallen", "description": "<p class=\"MsoNormal\">Im OFFCUT-Materialmarkt in St.Gallen werden gebrauchte und &uuml;bersch&uuml;ssige Werkstoffe gesammelt, sortiert und zu g&uuml;nstigen Preisen weiterverkauft. Auch hochwertige Textilien und Stickereien aus der Ostschweiz sind hier zu finden. Diese Sch&auml;tze werden neben Holz, Papier, Metall, Kunststoffen und vielem mehr angeboten &ndash; ideal f&uuml;r kreative Projekte mit Nachhaltigkeitsanspruch. F&uuml;hrungen, Workshops und die Vermietung der vielseitigen R&auml;umlichkeiten machen OFFCUT auch f&uuml;r Kurse, Projektwochenauftakte, Geburtstage oder Weiterbildungen zu einem inspirierenden Ort der Wiederverwendung.</p>", "url": "http://www.offcut.ch/", "image": "https://sgbtpimtsoch.sos-ch-dk-2.exoscale-cdn.com/catalog/e/0/9/e/e09e2d4bad0e0b3319a5ab647f7102159b960cad_20250812_offcut_stgallen_eingang_rampe.jpg", "openstreetmap_id": "node/10093339139"}, "geometry": {"type": "Point", "coordinates": ["9.354078", "47.419895"]}}, {"type": "Feature", "properties": {"identifier": "56dfb632-a7f2-4006-9f21-5dab9540af21", "name": "Hofladen R\u00fceterswil", "description": "<p>Der kleine Hofladen der Familie R\u00fcegg befindet sich in R\u00fceterswil, vis-\u00e0-vis vom Dorfplatz und Kapelle. Er ist t\u00e4glich in Selbstbedienung offen. Bezahlen geht bequem mit TWINT oder mit Bargeld. </p><p>Das Angebot ist vielseitig mit Bio-Produkten vom eigenen Hof wie Eier, Rindfleisch (Beef), Kalbfleisch, S\u00fcssmost, Baumn\u00fcsse und D\u00f6rrobst. Regionale und nachhaltige Produkte aus dem konventionellen Anbau wie Sirup, Fruchtaufstrich, S\u00fcsses, Geb\u00e4ck, Honig, Sp\u00e4tzli, Eingemachtes, Tee, Geschenk-T\u00e4schli und Legehennen-Fleisch erg\u00e4nzen das vielseitige Angebot. </p><p>Auf Bestellung werden Geschenk-Boxen sowie Mischpakete vom Bio-Jungrind und Bio-Kalbfleisch gerichtet.&nbsp; &nbsp; &nbsp;<br></p>", "image": "https://sgbtpimtsoch.sos-ch-dk-2.exoscale-cdn.com/catalog/c/8/8/5/c885d139ab695c113d8e79d0b8910d3951079826_Hofladen_R__eterswil_Hauptbild.JPG", "openstreetmap_id": "way/26292246"}, "geometry": {"type": "Point", "coordinates": ["8.989487886428835", "47.25834939240205"]}}, {"type": "Feature", "properties": {"identifier": "5725588d-d138-4878-a958-a9b9fe483d73", "name": "Auhof Wagen", "description": "<p>Grosse Auswahl an Gem\u00fcse direkt vom Hof, K\u00e4setheke, Konfi, Eingemachtes u.v.m.</p><p><span style=\"font-weight: bold;\">Angebot:</span></p><ul><li>verschiedenes Gem\u00fcse</li><li>diverse Salate, u.a. im Winter N\u00fcsslisalat</li><li>grosse Auswahl an Beeren</li><li>Eier</li><li>Konfi</li><li>K\u00e4setheke</li><li>jeden Mittwoch Bauernbrot</li><li>jeden Sonntag Zopf</li><li>grosse Auswahl an weiteren Produkten und Geschenkartikeln<br></li></ul><p><br>Der Hofladen ist in Wagen an der Austrasse zwischen Wagen Dorf und Kloster Wurmsbach.<br></p><p><span style=\"font-weight: bold;\">Weitere Angebote:</span></p><ul><li>Gem\u00fcsetasche</li><li>Gem\u00fcse-Abo mit anpassbarem Inhalt</li><li>Fr\u00fcchtekiste f\u00fcr Firmen - Lieferung in der Region</li><li>Wochenm\u00e4rkte - in Rapperswil und Lachen</li><li>Blumenfelder - in Wagen und Jona&nbsp; &nbsp;</li></ul>", "url": "https://www.auhofwagen.ch/Auhof-Wagen-Frisches-vom-Land/", "image": "https://sgbtpimtsoch.sos-ch-dk-2.exoscale-cdn.com/catalog/8/3/1/e/831ec3b0c97aa634383d31a410ed03d3dcf8c471_IMG_7332.JPG", "openstreetmap_id": "way/226345663"}, "geometry": {"type": "Point", "coordinates": ["8.873155117034914", "47.225947390199956"]}}, {"type": "Feature", "properties": {"identifier": "58086586-3daa-4fdb-b978-48083f3ec463", "name": "Restaurant Freihof", "description": "<p>Das Restaurant Freihof befindet sich an exponierter S\u00fcdhanglage umgeben von W\u00e4ldern und Wiesen mit wundervoller Sicht auf Berge und Z\u00fcrichsee. </p><p>Die G\u00e4ste werden durch spannende und ungewohnte Kombinationen \u00fcberrascht. Der Kreativit\u00e4t sind keine Grenzen gesetzt und es wird alles frisch und in h\u00f6chster Qualit\u00e4t zubereitet.</p><p>F\u00fcr Bankette, Familienfeiern und gesch\u00e4ftliche Anl\u00e4sse steht das Team vom Restaurant Freihof sehr gerne zur Verf\u00fcgung.&nbsp;</p><p> </p>", "url": "https://www.freihof-goldingen.ch/", "image": "https://sgbtpimtsoch.sos-ch-dk-2.exoscale-cdn.com/catalog/2/7/5/b/275ba3bc515543b438386109da3930e7b381c084_4__2_.jpg", "openstreetmap_id": "way/271935287"}, "geometry": {"type": "Point", "coordinates": ["8.949222469756808", "47.26371135"]}}, {"type": "Feature", "properties": {"identifier": "5852acc7-080a-411c-ac68-297ff13e0482", "name": "Media Concept Schweiz AG", "description": "<p>Media Concept ist eine Full-Service Agentur und unterst&uuml;tzt Unternehmen mit Marketingl&ouml;sungen &ndash; mitten in Eschenbach, unter dem gleichen Dach wie die Migros und Gemeindeverwaltung, im 2. Stock.<br>Angefangen bei der Beratung, &uuml;ber Kreation bis hin zur Produktion - Ein Partner f&uuml;r alles!</p><p>Besonders f&uuml;r regionale KMU, die lieber klug investieren als dick auftragen.<br>Wir helfen Ihnen, Ihre Bekanntheit zu steigern, Budgets effizient einzusetzen, Kunden zu binden, online sichtbar zu werden und neue Zielgruppen zu gewinnen. Daf&uuml;r entwickeln wir mit Ihnen die passende Marketingstrategie &ndash; und setzen sie direkt um: von Grafikdesign &uuml;ber Online-Marketing bis zu Websites, Webshops, POS-Material, Ihrem Messeauftritt und vielem mehr.</p><p>Kurz: Ideen, die rocken &ndash; und Ergebnisse, die wirken.</p>", "url": "https://mcs.swiss/start", "image": "https://sgbtpimtsoch.sos-ch-dk-2.exoscale-cdn.com/catalog/d/1/6/0/d1600d1e349f60c8ebd6d8e9d56d15c9b10de24e_Team_MCS_oRobert.jpg", "openstreetmap_id": "way/370219369"}, "geometry": {"type": "Point", "coordinates": ["8.924158342631399", "47.240870150000006"]}}, {"type": "Feature", "properties": {"identifier": "5c5787a0-215a-4a03-af2b-df714549a523", "name": "Lozzi Museum", "description": "<p>Vom \u201eSteinstreichler\u201c bis zur \u201eHeiligenschein-Poliermaschine\u201c. Willkommen im Wunderland der Fantasien! </p><p>\u00dcber 120, z.T. bewegliche Objekte des Metallplastikers Yvan \u201eLozzi\u201c Pestalozzi zu den Sorgen und N\u00f6ten, W\u00fcnschen und Tr\u00e4umen der Menschen. Eine unterhaltsame Ausstellung f\u00fcr Kinder, Jugendliche und Erwachsene. Ein attraktives Ausflugsziel f\u00fcr Schulreisen, Vereine, Wandergruppen oder als geselliges Rahmenprogramm f\u00fcr Kundenanl\u00e4sse von Unternehmen sowie privaten Anl\u00e4ssen wie Hochzeiten, Geburtstage usw. </p><p><span style=\"font-weight: bold;\">Gruppen:</span><span style=\"font-weight: 700;\"><br></span>Das Lozzi Museum kann auf Anfrage auch ausserhalb der \u00d6ffnungszeiten besucht werden.</p><p>\u201eSo viel Poesie, so viel Witz, so viel Genialit\u00e4t l\u00e4sst uns nur staunen. Wir freuten uns kindlich, auch wenn wir im AHV-Alter sind.\u201c</p>", "url": "https://lozzi-museum.ch/", "image": "https://sgbtpimtsoch.sos-ch-dk-2.exoscale-cdn.com/catalog/a/f/0/5/af050a438e2dceab299e378218095c532897cbcb_LOZZI_MUSEUM_2_Eingang_Museum.jpg", "openstreetmap_id": "way/254388659"}, "geometry": {"type": "Point", "coordinates": ["8.908520593563356", "47.27391455"]}}, {"type": "Feature", "properties": {"identifier": "5e1e0e52-e277-4af2-9066-b810b88f6e1f", "name": "FotoNela", "description": "<p>Daniela Rieder ist eine einf&uuml;hlsame Fotografin aus Eschenbach SG, spezialisiert auf Neugeborene Babys - die wirklich kurze, unwiederbringliche Zeit f&uuml;r immer festzuhalten, Schwangerschafts-Bilder, Familien-Geschichten und Hochzeits-Begleitungen.&nbsp;</p><p>Mit viel Geduld und Ruhe h&auml;lt sie Momente fest, die im Alltag viel zu schnell vorbeigehen.&nbsp;</p><p>Neugeborene und werdende Mamas fotografiert sie in einem liebevoll eingerichteten, gem&uuml;tlichen Fotozimmer in entspannter Atmosph&auml;re. Familien begleitet sie am liebsten draussen in der Natur - dort, wo Bewegung und echtes Lachen entstehen d&uuml;rfen und Platz zum Austoben vorhanden ist.&nbsp;</p><p>Im Mittelpunkt stehen keine gestellten Perfektionsbilder, sondern nat&uuml;rliche, warme Erinnerungen voller Gef&uuml;hl. Ihre Bilder erz&auml;hlen Geschichten von Verbundenheit, kleinen Details und grossen Gef&uuml;hlen - Erinnerungen, die mit den Jahren immer wertvoller werden.&nbsp;</p>", "url": "https://www.fotonela.ch/", "image": "https://sgbtpimtsoch.sos-ch-dk-2.exoscale-cdn.com/catalog/a/7/1/7/a71799e9160977f538470562fb090ce839643c11_Hochzeit_1.jpg", "openstreetmap_id": "way/273800624"}, "geometry": {"type": "Point", "coordinates": ["8.930341", "47.2418258"]}}, {"type": "Feature", "properties": {"identifier": "5f39a40c-33aa-441c-aeb7-26b1d38bc309", "name": "Restaurant Alp Schindelberg", "description": "<p>Gut erreichbar ob zu Fuss oder mit dem Bike, mit Start im Atzm\u00e4nnig oder Goldingen, liegt auf 1156m.\u00fc.M das neu renovierte Alprestaurant Schindelberg. </p><p>Wer im Schindelberg seine wohlverdiente Pause einlegt f\u00fcr ein k\u00fchles Bier, ein gutes Glas Wein oder um sich kulinarisch verw\u00f6hnen zu lassen, ist am perfekten Ort. Der Weinkeller l\u00e4sst keine W\u00fcnsche offen. Auch die hausgemachten Cremeschnitten sind ein Highlight und immer wieder ein Besuch wert. Ob leidenschaftlicher Fleischesser, Vegetarier oder \u00fcberzeugter Veganer, unsere K\u00fcche zaubert f\u00fcr jeden das passende Men\u00fc. </p><p>Auf der Sonnenterrasse k\u00f6nnen die G\u00e4ste den Blick bis in die Glarner, Schwyzer oder sogar Berner Alpen schweifen lassen. </p><p>Geben Sie Ihrer Seele eine Auszeit und schlafen in dieser unendlichen Ruhe, lassen sie sich vom Vogelgezwitscher und sanftem Kuhglockenton wecken und geniessen nach dem Powerfr\u00fchst\u00fcck einen neuen Wandertag. </p><p>Gute K\u00fcche, Kinderspielplatz, sch\u00f6ne Aussicht, verschiedene Anl\u00e4sse, die Gaststube bietet Platz f\u00fcr bis zu 80 Personen. Auch Gruppen sind herzlich willkommen.<br></p>", "url": "https://alpschindelberg.ch/", "image": "https://sgbtpimtsoch.sos-ch-dk-2.exoscale-cdn.com/catalog/d/1/1/f/d11f800c810c09a0725900a88998bae2561987d4_1000074088.jpg", "openstreetmap_id": "node/66576861"}, "geometry": {"type": "Point", "coordinates": ["8.994004726409914", "47.31538454097332"]}}, {"type": "Feature", "properties": {"identifier": "60195f85-c9bd-4162-a484-b4859b72e41b", "name": "Galerie Paul Hafner", "description": "<p>Die Galerie Paul Hafner pr&auml;sentiert in ihren Ausstellungen Werke von regionalen, nationalen und internationalen K&uuml;nstler:innen: Zeichnungen, Malerei, Objekte, Fotoarbeiten und Installationen.</p>", "url": "https://www.paulhafner.ch", "image": "https://sgbtpimtsoch.sos-ch-dk-2.exoscale-cdn.com/catalog/8/8/1/4/8814bee2b7a0920e02cf814fc350c3b27028532c_56930F1B_76C7_486D_A97C_2B2DAEE6D845.jpeg", "openstreetmap_id": "way/314997893"}, "geometry": {"type": "Point", "coordinates": ["9.3679083", "47.4199894"]}}, {"type": "Feature", "properties": {"identifier": "60d2a2dd-e49d-48fb-ab66-09b2c1eaaff4", "name": "Easy Listening", "description": "<div>Vier professionelle Musikerinnen und Musiker bieten professionelle Live-Unterhaltung auf h\u00f6chstem Niveau. Seit \u00fcber 20 Jahren sorgt Easy Listening an Hochzeiten, Firmenanl\u00e4ssen, Geburtstagsfeiern und Ap\u00e9ros f\u00fcr entspannte und fr\u00f6hliche Stimmung. Mit ihrer musikalischen Vielfalt begeistert die Band Jung und Alt. Neben Popmusik spielen sie Standardt\u00e4nze wie Cha Cha, Disco, Fox, Jive, Walzer, Samba, Tango und mehr. Aber auch Rock, Blues oder Jazz und nat\u00fcrlich Swing geh\u00f6ren zum Repertoire.</div>", "url": "http://easy-listening.ch/", "image": "https://sgbtpimtsoch.sos-ch-dk-2.exoscale-cdn.com/catalog/1/7/1/c/171c7e82fdcaaec471e6753b49b1bef3636e7806_easy_listening.jpg", "openstreetmap_id": "way/247106641"}, "geometry": {"type": "Point", "coordinates": ["9.077295027716824", "47.44028205"]}}, {"type": "Feature", "properties": {"identifier": "60f09dc4-9bc8-42fb-9301-c93fc01a4322", "name": "M\u00f6bel R\u00fcegg AG", "description": "<p>Es gibt endlose M\u00f6glichkeiten das Haus in ein Zuhause einzurichten. Ob mit dezenten Akzenten oder gewagten Hinguckern aus der umfangreichen Auswahl kann jeder Raum mit viel Stil und Charme ausgestattet werden.&nbsp;</p><p><span style=\"font-weight: bold;\">Angebot:</span></p><ul><li>Wohnkollektion</li><li>Bettwaren</li><li>Vorh\u00e4nge</li><li>die Boden Fachleute</li></ul>", "url": "https://www.moebel-rueegg.ch/", "image": "https://sgbtpimtsoch.sos-ch-dk-2.exoscale-cdn.com/catalog/9/b/4/8/9b4852a81fd93983b9db0f12b0300b7d28825df9_gewerbe.png", "openstreetmap_id": "way/1087745789"}, "geometry": {"type": "Point", "coordinates": ["8.920981103111224", "47.23892225"]}}, {"type": "Feature", "properties": {"identifier": "61f306c6-d7ca-46de-b83c-8d6d5ba3efa3", "name": "Ehemaliges Gasthaus \"Sternen\"", "description": "<p>Das an zentraler Lage mitten im Dorf Eschenbach stehende stattliche Haus \"zum Sternen\u00bb wurde zwischen 1712 und 1714 erbaut und gilt neben dem historischen Custorhaus als einziger Fachwerkbau im Dorf mit typischem \u00abfranz\u00f6sischem\u00bb Dachstuhl. </p><p>Die Gaststube befand sich im ersten Stock. Neben einigen Gastzimmern verf\u00fcgte das erste Haus am Platz \u00fcber den einzigen grossen Saal mit B\u00fchne. Der Saalanbau kam allerdings erst gegen Ende des 19. Jahrhunderts dazu. Er sah praktisch s\u00e4mtliche \u00f6ffentliche Anl\u00e4sse der Gemeinde und bildete so bis etwa 1975 den Mittelpunkt des gesellschaftlichen Geschehens im Dorf.<br></p>", "image": "https://sgbtpimtsoch.sos-ch-dk-2.exoscale-cdn.com/catalog/8/9/0/6/890683fc18749e7430c228b55b32802e24d83ce3_sternen.jpg", "openstreetmap_id": "node/659834775"}, "geometry": {"type": "Point", "coordinates": ["8.92208", "47.2409446"]}}, {"type": "Feature", "properties": {"identifier": "62a00f5d-ace1-4faa-81b6-1aa850e3ebe5", "name": "Goldinger Rundwanderung gross", "description": "<p>Gestartet wird im Unterdorf von Goldingen. Der Wanderweg f&uuml;hrt &uuml;ber Echeltschwil, Rappengrund, durchs sch&ouml;n romantische Neuh&auml;uslertobel. Nach der historischen Aatalbr&uuml;cke wandert man oberhalb des Aatalweiers entlang und wieder hoch Richtung St. Gallenkappel &uuml;ber das Eichholz und Bifang nach Betzikon. Vorbei beim M&uuml;lital nach R&uuml;eterswil und &uuml;ber Ruedlingen und Vorderm&uuml;li zur&uuml;ck nach Goldingen.&nbsp;</p><p>Anreise mit den &ouml;ffentlichen Verkehrsmitteln:&nbsp;<br>Bus 630 von Eschenbach (Dorftreff) nach Goldingen (Unterdorf)</p><p>Die genaue Route sowie die GPX Daten sind unter diesem&nbsp;<a href=\"https://schweizmobil.ch/de/tour/5113775\">Link</a>&nbsp;ersichtlich.</p>", "image": "https://sgbtpimtsoch.sos-ch-dk-2.exoscale-cdn.com/catalog/6/4/5/9/645924aebb512587f93ad6f43afac9a32c35477e_1715544187129.jpg", "openstreetmap_id": "node/665906493"}, "geometry": {"type": "Point", "coordinates": ["8.9669577", "47.2613437"]}}, {"type": "Feature", "properties": {"identifier": "63aa52b3-c558-420b-a199-6362a19ccae5", "name": "Starbugs Comedy", "description": "<p>F\u00e4bu, Silu &amp; Tinu haben sich von New York bis Tokio mit einer einzigartigen Mischung aus Tanz, Akrobatik und Comedy in die Herzen des Publikums gespielt. Mit hinreissender, verbl\u00fcffender Dynamik verlassen Starbugs Comedy die bekannten Sph\u00e4ren der Comedy. Die drei coolen Typen ziehen ihr Publikum so umwerfend fantasievoll, witzig und listig herein, dass es aus dem Staunen nicht mehr herausfindet.</p>", "url": "https://www.starbugs-comedy.ch/", "image": "https://sgbtpimtsoch.sos-ch-dk-2.exoscale-cdn.com/catalog/8/e/d/9/8ed9dfd11be328f1f06d40c2dc2319d68d09ad5e_starbugs_comedy.jpg", "openstreetmap_id": "way/169986940"}, "geometry": {"type": "Point", "coordinates": ["7.601284900140756", "47.488797"]}}, {"type": "Feature", "properties": {"identifier": "640c0d57-9d77-47aa-957a-ffa9c1c2db3b", "name": "Gebiet Oberholz-Farner", "description": "<p>Das \u00fcber Wald ZH erschlossene Skigebiet Oberholz-Farner ist ein kleines aber feines und familienfreundliches Wintersportgebiet. Auch in der warmen Jahreszeit lohnt sich ein Ausflug in das idyllische Oberholz. Im Gebiet Farner finden sich wunderbare Wanderrouten mit Weitblick.&nbsp; &nbsp;<br></p>", "image": "https://sgbtpimtsoch.sos-ch-dk-2.exoscale-cdn.com/catalog/1/3/6/2/1362dbeee82032fd4fedcfe3334f3a9bba850097_IMG_2174.jpg", "openstreetmap_id": "node/9272841510"}, "geometry": {"type": "Point", "coordinates": ["8.9426907", "47.2876572"]}}, {"type": "Feature", "properties": {"identifier": "64646946-422a-4616-a43f-1844f1ece9d8", "name": "Cabaret Foodstories \u2013 St.Gallen", "description": "<p>Cabaret Foodstories entf&uuml;hrt in eine Welt voller Genuss, Magie, Glamour und einem Funken Wahnsinn. Das einzigartige Pop-up-Restaurant mit Grossstadt-Flair in St. Gallen verbindet ein 4-G&auml;nge-Men&uuml; und eine Show zu einem Wechselspiel aus Essen, Unterhaltung und &Uuml;berraschungen. &bull; Show und Dinner wechseln sich ab und schaffen ein mitreissendes Erlebnis &bull; Kreatives 4-G&auml;nge-Men&uuml;, abgestimmt auf die Show &bull; Internationale K&uuml;nstler:innen sorgen f&uuml;r schrille, glamour&ouml;se Momente</p>", "url": "https://foodstories-sg.ch", "image": "https://sgbtpimtsoch.sos-ch-dk-2.exoscale-cdn.com/catalog/0/9/e/e/09ee5465b83b9fd1443b0e9213826f36e6fea244_Pfefferbeere_20241109__4.jpg", "openstreetmap_id": "node/9482063916"}, "geometry": {"type": "Point", "coordinates": ["9.364310503005983", "47.41838203304496"]}}, {"type": "Feature", "properties": {"identifier": "6678342f-5cb6-4b40-9a1f-3980ebde0513", "name": "Steiner-Beck AG", "description": "<p><span style=\"font-weight: bold;\">Das zahlreiche Angebot der B\u00e4ckerei, Conditorei und Confiserie:</span></p><ul><li>knusprige Brote</li><li>ausgezeichnete Torten</li><li>hausgemachte Pralinen</li><li>leckere Sandwiches zum Zn\u00fcni</li><li>knackige Salate zum Zmittag</li></ul><p><br><span style=\"font-weight: bold;\">Angebot im Caf\u00e9:&nbsp;</span></p><ul><li>reichhaltiges Fr\u00fchst\u00fcck</li><li>aromatischer Kaffee</li><li>t\u00e4glich abwechslungsreiche Mittagsmen\u00fcs<br></li></ul>", "url": "https://www.steiner-beck.ch/", "image": "https://sgbtpimtsoch.sos-ch-dk-2.exoscale-cdn.com/catalog/1/b/7/2/1b727c2482f41c6a1fbfba889aa303ec204d5289_Eschenbach_High__1___1_.jpg", "openstreetmap_id": "node/2845820214"}, "geometry": {"type": "Point", "coordinates": ["8.9236101", "47.2410357"]}}, {"type": "Feature", "properties": {"identifier": "668b9031-f457-4dbe-a90c-e50d867f8381", "name": "L\u00e4deli-Tour", "description": "<p>Es braucht keine grosse Stadt um auf Einkaufstour zu gehen. Im Goldingertal l&auml;sst sich eine Wander- oder Velotour ideal mit &laquo;l&auml;dele&raquo; kombinieren. Und das Beste: diese Tour ist sogar sonntagstauglich da die meisten L&auml;deli ihre Produkte in Selbstbedienung anbieten. <br>Rundtour Goldingen-Bannholz-Chrinnen <br><br>Am besten startet man in Goldingen, Egligen. Bei der Tankstelle neben <a href=\"https://goldingertal.ch/de/map/details/landi-goldingen-2b8be17d-54ba-454d-beb6-8540c254d8e9.html\" target=\"_blank\" rel=\"noopener\">Prima/Landi</a> stehen ein paar gratis Parkpl&auml;tze zur Verf&uuml;gung und die &Ouml;V-Haltestelle befindet sich gleich daneben (Postauto, VZO-Bus). In unmittelbarer N&auml;he zur Haltestelle wartet schon der erste Verkaufswagen. <a href=\"https://goldingertal.ch/de/map/details/regis-creativ-art-fc201ff5-1781-42ba-86a1-997edcd9e609.html\" target=\"_blank\" rel=\"noopener\">Regis.Creativ.Art</a> bietet Beton-Kreationen geschickt kombiniert mit Naturmaterialien. <br><br>K&auml;seliebhaber kommen bereits kurz danach, bei der <a href=\"https://goldingertal.ch/de/map/details/kaeserei-sutter-45007375-0566-40a6-b325-2c593a1cbe10.html\" target=\"_blank\" rel=\"noopener\">K&auml;serei Sutter</a>, auf Ihre Kosten. Von Montag bis Samstag ist das Ch&auml;s-L&auml;deli offen, zur &uuml;brigen Zeit steht ein Verkaufsautomat mit Fondue, Raclette und weiteren K&auml;sespezialit&auml;ten zur Verf&uuml;gung. Auch hier stehen ein paar &ouml;ffentliche Parkpl&auml;tze gratis zur Verf&uuml;gung. <br><br><span style=\"font-weight: bold;\">Hoch zum Bannholz am Keramik-L&auml;deli vorbei</span><br>Nun geht&rsquo;s die Strasse hoch Richtung <a href=\"https://goldingertal.ch/de/map/details/restaurant-bannholz-695fee29-23fd-4a14-b03d-798930bb15f4.html\" target=\"_blank\" rel=\"noopener\">Restaurant Bannholz</a>. Im Weiler Gibel befindet sich die T&ouml;pferei von <a href=\"https://goldingertal.ch/de/map/details/toepferei-von-hans-baumgartner-a312e5fa-7f5d-4eab-a286-90eee1f5df18.html\" target=\"_blank\" rel=\"noopener\">Hans Baumgartner</a>. Selbstget&ouml;pferte Schalen, Teller und Vasen sind ausgestellt. Nicht jeden Tag, aber meistens ist sein L&auml;deli im Keller von 10 - 12 Uhr und von 14 - 16 Uhr (oder nach Vereinbarung) ge&ouml;ffnet.<br><br><span style=\"font-weight: bold;\">Chrinnen und Faltigberg oberhalb Wald </span><br>Weiter f&uuml;hrt der Weg am Restaurant Bannholz vorbei, der <a href=\"https://goldingertal.ch/de/map/details/herzroute-e-bike-tour-803ca38f-ba19-48a3-8cab-5d973de6d9e4.html\" target=\"_blank\" rel=\"noopener\">Herzroute</a> folgend, via Tann nach Chrinnen. Auf den gem&uuml;tlichen B&auml;nklein entlang des Weges empfiehlt es sich zu rasten und die atemberaubende Aussicht auf Z&uuml;richsee und Linthebene zu geniessen. Beim Bauernhof <a href=\"https://goldingertal.ch/de/map/details/chrinnehof-a71936fe-b3bd-4b0d-b14b-2b3e520ff5c3.html\" target=\"_blank\" rel=\"noopener\">Chrinnehof</a> gibt es einen gem&uuml;tlichen Hofcheller (Hofl&auml;deli) in welchem es sogar Kaffee, Sirup und S&uuml;ssmost zum Sofortverzehr gibt. Ebenfalls auf dem Hof steht das <a href=\"https://goldingertal.ch/de/map/details/schmuck-huesli-7b45c791-6656-4353-ae06-70288a4270e4.html\" target=\"_blank\" rel=\"noopener\">Schmuck H&uuml;sli</a> von Regula Kindlimann. Sie designt Halsketten und Armb&auml;nder in verschiedenen Varianten, Farben und Materialien. Wer das passende St&uuml;ck nicht findet, kann bei Regula auch das eigene Schmuckst&uuml;ck kreieren. <br><br>In Richtung Faltigberg zur H&ouml;henklinik geht es weiter. Gleich daneben steht die Spezialit&auml;tenk&auml;serei Koster. Auch bei Kosters sorgt ein neuer Verkaufsautomat daf&uuml;r, dass die feinen Weichk&auml;sli rund um die Uhr ihre K&auml;ufer finden. Hier braucht es nicht mal Bargeld, der Automat akzeptiert auch Karten. <br><br><span style=\"font-weight: bold;\">Mit dem E-Bike auf der Herzroute weiter </span><br>F&uuml;r die Fortsetzung der Tour bieten sich verschiedene M&ouml;glichkeiten: Velofahrer k&ouml;nnen &uuml;bers Oberholz der Herzroute (E-Bike Route 99) folgen, welche &uuml;ber Gibswil und bis weiter nach Rapperswil f&uuml;hrt. Bei der H&ouml;henklinik f&auml;hrt auch ein &ouml;ffentlicher Bus nach Wald. Oder man wandert unterhalb der H&ouml;henklinik wieder zur&uuml;ck Richtung Bannholz. Kurz vor dem Bannholz zweigt ein sch&ouml;ner Waldweg ab, der an verschiedenen Weihern vorbei nach Diezikon f&uuml;hrt. <br><br>Die Tour bis zum Faltigberg f&uuml;hrt haupts&auml;chlich &uuml;ber asphaltierte Strassen und eignet sich daher optimal f&uuml;r Velotouren oder f&uuml;r eine &laquo;Schlecht-Wetter-Wanderung&raquo;. Distanz ca. 8.8km Dauer zu Fuss ca. 2.5 Stunden.</p><p class=\"MsoNormal\">Anreise mit den &ouml;ffentlichen Verkehrsmitteln:<br>Bus 630 von Eschenbach (Dorftreff) nach Goldingen (Egligen)</p><p class=\"MsoNormal\">Die genaue Route sowie die GPX Daten sind unter diesem&nbsp;<a href=\"https://schweizmobil.ch/de/tour/4873330?layers=wanderland%2CtrackLayer&amp;E=2714231&amp;N=1236890&amp;resolution=3.47&amp;bgLayer=pk&amp;detours=yes&amp;shooting=yes&amp;logos=yes&amp;photos=yes&amp;season=summer\">Link</a> ersichtlich.</p>", "image": "https://sgbtpimtsoch.sos-ch-dk-2.exoscale-cdn.com/catalog/8/f/b/8/8fb85bd234b9be109048255c5815fd82d06482ec_IMG_2496.JPG", "openstreetmap_id": "way/284528780"}, "geometry": {"type": "Point", "coordinates": ["8.960085511207582", "47.26404341017249"]}}, {"type": "Feature", "properties": {"identifier": "68bde23c-4024-4051-984d-33e9b5b1d9bd", "name": "Bildst\u00f6ckli Rebberg", "description": "<p>Der Rebberg z\u00e4hlt ca. 190 rote Stickelreben, 190 rote Drahtreben und rund 250 weisse Stickelreben. Total z\u00e4hlt der Rebberg also rund 630 Rebst\u00f6cke. </p><p>Der gemeindeeigene Rebberg wird von einer Gruppe freiwilliger \u00abWeinfreunde\u00bb bewirtschaftet, die rund sieben bis acht Eins\u00e4tze pro Jahr haben. Vom Rebschnitt im M\u00e4rz \u00fcbers \"Stockputzen\" im Mai/Juni. Im Juli geht es ans Aufbinden und Auslauben und gegen Ende Sommer, im August, wird der Ertrag \u00abreguliert\u00bb, ganz nach dem Motto \u00abweniger ist mehr\u00bb. Nach der Laubarbeit im September findet meist im Oktober die Traubenlese statt. </p><p>Neben den \u00abWeinfreunden\u00bb kann auf zus\u00e4tzliche Hilfestellung durch den Werkdienst der Gemeinde gez\u00e4hlt werden, die den Rebberg m\u00e4ht oder beispielsweise die Netze gegen Insekten anbringt. </p><p><span style=\"font-weight: bold;\">Weinbestellung: </span><br>Einmal im Jahr, meistens im September, findet das allj\u00e4hrliche Rebenfest statt. Dabei kann der Eschenbacher Bildst\u00f6ckli-Wein (6er-Kartons) bestellt werden. Selbstverst\u00e4ndlich kann der Wein aber auch jederzeit und direkt beim Empfang der Gemeinde Eschenbach bestellt werden: einwohneramt@eschenbach.ch | 055 286 15 05.<br></p>", "image": "https://sgbtpimtsoch.sos-ch-dk-2.exoscale-cdn.com/catalog/a/0/e/0/a0e0fb92d7feb9ccc868acb73d0053922e0622b7_Bildst__ckli_Reben.jpg", "openstreetmap_id": "node/749242263"}, "geometry": {"type": "Point", "coordinates": ["8.92417073249817", "47.24233121120119"]}}, {"type": "Feature", "properties": {"identifier": "690f9331-3d89-4694-afb3-f92ba850a9d5", "name": "Jodlerclub St.Gallen Stadt", "description": "<div>Die Jodlerinnen und Jodler des Jodlerclubs St.Gallen Stadt verbindet die Begeisterung am gemeinsamen Jodeln und Singen und eine ganz besondere Freundschaft. Dies ist bei ihren Auftritten sp\u00fcrbar.</div>", "url": "https://www.jodlerclub.stadt.st.gallen.ch/", "image": "https://sgbtpimtsoch.sos-ch-dk-2.exoscale-cdn.com/catalog/e/a/e/8/eae8469da0b9026be63a33053ae81f97bc91b2c4_jodlerclub_stadt_stgallen.jpg", "openstreetmap_id": "node/4993471306"}, "geometry": {"type": "Point", "coordinates": ["9.0998828", "47.4748106"]}}, {"type": "Feature", "properties": {"identifier": "695fee29-23fd-4a14-b03d-798930bb15f4", "name": "Restaurant Bannholz", "description": "<p>Das Restaurant Bannholz oberhalb Goldingen kann von zwei Seiten erreicht werden. Einerseits kann mit dem Auto oder zu Fuss ab Goldingen (gegen\u00fcber K\u00e4serei Sutter) das Restaurant erreicht werden oder ein Weg f\u00fchrt ab der Z\u00fcrcher H\u00f6henklinik in Wald zu Fuss bis zum Restaurant.</p><p>Serviert werden verschiedene Spezialit\u00e4ten, jedoch das Cordon-Bleu ist eines der bekanntesten Speisen vom Bannholz.<br></p>", "url": "https://www.bannholz.net/", "image": "https://sgbtpimtsoch.sos-ch-dk-2.exoscale-cdn.com/catalog/c/3/5/3/c35312b43c06d16f165f900400cc6b6991143a96_bannholz_klein.jpg", "openstreetmap_id": "node/953792327"}, "geometry": {"type": "Point", "coordinates": ["8.9519848", "47.2734333"]}}, {"type": "Feature", "properties": {"identifier": "69d40478-c2ec-44de-86be-6e9d16af4cde", "name": "Highland Games - lustiger Gruppenausflug mit Action und Spass", "description": "<p><strong>Erleben Sie echte schottische Abenteuer: </strong></p><p>Mit den spassigen <strong>HighlandGames</strong> k&ouml;nnen Sie Ihre G&auml;ste in die Berge Schottlands versetzen und endlich das Geheimnis l&uuml;ften, was der Schotte denn so unter seinem Rock tr&auml;gt...</p><p>Gemeinsam mit Ihrem Team k&auml;mpfen Sie um wichtige Punkte f&uuml;r den Gesamtsieg in dieser Meisterschaft. Welches Team hat die Nase vorn beim Balkenweitwurf, punktet beim&nbsp;<a title=\"Bogenschiessen als Teamevent\" href=\"https://www.rafters.ch/ausflugsideen/ostschweiz/pfeilbogenschiessen/index.html\" target=\"_blank\" rel=\"noopener\">Pfeilbogenschiessen</a> oder <a title=\"Wettschiessen testen Sie Ihre Treffsicherheit\" href=\"https://www.rafters.ch/ausflugsideen/ostschweiz/wettschiessen/index.html\" target=\"_blank\" rel=\"noopener\">Axtwerfen</a>, f&auml;ngt die meisten H&uuml;hner ein und holt die Gegner reihenweise vom Balken?</p><p><br>Ob als actionreiches Outdoor-Event oder als unterhaltsamer Programmpunkt f&uuml;r Ihren Betriebsausflug: Die Highland Games bringen Teams jeder Gr&ouml;&szlig;e ins Schwitzen, Lachen und Jubeln. Ideal f&uuml;r Unternehmen, die ein au&szlig;ergew&ouml;hnliches Event mit hohem Erlebniswert suchen.</p><p><strong>Ein Auszug aus unseren Posten:</strong><br>Die Posten bei unseren HighlandGames trainieren Ihre Lachmuskeln und f&ouml;rdern den Teamgeist<br><br><strong>Tauziehen&nbsp;</strong>- nur wer gemeinsam am Strick zieht kann hier gewinnen<br><strong>Baumstamm Weitwurf</strong> - die richtige Technik macht die Weite<br><strong>Axt werfen&nbsp;</strong>- als echter Highlander treffen Sie den Stamm sicher in der Mitte<br><strong>Balkenpolka&nbsp;</strong>- hier wird das Gleichgewicht gefordert<br><strong>Baumstamm Parcour</strong> - im Gleichschritt wertvolle Punkte holen<br><strong>wenn H&uuml;hner fliegen lernen&nbsp;</strong>- ist der Schotte am Rotieren...<br><strong>Hammerwurf</strong>&nbsp;- nicht Kraft sondern Geschicklichkeit bring hier die Punkte<br><strong>Strohsack-Weitwurf&nbsp;</strong>- mit dem richtigen Schwung gibt ordentlich was aufs Punktekonto<br><strong>Clan-Rapp</strong> - welcher Clan komponiert die beste Erkennungsmelodie</p><p>Schafft es Ihr Team bis ins Finale und kann mit dem SchottenRapp nochmals richtig Gas geben und und holt sich so den begehrten Sieg? Dieser Teamevent trainiert die Lachmuskel, befl&uuml;gelt den Geist und wird Ihren G&auml;sten mit Sicherheit noch lange in Erinnerung bleiben</p><p><strong>Event-Ort:</strong> in der ganzen Ostschweiz m&ouml;glich</p><p><strong>unsere Empfehlung:</strong> Alp Habergschw&auml;nd auf dem Kerenzerberg hoch &uuml;ber dem Walensee</p>", "url": "https://www.rafters.ch/ausflugsideen/ostschweiz/highlandgames/index.html", "image": "https://sgbtpimtsoch.sos-ch-dk-2.exoscale-cdn.com/catalog/1/8/d/7/18d7e7ad9ba3bbf57b8a4a1bfee97dec77013b3d_Firmenausflug_Ideen.jpg", "openstreetmap_id": "Highland Games lustiger Gruppenausflug mit Action und Spass"}, "geometry": {"type": "Point", "coordinates": ["9.124660491943361", "47.10397047446817"]}}, {"type": "Feature", "properties": {"identifier": "6bc6ee67-6136-41e8-87ad-e05589f31e26", "name": "Metzgerei Betschart", "description": "<p>In den beiden Metzgereien in Eschenbach und Schmerikon wird ein vielf\u00e4ltiges Angebot an Fleisch- und Wurstwaren, Fisch, K\u00e4sespezialit\u00e4ten und Delikatessen geboten. </p><p>Mal ganz allt\u00e4glich, mal aussergew\u00f6hnlich und meist aus der Region. Immer frisch und von bester Qualit\u00e4t. </p><p><span style=\"font-weight: bold;\">Angebot:</span></p><ul><li>Fleisch, Fleischwaren, grosses Grill-Angebot</li><li>Spezialit\u00e4ten: Aubrigschinken, Ch\u00e4misalami, Chorizo, Schmerispeck, D\u00fcrrw\u00e4ldler</li><li>Catering f\u00fcr Ap\u00e9ro und Partyservice</li><li>K\u00e4se, Wein, Geschenkartikel</li><li>In Eschenbach t\u00e4glich zwei Mittagsmen\u00fcs zum mitnehmen<br></li></ul>", "url": "https://www.metzgerei-betschart.com/de/", "image": "https://sgbtpimtsoch.sos-ch-dk-2.exoscale-cdn.com/catalog/2/2/8/7/22870cb1cfad08676ace18e17249f20e8be011d8_Betschart_Team.jpg", "openstreetmap_id": "node/2900941134"}, "geometry": {"type": "Point", "coordinates": ["8.9237103", "47.2409224"]}}, {"type": "Feature", "properties": {"identifier": "6bf28206-9e8f-482a-a4b7-d7625c2b02a1", "name": "Wettschiessen - die Idee f\u00fcr Ihren Firmenausflug", "description": "<div class=\"paragraph\"><p>Wer hat nicht als Kind davon getr&auml;umt, ein echter Robin Hood zu sein? Jetzt ist die Zeit gekommen, diese Tr&auml;ume wahr werden zu lassen! Wir laden Sie zu einem geselligen Schiesswettkampf ein, bei dem nicht nur treffsichere Helden gesucht werden, sondern auch der Spa&szlig; und die Gemeinschaft im Mittelpunkt stehen.<br><br><strong>Der perfekte Mix aus Wettbewerb und Nostalgie</strong><br>Erinnern Sie sich noch an die Abenteuer, bei denen Pfeil und Bogen eine grosse Rolle spielten? Bei uns k&ouml;nnen Sie diese Kindheitstr&auml;ume wieder aufleben lassen &ndash; nur diesmal mit echten Herausforderungen. Unsere Schiessanlagen sind bereit, Sie in verschiedenen Disziplinen herauszufordern:<br><br><strong>Pfeil und Bogen:</strong>&nbsp;Finden Sie Ihre innere Ruhe und treffen Sie ins Schwarze!<br><strong>Armbrust:&nbsp;</strong>Pr&auml;zision und Power &ndash; der Klassiker f&uuml;r jeden Zielsportfan.<br><strong>Blasrohr:</strong> Wer h&auml;tte gedacht, dass dieser uralte Sport so viel Spass machen kann?<br><strong>Steinschleuder:</strong>&nbsp;Wie fr&uuml;her auf dem Schulhof, nur mit professionellem Zieltraining.<br><strong>B&uuml;chsenwerfen:&nbsp;</strong>Treffgenauigkeit trifft auf ein bisschen Chaos &ndash; immer ein Highlight!<br><strong>Axtzielwurf:&nbsp;</strong>F&uuml;r die wahren Abenteurer &ndash; werfen Sie sich mitten ins Geschehen.<br><br>Wer denkt, dass dies nur etwas f&uuml;r die Jungs ist, wird &uuml;berrascht sein. Unsere Erfahrung zeigt: Die Damen trumpfen oft mit einer ruhigen Hand und messerscharfer Pr&auml;zision auf. So manche Siegesserie wurde von einer Robin-Hood-Dame durchbrochen &ndash; mit Stil!<br><br><strong>Gemeinsam unvergessliche Momente erleben</strong><br>Das Beste an diesem Wettkampf? Es geht nicht nur um den Titel &bdquo;Bester Robin Hood&ldquo;, sondern auch um das Miteinander. Fachkundige Betreuung, lockere Stimmung und jede Menge Gelegenheiten zum Lachen sorgen daf&uuml;r, dass alle auf ihre Kosten kommen &ndash; egal ob Scharfsch&uuml;tze, Neuling oder einfach nur neugierig.</p></div>", "url": "https://www.rafters.ch/teamevents/vereinsausflug/index.html", "image": "https://sgbtpimtsoch.sos-ch-dk-2.exoscale-cdn.com/catalog/0/a/8/b/0a8b75f05aefee9900983ec5aaf2dace1e0d5e6f_Bogenschiessen_Teamevent.jpg", "openstreetmap_id": "node/9041170563"}, "geometry": {"type": "Point", "coordinates": ["9.124596118927004", "47.10400958858034"]}}, {"type": "Feature", "properties": {"identifier": "6ef26262-0aea-4b3f-b5fc-e2737d0efc8c", "name": "Geoweg Chr\u00fczegg", "description": "<p>Der Geoweg zeigt auf anschauliche Weise wie die Landschaft im Gebiet Chr&uuml;zegg und Umgebung entstanden ist. Die insgesamt 50 Hinweistafeln erm&ouml;glichen interessierten Wanderern einen umfassenden Einblick in die Entstehung unserer Landschaft.</p><p>Vergletscherungen, &Uuml;berschwemmungen, Bergst&uuml;rze, ja sogar Vulkanausbr&uuml;che aus der Auvergne (Frankreich) haben Spuren in unserem Boden hinterlassen. Die vielen Hinweise auf die erdgeschichtliche Entwicklung bringen uns zum Staunen und zum Nachdenken. Sie helfen aber vor allem, die dynamische Landschaftsver&auml;nderung und deren Auswirkung auf Flora, Fauna und den Menschen zu verstehen.</p><p>Die Tafeln sind nicht mehr alle in einem sehr guten Zustand und werden laufend &uuml;berpr&uuml;ft.</p><p>Wird eine fachkundige Begleitung f&uuml;r diesen landschaftlich wertvollen Erlebnispfad gew&uuml;nscht, dann begleitet Monika Kriemler sehr gerne und steht f&uuml;r Fragen zur Verf&uuml;gung.</p><p><span style=\"font-weight: bold;\">Preise / Inbegriffene Leistungen:</span></p><ul><li>Geologische F&uuml;hrung auf dem Geoweg, mit Erkl&auml;rungen zur Entstehung der Landschaft und zur Bedeutung der Linthebene als Lebens- und Naturraum</li><li>Alpenfaltung, Molasse, Eiszeiten</li><li>Steine als Rohstoff</li><li>Industrialisierung, Linthkorrektur, Besiedlungsgeschichte</li><li>Klimageschichte, Bergsturz Atzm&auml;nnig 1816</li></ul><p><br><span style=\"font-weight: bold;\">Grosser Rundweg:<br></span>Wanderung Atzm&auml;nnig Bergstation-Chr&uuml;zegg-Atzm&auml;nnig Talstation Zeitbedarf inkl. Pausen: ca. 6 Stunden<br>Kosten: CHF 400.-/pro Gruppe exkl. Sesselbahn</p><p><span style=\"font-weight: bold;\">Kleiner Rundweg:</span><br>Wanderung Atzm&auml;nnig Bergstation zur&uuml;ck zur Talstation<br>Zeitbedarf inkl. Pausen: ca. 3 Stunden<br>Kosten: CHF 250.-/pro Gruppe exkl. Sesselbahn</p><p><span style=\"font-weight: bold;\">Sesselbahn:<br></span>Einzelpreise: Erwachsene Bergfahrt CHF 9.50, Kinder 6-16 Jahre CHF 6.00<br>Gruppenpreise ab 15 Personen: Bergfahrt CHF 7.50, Kinder CHF 5.00</p><p><span style=\"font-weight: bold;\">Tipps und Hinweise:</span></p><ul><li>Verpflegungsm&ouml;glichkeiten - Bergrestaurant Chr&uuml;zegg oder Alprestaurant Altschwand</li><li>Alternativen - Ausgangs- bzw. Endpunkt der F&uuml;hrung ab Libingen, Krinau oder Wattwil</li><li>Kombinieren Sie den Geoweg mit weiteren Attraktivit&auml;ten im Atzm&auml;nnig oder Goldingertal</li></ul><p><br><span style=\"font-weight: bold;\">Durchf&uuml;hrung und Gruppengr&ouml;sse:<br></span>auf Anfrage mit Anmeldung<br>Ideal bis 15 Personen<br>&gt; 15 Personen, zwei Begleitpersonen, Preis nach Absprache</p><p class=\"MsoNormal\">Anreise mit den &ouml;ffentlichen Verkehrsmitteln:<br>Bus 630 von Eschenbach (Dorftreff) nach Hintergoldingen (Atzm&auml;nnig Schutt)</p>", "image": "https://sgbtpimtsoch.sos-ch-dk-2.exoscale-cdn.com/catalog/a/b/c/e/abcee4cf569b6550617ad71bd516cf7bbfc40f26_Tafel_A_Detail.jpg", "openstreetmap_id": "node/726611392"}, "geometry": {"type": "Point", "coordinates": ["9.010870456695558", "47.27924662684945"]}}, {"type": "Feature", "properties": {"identifier": "70163a08-6f66-424f-ada4-1903b5e6669e", "name": "Renato Kaiser", "description": "<p>Renato Kaiser hat einen feinen Sinn f\u00fcr Komik, Sprache und Timing. Er balanciert zwischen Vernunft und Wahnsinn, zwischen Vordergrund und Hintersinn, zwischen Ernst und Witz, ohne dabei je den Halt oder die Haltung zu verlieren. Mit einer Mischung aus Satire, Spoken Word und Comedy trifft er ins Hirn, ins Herz und vor allem ins Zwerchfell.<br></p>", "image": "https://sgbtpimtsoch.sos-ch-dk-2.exoscale-cdn.com/catalog/c/0/a/9/c0a9f13947812ae4a2898cbedc08090332c8a193_renato_kaiser.jpg", "openstreetmap_id": "way/302779335"}, "geometry": {"type": "Point", "coordinates": ["9.462190311306006", "47.40698625"]}}, {"type": "Feature", "properties": {"identifier": "70a4d632-c837-40d8-b433-18d98421fa43", "name": "Theater Trouvaille", "description": "<p data-path-to-node=\"6\">Wenn du das Besondere suchst, musst du manchmal etwas genauer hinschauen. Das <strong data-path-to-node=\"6\" data-index-in-node=\"78\">Theater Trouvaille</strong> in St. Gallen ist genau so eine Entdeckung. 1997 von Arnim Halter und Regine Weingart als &laquo;Parfin de Si&egrave;cle&raquo; ins Leben gerufen, steht das Haus seit &uuml;ber 25 Jahren f&uuml;r tiefgr&uuml;ndige Inszenierungen, die dich in den Bann ziehen.</p><p data-path-to-node=\"7\">Seit der Schauspieler Matthias Fl&uuml;ckiger das Ruder &uuml;bernommen hat, weht ein frischer Wind durch die R&auml;ume. Mit dem Namenswechsel im Jahr 2022 zu &laquo;Trouvaille&raquo; &ndash; franz&ouml;sisch f&uuml;r einen gl&uuml;cklichen Fund oder eine wertvolle Entdeckung &ndash; wurde ein neues Kapitel aufgeschlagen. Das Theater hat sich von der reinen Fixierung auf die Jahrhundertwende gel&ouml;st und &ouml;ffnet sich neuen, vielschichtigen Stoffen, ohne seinen pers&ouml;nlichen und exklusiven Charakter zu verlieren.</p><p data-path-to-node=\"7\">Ein bedeutsamer Ort f&uuml;r die Theater- und Kulturszene in St.Gallen - mit Theaterst&uuml;cken, Lesungen und Musikprogrammen.</p>", "url": "https://theater-trouvaille.ch/", "image": "https://sgbtpimtsoch.sos-ch-dk-2.exoscale-cdn.com/catalog/e/7/1/3/e71325868b76cd3fe66f2095bf939b61f0c55e1a_DSC04912_fertiges_Bild.png", "openstreetmap_id": "node/5305284127"}, "geometry": {"type": "Point", "coordinates": ["9.377237000000036", "47.42173460000001"]}}, {"type": "Feature", "properties": {"identifier": "722841c2-88c2-451d-b32e-7feff9b7a1c3", "name": "Wandern im Atzm\u00e4nnig - Route 7", "description": "<p>Diese einfache Wanderung startet bei der Talstation Atzm&auml;nnig, von der aus mit der Sesselbahn (&Ouml;ffnungszeiten beachten) die H&ouml;henmeter &uuml;berwunden werden k&ouml;nnen. Von der Sesselbahn-Bergstation nach Untere Atzm&auml;nnig (Wegweiser), dann links nach St&uuml;ssel &ndash; Obere Schwendi &ndash; Marchbu &ndash; Freudental &ndash; Rinderweid &ndash; Untere Schwendi und zur Talstation Schutt.</p><p>Wanderzeit: ca. 2 Std.</p><p>Oder weiter &uuml;ber St&uuml;ssel &ndash; K&ouml;belberg (auf 1087m) nach Goldingen oder nach R&uuml;eterswil/St.Gallenkappel.</p><p>Anreise mit den &ouml;ffentlichen Verkehrsmitteln:<br>Bus 630 von Eschenbach (Dorftreff) nach Hintergoldingen (Atzm&auml;nnig Schutt)</p>", "url": "https://www.atzmaennig.ch/", "image": "https://sgbtpimtsoch.sos-ch-dk-2.exoscale-cdn.com/catalog/0/a/c/8/0ac8961a6919a6d79041eca9163f0aa3c7a7e049_alte_Webseite_Sesselbahn3.jpg", "openstreetmap_id": "way/231502473"}, "geometry": {"type": "Point", "coordinates": ["8.995780348777773", "47.28478957831892"]}}, {"type": "Feature", "properties": {"identifier": "723e687a-7f97-48c4-9710-69b137f186a3", "name": "Martha's Stickatelier", "description": "<p>Ob als Geschenk, Mitbringsel oder f\u00fcr sich selbst, Martha kann vieles an Ihrer Maschine besticken. Z. B. T-Shirts, Hemden, Jacken, Baseball-Caps und Handt\u00fccher. </p><p>Auf Wunsch werden eigens f\u00fcr Kunden individuelle Motive hergestellt. Ausserdem bietet Martha auch an Vorlagen wie Zeichnungen in einem Maschinenstickprogramm umzusetzen.&nbsp;</p>", "url": "https://www.marthas-stickatelier.ch/", "image": "https://sgbtpimtsoch.sos-ch-dk-2.exoscale-cdn.com/catalog/b/c/e/a/bcea938fb77aac102e745f2ac129ee2f7d846042_Martha_s_Stickatelier_L__tzli_mit_Storch.jpg", "openstreetmap_id": "way/273788008"}, "geometry": {"type": "Point", "coordinates": ["8.981516361236574", "47.28462225420893"]}}, {"type": "Feature", "properties": {"identifier": "73028659-01ae-4300-abd6-8135c20cf3e5", "name": "ArboPark: Dein Indoor-Freizeitpark", "description": "Freu dich auf \u00fcber 25 High-End-Attraktionen wie Gokart, DriftPark, Mixed Reality Playground, AR-Darts, die virtuelle Musikshow \u00abThe Voice\u00bb, interaktives Minigolf und einzigartige CUBE Challenges. Und wenn der kleine Hunger kommt, kannst du im hauseigenen Bistro auftanken.\n\n\nOb mit Freunden, der Familie oder den Kollegen \u2013 hier sind Teamwork, Geschick und K\u00f6pfchen gefragt. Und das Beste: Der ArboPark ist \u00fcberdacht, wetterfest und auch abends ge\u00f6ffnet \u2013 perfekt f\u00fcr spontane Tagesausfl\u00fcge und coole Abende voller Action. \n\n\nNur 10 Minuten vom Bahnhof Arbon entfernt und mit \u00fcber 400 Parkpl\u00e4tzen vor der T\u00fcr ist der Weg zu deinem n\u00e4chsten Abenteuer ganz nah. Also, worauf wartest du noch?", "url": "https://arbopark.ch", "image": "https://sgbtpimtsoch.sos-ch-dk-2.exoscale-cdn.com/catalog/1/3/0/0/1300e867b62f8780df688a50d1c0cd87570577cd_IMG_5384_bearb.jpg", "openstreetmap_id": "node/10578653436"}, "geometry": {"type": "Point", "coordinates": ["9.4295678", "47.5069449"]}}, {"type": "Feature", "properties": {"identifier": "745e1fcd-a43d-43f3-bda0-b9e3ab1a4582", "name": "Spielgruppe Wurzelchind vom Archehof", "description": "<p>....das alles wird in der Spielgruppe auf dem Archehof erlebt. Die Wurzelchind sind ganz vieles, aber allen voran eine Spielgruppe. Hier k&ouml;nnen die Kinder ab 2 Jahren vieles entdecken und erleben.</p>", "url": "https://wurzelchindvomarchehof.ch/", "image": "https://sgbtpimtsoch.sos-ch-dk-2.exoscale-cdn.com/catalog/7/a/4/c/7a4c20957cddbc95deee6ab9601ae126a54e30dd_IMG_20240523_WA0027.jpg", "openstreetmap_id": "node/5503373556"}, "geometry": {"type": "Point", "coordinates": ["8.89548718929291", "47.242669890276396"]}}, {"type": "Feature", "properties": {"identifier": "75aa2666-acb3-414a-8f9a-d68ddedcbc05", "name": "Alphorn-Ruedi", "description": "<p>Alphorn-Ruedi spielt mit seinem Alphorn an Festen, Feiern, Geburtstagen, Jubil\u00e4en, Hochzeiten, Gottesdiensten, Abdankungen, Beerdigungen, zum \u00dcberraschen und um Freude zu schenken.</p>", "url": "https://alphorn-ruedi.ch/", "image": "https://sgbtpimtsoch.sos-ch-dk-2.exoscale-cdn.com/catalog/d/8/e/7/d8e7a13bc1f2b1d37e637e90d80f1973ceaeb790_alphorn_trio.jpg", "openstreetmap_id": "node/5700328872"}, "geometry": {"type": "Point", "coordinates": ["9.3516652", "47.4114692"]}}, {"type": "Feature", "properties": {"identifier": "77ff4c05-f012-456d-bdc6-6056ce3594c6", "name": "Restaurant Adler", "description": "<p>Vis-\u00e0-vis vom Migros befindet sich das gem\u00fctliche Restaurant Adler. Hier werden gut b\u00fcrgerliche Speisen, Grilladen und diverse Spezialit\u00e4ten serviert. Ebenfalls bietet das Restaurant ein Take-away Service \u00fcber den Mittag und selbstgemachte Salatsaucen zum kaufen an. </p><p>Wer lieber Abends f\u00fcr einen Jass vorbei kommt, ist ebenfalls sehr willkommen.<br></p>", "url": "https://adler-eschenbach.ch/", "image": "https://sgbtpimtsoch.sos-ch-dk-2.exoscale-cdn.com/catalog/4/9/c/d/49cdb54ba4489112bb1edd58d62cc1ee128fe3da_Adler___40.jpg", "openstreetmap_id": "node/475204306"}, "geometry": {"type": "Point", "coordinates": ["8.9232976", "47.2412135"]}}, {"type": "Feature", "properties": {"identifier": "799046d9-8c61-46ee-8d84-4f0e325eb208", "name": "Landi See AG", "description": "<p>Im Landi-Laden Neuhaus findet sich ein vielf\u00e4ltiges, preisg\u00fcnstiges Sortiment f\u00fcr Garten, Haushalt, Handwerk, Tierhalter, Wanderv\u00f6gel und Zweiradfans. </p><p>Das grossz\u00fcgige Gartencenter mit dem breiten und immer frischen und saisongerechten Angebot l\u00e4sst keine W\u00fcnsche offen. </p><p>Ebenfalls bieten wir Leckereien von unseren lokalen Lieferanten an, welche direkt vom Hof in unsere LANDI liefern.<br></p>", "url": "https://landi.swiss/de-CH/cooperative/landi-see", "image": "https://sgbtpimtsoch.sos-ch-dk-2.exoscale-cdn.com/catalog/0/6/9/c/069c9405f9d37ab9d9ba13174d51034b063ef23a_1.jpg", "openstreetmap_id": "way/236092732"}, "geometry": {"type": "Point", "coordinates": ["8.950834892247846", "47.2380184"]}}, {"type": "Feature", "properties": {"identifier": "7b45c791-6656-4353-ae06-70288a4270e4", "name": "Schmuck H\u00fcsli", "description": "<p>F\u00fcr Schmuckliebhaber die nie das passende St\u00fcck finden oder die f\u00fcr sich ein Unikat m\u00f6chten sind bei Regula Kindlimann genau richtig. </p><p>Hier findet jeder garantiert das passende Schmuckst\u00fcck zur Kleidung. Regula hat eine grosse Auswahl an Schmuck zum Verkauf oder es kann gleich vor Ort selbst ein Schmuckst\u00fcck kreiert werden. Jedes einzelne St\u00fcck ist mit viel Liebe und verschiedenen Materialien gemacht. </p><p><span style=\"font-weight: bold;\">Angebot:</span></p><ul><li>Grosse Auswahl an Halsketten, z.T. mit passenden Ohrringen oder Armb\u00e4ndern.</li><li>Modeschmuck selber kreieren - der eigene Hals-, Ohr- oder Armschmuck nach den pers\u00f6nlichen Vorstellungen produzieren. Mit Hilfe von Regula Kindlimann wird das Schmuckhandwerk erlernt. </li><li>Und sonst noch - der Ferienhof Wald bietet Ferien auf dem Bauernhof mit Ferienwohnungen und G\u00e4stezimmer.&nbsp;</li></ul><p><br>Das Schmuck H\u00fcsli befindet sich auf dem Hof, direkt an der Strasse von der H\u00f6henklinik Wald zum Parkplatz Chrinnen (Weg zur Farneralp). Ebenfalls auf dem Chrinnehof findet sich das Hofl\u00e4deli (Hofcheller).<br></p>", "url": "https://www.ferienhof-wald.ch/schmuckhuesli/index.html", "image": "https://sgbtpimtsoch.sos-ch-dk-2.exoscale-cdn.com/catalog/5/7/8/3/578339f4736fd0f0e5042c112f9026b36a0c30c1_Schmuck_H__sli.jpg", "openstreetmap_id": "way/196386618"}, "geometry": {"type": "Point", "coordinates": ["8.947288823683586", "47.280580099999995"]}}, {"type": "Feature", "properties": {"identifier": "7c47cc0c-22c5-4d8f-ba71-2a44d9428016", "name": "Winter mit den Sportbahnen Atzm\u00e4nnig erleben", "description": "<p>Breite Pisten, schwungvolle Abfahrten, Skischule und &Uuml;bungslifte stehen den Besuchern zur Verf&uuml;gung. Wer lieber nicht mit den Ski's unterwegs ist, kann auf der 1.9km langen Schlittelpiste ins Tal sausen.</p><p>Ein Vergn&uuml;gen f&uuml;r die gesamte Familie, ob Profi oder Neuling.</p><p class=\"MsoNormal\">Anreise mit den &ouml;ffentlichen Verkehrsmitteln:<br>Bus 630 von Eschenbach (Dorftreff) nach Hintergoldingen (Atzm&auml;nnig Schutt)</p>", "url": "https://www.atzmaennig.ch/de/winter/", "image": "https://sgbtpimtsoch.sos-ch-dk-2.exoscale-cdn.com/catalog/8/a/6/a/8a6a38d444dd8deb97f7799ea4807648e14e726a_DSCF1849__1_.jpg", "openstreetmap_id": "way/231502473"}, "geometry": {"type": "Point", "coordinates": ["8.99704973589569", "47.28537835"]}}, {"type": "Feature", "properties": {"identifier": "803ca38f-ba19-48a3-8cab-5d973de6d9e4", "name": "Herzroute - E-Bike Tour", "description": "<p>Eine Herzrouten Etappe f\u00fchrt von Rapperswil \u00fcbers Goldingertal nach Wattwil. Unterwegs bieten Akkuladestationen frische Energie und Verpflegung. </p><p>Nebst der sch\u00f6nen Aussicht die genossen werden kann, wird die Fitness trainiert. Die gesamte Strecke misst 55 km und 850 hm. Das h\u00fcgelige Gel\u00e4nde bietet einem Abwechslung.<br></p>", "image": "https://sgbtpimtsoch.sos-ch-dk-2.exoscale-cdn.com/catalog/7/1/3/d/713dd1be4869bb9290b367f945da9cfe1a2a7add_IMG_5250.JPG", "openstreetmap_id": "node/66579959"}, "geometry": {"type": "Point", "coordinates": ["8.9803078", "47.2829155"]}}, {"type": "Feature", "properties": {"identifier": "80f825df-5e8b-42f6-ab1d-d08e59affb35", "name": "Escape Room", "description": "Wir bieten in insgesamt 7 Escape R\u00e4ume, 4 Outdoor-Spielen und einer Bar alles, was ihr f\u00fcr euren n\u00e4chsten Teamevent braucht. Teambuilding, Spass und f\u00fcrs Zusammensitzen im Anschluss ist mit der internen Bar vorgesorgt.\n\n\nIndoor Escape Game als Teamevent\nIhr Team von 2 bis 7 Teilnehmenden wird tief in eine Geschichte eintauchen. In dieser r\u00e4tselhaften Welt m\u00fcssen Sie Gegenst\u00e4nde und Hinweise finden und miteinander kombinieren. Ihr Ziel: die R\u00e4tsel l\u00f6sen, das Mysterium l\u00fcften, die Welt retten! Ihr Feind: die Zeit. Nur 60 Minuten. Tick, tack, tick tack...\n\nW\u00e4hrend den 60 Minuten gilt es gemeinsam als Team zu funktionieren: Kommunikation, gegenseitige Hilfe und logisches, gemeinsames Denken sind der Schl\u00fcssel zum Erfolg.\nPro Runde k\u00f6nnen auf 7 R\u00e4ume verteilt etwa 50 Personen gleichzeitig starten. F\u00fcr gr\u00f6ssere Gruppen bieten wir mehrere Durchg\u00e4nge nacheinander an. F\u00fcr Outdoor-Events haben wir Kapazit\u00e4ten f\u00fcr bis zu 300 Personen gleichzeitig!\n\nDer komplette Teamevent\nAuf der Suche nach dem n\u00e4chsten Teamevent, in der Planung f\u00fcr den n\u00e4chsten Vereinsausflug oder an der Organisation vom n\u00e4chsten Familientreffen seid ihr bei uns genau richtig. Egal ob jung oder alt, ob Familienevent oder Businesstreffen - die Escape R\u00e4ume sind die richtige Wahl f\u00fcr euren n\u00e4chsten Event. \n\nBucht jetzt euer n\u00e4chsten Event und profitiert von unserem Angebot aus 7 R\u00e4umen, 4 Outdoor-Spielen, interner Bar mit Ap\u00e9ro-Angeboten, einem Beamer mit Leinwand, einem grossen Cocktail- und Getr\u00e4nkeangebot - und das alles bei uns! :)", "url": "http://escapecompany.ch/", "image": "https://sgbtpimtsoch.sos-ch-dk-2.exoscale-cdn.com/catalog/7/d/6/1/7d61721e87bd01e2cccc7b08f0355e6c1d000c95_Escpae_Room_Session_2.jpg", "openstreetmap_id": "node/8913653923"}, "geometry": {"type": "Point", "coordinates": ["9.375962100000038", "47.4242923"]}}, {"type": "Feature", "properties": {"identifier": "83a17926-d49c-413a-8ee6-99232ede8462", "name": "Brustenegg-H\u00fctte", "description": "<p>Die komplett in Altholz neu erstellte Brustenegg-H\u00fctte befindet sich direkt beim Seilpark Atzm\u00e4nnig und l\u00e4dt mit der grossen Sonnenterrasse zum Verweilen ein. </p><p>Sehr geeignet ist die H\u00fctte auch f\u00fcr Team-Anl\u00e4sse und andere Feiern. Sie hat Platz f\u00fcr 162 Personen. Die H\u00fctte ist in f\u00fcnf Minuten ab Talstation der Sesselbahn erreichbar. </p><p><span style=\"font-weight: bold;\">Highlights:</span>&nbsp;</p><ul><li>Grosse Sonnenterrasse</li><li>Rustikaler Alpen-Chic Stil</li><li>F\u00fcr gr\u00f6ssere Gruppen geeignet, ausgezeichnete Eventlocation<br><br></li></ul><p><span style=\"font-weight: bold;\">Spezialit\u00e4ten:</span></p><ul><li>Fondueplausch im Winter</li><li>Grillplausch f\u00fcr Gruppen</li><li>Regionale Produkte<br></li></ul>", "url": "https://www.atzmaennig.ch/de/gastronomie/brustenegg-huette/", "image": "https://sgbtpimtsoch.sos-ch-dk-2.exoscale-cdn.com/catalog/6/8/e/f/68ef8f9043955a97563537f499317f2a20456f68_Brustenegg_070715_13.jpg", "openstreetmap_id": "way/196376534"}, "geometry": {"type": "Point", "coordinates": ["8.988936890987986", "47.2819277"]}}, {"type": "Feature", "properties": {"identifier": "84d36d54-a524-497d-95f6-b63533e61eaf", "name": "eingeGLASt", "description": "<p>eingeGLASt, das sind Martina &amp; Stefan Giger. Martina ist im sch&ouml;nen Hinter-Goldingen aufgewachsen und deshalb sind sie auch heute noch mit dem Goldingertal verbunden.&nbsp;<br><br>Bei eingeGLASt gibt es verschiedene Gew&uuml;rzsalze, Aromazucker f&uuml;r Dessertcremen, Chutney und viel Hausgemachtes f&uuml;r Ihre K&uuml;che.</p>\n<p>Sie freuen sich auch &uuml;ber Wunschbestellungen wie Weihnachts- &amp; Firmengeschenke.</p>\n<p>Die kleine Selbstbedienung vor ihrem Haus ist durchgehend ge&ouml;ffnet. Zudem sind sie an verschiedenen M&auml;rkten anzutreffen.</p>\n<p>Im November gestalten sie ihre 5-t&auml;gige Weihnachtsausstellung bei ihnen zu Hause mit diversen anderen liebevoll hergestellten Handwerksprodukten.</p>", "url": "https://www.eingeglast.ch/", "image": "https://sgbtpimtsoch.sos-ch-dk-2.exoscale-cdn.com/catalog/c/f/1/7/cf177ca164e54811e97b06831320a7b01ae7e0a4_20220427_163536a__1_.jpg", "openstreetmap_id": "way/249699554"}, "geometry": {"type": "Point", "coordinates": ["8.9928266", "47.2225145"]}}, {"type": "Feature", "properties": {"identifier": "850ff4ae-f763-45cc-a979-9f31f8bfefad", "name": "Hartmann Herzen", "description": "<p class=\"MsoNormal\">Als kreative K\u00fcnstlerin mit Eigenproduktionen f\u00fcr T\u00f6pferei\nund Confiserie ist Judith Hartmann spezialisiert auf die Erf\u00fcllung von\nbesonderen Kundenw\u00fcnschen. Die handgefertigten HERZEN werden mit viel Liebe und\nKreativit\u00e4t hergestellt.</p><p class=\"MsoNormal\">HERZEN f\u00fcr: Hochzeiten, Jubil\u00e4en, Firmenanl\u00e4sse,\nGeburtstagsfeiern, Muttertag, Valentinstag oder andere Anl\u00e4sse. </p><p class=\"MsoNormal\">HERZEN aus: Ton\noder Schokolade, ob naturbelassen, glasiert oder beschriftet, Ihren W\u00fcnschen\nsteht nichts im Wege. </p><p class=\"MsoNormal\">Kurse f\u00fcr Hochzeitspaar: Kreieren Sie zusammen ein HERZ\naus Ton, als sch\u00f6nes Andenken an Ihre Hochzeit. </p><p class=\"MsoNormal\">Kurse f\u00fcr Erwachsene oder\nKinder: Kindergeburtstage mit t\u00f6pfern, Kuchen oder Geburtstagstorte.<o:p></o:p></p>", "url": "https://www.hartmann-herzen.ch/", "image": "https://sgbtpimtsoch.sos-ch-dk-2.exoscale-cdn.com/catalog/a/0/5/4/a054e80cd1563016c08465cd73ee1f76c2a5abd9_Hartmann_Herzen_weisse_mit_einem_roten20221101_162820.jpg", "openstreetmap_id": "way/1087979067"}, "geometry": {"type": "Point", "coordinates": ["8.92822737259629", "47.2405773"]}}, {"type": "Feature", "properties": {"identifier": "8579d896-1315-4e2b-b299-1ec6467950dd", "name": "Fondueplausch im Atzm\u00e4nnig mit Nachtskifahren", "description": "<p>Geniessen Sie einen geselligen Abend bei einem feinen Fondueplausch*, jeweils am Mittwoch-, Donnerstag- und Freitagabend von 18.00 bis 23.00 Uhr, in der urigen Brustenegg-H&uuml;tte. Besonders gem&uuml;tlich wird's doch gleich zusammen mit Ihren Liebsten, Ihren Freunden oder den \"Arbeitsgsp&auml;nli\".....</p><p>.... und wenn dann noch gen&uuml;gend Schnee vorhanden ist, dann erleben Sie am Besten gleich noch das spezielle Nachtski- und Snowboardvergn&uuml;gen auf unserer hell beleuchteten Skipiste. Sie ist bei guten Schneeverh&auml;ltnissen von Mittwoch- bis Freitagabend von 19.15 bis 22.00 Uhr ge&ouml;ffnet. An den &uuml;brigen Tagen k&ouml;nnen Sie die Piste auch exklusiv und ganz allein f&uuml;r Ihre Gruppe reservieren. Wir freuen uns auf Ihre Anfrage.</p><p>Die Eisstockbahn kann auch ohne Schnee benutzt werden.</p><p>Anreise mit den &ouml;ffentlichen Verkehrsmitteln:<br>Bus 630 von Eschenbach (Dorftreff) nach Hintergoldingen (Atzm&auml;nnig Schutt)</p>", "url": "https://www.atzmaennig.ch/de/winter/winterangebote/fondueplausch-nachtskifahren/", "image": "https://sgbtpimtsoch.sos-ch-dk-2.exoscale-cdn.com/catalog/d/2/a/8/d2a8e0ff4f488ba9d1c13c53aafe1440f1ba204b_delicious_melted_cheese_snacks_23_2149274809.jpg", "openstreetmap_id": "node/726611392"}, "geometry": {"type": "Point", "coordinates": ["8.989133834838869", "47.28180524301249"]}}, {"type": "Feature", "properties": {"identifier": "867b739e-e0e1-457e-b203-d253ce4bb47b", "name": "Brain & Body", "description": "<p>Die Umgebung inspiriert, die Aktivit\u00e4t belebt! </p><p>Saugen Sie die Power auf und konversieren sie diese f\u00fcr den Alltag, die Arbeit, das Meeting oder ganz einfach f\u00fcr sich selber. Ob TaeBo, JumpingFitness, HIIT(High Intensity Interval Training), Outdoor HIIT oder Body Cross - Sie werden von einer ausgewiesenen, einheimischen Trainerin betreut. </p><p>Ideal als Start in den Tag, als Inspiration oder einfach f\u00fcr zwischendurch. Am besten als Kombination mit Ihrem Meeting vor Ort. </p><p><span style=\"font-weight: bold;\">Preise / Inbegriffene Leistungen:</span>&nbsp;</p><ul><li>Organisation, Durchf\u00fchrung und Instruktion</li><li>Nutzung des Materials (Bodenmatte, allenfalls Trampolin, Kettlebell, u.s.w.)</li><li>Preis bis zu 1 Stunde CHF 450.00</li><li>Jede weitere Zusatzstunde CHF 300.00</li><li>Spezielle Zusatzleistungen, falls gew\u00fcnscht, wie \"Sesselbahnfahrt zur Bergstation\" oder \"Schneeschuhe\" werden separat verrechnet</li></ul><p><br><span style=\"font-weight: bold;\">Tipps und Hinweise:</span>&nbsp;</p><ul><li>Trainingskleidung der Jahreszeit entsprechend</li><li>Indoor- oder Outdoor-M\u00f6glichkeiten vorhanden</li><li>Auf spezielle W\u00fcnsche kann eingetreten werden</li><li>Bestens geeignet f\u00fcr einen Break-Out, Morgenstart in Kombination mit einem Kick-Off-Meeting, Team-Building Anlass, Gruppenspass oder einfach ums ich fit und lebendig zu f\u00fchlen</li><li>Duschm\u00f6glichkeiten vor Ort gegeben (Nasszellen Camping)</li><li>Verpflegung- und Freizeitangebot vor Ort<br><br></li></ul><p><span style=\"font-weight: bold;\">Durchf\u00fchrung:</span> </p><ul><li>Tag und Zeit flexibel, jedoch auf Anfrage Gruppengr\u00f6sse</li><li>Ideal f\u00fcr 4 - 30 Personen In Zusammenarbeit mit FitWell<br></li></ul>", "url": "https://www.atzmaennig.ch/", "image": "https://sgbtpimtsoch.sos-ch-dk-2.exoscale-cdn.com/catalog/5/0/9/a/509a664106babded81f43285df2f551603b5d88c_Atzm__nnig_Jumpin_fitness_.jpg", "openstreetmap_id": "way/231502473"}, "geometry": {"type": "Point", "coordinates": ["8.996778130531313", "47.285320934300664"]}}, {"type": "Feature", "properties": {"identifier": "874ca11c-43cd-4987-8861-735b0fc97571", "name": "Gibswilerstube", "description": "<p>Am s\u00fcdlichen Ende des T\u00f6sstals, unweit des Goldingertals, liegt die bekannte Gibswilerstube, ein Gastroerlebnis vom Feinsten. </p><p>Die einfache und beliebte Idee \"vom Gipfeli bis zum Festessen\" hat dem Restaurant, weit \u00fcber die Grenzen hinweg, eine seit Jahren treue und zufriedene Kundschaft erbracht. </p><p>Mit einfacher und saisongerechter Ku\u0308che erlaubt es sich spielend, eine Pizza neben einem mehrga\u0308ngigen Men\u00fc, wie auch das beru\u0308hmte \u00abGibswilerpfa\u0308ndli\u00bb, harmonisch nebeneinander zu vereinen. </p><p>Im hellen, mediterranen Stil erbauten Saal, ko\u0308nnen Sie zu zweit einen romantischen Feinschmeckerabend verbringen, du\u0308rfen mit Ihrer ganzen Familie ein gemu\u0308tliches Essen geniessen oder ko\u0308nnen in grosser Gesellschaft so richtig feiern. </p><p>Wa\u0308hrend die Erwachsenen gemu\u0308tlich zusammensitzen, ko\u0308nnen sich die Kids auf dem Spielpark austoben. </p><p>Jeden Sonntag wird ein reichhaltiges Fr\u00fchst\u00fccksbuffet angeboten von 09.00 - 11.30 Uhr.</p><p>Ausserdem bietet die Gibswilerstube 15 gem\u00fctliche Zimmer mit Flachbildschirm, WLAN, Safe, Dusche/WC und teilweise mit Balkon und liegt mitten im Paradies. Das Hotel verf\u00fcgt \u00fcber ein Rollstuhlgerechtes Zimmer.&nbsp;</p>", "url": "https://www.gibswilerstube.ch/", "image": "https://sgbtpimtsoch.sos-ch-dk-2.exoscale-cdn.com/catalog/4/8/9/f/489f6c6822260d1c569425c6333dfa0fa869292f_Aussen_7.jpg", "openstreetmap_id": "node/1768874528"}, "geometry": {"type": "Point", "coordinates": ["8.913947", "47.3133514"]}}, {"type": "Feature", "properties": {"identifier": "87c19e32-9944-416b-8a03-d3fc96bba442", "name": "Schlafen im Stroh", "description": "<p>Der Bauernhof der Familie Tsch\u00fcmperlin liegt an herrlicher Lage in St. Gallenkappel, direkt am Jakobsweg. In dieser Gegend kann die sch\u00f6ne Natur und Ruhe genossen werden, aber auch das Ausflugsziel Atzm\u00e4nnig ist nur in 10 Autominuten zu erreichen. </p><p>Tsch\u00fcmperlin's bieten Strohbetten als \u00dcbernachtungsm\u00f6glichkeit an, was ein Erlebnis f\u00fcr Gross und Klein ist.&nbsp;</p><p><span style=\"font-weight: bold;\">Angebot:</span></p><ul><li>Strohlager 10 Pl\u00e4tze (Gruppen auf Anfrage)</li><li>Fr\u00fchst\u00fcck</li><li>Verpflegung auf Anfrage</li></ul><p><br><span style=\"font-weight: bold;\">Preise:</span></p><ul><li>Erwachsene&nbsp;&nbsp;&nbsp;&nbsp;&nbsp; &nbsp; &nbsp;&nbsp;&nbsp;&nbsp;&nbsp;&nbsp;&nbsp;&nbsp;CHF 28.00</li><li>Kinder 12-16 Jahre&nbsp; &nbsp; CHF 18.00</li><li>Kinder 5-12 Jahre&nbsp;&nbsp;&nbsp;&nbsp;&nbsp; CHF 12.00</li><li>Kinder bis 5 Jahre&nbsp; &nbsp; &nbsp; gratis</li></ul>", "image": "https://sgbtpimtsoch.sos-ch-dk-2.exoscale-cdn.com/catalog/4/a/6/e/4a6ebdb518a1c0f8d552090e9f3783f9915d709b_tschuemperlin_hof.jpg", "openstreetmap_id": "node/11264931001"}, "geometry": {"type": "Point", "coordinates": ["8.974349498748781", "47.24420704413725"]}}, {"type": "Feature", "properties": {"identifier": "880d0939-7786-4fd7-9fff-ff9fdd444004", "name": "Freizeitpark Niederb\u00fcren", "description": "<p>Der Freizeitpark bietet auf &uuml;ber 6000 m&sup2; Spiel, Sport und Spass f&uuml;r alle Altersklassen. Ein feines Restaurant mit &uuml;ber 200 sonnigen Gartenpl&auml;tzen, die Spielsch&uuml;&uuml;r und die Abent&uuml;&uuml;rw&auml;lt f&uuml;r Kids, die Bowlinganlage und vieles mehr garantieren spannende, abwechslungsreiche Stunden in einem familienfreundlichen Park.</p><p>Die &laquo;Abent&uuml;&uuml;rw&auml;lt&raquo; im Outdoorbereich verf&uuml;gt &uuml;ber einen 11 Meter hohen Rutschenturm im Western-Stil. Eine H&uuml;pfburg, Trampoline, der Spaceball, eine Wasser-/Sandspielanlage sowie eine Spiellandschaft lassen den Besuch zum Erlebnis werden. Die &laquo;Spielsch&uuml;&uuml;r&raquo; ist ein Indoor-Spielplatz mit Trampolinen, Rutschen, Softball-Kanonen, einer Kletterwand uvm.&nbsp;</p>", "url": "http://www.freizeitpark-niederbueren.ch", "image": "https://sgbtpimtsoch.sos-ch-dk-2.exoscale-cdn.com/catalog/d/1/a/2/d1a24ee03c1b756bc7f51ae111d584e810429a02_Werbung_FZP_2025.jpg", "openstreetmap_id": "node/415447429"}, "geometry": {"type": "Point", "coordinates": ["9.200159311294557", "47.46538853496439"]}}, {"type": "Feature", "properties": {"identifier": "8b6e7a49-f964-42be-a286-5ce4eab61e8b", "name": "Gastronomie Hof zu Wil", "description": "<p>Im Restaurant haben Sie die Wahl aus verschiedenen saisonalen, klassischen und abwechslungsreichen &agrave; la carte Gerichten. Im Sommer l&auml;dt die Hofterrasse zum Verweilen ein. Sind Sie auf der Suche nach einer passenden Lokalit&auml;t f&uuml;r Ihr Familienfest, Geburtstagsfeier, Firmenanlass oder Ihre unvergessliche Hochzeit? Bei uns sind Sie genau richtig! Ihnen stehen unterschiedlichste S&auml;le zur Wahl und der Hofgarten f&uuml;r Aperos zur Verf&uuml;gung.</p>", "url": "https://www.hofzuwil.ch", "image": "https://sgbtpimtsoch.sos-ch-dk-2.exoscale-cdn.com/catalog/2/6/4/4/264474f60f1e70aee75584bc2f4790d50c2e6058_f0bb2110_3b5a_4d82_b8a7_cf8144032c61.jpeg", "openstreetmap_id": "way/284581246"}, "geometry": {"type": "Point", "coordinates": ["9.050142460135138", "47.467662"]}}, {"type": "Feature", "properties": {"identifier": "8dcb7623-63b7-4ae0-810a-8dcbbdb6cdb4", "name": "Simons Tiny House / Muld\u00e4 Hus", "description": "Diese gem\u00fctliche Unterkunft bietet alles, was G\u00e4ste f\u00fcr einen komfortablen Aufenthalt ben\u00f6tigen.\n\nDie kleine K\u00fcche ist voll ausgestattet und hier lassen sich k\u00f6stliche Mahlzeiten zubereiten. Ein kleiner Esstisch mit faltbaren St\u00fchlen l\u00e4dt dazu ein, die Gerichte zu geniessen oder sich einfach bei einer Tasse Kaffee zu entspannen. Ein Schrank bietet gen\u00fcgend Platz f\u00fcr die pers\u00f6nlichen Sachen. Die Schlafgelegenheiten befinden sich auf der zweiten Etage, wo sich ein gem\u00fctliches Doppelbett befindet. Das Badezimmer verf\u00fcgt \u00fcber eine Komposttoilette. Das Badezimmer befindet sich neben dem Tiny House. \n\nDas Tiny House befindet sich im Gr\u00fcnen neben einem Bauernhof und einem Restaurant (Mittwoch und Donnerstag geschlossen). Es bietet die perfekte M\u00f6glichkeit, dem hektischen Alltag zu entfliehen und einen ruhigen und entspannten Aufenthalt inmitten der Natur zu geniessen. \n\n", "url": "https://mulda-hus.jimdosite.com/", "image": "https://sgbtpimtsoch.sos-ch-dk-2.exoscale-cdn.com/catalog/a/f/4/a/af4a1b433e4e0b1b93bf645fdf522d1d57bd50d1_IMG_20240325_153948__2.jpg", "openstreetmap_id": "way/339620277"}, "geometry": {"type": "Point", "coordinates": ["9.38158554815887", "47.40870095"]}}, {"type": "Feature", "properties": {"identifier": "8e339d0c-1279-450a-9ed9-2b65b262f3f0", "name": "Bauernhaus B\u00fcrg", "description": "<p>Laut Inschrift auf einer Ofenkachel stammt das gest\u00e4nderte Giebelhaus aus dem Jahre 1737. Es erhebt sich \u00fcber einem gemauerten Sockel als zweigeschossiger Bau mit seitlichen Lauben und traufst\u00e4ndig angebauter Stallscheune. Zahlreiche Zierelemente schm\u00fccken das Geb\u00e4ude. Nach einer umfassenden Renovation um 1980 bereichert das stattliche Bauernhaus das Bild des D\u00f6rfchens B\u00fcrg entscheidend.<br></p>", "image": "https://sgbtpimtsoch.sos-ch-dk-2.exoscale-cdn.com/catalog/a/6/1/9/a6192eda9500505b9159bc89974104c9b06523a4_b__rg_bauernhaus_dorfstrasse.jpg", "openstreetmap_id": "way/397555141"}, "geometry": {"type": "Point", "coordinates": ["8.94490420818329", "47.24882442092689"]}}, {"type": "Feature", "properties": {"identifier": "8e6b769f-ca53-4124-894b-e14ea71f7e50", "name": "Innovero GmbH", "description": "<p>Das dynamische und fachkundige Team der Innovero GmbH entwickelt f\u00fcr sie eine massgeschneiderte IT-L\u00f6sung. Sie handelt kosteneffizient und ergebnisorientiert in jeder Gr\u00f6ssenordnung und von der Teill\u00f6sung bis zur Neukonzeption.&nbsp;</p><p><span style=\"font-weight: bold;\">Dienstleistungen:</span></p><ul><li>Beratung / Projektleitung</li><li>Software Entwicklung</li><li>Standardprodukte</li><li>Support Unterst\u00fctzung</li><li>PC-Verkauf</li></ul><p><br></p>", "url": "https://innovero.ch/", "image": "https://sgbtpimtsoch.sos-ch-dk-2.exoscale-cdn.com/catalog/9/e/9/0/9e908a3044ccbd951117613dc618530d06da529e_gewerbe.png", "openstreetmap_id": "way/273592050"}, "geometry": {"type": "Point", "coordinates": ["8.967150023953845", "47.2450046"]}}, {"type": "Feature", "properties": {"identifier": "8ed21150-b746-4cab-a88c-7b776a9b0071", "name": "b\u00e4umig-kreativ", "description": "<p><span style=\"font-weight: bold;\">Mit Motors\u00e4ge, Schnitzmesser und Drechselbank entstehen:</span></p><ul><li>Kugeln, Herzen, Sterne, Engel</li><li>Lampen, Vasen</li><li>Katzenb\u00e4ume</li><li>Schnaps-Totz</li><li>Grabh\u00f6lzer</li><li>Geschenkset \u00abGoldschatz\u00bb</li><li>Dekorationen, Windlichter, Kerzenst\u00e4nder</li><li>Pokale</li><li>\u00d6llampen / Ethanollampen</li><li>M\u00e4nnerhandtasche</li><li>Zaunk\u00f6nige / Zaunengel</li><li>Anz\u00fcndw\u00fcrfel, Grill-Af\u00fc\u00fcrt\u00e4sche und viele andere Sachen</li></ul><p><br><span style=\"font-weight: bold;\">Ausserdem vermietet Fredy folgendes:</span></p><ul><li>Gabeln / Sch\u00fcrzen / Kessel f\u00fcr Waldfondue</li><li>Gartenspiele f\u00fcr Familienanl\u00e4sse</li><li>Verschiedene Herzen f\u00fcr Hochzeiten / sonstige Anl\u00e4sse</li></ul>", "url": "https://www.baeumig-kreativ.ch/", "image": "https://sgbtpimtsoch.sos-ch-dk-2.exoscale-cdn.com/catalog/d/1/0/6/d10670faf7dc973374529c27fa3da040ffeb09b9_Hauptbild_Herz.jpg", "openstreetmap_id": "way/273800582"}, "geometry": {"type": "Point", "coordinates": ["8.94809321105501", "47.25248635"]}}, {"type": "Feature", "properties": {"identifier": "907777a3-66d5-4afc-9993-fd5ab9aef8ac", "name": "Feuerwehrmuseum Goldingen", "description": "<p>Mit der Gemeindevereinigung am 1. Januar 2013 kam der \nZusammenschluss mit der Feuerwehr Eschenbach. Das \nWerkdienstgeb\u00e4ude in Hintergoldingen wird weiterhin auch als \nFeuerwehrdepot f\u00fcr Goldingen und Hintergoldingen genutzt, jedoch f\u00fcr das alte Depot in Goldingen gab es keine Verwendung mehr. Die Idee eines Feuerwehrmuseums ist entstanden und es wurde aus allen drei Gemeinden Material zusammengetragen.&nbsp;&nbsp;</p>", "image": "https://sgbtpimtsoch.sos-ch-dk-2.exoscale-cdn.com/catalog/7/5/b/1/75b180acc52866d42bc904f83e04327a39eaa3d1_IMG_0767.jpg", "openstreetmap_id": "way/270254337"}, "geometry": {"type": "Point", "coordinates": ["8.966780304908754", "47.26227047212515"]}}, {"type": "Feature", "properties": {"identifier": "90892635-009a-4de8-990e-f2044dc4816e", "name": "Malen im Atelier farbRAUM", "description": "<p class=\"MsoNormal\">Das Atelier farbRAUM bietet Platz f\u00fcr grossfl\u00e4chiges Malen\nund Experimentieren. Die alten, liebevoll renovierten R\u00e4ume im ehemaligen\nSchulhaus R\u00fceterswil verspr\u00fchen Charme und der herrliche Weitblick l\u00e4sst zur\ninneren Ruhe kommen.</p><p class=\"MsoNormal\"><span style=\"font-weight: bold;\">Preise / inbegriffene Leistungen </span></p><ul><li>Malen und Experimentieren im Atelier</li><li> jeder Teilnehmende gestaltet sein eigenes Werk unter kompetenter Anleitung</li><li> Grundmaterial inbegriffen (Pinsel, Farben, Papier), Leinw\u00e4nde zus\u00e4tzlich in\nverschiedenen &nbsp;&nbsp;Gr\u00f6ssen</li><li>Getr\u00e4nke und Geb\u00e4ck</li><li>Preis Erwachsene CHF 40.00/h Preis Kind CHF 30.00/h</li></ul><p><span style=\"font-weight: bold;\"><br>Tipps und Hinweise</span><br></p><ul><li>Verschiedene Maltechniken k\u00f6nnen ausprobiert werden (Acryl, Pigment, Pastell,\nAquarell, Stifte etc.)</li><li>Auf Papier, Karton, Holz oder Leinwand entsteht das eigene Bild</li><li>Das Atelier farbRAUM befindet sich direkt an der Herzroute. Vom Atzm\u00e4nnig ca.\n10 Autominuten, 15 Minuten mit dem E-Bike oder etwa 1 Std. zu Fuss auf schmaler\ngeteerter Strasse</li><li>Kindergeburtstage oder Firmenanl\u00e4sse auf Anfrage</li></ul><p> <o:p></o:p></p>\n\n<p><span style=\"font-weight: bold;\">Durchf\u00fchrung</span></p><ul><li>T\u00e4glich, bei jeder Witterung</li><li>Dauer 2-3 h </li><li>Tagesworkshop Preis CHF 180.00/Person</li><li>Anmeldung erforderlich (Absage, resp. Verschiebung bis 2 Tage im Voraus\nm\u00f6glich)</li></ul><p> <o:p></o:p></p>\n\n<p><span style=\"font-weight: bold;\">Gruppengr\u00f6sse</span></p><ul><li>Mind. 3 Personen</li><li>Max. 8 Personen (kleinere + gr\u00f6ssere Gruppen auf Anfrage)<o:p></o:p></li></ul>", "url": "https://www.atelierfarbraum.ch/", "image": "https://sgbtpimtsoch.sos-ch-dk-2.exoscale-cdn.com/catalog/a/a/1/2/aa128bac7d89772ce19d97fba1360682a7f6e54b_Sonnenuntergang.JPG", "openstreetmap_id": "way/271938135"}, "geometry": {"type": "Point", "coordinates": ["8.98151644685768", "47.26036445"]}}, {"type": "Feature", "properties": {"identifier": "910275d4-e4e1-46a7-ab29-b096503862ed", "name": "BCB Bleisch Craft Beer", "description": "Der Brauer, Marco Bleisch, l\u00e4sst einem seine Freude am Bierbrauen ab dem ersten Moment sp\u00fcren. Er erz\u00e4hlt von Zutaten, dem Brauprozess, anstehenden Projekten und neuen Ideen. Dass man in einer Garage sitzt, geht dabei schnell vergessen. Einen oder zwei Tage pro Woche ist Marco hier anzutreffen. Pro Sud produziert er etwa 300 Liter Bier. Abf\u00fcllanlage, K\u00fchlzelle, G\u00e4rfass und fruchtbetont m\u00f6gen einem noch bekannt vorkommen, wenn es um Dry Hopping, Hopfennote oder Porter Bier geht, wird es schon spezifischer. Marco ist ehrlich mit sich selbst und freut sich, wenn ein Bier gelingt. Ein gutes Bier braucht Geduld und gute Lagerung. Der Brauer Bescheidenheit, Begeisterung und Leidenschaft. Auch das Bierbrauen ist herrlich f\u00fcr Marco. Dort findet er einen Ausgleich zum Arbeitsalltag und kann seine kreativen Ideen umsetzen. So entstand zum Beispiel das beliebte Honig-Rosmarin Bier. Deshalb hat er vor rund neun Jahren das Einzelunternehmen \u00abBCB Bleisch Craft Beer\u00bb gegr\u00fcndet, das er selbst betreibt. Nicht ohne tatkr\u00e4ftige Helfer nat\u00fcrlich, diese werden in Naturalien, also in Bier bezahlt.", "url": "https://www.bleischcraftbeer.ch", "image": "https://sgbtpimtsoch.sos-ch-dk-2.exoscale-cdn.com/catalog/1/c/5/6/1c562a24eb035b184f0f2220f833997e680fa1ff_Bleischbier1.jpg", "openstreetmap_id": "way/309204490"}, "geometry": {"type": "Point", "coordinates": ["9.34248", "47.41139"]}}, {"type": "Feature", "properties": {"identifier": "9158bec9-0af4-4910-b0e1-679e618217c2", "name": "BleicheBad, Wellness & Spa", "description": "<p>HERZLICH WILLKOMMEN IM BLEICHEBAD.</p><p>In alten Hallen heizen wir mit Wasserkraft f&uuml;r Sie ein.&nbsp;</p><p>Das exklusive BleicheBad bietet in privater Atmosph&auml;re Raum zum Entspannen und Abtauchen. Es umfasst eine Kosmetik- und Massageabteilung, eine Finnische- &amp; Aussensauna, ein Dampfbad, einen Relaxpool, ein Kaltbecken, einen Kneippweg und einen einladenden Aussenbereich.</p>", "url": "https://bleiche.ch/bad/", "image": "https://sgbtpimtsoch.sos-ch-dk-2.exoscale-cdn.com/catalog/1/6/4/4/16443d636d83a8d1d574f3f5034ab33e57618801_NAZ_7094_150210_1_.jpg", "openstreetmap_id": "node/10875006054"}, "geometry": {"type": "Point", "coordinates": ["8.9101951", "47.2752311"]}}, {"type": "Feature", "properties": {"identifier": "92665b4f-29c5-444e-b9a5-5537948723a9", "name": "Ferienhaus \u00abFlueli\u00bb im Dorf Urn\u00e4sch", "description": "Lust, einmal dem City Alltag zu entgehen, oder das Gewohnte hinter sich zu lassen? Oder das Homeoffice mit traumhafter Sicht auf die Berge und sanftem Bachrauschen im Hintergrund, zu verlegen? Freude am Wandern, Golfen, Biken oder Langlaufen? Ein freundliches Appenzeller Haus im traditionsreichen und attraktiven Urn\u00e4scher Dorfkern freut sich auf Ihren Besuch.\n\nDas Haus an S\u00fcdhanglage ist freistehend, 2-st\u00f6ckig, ca. 100 Jahre alt und wurde 2021/2022 leicht renoviert mit durchgehend neuen Bio Vinyl B\u00f6den, Parkett im Wohnzimmer und mehrheitlich neuen Fenstern und hell gestalteten Zimmern. Im Wohn- und Schlafbereich 1. OG ist die Zimmerh\u00f6he 2 m, im Schlafbereich 2. OG 1.90 m. Zwei freistehende Parkpl\u00e4tze stehen zur alleinigen Ben\u00fctzung zur Verf\u00fcgung.\nNeben den vier Zimmern hat es eine K\u00fcche mit folgenden Ger\u00e4ten: drei Herdplatten und Backofen, Nespresso Kaffeemaschine, Wasserkocher, Haushaltmaschine, Toaster, Raclette Ofen, K\u00e4se- und Chinois Ger\u00e4te, K\u00fchlschrank, Geschirrsp\u00fcler und \u00fcbliche K\u00fcchenutensilien.\nDas Bad beinhaltet Badewanne, separate Dusche, Lavabo, Handtuchw\u00e4rmer, F\u00f6n und Frott\u00e9ew\u00e4sche. Das WC ist separat.\nDas Haus kann mit einem \u00f6lbefeuerten Kachelofen und individuellen Elektro-Heizk\u00f6rpern beheizt werden.", "image": "https://sgbtpimtsoch.sos-ch-dk-2.exoscale-cdn.com/catalog/4/5/4/1/4541440f696aae303fe429a672ee59a4c16b95e5_Hauptbild.jpg", "openstreetmap_id": "way/38692247"}, "geometry": {"type": "Point", "coordinates": ["9.2818477", "47.3176234"]}}, {"type": "Feature", "properties": {"identifier": "939bed85-c960-400a-b64d-1d4a968ab44c", "name": "Gnusstour - \"Chalts Pl\u00e4ttli\"", "description": "<p>Hier kann der Zmittag, Zvieri oder Znacht f&uuml;r unterwegs in verschiedenen Hofl&auml;den eingekauft werden.</p><p>Die 41,6 km lange Strecke f&uuml;hrt an verschiedenen Einkehrm&ouml;glichkeiten und Hofl&auml;den vorbei. Mit dem eigenen E-Bike oder im Atzm&auml;nnig gemieteten T&ouml;ffli kann die wundersch&ouml;ne Landschaft im Goldingertal genossen werden. Gestartet werden kann gleich bei der Talstation im Atzm&auml;nnig.</p><p>Ebenfalls kann f&uuml;r verschiedene Routen mit dem T&ouml;ffli ein Guide gebucht werden.&nbsp;</p><p>Detailliertere Informationen sind auf <a href=\"https://www.outdooractive.com/de/route/radtour/zuercher-oberland/erlebnisreise-chalts-plaettli-goldingertal/47890348/#caml=99c,1h6b2i,7tc3md,0,0\" target=\"_blank\" rel=\"noopener\">outdooractive </a>erfasst.</p><p class=\"MsoNormal\">Anreise mit den &ouml;ffentlichen Verkehrsmitteln:<br>Bus 630 von Eschenbach (Dorftreff) nach Hintergoldingen (Atzm&auml;nnig Schutt)</p>", "url": "https://www.atzmaennig.ch/de/gruppenevents/gesamtangebot-fuer-gruppen/toeffli-touren/?search_highlighter=chalts", "image": "https://sgbtpimtsoch.sos-ch-dk-2.exoscale-cdn.com/catalog/3/1/e/9/31e982882fe786a2916fd83858c5f4170a37ed28_7.png", "openstreetmap_id": "way/231502473"}, "geometry": {"type": "Point", "coordinates": ["8.99704973589569", "47.28537835"]}}, {"type": "Feature", "properties": {"identifier": "93ef84ff-d7b0-41e0-8c40-17572460f7c2", "name": "Wanderung von Eschenbach nach Schmerikon", "description": "<p>Eine gem&uuml;tliche rund einst&uuml;ndige Wanderung f&uuml;hrt von Eschenbach Dorftreff &uuml;ber Bruggenfeld-Katzenried-Oberbolligen nach Schmerikon. Der letzte Teil der Strecke ist auf dem Strandweg.</p><p>Zwischendurch kann gem&uuml;tlich in Oberbolligen bei der Wirtschaft zum Hof eingekehrt werden oder die Seepromenade l&auml;dt zum Verweilen ein.</p><p class=\"MsoNormal\">R&uuml;ckreise mit den &ouml;ffentlichen Verkehrsmitteln:<br>Bus 630 von Schmerikon (Bahnhof) nach Eschenbach (Dorftreff)</p><p class=\"MsoNormal\">Die genaue Route sowie die GPX Daten sind unter diesem&nbsp;<a href=\"https://schweizmobil.ch/de/tour/2405456\">Link</a> ersichtlich.</p>", "image": "https://sgbtpimtsoch.sos-ch-dk-2.exoscale-cdn.com/catalog/b/e/d/f/bedfd20a9f5901488241c3e539d10897ed2bae09_2020_Luftbild_EschenbachSG_nachOsten.jpg", "openstreetmap_id": "relation/1683933"}, "geometry": {"type": "Point", "coordinates": ["8.940639495849611", "47.22551390230675"]}}, {"type": "Feature", "properties": {"identifier": "96af4a91-60bd-4e03-9342-cfd979931dc5", "name": "Velotour Bannwald durch den Chlosterwald", "description": "<p>Diese Velotour startet beim Dorftreff in Eschenbach. Von dort f&auml;hrt man &uuml;ber Mettlen Richtung Herrenweg und weiter zum Haselholz und Uznaberg. Von dort f&uuml;hrt der sch&ouml;ne Weg &uuml;ber den Goldberg weiter durch den Bannwald und Cholosterwald bis fast nach Lehnholz. Ab hier wird wieder in die andere Richtung gefahren zur&uuml;ck &uuml;ber das Bruggenfeld zum Dorfplatz in Eschenbach</p><p>Distanz ca. 15.6km / Dauer ca. 2h</p><p>Die genaue Route sowie die GPX Daten sind unter diesem <a href=\"https://schweizmobil.ch/de/tour/2520564\">Link</a>&nbsp;ersichtlich.</p>", "image": "https://sgbtpimtsoch.sos-ch-dk-2.exoscale-cdn.com/catalog/f/e/b/a/feba1a33f80e0da085ffa483d21a4b348bff0bf7_2026_20200904_luftaufnahmen_eschenbach_ganzes_dorf.jpg", "openstreetmap_id": "node/7126452312"}, "geometry": {"type": "Point", "coordinates": ["8.9192171", "47.2377528"]}}, {"type": "Feature", "properties": {"identifier": "97b69966-ea79-41ce-b999-018c80b809fe", "name": "PODhouses-Holz-Iglus", "description": "<p>Die Ausstattung der PODhouses ist klein aber fein: Mit 2 bis 6 Betten bieten die Holz-Iglus gen\u00fcgend Platz f\u00fcr die ganze Familie. Selbstverst\u00e4ndlich m\u00fcssen auf Annehmlichkeiten wie Strom und Licht auch mitten in der Natur nicht verzichtet werden. Die PODhouses sind gut isoliert und dank elektrischer Heizung auch im Winter nutzbar. Ein echtes Erlebnis f\u00fcr Outdoor-Fans oder f\u00fcr alle, die es noch werden m\u00f6chten. </p><p>Die PODhouses stehen etwas abseits auf einer kleinen Waldlichtung in der N\u00e4he des Campingplatzes bei der Talstation Atzm\u00e4nnig. Die WC, Lavabos und Duschen mit gratis Warmwasser finden Sie direkt bei den Camping-Sanit\u00e4r-Anlagen. Zum Fr\u00fchst\u00fcck m\u00fcssen Sie nur ein paar Schritte r\u00fcber ins Restaurant Atzm\u00e4nnig Lodge. Gerne k\u00f6nnen Sie sich aber auch Ihr Fr\u00fchst\u00fcck mit unserer \u00abZmorge-Box\u00bb bequem ins Holz-Iglu liefern lassen. F\u00fcr weitere Mahlzeiten stehen Ihnen diverse Restaurants zur Verf\u00fcgung. Und wenn Sie lieber etwas mehr Abenteuer haben m\u00f6chten, dann nutzen Sie gleich unterhalb unsere sch\u00f6n angelegte Feuerstelle. Die feine \u00abGrill-Box\u00bb bekommen Sie nat\u00fcrlich von uns.<br></p>", "url": "https://www.atzmaennig.ch/de/uebernachten/podhouses-holz-iglus/", "image": "https://sgbtpimtsoch.sos-ch-dk-2.exoscale-cdn.com/catalog/6/a/c/6/6ac6be7abdd8180826882bd447c0c2487886b349_PODhouse_Atzm__nnig_3.jpg", "openstreetmap_id": "way/911466485"}, "geometry": {"type": "Point", "coordinates": ["8.995227813720705", "47.28441163437929"]}}, {"type": "Feature", "properties": {"identifier": "97e51342-c74b-4ec1-b0d7-58670b4980d5", "name": "Lokremise St.Gallen", "description": "<p>Die Vergangenheit des Industriebaus lebt in den Schienen, den fahrbaren Sitzb\u00e4nken und der offenen Raumgestaltung weiter. In der Brasserie Lok wird der Esprit de Paris nach St.Gallen gebracht.</p><p></p><p>Weltbekannte Gerichte wie das Entrec\u00f4te Caf\u00e9 de Paris, der knackig-frische Salade Ni\u00e7oise, die wunderbar schmackhafte Bouillabaisse und bretonische Austern regen die kulinarische Fantasie an. Und das Sortiment an feinsten Bordeauxweinen rundet jedes Gericht perfekt ab.</p><p></p><p>Im Salon und im Bistro werden diese franz\u00f6sischen K\u00f6stlichkeiten und edlen Tropfen serviert. Die Bar l\u00e4dt den ganzen Tag zum Verweilen ein \u2013 mit dem Morgenkaffee oder einem Glas Champagner. Dabei kann auch das imposante John Armleder Kunstwerk bewundert werden.</p>", "url": "https://www.brasserielok.ch/", "image": "https://sgbtpimtsoch.sos-ch-dk-2.exoscale-cdn.com/catalog/c/8/0/0/c800916f020d4711dec5d49276de19d25f4aa324_20210611_BRASSERIE_CHEZ_LOK_052.jpg", "openstreetmap_id": "way/41697921"}, "geometry": {"type": "Point", "coordinates": ["9.3661", "47.42135"]}}, {"type": "Feature", "properties": {"identifier": "9800ecdd-da25-4dcd-9199-3feb71542ee6", "name": "E-Bike Adventure: Dein Team-Event mit See-Panorama!", "description": "<p data-path-to-node=\"4\">Vergesst langweilige Wandertage! Wir bringen euch mit Speed und Style durch die Bodensee-Region. Damit jeder auf seine Kosten kommt, haben wir unser Setup f&uuml;r euch gepimpt: W&auml;hlt zwischen unseren&nbsp;<strong data-path-to-node=\"4\" data-index-in-node=\"196\">E-Fullys</strong>, die mit ihrer Vollfederung f&uuml;r maximalen Komfort und Fahrspass auf jedem Untergrund sorgen, oder unseren <strong data-path-to-node=\"4\" data-index-in-node=\"311\">E-Gravel Bikes</strong>, die perfekte Wahl f&uuml;r alle Fitness-Fans, die Bock auf ein sportlich-dynamisches Fahrgef&uuml;hl haben.</p><h2 data-path-to-node=\"5\">Das erwartet euch:</h2><ul data-path-to-node=\"6\"><li><p data-path-to-node=\"6,0,0\">Startschuss im Hafen: Wir treffen uns im charmanten Rorschach. Von dort aus cruisen wir entspannt am Ufer entlang Richtung Naturschutzgebiet Bisew&auml;ldli. Haltet die Augen offen &ndash; mit &uuml;ber 330 Vogelarten ist das hier ein echtes Natur-Highlight.</p></li><li><p data-path-to-node=\"6,1,0\">Reben-Vibe &amp; Panorama: &Uuml;ber Thal geht es mitten hinein in die malerischen Rebberge. Hier geniessen wir die gr&uuml;ne Kulisse, bevor wir den Rorschacherberg in Angriff nehmen.</p></li><li><p data-path-to-node=\"6,2,0\">Power-Up: Keine Sorge wegen der H&ouml;henmeter! Dank massiver Elektro-Unterst&uuml;tzung fliegen wir den Anstieg f&ouml;rmlich hoch. Oben angekommen, belohnt uns der legend&auml;re Schl&ouml;sserrundweg mit einem atemberaubenden Panorama-Blick &uuml;ber den glitzernden Bodensee.</p></li><li><p data-path-to-node=\"6,3,0\">Kultur im Vorbeifahren: Auf dem R&uuml;ckweg zum Seeufer passieren wir das historische Kornhaus &ndash; ein architektonisches Statement aus dem 18. Jahrhundert.</p></li></ul><p data-path-to-node=\"7\">Lasst euch von der Vielfalt am Bodensee begeistern und entdeckt neue Facetten der Region. <strong data-path-to-node=\"7\" data-index-in-node=\"90\">Gemeinsam in die Pedale, fertig, los!</strong></p>", "url": "https://st.gallen-bodensee.ch/de/", "image": "https://sgbtpimtsoch.sos-ch-dk-2.exoscale-cdn.com/catalog/3/1/d/a/31da4ff58e9ea339124c90474fb3f9be7fa5e276_medium__E_Bike_Tour_Rorschach.jpg", "openstreetmap_id": "way/179748654"}, "geometry": {"type": "Point", "coordinates": ["9.493603706359865", "47.47876864786605"]}}, {"type": "Feature", "properties": {"identifier": "9a4249be-2f2f-4f49-b336-368017ad8c05", "name": "s' Goldig\u00e4 Ap\u00e9rot\u00e4schli", "description": "<p>Die Idee f&uuml;r \"s' Goldig&auml; Ap&eacute;rot&auml;schli\" entstand durch die Teilnahme an der Olma 2024. Der Kanton St. Gallen war Gastkanton und lud via Culinarium verschiedene Produzenten ein, ihre Produkte vor Ort zu pr&auml;sentieren und zur Degustation anzubieten.</p><p>Die k&ouml;stlichen Spezialit&auml;ten aus dem Goldingertal eignen sich hervorragend als Mitbringsel zum gemeinsamen Geniessen oder als Geschenk f&uuml;r Freunde, Nachbarn, Kunden und Gesch&auml;ftspartner.&nbsp;</p><p>Mit dem Kauf eines Ap&eacute;rot&auml;schli unterst&uuml;tzen Sie \"Goldingertal Eschenbach\" mit CHF 1.-. Mit diesem Beitrag pflegen wir die lokalen Perlen.</p><p>Schon Vieles konnte umgesetzt werden, so z.B. die kostenlose Freizeitkarte, den Goldig&auml; Taler Eschenbach oder die Gold Trophy unterwegs. Wir haben noch viele weitere Ideen f&uuml;r unser \"goldiges\" Tal.</p><p>Die kreativen K&ouml;pfe hinter diesem genussvollen T&auml;schli sind Daniela und Mafalda R&uuml;egg vom Archehof R&uuml;egg sowie Martin und Brigitte R&uuml;egg, der f&uuml;r sein Kr&auml;utersalz...und mehr bekannt ist. Die enthaltenen Produkte in der praktischen Ap&eacute;rotasche reichen f&uuml;r vier bis sechs Personen und sind mit oder ohne <a href=\"https://goldingertal.ch/de/einkaufen/goldschatz-wein.html\">Goldschatz Wein</a>&nbsp;erh&auml;ltlich. Angerichtet als Ap&eacute;roplatte auch ideal f&uuml;r gr&ouml;ssere Anl&auml;sse.</p><p>Dieses besondere Mitbringsel kann an verschiedenen M&auml;rkten bei<a href=\"https://goldingertal.ch/de/map/details/kraeutersalz-und-mehr-e13779a2-7edf-4dc5-8125-e74fa39ad1a4.html\"> Martin R&uuml;egg</a>&nbsp;sowie im Hofladen vom <a href=\"https://rueegg4you.ch/hofladen-online/s-Goldiga-Aperot%C3%A4schli-p702270084\" target=\"_blank\" rel=\"noopener\">Archehof R&uuml;egg</a>&nbsp;gekauft oder bestellt werden.&nbsp;</p><p><span style=\"font-weight: bold;\">Das ist drin im Ap&eacute;rot&auml;schli&nbsp;</span></p><ul><li>K&ouml;rnli Cracker - Archehof R&uuml;egg</li><li>Dipp-Mix mit B&auml;rlauch - Kr&auml;utersalz...und mehr</li><li>Atzm&auml;nnig Schnee -<a href=\"https://goldingertal.ch/de/map/details/atzmaennig-schnee-38121dd8-470f-48bf-b4de-ab145a39cebb.html\" target=\"_blank\" rel=\"noopener\"> Ren&eacute; R&uuml;egg</a></li><li>Knobliw&uuml;rste - Archehof R&uuml;egg</li></ul><p><br>f&uuml;r CHF 28.00 und reicht f&uuml;r 4 bis 6 Personen<br>Optional mit Goldschatz-Wein (rot oder weiss) f&uuml;r CHF 37.00</p><p>Mir w&uuml;nsched en Guet&auml;!</p>", "image": "https://sgbtpimtsoch.sos-ch-dk-2.exoscale-cdn.com/catalog/c/5/8/d/c58da0884eb1fe9049364ba3a3d7104aab3b48d9_Goldig___Ap__ro___Tasche.JPG", "openstreetmap_id": "node/5503373556"}, "geometry": {"type": "Point", "coordinates": ["8.8961648", "47.2428762"]}}, {"type": "Feature", "properties": {"identifier": "9b7a003a-338f-4ef2-876c-afcd2c3d95e0", "name": "Hofst\u00fcbli auf dem Archehof", "description": "<p>Das Hofst\u00fcbli hat keine festen \u00d6ffnungszeiten. Das St\u00fcbli bietet Platz f\u00fcr bis zu 42 Personen und ist auch im Speisenangebot sehr flexibel. Es wird sehr individuell auf die W\u00fcnsche der G\u00e4ste eingegangen, ob ein Drei - Gang - Men\u00fc, ein Brunch, ein Grillabend oder ein Buffet, es findet sich immer das passende Angebot. Jeden 1. Sonntag im Monat findet von 9.30 - 11.30 Uhr der beliebte \"Sunntigs z'Morg\u00e4\" statt. </p><p>Ebenfalls werden div. Anl\u00e4sse \u00fcber das Jahr hinweg wie z.B. der allj\u00e4hrlichen 1. Augustbrunch durchgef\u00fchrt. In den Sommermonaten k\u00f6nnen gr\u00f6ssere Gruppen auch gerne im Festzelt bedient werden. Hier gibt es Kapazit\u00e4t f\u00fcr 100 Personen. </p><p>Spazierg\u00e4nger oder Besucher haben ebenfalls die M\u00f6glichkeit sich auf der gedeckten Terrasse am Selbstbedienungsk\u00fchlschrank zu verpflegen, Glace in Selbstbedienung zu geniessen oder auch Tischgeb\u00e4ck zu konsumieren. W\u00e4hrend den Hofladen \u00d6ffnungszeiten gibt es auch immer etwas f\u00fcr den kleinen Hunger, wie z.B. ein kaltes Pl\u00e4ttli. </p><p>Neben der Bewirtung auf dem Hof werden auch diverse Caterings angeboten, sei es ein Pl\u00e4ttli komplett mit hofeigenen Backwaren bis hin zum kompletten Hochzeitsmen\u00fc. </p><p>Schon mal eine Besprechung in einem \"Schilter\" durchgef\u00fchrt? Was f\u00fcr viele ein landwirtschaftlicher Transporter ist, wird auf dem Archehof f\u00fcr Junggesellenabschiede und als \"Besprechungszimmer\" genutzt. Bis zu 8 Personen k\u00f6nnen in aller Ruhe an einem unserer Weider\u00e4nder, meist mit Sicht auf den Sonnenuntergang gesellige und konstruktive Stunden verbringen, sich ein feines Essen servieren lassen und ihre Sitzung oder Treffen in einem einzigartigen Rahmen geniessen. Nat\u00fcrlich auch bei Regenwetter....<br></p>", "url": "http://www.rueegg4you.ch/geniessen/", "image": "https://sgbtpimtsoch.sos-ch-dk-2.exoscale-cdn.com/catalog/e/6/d/0/e6d09505154aaf07679e1c88105ef4cfda54ec06_gigot.jpg", "openstreetmap_id": "node/5503373556"}, "geometry": {"type": "Point", "coordinates": ["8.89549255371094", "47.2426698907587"]}}, {"type": "Feature", "properties": {"identifier": "9d07674d-86a6-4270-9df7-ace1051fc724", "name": "Holzgeschenke von der Drechslerbank", "description": "<p>Seit vielen Jahren ist Drechseln f\u00fcr Fritz Winteler ein begl\u00fcckendes und entspannendes Hobby. In seiner Werkstatt produziert er sch\u00f6ne Sachen aus verschiedenen Holzarten. </p><p><span style=\"font-weight: bold;\">Angebot:</span></p><ul><li>Pfeffer/Salz/Muskatnuss und Kaffeem\u00fchlen, Hydranten als Pfefferm\u00fchle</li><li>Stengelvase aus versporter Birke, Buche, Ahorn</li><li>Verschiedene Pilze</li><li>Weihnachtsdeko Sterne, Teellichter, Tannenb\u00e4umli und Engel</li><li>Kugeln, Nussknacker, Honigl\u00f6ffel und vieles mehr<br><br></li></ul><p>Die Werkstatt/Ausstellungsraum ist nach Absprache ge\u00f6ffnet.<br></p>", "image": "https://sgbtpimtsoch.sos-ch-dk-2.exoscale-cdn.com/catalog/8/1/3/3/8133acacbcf95e34b05d400a03dbdb5e77a7cc30_20240801_hobby_drechsler_fritz__3_.jpg", "openstreetmap_id": "way/281466923"}, "geometry": {"type": "Point", "coordinates": ["8.94249644472584", "47.2435709"]}}, {"type": "Feature", "properties": {"identifier": "9d729159-ad3b-4c14-afc1-741116f230d3", "name": "Schwendi L\u00e4deli", "description": "<p>Der Hof \"Schwendi\" befindet sich im Goldingertal und ist zu Fuss in ca. 20 min. vom Atzm\u00e4nnig erreichbar. Die Hauptbetriebszweige sind Milchwirtschaft und Aufzucht.</p><p>Im \"L\u00e4deli\" findet man selbst hergestellte Glaces aus hofeigener Milch, Eier, Honig und weiteres. Nach einem Spaziergang oder bei einer kurzen Pause kann ein Kaffee in Selbstbedienung genossen werden. Mit dem Gold Trophy Kasten ist auch f\u00fcr Spiel und Spass gesorgt.</p><p><span style=\"font-weight: bold;\">Spezialit\u00e4ten:</span></p><ul><li>Schwendi Glace</li><li>Milch, K\u00e4se und Butter</li><li>Eier</li><li>Honig</li><li>Mini Meringues</li><li>Brennholz</li></ul><p><br><span style=\"font-weight: bold;\">Weitere Angebote:</span><br></p><ul><li>Vermietung 4er Raclette\u00f6fen mit Rechaudkerzen f\u00fcr bis zu 80 Personen</li><li>Manuelle Schmerztherapie</li><li>klassische Massage</li><li>Fussreflexzonenmassage</li></ul>", "image": "https://sgbtpimtsoch.sos-ch-dk-2.exoscale-cdn.com/catalog/3/9/7/2/397247cc796a6741f06749f07bc932ab77f20733_Schwendi_L__deli.jpg", "openstreetmap_id": "way/196376466"}, "geometry": {"type": "Point", "coordinates": ["8.99001779637812", "47.27589835"]}}, {"type": "Feature", "properties": {"identifier": "9eca086c-869a-4d40-8532-c9311ad133a6", "name": "Indoorspielplatz und Trampolinpark F\u00e4gn\u00e4scht", "description": "<div class=\"flex flex-col text-sm pb-25\"><article class=\"text-token-text-primary w-full focus:outline-none [--shadow-height:45px] has-data-writing-block:pointer-events-none has-data-writing-block:-mt-(--shadow-height) has-data-writing-block:pt-(--shadow-height) [&amp;:has([data-writing-block])&gt;*]:pointer-events-auto scroll-mt-[calc(var(--header-height)+min(200px,max(70px,20svh)))]\" dir=\"auto\" tabindex=\"-1\" data-turn-id=\"request-WEB:af43760a-8afb-44cb-8518-55ca4d39ba4f-6\" data-testid=\"conversation-turn-14\" data-scroll-anchor=\"true\" data-turn=\"assistant\"><div class=\"text-base my-auto mx-auto pb-10 [--thread-content-margin:var(--thread-content-margin-xs,calc(var(--spacing)*4))] @w-sm/main:[--thread-content-margin:var(--thread-content-margin-sm,calc(var(--spacing)*6))] @w-lg/main:[--thread-content-margin:var(--thread-content-margin-lg,calc(var(--spacing)*16))] px-(--thread-content-margin)\"><div class=\"[--thread-content-max-width:40rem] @w-lg/main:[--thread-content-max-width:48rem] mx-auto max-w-(--thread-content-max-width) flex-1 group/turn-messages focus-visible:outline-hidden relative flex w-full min-w-0 flex-col agent-turn\" tabindex=\"-1\"><div class=\"flex max-w-full flex-col gap-4 grow\"><div class=\"min-h-8 text-message relative flex w-full flex-col items-end gap-2 text-start break-words whitespace-normal [.text-message+&amp;]:mt-1\" dir=\"auto\" data-message-author-role=\"assistant\" data-message-id=\"5a9ad55e-ba0f-4832-8150-77430e40717f\" data-message-model-slug=\"gpt-5-3\"><div class=\"flex w-full flex-col gap-1 empty:hidden\"><div class=\"markdown prose dark:prose-invert w-full wrap-break-word light markdown-new-styling\"><p data-start=\"0\" data-end=\"346\">Das F&auml;gn&auml;scht in Rorschach ist ein grossz&uuml;giger Indoorspielplatz mit integriertem Trampolinpark und ein beliebtes Ausflugsziel f&uuml;r Familien. Auf weitl&auml;ufiger Fl&auml;che erwartet die Besucher eine abwechslungsreiche Erlebniswelt mit Kletteranlagen, Rutschen, Spielbereichen und vielen Attraktionen zum Austoben und Entdecken. Das Restaurant sorgt mit seinem Angebot f&uuml;r das leibliche Wohl und bietet Verschiedenes f&uuml;r den kleinen und grossen Hunger.</p><p data-start=\"348\" data-end=\"681\">Der Trampolinpark sorgt f&uuml;r jede Menge Action und spricht neben Kindern auch Jugendliche und Erwachsene an &ndash; hier stehen Spass, Bewegung und gemeinsame Erlebnisse im Mittelpunkt. Auch bietet der Ninja-Parcours eine spannende Herausforderung f&uuml;r Geschicklichkeit, Kraft und Ausdauer und sorgt f&uuml;r zus&auml;tzlichen Nervenkitzel.</p><p data-start=\"683\" data-end=\"892\" data-is-last-node=\"\" data-is-only-node=\"\">Ob f&uuml;r einen aktiven Familienausflug, einen unvergesslichen Kindergeburtstag oder einfach einen Tag voller Spiel und Bewegung &ndash; das F&auml;gn&auml;scht bietet f&uuml;r Gross und Klein ein wetterunabh&auml;ngiges Freizeiterlebnis.</p></div></div></div></div></div></div></article></div>", "url": "http://www.faegnaescht.ch", "image": "https://sgbtpimtsoch.sos-ch-dk-2.exoscale-cdn.com/catalog/6/f/2/6/6f26f6e410a348411f3a2d934ef67665df7adf18_Gr._Labyrint_mit_Spider_Tower_und_E_Auto_Bahn__2.jpg", "openstreetmap_id": "node/3351763653"}, "geometry": {"type": "Point", "coordinates": ["9.4852", "47.47687"]}}, {"type": "Feature", "properties": {"identifier": "9eecbbef-6041-4ce2-8add-be3aaa177b69", "name": "Restaurant Berg", "description": "<p>Als Teil des Pflegezentrums Eschenbach ist das Restaurant Berg ein beliebter Treffpunkt f\u00fcr die Bewohnerinnen und Bewohner sowie auch externe G\u00e4ste. Geniessen Sie t\u00e4glich saisonale K\u00f6stlichkeiten, gesch\u00e4tzte Klassiker oder einfach Kaffee und Dessert bei bester Aussicht auf die Linthebene und die Glarner- und Schwyzeralpen.&nbsp;</p><p>Bei sch\u00f6nem Wetter, wird ebenfalls auf der Terrasse bedient.&nbsp;</p><p>Die Cafeteria bietet 44 Pl\u00e4tze. Auch Gruppen sind willkommen.&nbsp;</p>", "url": "https://pflegezentrum-eschenbach.ch/restaurant-berg/", "image": "https://sgbtpimtsoch.sos-ch-dk-2.exoscale-cdn.com/catalog/6/7/e/7/67e7c83b071705db28c05bdab3a07451d62b5498_Berg_2.png", "openstreetmap_id": "node/11264930996"}, "geometry": {"type": "Point", "coordinates": ["8.961059", "47.2430839"]}}, {"type": "Feature", "properties": {"identifier": "9f400b5b-8f62-41b0-88fa-a33c670d2b9f", "name": "Brennholz-Service Riget & S\u00f6hne GmbH", "description": "<p>Der Familienbetrieb der im Jahr 2013 seine Anf\u00e4nge nahm startete mit einer Holzlagerhalle und dem Kauf des Spaltautomaten in Bilten. Der Landwirtschaftsbetrieb der Familie Riget liegt jedoch in Goldingen. Dort betreibt Werner Riget Mutterkuhhaltung, Schweinehaltung, Obstbau, selbst gebrannte Spirituosen und Heuverkauf.&nbsp;</p><p><span style=\"font-weight: bold;\">Angebot:</span></p><ul><li>Holzhandel und Transporte</li><li>Brennholz-Service</li><li>Holz-B\u00e4nkli, Blumen- oder Brunnentr\u00f6ge</li><li>Holzpf\u00e4hle und Schnittwaren</li><li>Christbaum-Verkauf</li></ul>", "url": "https://www.riget-holz.ch/Startseite/", "image": "https://sgbtpimtsoch.sos-ch-dk-2.exoscale-cdn.com/catalog/1/c/a/b/1caba54cd3c475d0322e871bf8b60a606b2fcd0b_Kunsthandwerk_holz.png", "openstreetmap_id": "way/270259130"}, "geometry": {"type": "Point", "coordinates": ["8.960156778345343", "47.2527216"]}}, {"type": "Feature", "properties": {"identifier": "9fdae0e5-096a-436e-a147-09c28066bbb5", "name": "Claudio Zuccolini", "description": "<p>Claudio Zuccolini ist vor allem durch seine humorvollen Comedy- und Fernsehauftritte bekannt geworden ist. Mit seinem unverwechselbaren Stil, der oft allt\u00e4gliche Situationen und menschliche Eigenheiten thematisiert, hat er sich in der Schweizer Comedy-Szene etabliert. Als Komiker, Moderator und Schauspieler begeistert er sein Publikum.<br></p>", "url": "https://www.zuccolini.ch/", "image": "https://sgbtpimtsoch.sos-ch-dk-2.exoscale-cdn.com/catalog/4/0/5/f/405f67f5d1da5446dabefbd1844065fc25ecf61f_claudio_zuccolini.jpeg", "openstreetmap_id": "node/1241219721"}, "geometry": {"type": "Point", "coordinates": ["8.5288734", "47.3782298"]}}, {"type": "Feature", "properties": {"identifier": "a1c0765c-4eae-4183-a6cb-63bdf32fd611", "name": "Aatalbr\u00fccke Neuhaus", "description": "<p>Die im Jahr 1830 erbaute Br\u00fccke bildete ohne Zweifel das schwierigste und kostspieligste St\u00fcck der ganzen Strasse und weist folgende technische Daten auf: 25.60 m \u00fcber dem Bachbett, 43.90 m L\u00e4nge, 5 m Fahrbahnbreite, 4.64 m lichte H\u00f6he. </p><p>Die Holzarbeit wurde an Zimmermeister Franz Spiller aus dem Allg\u00e4u vergeben, der seit 1823 in Rapperswil wohnte. Bis 1971 vermochte dieses bemerkenswerte Zeugnis der Zimmermannskunst den gesamten Rickenverkehr zu verkraften. Mit dem immer gr\u00f6sser werdenden Verkehrsaufkommen wurde sie jedoch zum eigentlichen \u201eNadel\u00f6hr\u201c der Rickenverbindung und durch eine moderne Betonbr\u00fccke abgel\u00f6st.<br></p>", "image": "https://sgbtpimtsoch.sos-ch-dk-2.exoscale-cdn.com/catalog/0/3/2/1/0321008f9354c28f0514e5774cd67d665e72cd72_Holzbr__cke_Aabachtobel_2.jpg", "openstreetmap_id": "node/6453034571"}, "geometry": {"type": "Point", "coordinates": ["8.950273990631105", "47.24352204935014"]}}, {"type": "Feature", "properties": {"identifier": "a1c5ae4c-7dee-4dca-9b09-9cbe36a847b2", "name": "Eisschnitzen: Das coolste Team-Event", "description": "<p><strong>Ein frostiges Abenteuer als Team </strong>Kreative Ideen schmieden, Skizze zeichnen, den Plan ausarbeiten und dann mit S&auml;ge und Meissel ans Werk gehen. Ob ein imposantes Firmenlogo oder eine verspielte Figur &ndash; eure Fantasie kennt keine Grenzen! Die Eisschnitz-Experten stehen euch dabei mit Rat und Tat zur Seite, und wer h&auml;tte gedacht, wie viel Talent in euren Kolleginnen und Kollegen schlummert?<br><br><strong>Erfrischender Kundenevent&nbsp;</strong>Egal, ob ihr draussen in einer Winterlandschaft, auf einer Seeterrasse beim Seminarhotel oder auf dem Gel&auml;nde eurer Firma loslegt: Das Eisschnitzen bringt den Fun-Faktor, der eure Firmenfeier von gew&ouml;hnlich zu legend&auml;r macht! Besonders als Rahmenprogramm bei einem Weihnachtsanlass, aber auch als erfrischendes <strong>Erlebnis im Sommer&nbsp;</strong>k&ouml;nnt ihr die eiskalten Meisterwerke ganzj&auml;hrig gestalten.<br><br><strong>Cool, kreativ und verbindend&nbsp;</strong>Lasst euch zudem von Kombinationsm&ouml;glichkeiten wie einen w&auml;rmenden Gl&uuml;hwein oder einer Schneeschuhtour inspirieren. Dieser Teamevent ist so viel mehr als nur eiskalte Kunst &ndash; es ist das perfekte Abenteuer in der festlichen Weihnachtszeit!</p><p>Event-Ort:</p><p>&uuml;berall in der ganzen Ostschweiz&nbsp;</p>", "url": "https://www.rafters.ch/teamevents/eisschnitzenteam/index.html", "image": "https://sgbtpimtsoch.sos-ch-dk-2.exoscale-cdn.com/catalog/3/c/0/b/3c0be1cc5b8e8eda0d08ee7445a5c0bdc8afd718_Team_Event_Idee_Eisschnitzen.JPG", "openstreetmap_id": "Eisschnitzen: Das coolste Team-Event"}, "geometry": {"type": "Point", "coordinates": ["9.410734176635744", "47.402575429961765"]}}, {"type": "Feature", "properties": {"identifier": "a312e5fa-7f5d-4eab-a286-90eee1f5df18", "name": "T\u00f6pferei von Hans Baumgartner", "description": "<p>Die T\u00f6pfer-Werkstatt von Hans Baumgartner und seine Ausstellung befinden sich an der Bannholzstrasse 15, gleich nach der Kapelle im \"Gibel\".</p><p> Alle St\u00fccke sind von Hand auf der T\u00f6pferscheibe gedreht, die Glasuren von ihm entwickelt. Die Keramik ist bei 1200 bis 1300 Grad C gebrannt und kann somit auch problemlos f\u00fcr Nahrungsmittel gebraucht werden.<br></p>", "image": "https://sgbtpimtsoch.sos-ch-dk-2.exoscale-cdn.com/catalog/4/b/0/5/4b05d1837e7619ad62422bede4cf1c5bd75b1892_Steinzeug___Sch__ssel__blau___gr__ne_Glasur_mit_japanischer_Strohasche.png", "openstreetmap_id": "way/516014900"}, "geometry": {"type": "Point", "coordinates": ["8.949864549999994", "47.270724349999995"]}}, {"type": "Feature", "properties": {"identifier": "a39ece62-7983-49ee-9566-239076c78bde", "name": "E-Bike Route T\u00f6ssscheidi", "description": "<p>Startend ab Eschenbach f&uuml;hrt eine wundersch&ouml;ne E-Bike Runde &uuml;ber Wald - Fischental - T&ouml;ssscheidi - Wolfsgrueb - Hand - Chamm - Hintergoldingen. Vor der Wolfsgrueb ist der Weg sehr steil und das Fahrrad muss geschoben werden. Auch das Gebiet Gibswil durchs Elbatobel ist sehr anspruchsvoll.</p><p>Dauer ca. 3,5 Std.</p><p class=\"MsoNormal\">Die genaue Route sowie die GPX Daten sind unter diesem <a href=\"https://schweizmobil.ch/de/tour/2520608\">Link</a>&nbsp;ersichtlich.</p>", "image": "https://sgbtpimtsoch.sos-ch-dk-2.exoscale-cdn.com/catalog/e/d/f/2/edf288f504859650488c2c555b5bb742e835fb7b_E_Bi9ke.jpg", "openstreetmap_id": "node/7126452313"}, "geometry": {"type": "Point", "coordinates": ["8.919246196746828", "47.237530933650596"]}}, {"type": "Feature", "properties": {"identifier": "a58cf6ed-3f01-4f56-8553-af83bbd991ce", "name": "Erlebnis Quellen Goldingen", "description": "<p>Im Herbst 2025 wurde das <a href=\"https://goldingertal.ch/de/einkaufen/goldbueb-das-lokale-bier.html\" target=\"_blank\" rel=\"noopener\">Goldbueb-Bier</a> kreiert - eine Erfolgsgeschichte f&uuml;r sich!</p><p>Eine der wichtigsten Zutaten dieses Biers ist das Quellwasser der Artho- und R&uuml;egg'schen Quellen in Goldingen. Mit diesem Wasser wird nicht nur Bier gebraut, sondern es versorgt seit &uuml;ber 100 Jahren mehrere Gemeinden an der Goldk&uuml;ste und in der nahen Nachbarschaft mit reinstem Quellwasser. Das &uuml;ber 28 km lange Rohrleitungssystem transportiert das Wasser ganz ohne Pumpen, nur durch nat&uuml;rliches Gef&auml;lle. Dieses Meisterwerk der Ingenieurskunst funktioniert noch heute zuverl&auml;ssig. Doch wo entspringen diese Quellen?</p><p>Auf dieser spannenden und erlebnisreichen F&uuml;hrung entdecken Sie den Ursprung der beiden Quellen, erfahren Spannendes &uuml;ber die Geschichte der Wasserversorgung Goldingen-Meilen, besuchen die Sammelbrunnenstube \"Goldingen\" und laufen rund 1.5 Kilometer entlang der &uuml;ber 100-j&auml;hrigen Leitungen inkl. Stollen.</p><p><strong>Private Gruppenf&uuml;hrungen</strong><br>Diese F&uuml;hrung eigenet sich hervorragend als Team- oder Kundenevent. Sie wird in zwei Varianten angeboten:&nbsp;<br>&bull; &nbsp; &nbsp;kleine F&uuml;hrung &ndash; 1 1/2 h &nbsp; &nbsp; &nbsp; &nbsp; &nbsp; &nbsp; &nbsp;CHF 160.00 pro Gruppe<br>&bull; &nbsp; &nbsp;grosse F&uuml;hrung &ndash; 2 h &nbsp; &nbsp; &nbsp; &nbsp; &nbsp; &nbsp; &nbsp; &nbsp; &nbsp; CHF 190.00 pro Gruppe<br><br>Die Gruppengr&ouml;sse betr&auml;gt 20 Personen. <br><br>Im Anschluss kann im <a href=\"https://goldingertal.ch/de/map/details/gasthaus-zum-roessli-cb39d23e-db26-4870-8ab9-ce86873fea9b.html\">Gasthaus zum R&ouml;ssli</a> in Goldingen der speziell kreierte Goldinger-Ap&eacute;ro dazugebucht werden. Diesen gibt es ebenfalls in zwei Varianten:<br>&bull; &nbsp; &nbsp;KLEIN &nbsp; &nbsp;mit Trockenfleisch, K&auml;sespezialit&auml;ten und Quellwasser aus dem Goldingertal und unser Goldbueb-Bier oder ein Glas Goldschatz-Wein f&uuml;r CHF 18.00 pro Person<br>&bull; &nbsp; &nbsp;GROSS &nbsp;Goldbueb-Ap&eacute;ro-riche, mit dem Goldbueb-Bier-Men&uuml; als Probierportionen f&uuml;r CHF 26.50</p><p>Buchung k&ouml;nnen &uuml;ber die&nbsp;<a href=\"mailto:info@goldingertal.ch\" target=\"_blank\" rel=\"noopener\">Gesch&auml;ftsstelle</a>&nbsp;Goldingertal Eschenbach vereinbart werden.&nbsp;</p><p><strong>&Ouml;ffentliche F&uuml;hrungen</strong><br>F&uuml;r individuelle Besucher bieten wir von Zeit zu Zeit &ouml;ffentliche F&uuml;hrungen an.&nbsp;</p><p><strong>N&auml;chste F&uuml;hrungsdaten 2026:&nbsp;</strong>&nbsp; &nbsp; &nbsp; &nbsp; &nbsp; &nbsp; &nbsp;&nbsp;<br>28. + 29. August 2026&nbsp; &nbsp; &nbsp; &nbsp;&nbsp;<br><br>Freitag um 18.00 Uhr und Samstag um 9.30 Uhr&nbsp;</p><p>Anreise mit den &ouml;ffentlichen Verkehrsmitteln:<br>Bus 630 von Eschenbach (Dorftreff) nach Goldingen (Unterdorf)</p><p>&nbsp; &nbsp;</p>", "url": "https://goldingertal.ch/de/", "image": "https://sgbtpimtsoch.sos-ch-dk-2.exoscale-cdn.com/catalog/f/d/8/b/fd8b6949cbd2c76cfad51a87d1abebd796fd78b7_20250807_quellbesichtigung_mit_renebixa_yk_8_.jpg", "openstreetmap_id": "node/10767999805"}, "geometry": {"type": "Point", "coordinates": ["8.97136688232422", "47.26370836125754"]}}, {"type": "Feature", "properties": {"identifier": "a6074afb-af4a-407a-9e18-c14f6a9c7cef", "name": "Wandern im Atzm\u00e4nnig - Route 3", "description": "<p>Diese aussichtsreiche Wanderung startet bei der Talstation Atzm&auml;nnig, von der aus mit der Sesselbahn (&Ouml;ffnungszeiten beachten) die H&ouml;henmeter &uuml;berwunden werden k&ouml;nnen. Oben angekommen, geht es &uuml;ber die Schwammegg bis zum Vorderen Rotstein (siehe Wegweiser 2, Schiessanzeige). Dann wird nach links abgezweigt, hinunter zum&nbsp;<a href=\"https://goldingertal.ch/de/map/details/restaurant-alp-altschwand-f93d6e26-251d-4c65-babb-771f3b4b2b91.html\">Restaurant Altschwand</a> (968m) und von dort weiter Richtung Talstation Schutt.&nbsp;</p><p>Wanderzeit: ca. 1 1/2 Std. Von der Talstation ist das Alprestaurant Altschwand direkt in ca. 1/2 Std. erreichbar und ist Kinderwagentauglich.&nbsp;</p><p>Anreise mit den &ouml;ffentlichen Verkehrsmitteln:<br>Bus 630 von Eschenbach (Dorftreff) nach Hintergoldingen (Atzm&auml;nnig Schutt)</p>", "url": "https://www.atzmaennig.ch/", "image": "https://sgbtpimtsoch.sos-ch-dk-2.exoscale-cdn.com/catalog/c/7/f/0/c7f018b8e156f229428986f17833564221991fee_Goldingertal_Atzmaennig_HR_275_Carina_Scheuringer.jpg", "openstreetmap_id": "way/231502473"}, "geometry": {"type": "Point", "coordinates": ["8.995753526687624", "47.284742265518695"]}}, {"type": "Feature", "properties": {"identifier": "a6a7793f-b42b-49bf-896d-ff28a2744541", "name": "wood-werk.ch", "description": "<p>F\u00fcr den pensionierten Schreiner Severin Schwitter ist Holz eine Leidenschaft. Jedes St\u00fcck Holz dass bearbeitet wird, wurde von ihm selbst ausgesucht.</p><p>Am liebsten arbeitet er mit einheimischen H\u00f6lzer auf seiner Drechselbank. Die Vielfalt der produzierten Produkte ist enorm und reicht vom Kugelschreiber, Tintenf\u00fcller, Kugeln f\u00fcr Wasserflaschen bis zu Knobelspielen und vielem mehr.</p>", "url": "https://wood-werk.ch/", "image": "https://sgbtpimtsoch.sos-ch-dk-2.exoscale-cdn.com/catalog/a/1/1/8/a118aaa32ac9c4417697b5356de59654f1e7dd2d_Marktstand.jpg", "openstreetmap_id": "way/1087928670"}, "geometry": {"type": "Point", "coordinates": ["8.924630845579554", "47.23820355"]}}, {"type": "Feature", "properties": {"identifier": "a71936fe-b3bd-4b0d-b14b-2b3e520ff5c3", "name": "Chrinnehof", "description": "<p>Der Chrinnehof der Familie Kindlimann liegt direkt an der Grenze von Wald ZH und Goldingen SG, oberhalb der H\u00f6henklinik Wald und unterhalb dem Parkplatz Chrinnen, welcher als Ausgangspunkt zur Farneralp dient. Neben dem Hauptbetriebszweig Milch nimmt die Direktvermarktung von Kalbfleisch und weiteren hofeigenen Produkten eine immer wichtigere Rolle ein. </p><p>Im Hofl\u00e4deli (Hofcheller) gibt es Glace, Kaffee, S\u00fcssmost oder Sirup f\u00fcr durstige G\u00e4ste die an einer kleinen Sitzecke genossen werden k\u00f6nnen. Es darf dem Bauer auch \u00fcber die Schulter geschaut werden, um einen Einblick in den Bauernbetrieb zu bekommen. </p><p><span style=\"font-weight: bold;\">Angebot:</span></p><ul><li>Hausgemachte Glace</li><li>Urdinkel-Pasta</li><li>Urdinkel-Anis-Chr\u00e4beli </li><li>Sirup, Konfi, Chutney, Senf</li><li>Lik\u00f6r, Schnaps</li><li>Luftgetrocknete Hauswurst, Mostbr\u00f6ckli </li><li>Eier</li><li>Gelegentlich D\u00f6rrfr\u00fcchte aus Grosi's Holzofen </li><li>\"Heusuppe\" </li><li>Bestellm\u00f6glichkeit f\u00fcr Kalbfleisch- und Truten Mischpaket</li><li>Suppenh\u00fchner</li><li>Handgen\u00e4htes und Gebasteltes</li><li>Geschenkk\u00f6rbe auf Bestellung<br><br></li></ul><p>Bezahlt werden kann in Bar oder mit Twint.</p><p><span style=\"font-weight: bold;\">Erreichbarkeit:</span> <br>Der Chrinnehof liegt direkt an der Herzroute 99, an der Grenze Wald ZH und Goldingen SG. Mit dem Auto ist der Hof ab Wald ZH erreichbar. Ab Goldingen gelangt man zu Fuss oder mit dem Velo \u00fcber Bannholz, Tann \u00fcber den \"B\u00e4nkli-Weg\" mit traumhafter Aussicht, direkt auf den Chrinnehof.<br></p>", "url": "https://www.chrinnehof.ch/", "image": "https://sgbtpimtsoch.sos-ch-dk-2.exoscale-cdn.com/catalog/9/d/5/f/9d5f65f139cad33ad8306bb0d3b824cf5976e3a5_Chrinnehof_02052019_111_300_dpi.jpg", "openstreetmap_id": "node/10211838342"}, "geometry": {"type": "Point", "coordinates": ["8.9475591", "47.2808356"]}}, {"type": "Feature", "properties": {"identifier": "a82a34a5-5e2a-4306-9f86-9c9937cac68f", "name": "Goldloch D\u00e4gelsberg", "description": "<p>Das Goldloch am D&auml;gelsberg geh&ouml;rt zu Goldingen, Eigent&uuml;mer ist der Kanton Z&uuml;rich. Wer das Goldloch auf eigene Faust erkunden m&ouml;chte, kann im Restaurant Tierhag den Schl&uuml;ssel f&uuml;r das Tor, gegen eine Kaution, abholen.</p><p>F&uuml;r die Besichtigung ist zwingend gutes Schuhwerk und eine Taschenlampe n&ouml;tig und man sollte nicht unter Platzangst oder Schwindel leiden. Der Stollen f&uuml;hrt zuerst ca. 20m hinein. Anschliessend f&uuml;hrt eine senkrechte Leiter ca. 12m hinab, wo wieder ein Gang von ebenfalls ca. 12m zu bezwingen ist, bevor man &uuml;ber eine ca. 6m lange Leiter in die Tiefe gelangt.</p><p>In unserer Zeit hat man keine Anzeichen von Gold gefunden, aber spannend ist es auf jeden Fall!</p><p>Ein weiteres Abendteuer im Goldingertal ist das zweite Goldloch (Isaraloch) in der N&auml;he des Atzm&auml;nnigs. Auch dieses kann mit einer F&uuml;hrung oder alleine besucht werden. Weitere Infos finden sie auf unserer <a href=\"https://goldingertal.ch/de/map/details/goldloch-goldingertal-ec258788-0bed-4c90-a13a-bb995118a841.html\" target=\"_blank\" rel=\"noopener noreferrer\">Webseite</a>.</p>", "url": "https://goldingertal.ch/de/", "image": "https://sgbtpimtsoch.sos-ch-dk-2.exoscale-cdn.com/catalog/e/5/5/d/e55d949bf4eb7aee0d3481e61dc5692183909d2d_IMG_8638.jpg", "openstreetmap_id": "node/560343222"}, "geometry": {"type": "Point", "coordinates": ["8.98286819458008", "47.31627790178953"]}}, {"type": "Feature", "properties": {"identifier": "a85179b9-8fba-47db-aae1-00b0cd030ed4", "name": "M\u00fchle Diemberg", "description": "<p>Die alte M\u00fchle stammt in ihrer heutigen Gestalt aus dem fr\u00fchen 19. Jahrhundert und steht formal in einer Bautradition, die bis in die Sp\u00e4tgotik zur\u00fcckreicht. Das Haus verf\u00fcgt \u00fcber ein auffallend hohes Sockelgeschoss mit dem Mahlraum und zwei Wohngeschossen. Das Kellergeschoss zieren zwei reich ornamentierte Rundbogenportale mit Sandsteingew\u00e4nden und Rokokot\u00fcren.<br></p>", "image": "https://sgbtpimtsoch.sos-ch-dk-2.exoscale-cdn.com/catalog/f/9/c/8/f9c8c5c459930cb1608e4e5b8fa6d388ffff732d_M__leDiemberg__002_.jpg", "openstreetmap_id": "way/772447411"}, "geometry": {"type": "Point", "coordinates": ["8.935371637344362", "47.258440573165494"]}}, {"type": "Feature", "properties": {"identifier": "a866f18e-c2e7-4d6b-a23e-612c396e7520", "name": "Wandern im Atzm\u00e4nnig - Route 6a", "description": "<p>Diese Wanderung f&uuml;hrt von der Atzm&auml;nnig Talstation hoch &uuml;ber Oberchamm Richtung Chr&uuml;zegg. Von&nbsp; dort geht es &uuml;ber Schnebelhorn und Steg ins Z&uuml;rcher Oberland. Der Wanderweg f&uuml;hrt zum <a href=\"https://goldingertal.ch/de/map/details/restaurant-alp-schindelberg-5f39a40c-33aa-441c-aeb7-26b1d38bc309.html\" target=\"_blank\" rel=\"noopener\">Schindelberg</a>&nbsp;(auf 1153m mit Restaurant) in ca. 1 Std. &ndash; Schindelbergh&ouml;chi (auf 1234m) &ndash; Schnebelhorn (auf 1292m) &ndash; Tierhag (auf 1140m mit Restaurant) &ndash; Stralegg (auf 1054m mit Restaurant) &ndash; Or&uuml;ti &ndash; Boden &ndash; Steg.</p><p>Wanderzeit ab Chr&uuml;zegg: ca. 3 1/2 Std. <br>Eine weitere Wanderung nach Hulftegg ist m&ouml;glich.</p><p>Anreise mit den &ouml;ffentlichen Verkehrsmitteln:<br>Bus 630 von Eschenbach (Dorftreff) nach Hintergoldingen (Atzm&auml;nnig Schutt)</p>", "url": "https://www.atzmaennig.ch/", "image": "https://sgbtpimtsoch.sos-ch-dk-2.exoscale-cdn.com/catalog/a/c/3/0/ac304b7a710fe7a4edda82da15cb62a9a226b921_Aussicht_Chr__zegg_CW_1.jpg", "openstreetmap_id": "way/231502473"}, "geometry": {"type": "Point", "coordinates": ["8.995656967163088", "47.28477865998415"]}}, {"type": "Feature", "properties": {"identifier": "aae7eaf2-fd6d-497d-94de-52b50e2d7a61", "name": "Eschenbacher Rundwanderung ", "description": "<p>Gestartet wird in Eschenbach beim Dorftreff. Von dort f&uuml;hrt der Weg &uuml;bers Bruggenfeld zum Naturschutzgebiet R&uuml;ti und weiter zur&uuml;ck zum Dorftreff.&nbsp;</p><p>Dauer ca. 1h / Distanz ca. 4km</p><p class=\"MsoNormal\">Die genaue Route sowie die GPX Daten sind unter diesem <a href=\"https://schweizmobil.ch/de/tour/2393413\">Link</a>&nbsp;ersichtlich.</p>", "image": "https://sgbtpimtsoch.sos-ch-dk-2.exoscale-cdn.com/catalog/2/4/e/2/24e29749eb9266528c4c1f811243ec2a3001c1e5_20200904_luftaufnahmen_eschenbach_ganzes_dorf.jpg", "openstreetmap_id": "node/7126452312"}, "geometry": {"type": "Point", "coordinates": ["8.9192171", "47.2377528"]}}, {"type": "Feature", "properties": {"identifier": "ab96037e-e631-47db-a662-571d47c1f462", "name": "Kronberg", "description": "Die atemberaubende Aussicht und die frische Bergluft sind einmalig. G\u00e4ste geniessen auf \u00fcber 1600 Metern feine Appenzeller Spezialit\u00e4ten. Das heimelige Berggasthaus l\u00e4dt zum Verweilen und Geniessen inmitten einer herrlichen Bergwelt ein.", "url": "http://www.kronberg.ch/", "image": "https://sgbtpimtsoch.sos-ch-dk-2.exoscale-cdn.com/catalog/b/e/a/3/bea3602c62e2ec10a9312d25ed30d77b9d2a85cf_Berggasthaus_Kronberg_MH_7.jpg", "openstreetmap_id": "node/41154842"}, "geometry": {"type": "Point", "coordinates": ["9.328294", "47.3198655"]}}, {"type": "Feature", "properties": {"identifier": "ae8f7af7-fbe3-4fc3-9b9f-fbc87162aa30", "name": "Special Elements", "description": "<p>Special Elements besteht aus sechs erfahrenen, innovativen T\u00e4nzern, deren gemeinsames Ziel es ist, das Publikum immer wieder aufs Neue zu verbl\u00fcffen. Ihre Konzepte und Choreografien entstehen durch spontane, unerwartete Situationen in den Trainings, welche sie optimal und schnell in ihren eigenen Style integrieren k\u00f6nnen. So wurde durch ein anf\u00e4ngliches Projekt unter Freunden eine Tanzgruppe, die sich selber auch schon offiziell \u00abHip Hop Schweizermeister\u00bb nennen darf.<br></p>", "url": "https://www.specialelements.ch/", "image": "https://sgbtpimtsoch.sos-ch-dk-2.exoscale-cdn.com/catalog/a/e/e/9/aee968e7a727182942abd16bbb5c346c2d782edf_special_elements.jpg", "openstreetmap_id": "node/5933686901"}, "geometry": {"type": "Point", "coordinates": ["7.6080368", "47.5366683"]}}, {"type": "Feature", "properties": {"identifier": "af00ee69-3eb0-4b91-96e7-a6133e7145bc", "name": "Rhein-Route Highlights (5 Tage / 4 N\u00e4chte) | Saison 1 Kategorie A", "description": "<p>Die Rhein-Route umspannt den Osten der Schweiz in einem weiten Bogen. Auf dieser Reise entdecken Sie die Highlights dieser Route und radeln vom weiten Bodensee, wo Obstg&auml;rten, Schl&ouml;sser und fr&ouml;hliches Touristengeschnatter die Gestade des gr&uuml;n und silbern schimmernden &laquo;schw&auml;bischen Meeres&raquo; zieren bis nach Basel.</p><p>Kategorie A: ab CHF 999.00</p><p>Saison 1: vom 21. M&auml;rz bis 24. April 2026 und vom 26. September bis 18. Oktober 2026</p><p>&nbsp;</p><p>Der genaue Reiseverlauf ist <a href=\"https://shop.st.gallen-bodensee.ch/de/products/rheinroute-highlights-5-tage-4-naechte-saison-1\" target=\"_blank\" rel=\"noopener\">hier</a> ersichtlich.&nbsp;</p>", "url": "https://www.eurotrek.ch", "image": "https://sgbtpimtsoch.sos-ch-dk-2.exoscale-cdn.com/catalog/7/7/4/e/774ee4832b7ad0e89a26671f4f87e05a1f58e889_Rheinroute_Dig_Marktplatz.jpg", "openstreetmap_id": "node/1349145879"}, "geometry": {"type": "Point", "coordinates": ["9.505248", "47.4780562"]}}, {"type": "Feature", "properties": {"identifier": "af272a07-8535-49de-b55b-0f397cbbaea2", "name": "Restaurant S\u00e4ntisgipfel", "description": "<p>Das gem&uuml;tliche Restaurant, gestaltet mit viel Altholz und Stein, bietet einladende Sitznischen und ein beeindruckendes Panorama mit Blick &uuml;ber die Churfirsten bis nach Italien und &uuml;ber die gesamte Schweizer Alpenkette.&nbsp;</p><p>Geniessen Sie Ihren Aufenthalt bei einem genussvollen Kombiangebot der S&auml;ntis-Schwebebahn wie ein S&auml;ntis-Zmorge, Brunch-Erlebnis oder das traditionelle Appenzeller Sonntagsbuffet mit musikalischer Begleitung auf 2502 m &uuml;. M.</p><p>Das Restaurant S&auml;ntisgipfel verw&ouml;hnt mit traditioneller und regionaler K&uuml;che. Ein vielf&auml;ltiges Angebot an Veranstaltungen erm&ouml;glicht es Ihnen den S&auml;ntis von seiner kulinarischen Seite kennenzulernen wie Magischer Sternenzauber, Romantischer Vollmondabend oder S&auml;ntis-Zmittag.</p><p>Mehr Informationen finden Sie im Eventkalender:&nbsp;<a href=\"https://saentisbahn.ch/erlebnis/agenda/event-kalender/\">https://saentisbahn.ch/erlebnis/agenda/event-kalender/</a></p><p><strong>Wichtige Information: Die S&auml;ntis-Schwebebahn ist infolge Erneuerung der Bahn von 1. Mai bis Sp&auml;therbst 2026 eingestellt.</strong></p><p><strong>Das &laquo;S&auml;ntis &ndash; das Hotel&raquo; und die Restaurationsbetriebe auf der Schw&auml;galp sind durchgehend f&uuml;r Sie ge&ouml;ffnet.</strong></p><p>Weitere Informationen finden Sie <a href=\"https://saentisbahn.ch/\">hier</a> .</p><p>&nbsp;</p>", "url": "https://saentisbahn.ch/essen-trinken/restaurant-saentisgipfel/", "image": "https://sgbtpimtsoch.sos-ch-dk-2.exoscale-cdn.com/catalog/9/2/b/8/92b80c13a97d8ac6740c27435241fed4015764b8_16_07_20_3029.jpg", "openstreetmap_id": "node/6846203481"}, "geometry": {"type": "Point", "coordinates": ["9.3425129", "47.2492861"]}}, {"type": "Feature", "properties": {"identifier": "b0bdf1cf-c062-4eee-b057-6a6436e30b03", "name": "Erlebnisk\u00e4serei Pfister", "description": "<p>Alois Pfister hat seine Rezeptur zur Herstellung seiner beliebten K&auml;se an die <a href=\"https://www.guentensperger-kaese.ch/\">G&uuml;ntensperger K&auml;se AG</a> weitergegeben.&nbsp;</p>", "image": "https://sgbtpimtsoch.sos-ch-dk-2.exoscale-cdn.com/catalog/e/f/9/a/ef9ad09087894bfedf29ead20e8c759f4835cbe1_K__se.png", "openstreetmap_id": "way/270254361"}, "geometry": {"type": "Point", "coordinates": ["8.96721135", "47.26141805"]}}, {"type": "Feature", "properties": {"identifier": "b176e086-552c-4149-97ba-312e3e2d3f90", "name": "MASCHENTRAUM.CH", "description": "<p>Vor zwei Jahren hat sich Sandra D'Agostino entschieden aus ihrem geliebten Hobby etwas mehr zu machen und hat im Dezember 2022 ihren Onlineshop er\u00f6ffnet.&nbsp;</p><p>Nebst dem Onlineshop besucht sie auch verschiedene M\u00e4rkte mit ihren Artikeln.&nbsp;</p><p>Jedes St\u00fcck wird mit viel Liebe von ihr pers\u00f6nlich geh\u00e4kelt. Ob tolle Schl\u00fcsselanh\u00e4nger, herzige Pl\u00fcschies, Haarschmuck oder auch tolle, zum Teil personalisierte Sachen zur Geburt.&nbsp;</p><p>In ihrem Onlineshop maschentraum.ch finden sich viele, einzigartige Artikel. Ebenfalls ist ein Teil ihres Sortiments in der Schn\u00e4pplib\u00f6rse in Neuhaus oder im Hofladen Auhof in Wagen erh\u00e4ltlich.&nbsp;</p><p>Schau vorbei und finde genau das Passende f\u00fcr Dich!</p>", "url": "https://www.maschentraum.ch/", "image": "https://sgbtpimtsoch.sos-ch-dk-2.exoscale-cdn.com/catalog/4/9/5/1/4951b7bd2e746ca31196d5a5f71cc4465d5a5520_drei_Pl__schis.jpg", "openstreetmap_id": "way/704118963"}, "geometry": {"type": "Point", "coordinates": ["8.888726329968902", "47.231659300000004"]}}, {"type": "Feature", "properties": {"identifier": "b32aa1be-e17a-435c-a3f9-902d7732fa87", "name": "Intertext \u00dcbersetzungsb\u00fcro GmbH", "description": "<p>Intertext \u00dcbersetzungsb\u00fcro GmbH bietet Beh\u00f6rden, Unternehmen und Privatpersonen professionelle \u00dcbersetzungen in alle Weltsprachen.</p>", "url": "https://intertext.ch/", "image": "https://sgbtpimtsoch.sos-ch-dk-2.exoscale-cdn.com/catalog/6/d/3/8/6d38a9e5f7a467987dcdd2c473fef9330d181fbf_intertext_uebersetzungsbuero_gmbh.png", "openstreetmap_id": "way/147066991"}, "geometry": {"type": "Point", "coordinates": ["9.296958983020989", "47.40071125"]}}, {"type": "Feature", "properties": {"identifier": "b34c3751-e0e1-4f8f-a9a8-668be0c7f037", "name": "Gold Trophy unterwegs", "description": "<p class=\"MsoNormal\">Die verschiedenen Spielk&auml;sten bieten Abwechslung und Spannung auf dem Ausflug. Die Spiele sind jederzeit verf&uuml;gbar und die Route kann bei jedem beliebigen Kasten gestartet und beendet werden. Die Benutzung ist kostenlos. Bei jedem Kasten gibt es Unterlagen mit einem &Uuml;bersichtsplan und einer Spielkarte um Punkte einzutragen.<br><br>Die Strecke misst ca. 13.4km. Weitere Infos zur Route sind auf <a href=\"https://www.outdooractive.com/de/route/radtour/zuercher-oberland/gold-trophy-unterwegs-velo-toeffli-route-goldingertal/46145203/#caml=a14,1hgcld,7tgha3,0,0\" target=\"_blank\" rel=\"noopener\">outdooractive </a>erfasst.</p><p class=\"MsoNormal\">Anreise mit den &ouml;ffentlichen Verkehrsmitteln:<br>Bus 630 von Eschenbach (Dorftreff) nach Goldingen (Egligen) bzw. Hintergoldingen (Atzm&auml;nnig Schutt)</p>", "url": "https://www.atzmaennig.ch/de/gruppenevents/gesamtangebot-fuer-gruppen/toeffli-touren/?search_highlighter=chalts", "image": "https://sgbtpimtsoch.sos-ch-dk-2.exoscale-cdn.com/catalog/e/d/7/e/ed7ea94a8745395ceffcf5318cdcea2ce58571cc_IMG_6026.JPG", "openstreetmap_id": "way/231502473"}, "geometry": {"type": "Point", "coordinates": ["8.99704973589569", "47.28537835"]}}, {"type": "Feature", "properties": {"identifier": "b4889b82-99e5-4fc7-b909-ea00c9ec9fbc", "name": "Naturheilpraxis Manuela G\u00fcbeli", "description": "<p>Die Praxis liegt rund 2 km ausserhalb vom Dorfzentrum in den Hinterbergen, einem idyllischen Weiler mit Sicht in die Glarner Alpen und den sch\u00f6nen Z\u00fcrichsee.</p><p><span style=\"font-weight: bold;\">Warum zur Naturheil\u00e4rztin:</span><span style=\"font-weight: 700;\"><br></span>Viele Menschen haben chronische Leiden, die sie \u00fcber Jahre erdulden. Im Bewegungsapparat l\u00e4uft nicht mehr alles so rund \u2013 mal zwickt es da und mal zwickt es dort. Die Verdauung ist auch nicht mehr das was sie mal war \u2013 oft werden verschiedene Lebensmittel nicht mehr gut vertragen. Allergien k\u00f6nnen sich im Laufe der Jahre ausbreiten. Es plagen immer \u00f6fter Migr\u00e4neanf\u00e4lle, Schlafst\u00f6rungen oder im Sommer die Pollen. Auch Sorgen und N\u00f6te k\u00f6nnen die Gesundheit negativ beeintr\u00e4chtigen und verschiedenste Beschwerden hervorrufen.</p><p>Im Zentrum einer Behandlung stehen SIE mit Ihrem Anliegen. In einem ersten Gespr\u00e4ch wird alles zusammen getragen, was bisher war und was Sie momentan am meisten besch\u00e4ftigt. Mit Hilfe der Bioresonanz (Schwingungsmedizin) wird eine Standortbestimmung gemacht, aufgrund derer nachher gemeinsam ein Therapieplan erstellt wird.</p><p><span style=\"font-weight: bold;\">In der Praxis eingesetzt wird:&nbsp;</span></p><ul><li>Bioresonanztherapie</li><li>Scenar-Medizin (St\u00e4rkung der Selbstheilungskr\u00e4fte)</li><li>Pflanzliche Urtinkturen</li><li>Bachbl\u00fcten</li><li>Sch\u00fcsslersalze (Mineralstoffe)</li></ul><p><br><span style=\"font-weight: bold;\">Zus\u00e4tzliche Angebote:</span><br></p><ul><li>Massagen mit oder ohne Schwingkissen</li><li>Fussreflexzonenmassage</li><li>Ohrakupunktur</li></ul>", "url": "http://www.praxis-guebeli.ch/", "image": "https://sgbtpimtsoch.sos-ch-dk-2.exoscale-cdn.com/catalog/9/b/6/c/9b6ca8059a652d1bf9afbbb13a073b293fe4d302_G__beli_M___36_350.jpg", "openstreetmap_id": "node/11264913326"}, "geometry": {"type": "Point", "coordinates": ["8.947016", "47.2576812"]}}, {"type": "Feature", "properties": {"identifier": "b6aab4c9-be9c-4659-831e-81f38666aa9a", "name": "Balmenhof-L\u00e4deli", "description": "<p>Am Herrenweg in Eschenbach findet sich das Balmenhof-L\u00e4deli. Erika Kuster, die Besitzerin, kreiert aus verschiedenen Materialien wundersch\u00f6ne Dekorationen und Geschenksideen.&nbsp;</p><p>Die kleine Oase die geschaffen wurde, l\u00e4dt zum verweilen, st\u00f6bern und kaufen ein.&nbsp;</p>", "image": "https://sgbtpimtsoch.sos-ch-dk-2.exoscale-cdn.com/catalog/5/6/6/b/566b77489397a41fe0e6732139f0488498daff6f_Balmenhof_L__deli_2021.JPG", "openstreetmap_id": "way/1087582464"}, "geometry": {"type": "Point", "coordinates": ["8.93018081633455", "47.2354372"]}}, {"type": "Feature", "properties": {"identifier": "b85060ac-b9d5-4c3d-9dcb-a253d372f220", "name": "cm art", "description": "<p>cm-art bietet verschiedene Akrobatik- und Tanzshows wie auch Animationen auf h\u00f6chstem Niveau f\u00fcr jeden Anlass und jedes Budget. Lassen Sie sich begeistern.</p>", "url": "https://www.cm-art.ch/", "image": "https://sgbtpimtsoch.sos-ch-dk-2.exoscale-cdn.com/catalog/f/a/3/8/fa384b5472148f6a75bba1402e4fdab1e2d86a87_cm_art.jpg", "openstreetmap_id": "way/327778887"}, "geometry": {"type": "Point", "coordinates": ["9.03334580746795", "47.45227755"]}}, {"type": "Feature", "properties": {"identifier": "b9263a5c-d859-40ae-9a85-0cc10286f224", "name": "Roman Br\u00fclisauer", "description": "<p>Roman Br\u00fclisauer begeistert das Publikum mit traditioneller und moderner Hackbrettmusik. Solistisch wie auch im Hackbrett-Duo oder kombiniert mit Handorgel, E-Piano und Kontrabass.</p>", "url": "http://www.crazy-hackbrett.ch", "image": "https://sgbtpimtsoch.sos-ch-dk-2.exoscale-cdn.com/catalog/c/e/9/b/ce9b57a4dcd773b5467c24552fee8500ed6ee257_roman_bruelisauer.jpg", "openstreetmap_id": "way/38563342"}, "geometry": {"type": "Point", "coordinates": ["9.3884189", "47.3892094"]}}, {"type": "Feature", "properties": {"identifier": "b98253a9-50d0-4842-a96c-b82344bafea8", "name": "Museum Henry Dunant", "description": "<p>Henry Dunant (1828&ndash;1910) verbrachte die letzten 18 Lebensjahre in Heiden. Das Appenzeller Dorf mit seiner klassizistischen Architektur war damals ein international bekannter Kurort. Hier, auf 800 m. &uuml;. Meer, mit Blick auf den Bodensee und &uuml;ber Grenzen hinweg, hat er seine Memoiren verfasst und seine Ideen f&uuml;r eine friedlichere Welt und einen Internationalen Gerichtshof weiterentwickelt. In Heiden erreichte ihn 1901 die Mitteilung, dass er als Erster mit dem Friedensnobelpreis ausgezeichnet wird. Das ihm gewidmete Museum ist im ehemaligen Bezirkskrankenhaus untergebracht, in welchem Dunant als zur&uuml;ckgezogener Pension&auml;r bis zu seinem Tod am 30. Oktober 1910 gelebt hatte.&nbsp;</p>", "url": "https://www.dunant-museum.ch", "image": "https://sgbtpimtsoch.sos-ch-dk-2.exoscale-cdn.com/catalog/e/e/9/3/ee937d127d299228f40eb974500c641ec547347c_MHD_Aussenansicht.jpg", "openstreetmap_id": "way/199522073"}, "geometry": {"type": "Point", "coordinates": ["9.531348500461359", "47.443330200000005"]}}, {"type": "Feature", "properties": {"identifier": "bacbe0a4-4267-4c41-80f1-4132af5a7f66", "name": "Denner", "description": "<p>Mitten in Eschenbach befindet sich der Denner. Im Laden kann \"fast\" alles eingekauft werden. Seien es Getr\u00e4nke, Frischprodukte, Lebensmittel oder auch alles f\u00fcr die K\u00f6rperpflege. </p><p>Das freundliche Personal freut sich \u00fcber Ihren Einkauf.&nbsp;<br></p>", "url": "https://www.denner.ch/de/filialen/denner-filiale-und-oeffnungszeiten/store/rickenstrasse-8-8733-eschenbach-sg/", "image": "https://sgbtpimtsoch.sos-ch-dk-2.exoscale-cdn.com/catalog/1/b/b/3/1bb3a7e8dbb288bd9e4bc859139d01dcdb97c474_Einkaufen.png", "openstreetmap_id": "way/397555146"}, "geometry": {"type": "Point", "coordinates": ["8.923049569129946", "47.240397345402414"]}}, {"type": "Feature", "properties": {"identifier": "badacd9a-6b80-4ac0-b11b-29239c42f8e6", "name": "B\u00e4chtiger Lebensmittel", "description": "<p>Der Self-Scan-Store der Familie B&auml;chtiger in Ermenswil ist von 5 - 22 Uhr (sonntags 7 - 21 Uhr) ge&ouml;ffnet - fliegt vorbei und erlebt Einkaufen neu an 365 Tagen im Jahr.&nbsp;</p><p>Bei B&auml;chtiger's findet man alles f&uuml;r das t&auml;gliche Wohl, aber auch viele besondere, einzigartige Sch&auml;tze aus der Region - sei es als Geschenk oder f&uuml;r einem selbst.&nbsp;</p><p>Schaut hinein und f&uuml;hlt euch willkommen!</p>", "url": "https://baechtiger.ch/", "image": "https://sgbtpimtsoch.sos-ch-dk-2.exoscale-cdn.com/catalog/8/9/8/e/898e105ba221d949c540a8a61fbce7730e8cf5d0_IMG_1736__1_.jpeg", "openstreetmap_id": "node/2845775961"}, "geometry": {"type": "Point", "coordinates": ["8.8850064", "47.2451201"]}}, {"type": "Feature", "properties": {"identifier": "bb064bbe-27f5-48c4-8b12-952bf8eb0249", "name": "Dorfmetzg Laupen", "description": "<p>Egal was ben\u00f6tigt wird, in der Metzgerei Laupen werden sie f\u00fcndig. Alles Fleisch stammt von Tieren, aus regionaler Herkunft. Der Chef weiss, wie die Tiere gehalten werden.&nbsp;<br><br>Ob Partyservice, verschiedene Platten, Grillwagen zum mieten, Geschenke....die Auswahl ist gross.&nbsp;<br><br>Ebenfalls gibt es einen 24h Verkaufsautomaten direkt vor dem Laden und beim Custorhaus in Eschenbach.&nbsp;</p>", "url": "https://www.dorfmetzg-laupen.ch/de/", "image": "https://sgbtpimtsoch.sos-ch-dk-2.exoscale-cdn.com/catalog/6/5/6/0/65604449cd6dc43018e5c962eeb9c6f9cf369914_fleischplatte.jpg", "openstreetmap_id": "node/2901051101"}, "geometry": {"type": "Point", "coordinates": ["8.9290878", "47.2643951"]}}, {"type": "Feature", "properties": {"identifier": "bcc32bc7-075b-48c9-ae88-f2ace8a2ae79", "name": "Appenzellerland Tourismus AI", "description": "&#60;p>In keiner anderen Region werden Kultur, Handwerk und Geselligkeit so engagiert gelebt wie in den gr\u00fcnen H\u00fcgeln des Appenzellerlandes. Das ganze Jahr hin\u00fcber feiert oder gedenken die Appenzeller fr\u00f6hlicher, aber auch trauriger Momente in der Geschichte ihrer Vorv\u00e4ter und Ururgrossm\u00fctter.&#60;/p>", "url": "https://www.appenzell.ch", "image": "https://sgbtpimtsoch.sos-ch-dk-2.exoscale-cdn.com/catalog/d/a/0/2/da02fc3dd1b13077b46160cc1d7bd517ab68f228_Tourist_Info_hoch.jpeg", "openstreetmap_id": "way/194191781"}, "geometry": {"type": "Point", "coordinates": ["9.407132704285322", "47.331590899999995"]}}, {"type": "Feature", "properties": {"identifier": "beb4c8e2-c87f-491d-bd36-8ba6f6cd1aca", "name": "TIER-Dott Mobility Suisse GmbH", "description": "<p>TIER-Dott Mobility Suisse GmbH versteht sich als Vorreiter einer nahtlosen und nachhaltigen Mobilit&auml;t, an der alle Freude haben. Gemeinsam mit St&auml;dten und Partnerorganisationen wird der Stadtverkehr mit einfachen, zug&auml;nglichen und preiswerten Mobilit&auml;tsdiensten f&uuml;r alle revolutioniert. Zurzeit ist der Service in St.Gallen, Gossau, Flawil, Uzwil, Gaiserwald, Wittenbach, Berg, M&ouml;rschwil, T&uuml;bach, Rorschach, Rorschacherberg, Romanshorn, Amriswil, Muolen, Goldach, Au, Berneck, Balgach, Widnau und Horn verf&uuml;gbar und die e-Scooter und e-Bikes k&ouml;nnen via Dott App gebucht werden. Weitere Gemeinden und St&auml;dte werden folgen.</p><p>Hotline Schweiz: +41 43 505 16 18</p><p><strong><span style=\"font-size: 10.5pt; font-family: 'Arial',sans-serif; mso-fareast-font-family: Aptos; mso-fareast-theme-font: minor-latin; color: #767676; mso-ansi-language: DE-CH; mso-fareast-language: DE-CH; mso-bidi-language: AR-SA;\"><br style=\"mso-special-character: line-break;\"><!-- [if !supportLineBreakNewLine]--><br style=\"mso-special-character: line-break;\"><!--[endif]--></span></strong></p>", "url": "https://www.ridedott.com", "image": "https://sgbtpimtsoch.sos-ch-dk-2.exoscale-cdn.com/catalog/9/3/9/d/939d1cef1df8f1307b7a339b0be1c3ae53627299_DSC01082__2.jpg", "openstreetmap_id": "way/8094417"}, "geometry": {"type": "Point", "coordinates": ["9.385081529617311", "47.42585954638"]}}, {"type": "Feature", "properties": {"identifier": "befca3e5-9fb9-4b90-92af-b211a1149ff0", "name": "Niro-optik", "description": "<p>Wir bieten Ihnen individuelle Beratung, hochwertige Brillen und modernste Technik, um Ihr Seherlebnis zu verbessern.&nbsp;</p><p><span style=\"font-weight: bold;\">Unsere Leistungen:</span></p><ul><li><span style=\"font-weight: bold;\">Sehtests und Beratung:</span> Pr\u00e4zise Sehtests und eine ehrliche, fachkundige Beratung sind f\u00fcr uns selbstverst\u00e4ndlich.</li><li><span style=\"font-weight: bold;\">Ausgew\u00e4hlte Brillenmode:</span> Wir bieten Ihnen eine liebevoll zusammengestellte Auswahl an hochwertigen Brillen und Sonnenbrillen - modern, klassisch oder einzigartig.</li><li><span style=\"font-weight: bold;\">Kontaktlinsenberatung:</span> Wir helfen Ihnen, die perfekte L\u00f6sung f\u00fcr Ihren Alltag zu finden.&nbsp;</li><li><span style=\"font-weight: bold;\">Umfassender Service:</span> Brillenanpassungen, Reparaturen oder Pflege - wir sind f\u00fcr Sie da!</li><li><span style=\"font-weight: bold;\">F\u00fcr die ganze Familie:</span> Ob Gross oder Klein - bei uns finden alle die passende Brille oder Kontaktlinsen.</li></ul><p><br>Wir sind stolz darauf, Teil unserer Dorfgemeinschaft zu sein und freuen uns, Ihnen mit unserem handwerklichen K\u00f6nnen und unserer Leidenschaft f\u00fcr gutes Sehen zur Seite zu stehen.&nbsp;</p><p>Schauen Sie doch vorbei - wir freuen uns auf Sie!</p><p><span style=\"font-weight: bold;\">Niro-optik </span>- Ihr Optiker in der N\u00e4he, mit Herz und Kompetenz.</p>", "url": "https://www.niro-optik.ch/home", "image": "https://sgbtpimtsoch.sos-ch-dk-2.exoscale-cdn.com/catalog/2/a/d/1/2ad1bca251fdcffbc182b349c6f4f49bdf67926c_Titelbild_Goldingertaler.png", "openstreetmap_id": "node/4455286490"}, "geometry": {"type": "Point", "coordinates": ["8.91485", "47.2752157"]}}, {"type": "Feature", "properties": {"identifier": "bf1fd11f-60b9-42bc-9e53-50b967d41a8f", "name": "Bergrestaurant Farneralp", "description": "<p>Auf 1145m.\u00fc.M. liegt das Bergrestaurant Farneralp auf der Kantonsgrenze zwischen Goldingen SG und Wald ZH. Seit dem 9. August 2024 wird das Bergrestaurant von Monika und Manuel Schuler gef\u00fchrt.</p><p>Zusammen mit der grossen Terrasse gibt es gen\u00fcgend Sitzpl\u00e4tze zum verweilen und ausruhen und es l\u00e4sst sich die sch\u00f6ne Aussicht geniessen. Den Kindern wird es auf dem Spielplatz ebenfalls nicht langweilig.&nbsp;</p><p>Wer gerne Bier trinkt, dem wird in der Farneralp Einsiedler Bier ausgeschenkt dazu kann aus der kleinen aber feinen Speisekarte der Hunger gestillt werden.&nbsp;</p>", "image": "https://sgbtpimtsoch.sos-ch-dk-2.exoscale-cdn.com/catalog/1/3/d/b/13dbd4beaa480752aa6138989cd0e24b8a2f215a_bergrestaurant.png", "openstreetmap_id": "node/11282934185"}, "geometry": {"type": "Point", "coordinates": ["8.957097530364992", "47.285109921515044"]}}, {"type": "Feature", "properties": {"identifier": "bfdde90b-a141-4860-8f28-ae05d191a1f1", "name": "Flossbauen - das Highlight in Sachen Teambuilding", "description": "<p><strong>Abenteuer, Teamwork und Naturgenuss</strong><br>Willkommen beim Flossbauen! Hier hei&szlig;t es: gemeinsam t&uuml;fteln, zusammenbauen und am Ende die Belohnung genie&szlig;en &ndash; eine Flossfahrt auf den sch&ouml;nsten Seen der Ostschweiz.<br><br>Am Ufer des Sees wartet ein Haufen Baumaterial auf euch &ndash; Bretter, F&auml;sser und Seile. Eure Mission? Ein stabiles Floss bauen, das den strengen Sicherheitsrichtlinien unserer Guides entspricht und, ach ja, schwimmen muss es nat&uuml;rlich auch! Keine Sorge, unsere Experten stehen mit Rat und Tat zur Seite, falls die Konstruktion mal wackelt.<br><br>Und das Beste? Wenn der letzte Knoten sitzt, geht's aufs Wasser!&nbsp; Das ist Teamarbeit, die tr&auml;gt &ndash; im wahrsten Sinne des Wortes!</p><p><br><strong>Event-Orte:&nbsp;</strong></p><p>Walensee: in Weesen oder Walenstadt&nbsp;</p><p>Bodensee: Badi Buchhorn Arbon&nbsp;</p><p>&nbsp;</p><p>&nbsp;</p><p>&nbsp;</p>", "url": "https://www.rafters.ch/teamevents/flossbauen/index.html", "image": "https://sgbtpimtsoch.sos-ch-dk-2.exoscale-cdn.com/catalog/8/9/9/6/89966ccc16646fc4ba9087ec4117ba9e7024649c_teamevent_Flossbau2020.jpg", "openstreetmap_id": "way/192205060"}, "geometry": {"type": "Point", "coordinates": ["9.098696708679201", "47.134621998047926"]}}, {"type": "Feature", "properties": {"identifier": "c087d3b3-e5cb-48f0-a864-353230f21000", "name": "Hofladen Leiset", "description": "<p>Im Leiset an der Hauptstrasse zwischen Ermenswil und Eschenbach liegt der Hofladen der Familie Forster. Hauptbetriebszweig des Bauernhof ist die Milchwirtschaft. </p><p>W\u00e4hrend der Kirschen-Zeit wird der Hofladen voll mit den feinen kleinen Fr\u00fcchten.</p><p><span style=\"font-weight: bold;\">Angebot:</span></p><ul><li>Kirschen</li><li>Zwetschgen</li><li>\u00c4pfel</li><li>Quitten</li><li>Baumn\u00fcsse</li><li>S\u00fcssmost</li><li>Eier</li><li>Brennholz im Ster, Abholung oder Lieferung in der Region<br><br></li></ul><p><span style=\"font-weight: bold;\">Erreichbarkeit:<br></span>Der Hof liegt an der Hauptstrasse von Eschenbach nach Ermenswil; kurz vor Ermenswil an der linken Seite. Eine Tafel mit den aktuellen Angeboten vom Hofladen ist an der Hauptstrasse angeschrieben.</p>", "image": "https://sgbtpimtsoch.sos-ch-dk-2.exoscale-cdn.com/catalog/3/c/8/1/3c81e5ae26b98e0de76d8ca481030b72372b4a23_Hofladen_Leiset_2.jpg", "openstreetmap_id": "node/11234916636"}, "geometry": {"type": "Point", "coordinates": ["8.890771865844728", "47.23996764713724"]}}, {"type": "Feature", "properties": {"identifier": "c3f7675c-90d9-491d-80e9-66eeef7ab188", "name": "FitWell fitness Gesundheit & Bewegung  Claudia Luck-Portmann", "description": "<p>Das Angebot f\u00fcr Gesundheit und Bewegung ist mit der Erfahrung gewachsen. Nebst dem live Standort and der Hintergoldingerstrasse 80 in Goldingen bietet FitWell fitness seit drei Jahren, auch ein online Angebot. Individuell auf die einzelnen Bed\u00fcrfnisse abgestimmt, entwickelt f\u00fcr den perfekten Erfolg. Alltagstauglich, zeitsparend f\u00fcr nachhaltige Resultate. </p><p>Mit dem richtigen Flow und der pers\u00f6nlichen Unterst\u00fctzung gelingt es fit, gesund, befreit und gl\u00fccklich zu sein. </p><p><span style=\"font-weight: bold;\">Angebot:</span></p><ul><li>Jumping Fitness</li><li>HIIT</li><li>Personal- und Kleingruppen Training</li></ul><p><span style=\"font-weight: bold;\"><br></span></p><p><span style=\"font-weight: bold;\">Online Angebot: </span></p><ul><li>Ganzheitliches 30 Tage Programm</li><li>W\u00f6chentliche online Liveworkouts</li><li>Austausch- und Motivationsgruppen </li><li>Hilfsmittel zu Ern\u00e4hrung und Mindset</li><li>Zugriff auf Ern\u00e4hrungsplattform</li><li>Pers\u00f6nliches Coaching<br></li></ul>", "url": "https://www.fitwell-fitness.ch/", "image": "https://sgbtpimtsoch.sos-ch-dk-2.exoscale-cdn.com/catalog/e/0/7/9/e0798fa059592152eb673b1e2f6c7134de592dbe_Atzm__nnig_Coaching_fitness_lifestlyle_ern__hrung_training__1_.jpg", "openstreetmap_id": "way/361245832"}, "geometry": {"type": "Point", "coordinates": ["8.98587226867676", "47.28864677151603"]}}, {"type": "Feature", "properties": {"identifier": "c3fb179f-dfab-4f13-99ca-f1b9027d24e3", "name": "Goldinger Rundwanderung klein", "description": "<p>Der Start dieser sch&ouml;nen Wanderung ist in Egligen. Von hier f&uuml;hrt der Weg &uuml;ber Hinterbergen nach Echeltschwil, Ennetbach und oberhalb Rappengrund hinab ins Neuh&auml;uslertobel. Am sch&ouml;nen Weg entlang des Bachs f&uuml;hrt die Wanderung &uuml;ber die historische Aabachtalbr&uuml;cke und unterhalb der Hauptstrasse Richtung Neuhaus. Von dort entlang der Chaschtel-Schwerzi Strasse &uuml;ber Echeltschwil weiter durchs M&uuml;lital zur&uuml;ck nach Goldingen.&nbsp;</p><p>Anreise mit den &ouml;ffentlichen Verkehrsmitteln:<br>Bus 630 von Eschenbach (Dorftreff) nach Goldingen (Egligen)</p><p>Die genaue Route sowie die GPX Daten sind unter diesem&nbsp;<a href=\"https://schweizmobil.ch/de/tour/5113763\">Link</a>&nbsp;ersichtlich.&nbsp;</p>", "image": "https://sgbtpimtsoch.sos-ch-dk-2.exoscale-cdn.com/catalog/7/c/7/c/7c7cd02a62d56e21829f38236c9b21a3e4526568_Neuh__slerTobel_alte_Br__cke_klein.JPG", "openstreetmap_id": "node/970479790"}, "geometry": {"type": "Point", "coordinates": ["8.959795832633974", "47.2639924379451"]}}, {"type": "Feature", "properties": {"identifier": "c40362e5-19cf-4427-82a1-087efed554a4", "name": "Aquarell- und Acrylmalerei & Kinderb\u00fccher", "description": "<p>Gabriela hat die Aquarellmalerei an der Volkshochschule in Z\u00fcrich erworben. Es folgten mehrere Bilderausstellungen mit Vernissagen, sowie T\u00e4tigkeiten als Mallehrerin f\u00fcr Aquarell- und Acrylmalerei.&nbsp;</p><p>Mit dem Kinderbuch \"Die kleine Kolibrina\" hat Gabriela bewiesen, dass sie nebst den sch\u00f6nen Bildern auch sehr spannende und lehrreiche Geschichten f\u00fcr Kinder schreiben kann. Die Kolibrina ist ein Buch zur Trauerbew\u00e4ltigung und ihr Erstlingswerk. Das neue Werk, welches Gabriela erschaffen hat handelt vom Zwerg Zipfel mit dem liebevoll gelernt werden soll, mit der Natur und den Tieren umzugehen.&nbsp;</p>", "url": "https://gabriela-gubelmann.ch/", "image": "https://sgbtpimtsoch.sos-ch-dk-2.exoscale-cdn.com/catalog/1/4/f/6/14f667a338da54a4859362452724d900136e0b23_Screenshot_2025_02_12_170816.jpg", "openstreetmap_id": "way/273390956"}, "geometry": {"type": "Point", "coordinates": ["9.01446342422502", "47.27087775"]}}, {"type": "Feature", "properties": {"identifier": "c46d6ab2-743d-4646-a143-cfe4449746a1", "name": "Moni's Stallbeizli", "description": "<p>\u00dcber das ganze Jahr kann im gem\u00fctlichen Stallbeizli im Oberholz Fondue, Raclette und Grilladen genossen werden. </p><p>Der Hit vom Stallbeizli ist jedoch das Fondue Bacchus! F\u00fcr das Feinschmecker Fondue wird das Fleisch in einem w\u00fcrzigen Weinfond gegart. Dieses kann jedoch nur auf Voranmeldung genossen werden.&nbsp;</p><p>F\u00fcr Gruppen von mehr als 10 Personen ist Moni um eine Voranmeldung froh und sie freut sich auf gem\u00fctliche Stunden mit Ihren G\u00e4sten.&nbsp;</p><p>ACHTUNG Es kann nur Bar bezahlt werden!</p>", "url": "https://www.monisstallbeizli.ch/", "image": "https://sgbtpimtsoch.sos-ch-dk-2.exoscale-cdn.com/catalog/5/5/0/3/55036ee9188c38cfe947d976ba2c175823e5f15f_Monis_stallbeizli_2.jpg", "openstreetmap_id": "node/9272841509"}, "geometry": {"type": "Point", "coordinates": ["8.9464805", "47.2897865"]}}, {"type": "Feature", "properties": {"identifier": "c500b51f-70d6-4c6a-9d47-1d9289e16ff9", "name": "CHAPPELE-ON-ICE", "description": "<p>Ein winterlicher Ausgangs- und Ausflugsort f&uuml;r Jung und Alt, Gross und Klein, Freunde und Familien &ndash; kurz f&uuml;r Jedermann.</p><p>Ein gem&uuml;tliches Kufest&uuml;bli, die Glattisbar und viele weitere Attraktionen laden zum Verweilen ein.</p><p>Schlittschuhe und Eistiere k&ouml;nnen vor Ort gemietet werden. Zudem hat es gen&uuml;gend Platz zum Zuschauen, Schwatzen, Anstossen, Feiern und Lachen.</p><p>Ebenfalls ein Gaudi ist das Eisstockschiessen. Es stehen zwei Eisstockschiessbahnen zur Verf&uuml;gung, f&uuml;r zwei Teams &agrave; 6 Personen. Kombiniert mit einem feinen Fondue im Kufest&uuml;bli ist das ein idealer Familien-, Vereins- oder Firmenanlass.</p><p class=\"MsoNormal\">Anreise mit den &ouml;ffentlichen Verkehrsmitteln:<br>Bus 622 von Eschenbach (Dorftreff) nach St. Gallenkappel (Holz)</p>", "url": "http://www.chappele-on-ice.ch/", "image": "https://sgbtpimtsoch.sos-ch-dk-2.exoscale-cdn.com/catalog/9/0/0/f/900f09fcdf664a41cd4a768bcb8b2e3c6f244e53_IMG_5392.JPG", "openstreetmap_id": "way/26292356"}, "geometry": {"type": "Point", "coordinates": ["8.976956605911257", "47.25327073238975"]}}, {"type": "Feature", "properties": {"identifier": "c7d6afbb-d817-4990-8762-2b8b15d14aa9", "name": "RhyLa - Rhintaler Maislabyrinth Balgach", "description": "Das RhyLa ist das gr\u00f6sste digital anges\u00e4te Maislabyrinth der Schweiz. Das Rhintaler Mais-Labyrinth ist ein Abenteuer f\u00fcr die ganze Familie! Mit \u00fcber 3000 Metern Weg auf einer rund 3,5 Hektar grossen Fl\u00e4che wird es garantiert ein unvergessliches Erlebnis f\u00fcr alle, die sich gerne verirren und neue Wege entdecken. Das Labyrinth ist ein Meisterwerk der Landwirtschaft und bietet ein einzigartiges Erlebnis, um die Natur von einer anderen Seite zu erleben. Aber das ist noch nicht alles! Ein besonderes Highlight des Labyrinths ist der Aussichtsturm, der einen atemberaubenden Blick \u00fcber das Maisfeld bietet. Der Turm ist rund vier Meter hoch und bietet eine fantastische Aussicht auf die Umgebung.\n\nF\u00fcr alle Wissbegierigen: Im Labyrinth ist auch ein Lehrpfad integriert, der wissenswerte Informationen \u00fcber die Landwirtschaft vermittelt. Der Lehrpfad ist eine grossartige Gelegenheit, mehr \u00fcber die Natur und ihre Wunder zu erfahren - eine ideale Aktivit\u00e4t f\u00fcr Schulen und Gruppen.", "url": "https://www.schmidi-events.ch", "image": "https://sgbtpimtsoch.sos-ch-dk-2.exoscale-cdn.com/catalog/0/f/b/b/0fbb8d652b052e52b6c25fe65f90e5fadeee78b4_RhyLa_Maislabyrinth_Balgach.jpg", "openstreetmap_id": "way/131338047"}, "geometry": {"type": "Point", "coordinates": ["9.612231493608663", "47.386764238943506"]}}, {"type": "Feature", "properties": {"identifier": "c81b6c29-3685-4cb5-8459-a73d102ec937", "name": "Sonnenaufgangsfahrt S\u00e4ntis", "description": "<p>Die einzigartige Ruhe der fr&uuml;hen Morgenstunden geniessen. Ein atemberaubendes Naturschauspiel sowie ein reichhaltiges Fr&uuml;hst&uuml;cksbuffet stehen an jedem Sonntag im Juli und August bereit. Nach einer St&auml;rkung im Restaurant S&auml;ntisgipfel empfiehlt sich ein Besuch in die Erlebniswelt. Eintauchen in eine interaktive Erlebniswelt f&uuml;r Gross und Klein. Faszinierendes zu Wind und Wetter, Schnee und Eis sowie zur Geschichte der Schwebebahn erwarten die Besucher.</p><p class=\"MsoNormal\"><strong>Wichtige Information: Die S&auml;ntis-Schwebebahn ist infolge Erneuerung der Bahn vom 1. Mai bis Sp&auml;therbst 2026 eingestellt.</strong></p><p class=\"MsoNormal\"><strong>Das &laquo;S&auml;ntis &ndash; das Hotel&raquo; und die Restaurationsbetriebe auf der Schw&auml;galp sind durchgehend f&uuml;r Sie ge&ouml;ffnet.</strong></p>", "url": "https://saentisbahn.ch/", "image": "https://sgbtpimtsoch.sos-ch-dk-2.exoscale-cdn.com/catalog/3/2/5/e/325edcef5b353bd0aabbe6a549a265947ed6ac36_DJI_0523_uc_Kopie_min_1__1_.jpg", "openstreetmap_id": "node/6035271604"}, "geometry": {"type": "Point", "coordinates": ["9.342199", "47.24926"]}}, {"type": "Feature", "properties": {"identifier": "c861242f-274d-46e9-9f05-7f78a1bd13fb", "name": "Ortsmuseum Eschenbach", "description": "<p>Seit November 2022 besteht im altehrw\u00fcrdigen Custorhaus Eschenbach ein kleines aber feines Ortsmuseum. Dieses gibt einen abwechslungsreichen Einblick in vergangene Zeiten und die spannende Geschichte der Gemeinde.</p><p>Die vielf\u00e4ltige Ausstellung mit mehreren Themenr\u00e4umen kann im Rahmen von individuellen F\u00fchrungen besichtigt werden. Ebenfalls geeignet als passendes Rahmenprogramm f\u00fcr den n\u00e4chsten Personalanlass, eine Familienfeier, einen Vereinsausflug oder eine Klassenzusammenkunft. Dann melden Sie sich den Initianten Fabian \u00abFilu\u00bb Lendi oder Xaver Morger.</p>", "image": "https://sgbtpimtsoch.sos-ch-dk-2.exoscale-cdn.com/catalog/a/0/e/e/a0eec14da7ef0e5936a7e7bde53d3c0239be5044_Schulzimmer_IMG_3011.JPG", "openstreetmap_id": "way/397555128"}, "geometry": {"type": "Point", "coordinates": ["8.922146551140255", "47.2395827"]}}, {"type": "Feature", "properties": {"identifier": "c8ab4a7c-5b2a-4a15-830e-c35b8388b864", "name": "Gemeinde Eschenbach ", "description": "<p class=\"MsoNormal\">Die Gemeinde Eschenbach \u00fcberzeugt durch eine hohe Wohn-\nund Lebensqualit\u00e4t, eingebettet in eine vielseitige Landschaft. </p><p class=\"MsoNormal\">Seit 2013 sind\nEschenbach, Goldingen und St. Gallenkappel gemeinsam unterwegs. In dieser Zeit\nhat sich das vereinigte Eschenbach zu einer aufgeschlossenen, modernen und\ninteressanten Gemeinde entwickelt, ohne den l\u00e4ndlichen Charme und den\nfacettenreichen Charakter zu verlieren. <o:p></o:p></p><p class=\"MsoNormal\">Die Kulturkommission der<span style=\"color: red;\"> </span>Gemeinde\nstellt j\u00e4hrlich ein interessantes und unterhaltsames <a href=\"https://www.eschenbach.ch/kulturelles\" target=\"_blank\">Kulturprogramm</a>&nbsp;zusammen. Tickets f\u00fcr die verschiedenen Veranstaltungen sind auf <a href=\"https://goldingertal.ch/de/erleben/veranstaltungen.html\" target=\"_blank\">Eventfrog</a> sowie\nam Schalter der Gemeinde erh\u00e4ltlich. Dort k\u00f6nnen die Tickets auch mit der\nbeliebten Geschenkm\u00fcnze, dem <a href=\"https://goldingertal.ch/de/einkaufen/goldigae-taler.html\" target=\"_blank\">Goldig\u00e4 Taler</a>&nbsp;bezahlt werden.</p>", "url": "https://www.eschenbach.ch/", "image": "https://sgbtpimtsoch.sos-ch-dk-2.exoscale-cdn.com/catalog/7/1/1/3/7113f8bf0f6a47ae4eab2c37a3acf0cdbab6677f_2020_Luftbild_EschenbachSG_nachS__den.jpg", "openstreetmap_id": "node/3739420403"}, "geometry": {"type": "Point", "coordinates": ["8.9239967", "47.2408928"]}}, {"type": "Feature", "properties": {"identifier": "c93fd67c-318b-4ae8-ac10-f1a3620c18d8", "name": "Comedy Duo Messer & Gabel", "description": "<p>Ihre Leidenschaft ist es, ihr Publikum zum Lachen zu bringen. Als Appenzeller Comedy Duo sind sie urkomisch, direkt und \u00fcberzeugen mit einer einmaligen Situationskomik \u2013 kein Auftritt ist gleich wie der andere.</p>", "url": "https://www.dmug.ch/", "image": "https://sgbtpimtsoch.sos-ch-dk-2.exoscale-cdn.com/catalog/d/6/c/8/d6c85532300e63b2a230c2efed3a89a22b6193be_comedy_duo_messer_gabel.png", "openstreetmap_id": "way/199358192"}, "geometry": {"type": "Point", "coordinates": ["9.135368527482694", "47.446740750000004"]}}, {"type": "Feature", "properties": {"identifier": "cb0fd7a5-f2ec-4788-a405-d87c3779dea4", "name": "Nicolas Senn", "description": "<p>Der Ostschweizer war mit dem Rapper Bligg auf Tournee, spielte vor 120\u2019000 Zuschauern mit der Swiss Army Band am Basel Tattoo oder erkl\u00e4rte Stefan Raab in \u00abTV total\u00bb das Hackbrettspiel. Als Solist pr\u00e4sentiert Nicolas Senn eine virtuos-musikalische Weltreise und beweist so, dass von Volksmusik \u00fcber Klassik, Jazz und Rock alles auf dem Hackbrett m\u00f6glich ist.&nbsp;</p>", "url": "https://nicolassenn.ch/wp/", "image": "https://sgbtpimtsoch.sos-ch-dk-2.exoscale-cdn.com/catalog/e/2/9/f/e29ffa4261ec80a4541b594517b636e090e10461_nicolas_senn.jpeg", "openstreetmap_id": "relation/1683870"}, "geometry": {"type": "Point", "coordinates": ["9.4233806", "47.3743991"]}}, {"type": "Feature", "properties": {"identifier": "cb39d23e-db26-4870-8ab9-ce86873fea9b", "name": "Gasthaus zum R\u00f6ssli", "description": "<p>Das Gasthaus zum R\u00f6ssli befindet sich mitten im Dorf Goldingen, direkt neben der Kirche und dem Dorfbrunnen. Von der Herzroute ist es nur ein kurzer Abstecher zum Gasthaus. In n\u00e4chster N\u00e4he liegt ein sch\u00f6ner Aussichtspunkt mit weiter Fernsicht und Grillplatz.\n\nDie umliegenden Alpwirtschaften und der Freizeitpark Atzm\u00e4nnig sind gut mit \u00d6V und zu Fuss erreichbar. \n\nIn der K\u00fcche werden feine Cordon Bleu mit Goldinger K\u00e4sef\u00fcllung, heisser Stein mit verschiedenen Fleischsorten, Goldinger Forelle,  Rindstatar aber auch feine Suppen und je nach Saison Wild- oder Fr\u00fchlingsspezialit\u00e4ten zubereitet.</p><p>Nebst dem feinen Essen, bietet das R\u00f6ssli auch Zimmer f\u00fcr einen Kurzurlaub, Gruppenunterkunft f\u00fcr Vereins Ausfl\u00fcge, Pilgergruppen oder Gruppen die auf der Herzroute unterwegs sind an.&nbsp;</p><p>Das Gasthaus zum R\u00f6ssli ist ganzj\u00e4hrig ge\u00f6ffnet.&nbsp;</p><p> </p>", "url": "https://www.gasthauszumroessli.ch/index.php?id=10", "image": "https://sgbtpimtsoch.sos-ch-dk-2.exoscale-cdn.com/catalog/a/7/c/3/a7c334440cedf175508d6766cbf6d50ea0586056_R__ssli__Goldingen_1.JPG", "openstreetmap_id": "way/270254354"}, "geometry": {"type": "Point", "coordinates": ["8.966793471787026", "47.2630184"]}}, {"type": "Feature", "properties": {"identifier": "cc814629-780d-49e7-bc4f-5dd192514d30", "name": "Pizzeria Campione", "description": "<p>Ob als Pizzakurier oder als gem\u00fctliches italienisches Restaurant im Campione werden Pizza, Pasta oder auch frische Salate angeboten.<br></p>", "url": "https://www.pizza-campione.ch/", "image": "https://sgbtpimtsoch.sos-ch-dk-2.exoscale-cdn.com/catalog/d/3/7/a/d37aff8492bd8c8e6f2da2e81a1d3e1df6e1d2f6_Campione_2.jpg", "openstreetmap_id": "way/397557450"}, "geometry": {"type": "Point", "coordinates": ["8.920190854212553", "47.2413186"]}}, {"type": "Feature", "properties": {"identifier": "ccb9b478-0915-4cd9-b872-708ba3be0cdd", "name": "Skilift Oberholz-Farner", "description": "<p>Der lange Skilift der vom Oberholz bis zum <a href=\"https://goldingertal.ch/de/map/details/bergrestaurant-farneralp-bf1fd11f-60b9-42bc-9e53-50b967d41a8f.html\" target=\"_blank\" rel=\"noopener\">Bergrestaurant Farneralp</a> f&uuml;hrt ist ein wunderbarer Ort die Freizeit zu verbringen. F&uuml;r die etwas weniger ge&uuml;bten oder die Anf&auml;nger bietet das Oberholz einen Trainerlift und ein Ponylift mit Kinderland an. Die Anlagen sind nur bei gen&uuml;gend Schnee in Betrieb. Das Skibeizli \"Zum Alp-Traum\" ist das ganze Jahr &uuml;ber offen.</p><p>Zu erreichen ist das Oberholz &uuml;ber Wald ZH.</p><p><span style=\"font-size: 11.0pt; line-height: 107%; font-family: 'Aptos',sans-serif; mso-ascii-theme-font: minor-latin; mso-fareast-font-family: Aptos; mso-fareast-theme-font: minor-latin; mso-hansi-theme-font: minor-latin; mso-bidi-font-family: 'Times New Roman'; mso-bidi-theme-font: minor-bidi; mso-ansi-language: DE-CH; mso-fareast-language: EN-US; mso-bidi-language: AR-SA;\">Anreise mit den &ouml;ffentlichen Verkehrsmitteln:<br>Bus 631 von Eschenbach (Dorftreff) nach R&uuml;ti (Bahnhof)<br>Bus 885 von R&uuml;ti (Bahnhof) nach Wald (Bahnhof)<br>Bus beim Taxistand nach Oberholz (nur wenn der Skilift in Betrieb ist)</span></p>", "url": "https://www.skilift-oberholz.ch/", "image": "https://sgbtpimtsoch.sos-ch-dk-2.exoscale-cdn.com/catalog/1/4/d/7/14d75874f276ac0e97db0d406a743e9b0821ff8d_202112_Winter_TSchmuki_Oberholz_03.JPEG", "openstreetmap_id": "node/5010232928"}, "geometry": {"type": "Point", "coordinates": ["8.942291736602785", "47.287744315764805"]}}, {"type": "Feature", "properties": {"identifier": "ce033b5e-de27-41cb-b7b4-dc57408e26cd", "name": "Hofladen Schirmer Ennetbach Goldingen", "description": "<p>Direkt vom Buurehof gibt es im Hofladen in Ennetbach viele Leckereien. Frischfleisch aus dem Tiefk\u00fchler oder auf Bestellung, ger\u00e4uchtes Fleisch, Eingemachtes oder tolle Geschenksideen. </p><p><span style=\"font-weight: bold;\">Angebot:</span>&nbsp;</p><ul><li>Schweins-, Kalbs- oder Rindsfleisch - kleine Mengen jederzeit aus dem Tiefk\u00fchler im Hofladen, gr\u00f6ssere Mengen auf Bestellung, portioniert und vakuumiert </li><li>Bauernsch\u00fcblig, Mostbr\u00f6ckli...</li><li>Eingemachtes, Sirup, Konfi, Eierlik\u00f6r...</li><li>Geschenksk\u00f6rbe</li><li>Goldingertal-T\u00e4schli, Goldingertal-Holzbrettli oder Glasbrettli</li><li> Firmengeschenke pers\u00f6nlich zusammengestellt</li><li>H\u00e4ckseldienst und Holzverkauf<br><br></li></ul><p>Im Hofladen kann t\u00e4glich in Selbstbedienung eingekauft werden.</p><p><span style=\"font-weight: bold;\">Erreichbarkeit:</span> <br>In Ennetbach zwischen B\u00fcrg und Goldingen. Von B\u00fcrg aus auf rechter Seite vor der Postautohaltestelle einbiegen und etwas zur\u00fcck fahren.&nbsp;<br></p>", "image": "https://sgbtpimtsoch.sos-ch-dk-2.exoscale-cdn.com/catalog/e/b/e/1/ebe1709614d7e824586aa1f2cf793709569f12cd_Hofladen_Schirmer_von_aussen_mit_Stuhl.jpg", "openstreetmap_id": "way/270259135"}, "geometry": {"type": "Point", "coordinates": ["8.9574627", "47.25203545"]}}, {"type": "Feature", "properties": {"identifier": "ce565950-4fb9-4157-8b84-cf88da4a0613", "name": "Helsana-Trail Eschenbach", "description": "<p><span style=\"font-weight: bold;\">Drei Themen-Trails</span><br>Die Helsana-Trails gibt es \u00fcberall in der Schweiz in drei verschiedenen L\u00e4ngen. In Eschenbach hat jeder Trail ein Thema, auf welchem man Eschenbachs Sonnenseite erleben kann.</p><p><span style=\"font-weight: bold;\">16,3km \u00abUm Eschenbach\u00bb gelb</span><span style=\"font-weight: 700;\"><br></span>Der l\u00e4ngste Trail ist mit gelben Tafeln markiert und f\u00fchrt um Eschenbach. Nach dem Start kann man die sch\u00f6ne Aussicht auf dem Goldberg und \u00fcber den Obersee geniessen. Vorbei an Feuerstellen und dem alten Grabh\u00fcgel auf dem Balmenrain, geht es \u00fcber Neuhaus nach B\u00fcrg. Entlang dem oberen H\u00fcgelzug im Eggwald kann z.B. der <a href=\"https://goldingertal.ch/de/map/details/laedeli-am-herzliweg-9f137584-4555-443e-ab5e-d07542d614eb.html\" target=\"_blank\">Herzliweg</a> oder der Bauernhof <a href=\"https://goldingertal.ch/de/map/details/archehof-rueegg-3bab97f1-dcb9-4d2a-89e0-bba1b5f10d48.html\" target=\"_blank\">Archehof R\u00fcegg</a> erkundet werden.</p><p>Details zu diesem Trail finden sie auf der Seite von&nbsp;<a href=\"https://www.outdooractive.com/de/route/trailrunning/zuercher-oberland/helsana-trail-eschenbach-gelb/238494220/\" target=\"_blank\">outdooractive</a>.&nbsp;</p><p><span style=\"font-weight: bold;\">7,1km \u00abAm Wasser\u00bb gr\u00fcn<br></span>Die mittlere Strecke, welche mit gr\u00fcnen Tafeln beschildert ist, f\u00fchrt am <a href=\"https://goldingertal.ch/de/map/details/natur-und-vogelschutzgebiet-rueti-d30c8e20-1260-498c-9c90-353322f9aa36.html\" target=\"_blank\">Naturschutzgebiet R\u00fcti</a> vorbei, via M\u00fchlebach zum <a href=\"https://goldingertal.ch/de/map/details/naherholungsgebiet-rietstuck-dc719e50-6e67-43b3-8ce6-18493ee7374c.html\" target=\"_blank\">Rietstuckweiher</a>. Hier laden B\u00e4nkli zum Verweilen ein. Der Weg folgt weiter \u00fcber Neuhaus zum <a href=\"https://goldingertal.ch/de/map/details/siessenweiher-0198320a-32b0-4607-8319-d703f84e3aa9.html\" target=\"_blank\">Siessenweiher</a>. Auf der H\u00f6he von F\u00e4tzikon geniesst man eine tolle Aussicht \u00fcber Eschenbach. Der R\u00fcckweg f\u00fchrt im Dorfzentrum am malerischen <a href=\"https://goldingertal.ch/de/map/details/custorhaus-eschenbach-d0525c2d-0fa7-4982-aa3b-7dee4f8c42d3.html\" target=\"_blank\">Custorhaus</a> vorbei.</p><p>Details zu diesem Trail finden sie auf der Seite von&nbsp;<a href=\"https://www.outdooractive.com/de/route/trailrunning/zuercher-oberland/helsana-trail-eschenbach-gruen/238466803/\" target=\"_blank\">outdooractive</a>.&nbsp;</p><p><span style=\"font-weight: bold;\">4,9km \u00abIm Dorf\u00bb</span><span style=\"font-weight: 700;\"><br></span>Der k\u00fcrzeste Trail mit den blauen Tafeln f\u00fchrt Sie um einen Teil des Dorfes Eschenbach herum. Dieser abwechslungsreiche Trail f\u00fchrt durch den Wald, \u00fcber Wiesen und an einer sch\u00f6nen Grotte vorbei. Ideal f\u00fcr einen Familienausflug am Sonntag oder eine Abend-Runde.</p><p class=\"MsoNormal\">Details zu diesem Trail finden sie auf der Seite von <a href=\"https://www.outdooractive.com/de/route/trailrunning/zuercher-oberland/helsana-trail-eschenbach-blau/238440858/\" target=\"_blank\">outdooractive</a>.&nbsp;</p><p>Die drei Helsana-Trails sind clever angelegt, damit sich diese an bestimmten Orten kreuzen. Dadurch kann man die Routen nach Bedarf selbst verk\u00fcrzen oder verl\u00e4ngern. Start und Ziel von jedem Trail ist beim Dorftreff in Eschenbach. Dort befindet sich ein grosser \u00dcbersichtsplan. Es kann jedoch \u00fcberall gestartet werden.</p><p><span style=\"font-weight: bold;\">Achtung:</span> <br>Die Wegweiser sind nur in einer Richtung ausgeschildert. Es empfiehlt sich nach der vorgegebenen Pfeilrichtung zu laufen.</p><p>Dorftreff Eschenbach (Rapperswilerstrasse 18, 8733 Eschenbach SG) ist mit dem \u00f6ffentlichen Verkehr gut erreichbar (Eschenbach SG, Dorftreff). Es sind gen\u00fcgend Parkpl\u00e4tze vorhanden.<br></p><p><span style=\"font-weight: bold;\">App trackt eigene Leistung</span><br>F\u00fcr den Helsana-Trail gibt es eine moderne <a href=\"https://www.helsana.ch/de/private/services/mitteilungen/abloesung-helsana-trails-app.html\" target=\"_blank\">App</a>, welche das Training oder das sportliche Walking trackt. Die gratis Handy-App erstellt sehr einfach pers\u00f6nliche Statistiken oder man findet den n\u00e4chsten Helsana-Trail in der Umgebung f\u00fcr den Sonntagsausflug wie z.B. im nahegelegenen Wald/ZH.</p><p><span style=\"font-weight: bold;\">Entstehung Helsana-Trail Eschenbach<br></span>W\u00e4hrend dem Corona-Lockdown kamen drei Eschenbacher, Simon Haag, Simon Ulrich und Claudio Roth, auf die Idee ein neues Angebot f\u00fcr die Bev\u00f6lkerung zu realisieren. Es sollte kostenlos, und jederzeit und f\u00fcr jedermann zur Verf\u00fcgung stehen. Nach diversen Abkl\u00e4rungen haben Sie die Bewerbung bei Helsana eingereicht. Eschenbach hatte mit den drei&nbsp;abwechslungsreichen Rundstrecken ein gutes Konzept eingereicht, welches die Jury \u00fcberzeugt und Eschenbach den Zuschlag erteilte.&nbsp; &nbsp;</p>", "url": "https://www.helsana.ch/de/private/services/trails.html#/", "image": "https://sgbtpimtsoch.sos-ch-dk-2.exoscale-cdn.com/catalog/0/0/1/d/001d456e3ef6ecfe3df1a19af3abf654b3d0d6e9_Logo.png", "openstreetmap_id": "node/7126452312"}, "geometry": {"type": "Point", "coordinates": ["8.9192171", "47.2377528"]}}, {"type": "Feature", "properties": {"identifier": "ced09ecb-8854-4824-ab7a-94a0615338d5", "name": "Ch\u00e4serrugg", "description": "Zwischen dem Walensee und dem Alpstein liegt das Ch\u00e4serrugg Gebiet, eines der sch\u00f6nsten und naturbelassensten Erholungsgebiete der Schweiz. Innerhalb von rund 60 Minuten erreichen G\u00e4ste von Z\u00fcrich und St. Gallen das Gebiet im Toggenburg. Somit ist es auch ein attraktives Ziel f\u00fcr einen Tagesausflug.\n\nMit seinen Wanderwegen \u00fcber Weiden und Gipfel der Churfirsten und dem faszinierenden Wildtierbestand l\u00e4dt das Gebiet zum Staunen und aktiven Erholen ein. \n\nF\u00fcr ihren Umgang mit Natur und Ressourcen sowie f\u00fcr die sorgf\u00e4ltig eingegliederte Infrastruktur von Herzog & de Meuron wurde die Toggenburg Bergbahnen AG von der Stiftung Landschaftsschutz Schweiz 2021 zur \u00abLandschaft des Jahres\u00bb gek\u00fcrt. Innovation und R\u00fcckbesinnung auf die lokalen Werte lassen Sie das Toggenburger Kulturgut mit allen Sinnen erleben.", "url": "http://www.chaeserrugg.ch", "image": "https://sgbtpimtsoch.sos-ch-dk-2.exoscale-cdn.com/catalog/7/2/1/8/721838d335344f00c77a9ce23324901b9305e113_1K4A1642.jpg", "openstreetmap_id": "node/243845595"}, "geometry": {"type": "Point", "coordinates": ["9.31199", "47.18527"]}}, {"type": "Feature", "properties": {"identifier": "cf6530bb-8232-4412-aecd-04538099088b", "name": "B\u00e4sebeiz zum Magazin", "description": "<p>Die B\u00e4sebeiz zum Magazin liegt in Hintergoldingen und ist ein Geheimtipp. Das Restaurant mit 50 Pl\u00e4tzen bietet eine kleine, einfache aber sehr gute K\u00fcche. </p><p>Jeden ersten Dienstag im Monat k\u00f6nnen ab 18.00 Uhr Kutteln an Tomatensauce mit K\u00fcmmel gegessen werden. Eine Voranmeldung wird gew\u00fcnscht ebenfalls wenn die Kutteln am Mittag genossen werden m\u00f6chten.<br></p>", "image": "https://sgbtpimtsoch.sos-ch-dk-2.exoscale-cdn.com/catalog/6/8/8/c/688ce7d9d203b87b997999894ab58e69e48f2636_B__s__beiz_zum_Magazin_aussen.jpg", "openstreetmap_id": "way/273788004"}, "geometry": {"type": "Point", "coordinates": ["8.98285847081545", "47.2878551"]}}, {"type": "Feature", "properties": {"identifier": "cf6d26d8-8a7d-4759-a357-6eec3a3053b1", "name": "Appenzellerland Tourismus AG", "description": "Durch Wiesen und W\u00e4lder: Ab ins Gr\u00fcne\nOb zu Fuss oder mit dem Velo: Am sch\u00f6nsten ist eine Erkundungstour durchs Appenzellerland an der frischen Luft. Elektrobike Routen f\u00fchren vom Bodensee bis an den Fuss des Alpsteins. Nordic Walking Trails ziehen sich in einem Netzwerk \u00fcber die H\u00fcgel. Unz\u00e4hlige Themenwege laden ein, bisher unbekannte Seiten des Appenzellerlands zu entdecken. Mit \u00fcber 1\u2018200 Kilometer Wanderwegen ist das Appenzellerland das Wander-Eldorado schlechthin \u2013 f\u00fcr Profis und Anf\u00e4nger. Mysteri\u00f6se Hochmoore l\u00fcften ihre Geheimnisse. Schwindelerregende Pfade schwingen sich \u00fcber die Zacken des Alpsteins. F\u00fcr Kinderwagen geeignete Spazierwege f\u00fchren malerischen W\u00e4ldern, T\u00e4lern und H\u00fcgeln entlang zu gem\u00fctlichen Restaurants, Feuerstellen oder Aussichtspunkten.", "url": "https://appenzellerland.ch/", "image": "https://sgbtpimtsoch.sos-ch-dk-2.exoscale-cdn.com/catalog/e/2/b/9/e2b9909aa1466c513918e64932decb4427aeedfb_Computerformat_4_3_S__ntis_der_Berg_Sonnenuntergang.jpg", "openstreetmap_id": "way/1098126342"}, "geometry": {"type": "Point", "coordinates": ["9.28058244", "47.3923982"]}}, {"type": "Feature", "properties": {"identifier": "d0525c2d-0fa7-4982-aa3b-7dee4f8c42d3", "name": "Custorhaus Eschenbach", "description": "<p>Der herrschaftliche Landsitz wurde 1770/1771 von Landrichter Josef Anton Custor gebaut und galt als einer der sch\u00f6nsten Profanbauten in der Grafschaft Uznach. Der Erbauer starb 1783. Das Haus wurde in der Folge vom wohl bekanntesten Eschenbacher, n\u00e4mlich Landammann Johann Ulrich Custor, \u00fcbernommen, der es bis zu seinem Tode im Jahre 1811 bewohnte. </p><p>Das Custorhaus erlebte eine wechselvolle Geschichte. Wiederholte Besitzerwechsel, Teilung in zwei Haush\u00e4lften, Verkauf des Umschwungs und mangelhafter Unterhalt \u00fcberliessen bis in die zweite H\u00e4lfte des letzten Jahrhunderts das einst \u201esch\u00f6nste Haus im Lande\u201c st\u00e4ndig mehr dem Zerfall. Anfangs der f\u00fcnfziger Jahre befand sich das Custorhaus in einem derart desolaten Zustand, dass niemand mehr darin wohnen mochte. Ein Abbruch des bauf\u00e4lligen Custorhauses schien unumg\u00e4nglich, als 1970 buchst\u00e4blich in letzter Minute in der Firma Geberit ein Interessent gefunden werden konnte, der sich dem Abbruchobjekt liebevoll annahm und es sowohl innen als auch aussen vollst\u00e4ndig restaurierte und in den urspr\u00fcnglichen Zustand zur\u00fcck versetzte. W\u00e4hrend mehr als drei Jahrzehnten diente das Custorhaus der Firma Geberit als Schulungszentrum. </p><p>Seit dem Jahr 2007 befindet sich das Custorhaus im Eigentum der Politischen Gemeinde und kann f\u00fcr \u00f6ffentliche, kulturelle und private Anl\u00e4sse sowie f\u00fcr Trauungen benutzt werden. Raumreservationen k\u00f6nnen auf der Seite der Gemeinde Eschenbach get\u00e4tigt werden.<br></p>", "image": "https://sgbtpimtsoch.sos-ch-dk-2.exoscale-cdn.com/catalog/b/5/4/9/b549af304fd4f4f9fc9bdcb539d6ed756b4b72a4_custorhaus_27.08.07_2.jpg", "openstreetmap_id": "way/397555128"}, "geometry": {"type": "Point", "coordinates": ["8.922146551140255", "47.2395827"]}}, {"type": "Feature", "properties": {"identifier": "d1a4d8bc-ba40-4c4e-9966-6f6596fe1b12", "name": "Kantonsbibliothek Vadiana", "description": "\u200bGeschichte:\nDie Vadianische Sammlung \u2013 die Bibliothek des St.Galler Reforma-tors Joachim von Watt (1484-1551), Vadian genannt \u2013 wurde kurz vor seinem Tod der Stadt vermacht. 1615 wurde die Sammlung durch Jakob Studer reorganisiert und von da an kontinuierlich erweitert. Die Biblio-thek, deren Best\u00e4nde von St.Galler B\u00fcrgerfamilien ge\u00e4ufnet wurden, war \u00fcber Jahrhunderte das kulturelle Zentrum der Stadtrepublik. \n\nArchitektur:\nDie 1907 fertiggestellte \u00abVadiana\u00bb von Karl Mossdorf verk\u00f6rpert diesen an der Tradition gewachsenen Anspruch sowohl architektonisch wie bauk\u00fcnstlerisch. Der pr\u00e4gnante asymmetrische Bauk\u00f6rper zeigt seine zwei Hauptfunktionen nach aussen: Westlich steht der villenartige Verwaltungstrakt mit B\u00fcros und Leses\u00e4len sowie einer Dachwohnung mit stilvoll geschweiften Lukarnen im Mansardendach. \u00d6stlich erstreckt sich ein langer Bau mit einer Flucht von hohen kirchenartigen Rund-bogenfenstern. Er beherbergt die Archiv- und Bibliotheksmagazine. Zwischen diesen Bauteilen steht ein Eingangsrisalit mit schwerem barockisierenden Portal und Schaugiebel. Auff\u00e4llig in der Eingangshalle und den G\u00e4ngen sind die vielen schweren und edlen Materialien, Kalk-, Sand- und Schiefersteine und allerlei Marmorsorten. Ein Sechstel der Baukosten soll auf Steinhauerarbeiten entfallen sein!  Das Geb\u00e4ude ist aussen und innen im Originalzustand weitgehend erhalten: farbige Marmort\u00e4ferung, Jugendstil-Stukkaturen, Kasset-tendecke, Kunstverglasung und -schmiedearbeiten, Eichenmobiliar im Lesesaal. Experten sagen: der sch\u00f6nste Schweizer Bibliotheks- und Archivbau der Jahrhundertwende.\n\nHeutige Nutzung:\nIn der Vadiana befinden sich der Hauptsitz der St.Galler Kantonsbi-bliothek, die Vadianische Sammlung der Ortsb\u00fcrgergemeinde St.Gallen sowie das Stadtarchiv der Politischen Gemeinde und jenes der Ortsb\u00fcr-gergemeinde St.Gallen.", "url": "https://www.sg.ch/kultur/kantonsbibliothek-vadiana.html", "image": "https://sgbtpimtsoch.sos-ch-dk-2.exoscale-cdn.com/catalog/0/a/e/1/0ae1e71b28b37cce40239a2b2c0a132998877b6d_Kantonsbibliothek_Vadiana.jpg", "openstreetmap_id": "node/3159783346"}, "geometry": {"type": "Point", "coordinates": ["9.3820889", "47.4291837"]}}, {"type": "Feature", "properties": {"identifier": "d1cc9f66-ee54-408f-9221-654310a8d3c9", "name": "Hofl\u00e4deli B\u00fcel", "description": "<p>Mit viel Herzblut und Freude an den Tieren und an der Natur bewirtschaftet die Familie Lendi ihren Betrieb. Produziert und verkauft wird nebst frischem Gem\u00fcse, Fleisch und Eiern auch zahlreiche verarbeitete Produkte wie Saucen, Sirup, Konfis und S\u00fcssmost. Von Essiggurken bis zu ger\u00e4uchertem Fleisch wird s\u00e4mtliches selbst hergestellt.</p><p></p><p>Im kleinen Hofladen an der Hauptstrasse wird das Sortiment mit regionalen und saisonalen Produkten erweitert.</p><p></p><p>Frischfleischbestellung von Poulet und Rind nehmen wir sehr gerne telefonisch entgegen.</p><p></p><p><strong>Angebot:</strong></p><ul><li>Essiggurken</li><li>Essiggurken mit Peperoni</li><li>Sirup</li><li>Konfi, Gelees</li><li>S\u00fcssmost</li><li>Pouletfleisch</li><li>Rindfleisch</li><li>Tomatensauce</li><li>Eier</li><li>Wachteleier</li><li>Geschenke (auch auf Bestellung)</li><li>\u00c4pfel</li><li>Honig</li><li>Sch\u00fcblig, Landj\u00e4ger</li><li>Mostbr\u00f6ckli</li></ul>", "image": "https://sgbtpimtsoch.sos-ch-dk-2.exoscale-cdn.com/catalog/9/7/0/7/9707939de3d520930bb691e6efc407d6a6b7c0b4_20250427_093114__1_.jpg", "openstreetmap_id": "way/1091776439"}, "geometry": {"type": "Point", "coordinates": ["8.937624692916872", "47.24051371462128"]}}, {"type": "Feature", "properties": {"identifier": "d30c8e20-1260-498c-9c90-353322f9aa36", "name": "Natur- und Vogelschutzgebiet R\u00fcti", "description": "<p>Im Rahmen der Bauarbeiten f&uuml;r die Umfahrungsstrasse ist als &ouml;kologischer Ausgleich das Natur- und Vogelschutzgebiet R&uuml;ti angelegt worden. In diesem Naturparadies k&ouml;nnen seltene Pflanzen sowie V&ouml;gel und andere Tiere beobachtet werden. Ein &laquo;Klassenzimmer im Freien&raquo; bietet sich Schulklassen f&uuml;r Naturkundeunterricht vor Ort an.</p><p>Es gibt eine Grillstelle mit Tischen und auf dem kleinen H&uuml;gel befindet sich ein Beobachtungsh&auml;uschen um Flora, Fauna und Wildtiere beobachten zu k&ouml;nnen.</p><p>Im Schutzgebiet gibt es einen kurzen rund 10 min&uuml;tigen Rundweg.</p><p class=\"MsoNormal\">Die genaue Route sowie die GPX Daten sind unter diesem <a href=\"https://schweizmobil.ch/de/tour/2405479\">Link</a>ersichtlich.</p>", "image": "https://sgbtpimtsoch.sos-ch-dk-2.exoscale-cdn.com/catalog/0/3/e/0/03e0c2a40712fe0d9fc90fe03ff7d0e888c4ccfd_naturschutzgebiet_r__ti_vorplatz.jpg", "openstreetmap_id": "way/39643457"}, "geometry": {"type": "Point", "coordinates": ["8.922228813171388", "47.23128371507713"]}}, {"type": "Feature", "properties": {"identifier": "d5357bf2-dd24-406c-92c2-b503010d877b", "name": "Gnuss-Tour im Goldingertal", "description": "<p>Diese einzigartige T&ouml;ffli-Tour kann im Atzm&auml;nnig gebucht werden, wo sich auch gleich der Start befindet. Auf dem Weg werden Ihnen verschiedene K&ouml;stlichkeiten angeboten.</p><p>Die Route ist ca. 17.8km lang. T&ouml;ffli k&ouml;nnen im Atzm&auml;nnig gemietet werden.</p><p>Weitere Angaben zur Tour sind auf <a href=\"https://www.outdooractive.com/de/route/radfahren/region-zuerich/genuss-tour-goldingertal/48158566/\" target=\"_blank\" rel=\"noopener\">outdooractive</a> erfasst.</p><p class=\"MsoNormal\">Anreise mit den &ouml;ffentlichen Verkehrsmitteln:<br>Bus 630 von Eschenbach (Dorftreff) nach Hintergoldingen (Atzm&auml;nnig Schutt)</p>", "url": "https://www.atzmaennig.ch/de/gruppenevents/gesamtangebot-fuer-gruppen/toeffli-touren/?search_highlighter=genusstour", "image": "https://sgbtpimtsoch.sos-ch-dk-2.exoscale-cdn.com/catalog/6/e/e/b/6eebb75379dd549d1efc6fa13317a61ea69e5a17_8.png", "openstreetmap_id": "way/231502473"}, "geometry": {"type": "Point", "coordinates": ["8.99704973589569", "47.28537835"]}}, {"type": "Feature", "properties": {"identifier": "d6458a15-b569-41c4-aedd-a5ab42bd59da", "name": "Teig&Ton. Back- und Keramikatelier", "description": "<p>Teig&amp;Ton verbindet zwei Handwerke unter einem Dach: Backen und Keramik. Mitten in St.Gallen ist ein Atelier entstanden, das Raum zum Ausprobieren, Gestalten und Entdecken bietet.</p><p>In den Keramikkursen wird aus einem St&uuml;ck Ton nach und nach ein ganz pers&ouml;nliches Werkst&uuml;ck. Im Backatelier wird gemeinsam geknetet, geformt, gebacken und nat&uuml;rlich auch probiert. Vorkenntnisse braucht es keine &ndash; im Mittelpunkt stehen das Handwerk, die Freude am kreativen Tun und eine entspannte Zeit im Atelier.</p><p>Neben den regul&auml;ren Back- und Keramikkursen &ouml;ffnet Teig&amp;Ton seine T&uuml;ren auch f&uuml;r private Gruppen, Teams und besondere Anl&auml;sse. Eine entspannte Atmosph&auml;re, Freude am Handwerk und eine gute gemeinsame Zeit geh&ouml;ren dabei genauso dazu wie das, was am Ende mit nach Hause genommen wird.</p><p class=\"MsoNormal\"><span style=\"color: black;\">Bei Teig&amp;Ton wird &uuml;brigens nicht nur in Kursen gebacken: Zimtschnecken, Tartes, Brioches, Cookies und weitere Lieblingsst&uuml;cke gibt es auch auf Bestellung.</span></p>", "url": "https://www.teigundton.ch", "image": "https://sgbtpimtsoch.sos-ch-dk-2.exoscale-cdn.com/catalog/7/b/0/9/7b0900663aa334bf6ef42de32ffdddff9af29d43_Fotoshoot1_bearb_239.jpg", "openstreetmap_id": "way/145447440"}, "geometry": {"type": "Point", "coordinates": ["9.3691183", "47.4198437"]}}, {"type": "Feature", "properties": {"identifier": "d651befd-1c22-44f2-ac38-d01131cad1f2", "name": "Flugschule Appenzell", "description": "Tandemfl\u00fcge, Schnupperkurs, Ausbildung oder Flugreisen: Seit 1986 bringt die Flugschule Appenzell Fussg\u00e4ngerinnen und Fussg\u00e4nger aus der Ostschweiz und der ganzen Welt sicher in die Luft. Zertifizierte Fluglehrer und Tandempiloten sorgen f\u00fcr unvergessliche Flugerlebnisse vom Bodensee, \u00fcber den Alpstein, das Rheintal bis ins Toggenburg und das n\u00f6rdliche B\u00fcndnerland. F\u00fcr Tandemfl\u00fcge und Schnupperkurse sind auch Geschenkgutscheine erh\u00e4ltlich.", "url": "https://www.gleitschirm.ch/", "image": "https://sgbtpimtsoch.sos-ch-dk-2.exoscale-cdn.com/catalog/3/4/9/7/3497cb4c07d64dcc2816ba2cf92e8417f75391d7_Flugschule_Appenzell_Tandem_1.jpeg", "openstreetmap_id": "way/60228940"}, "geometry": {"type": "Point", "coordinates": ["9.435349345158103", "47.31010217057669"]}}, {"type": "Feature", "properties": {"identifier": "d79beeef-df50-4078-b943-58261f5db546", "name": "Poo-Alp", "description": "<p>Das idyllisch gelegene Bergrestaurant mit Blick auf den Z\u00fcrichsee ist zu Fuss oder mit dem Auto erreichbar. </p><p>Im Restaurant stehen 36 und im Saal 42 Pl\u00e4tze zur Verf\u00fcgung, dazu hat es eine Gartenterrasse mit Spielplatz. </p><p>Besonders sind hier Cordon Bleus, hausgemachtes Brot und in der Winterzeit diverse K\u00e4sefondues.<br></p>", "url": "https://poo-alp.ch/", "image": "https://sgbtpimtsoch.sos-ch-dk-2.exoscale-cdn.com/catalog/f/f/f/3/fff353610b8594dd4be9d6840d9b7a5755a62f32_L1080699__1_.JPG", "openstreetmap_id": "node/625115954"}, "geometry": {"type": "Point", "coordinates": ["8.9636933", "47.3004492"]}}, {"type": "Feature", "properties": {"identifier": "dab0f02c-0db1-4ab0-a953-43f64f5fea71", "name": "Coiffure Manuela", "description": "Coiffeur Handwerk im Damen,- Herren und Kinderbereich\nHaarfarben, Pflege- und Styling Produkte verwenden wir von Wella\nHerren bedienen wir auch ohne Voranmeldung\n\nWir bieten:\ntypgerechte Beratungen\ntrendige Schnitte\nFarbver\u00e4nderungen \nUmformungen\nFestfrisuren\nBartpflege", "url": "https://manuela-coiffure.ch/", "image": "https://sgbtpimtsoch.sos-ch-dk-2.exoscale-cdn.com/catalog/9/a/e/7/9ae753f53da3ac3e8475f104c68314021540582b_Coiffure_Manuela_von_Aussen__1_.JPG", "openstreetmap_id": "node/475204305"}, "geometry": {"type": "Point", "coordinates": ["8.9222898", "47.2404702"]}}, {"type": "Feature", "properties": {"identifier": "db059d1c-9581-4c08-bd38-222c9ca343b7", "name": "Hallstattgr\u00e4ber Balmenrain", "description": "<p>Zu Beginn der f\u00fcnfziger Jahre entdeckte Sekundarlehrer Jakob Gr\u00fcninger auf dem Balmenrain, dem H\u00fcgelzug zwischen Eschenbach und Schmerikon mehrere H\u00fcgelgr\u00e4ber aus der Eisenzeit (sog. Hallstattzeit). Die dabei gefundenen Grabbeigaben wie Messer, T\u00f6pfe, Schmuck etc. weisen darauf hin dass unsere Gegend schon etwa 700 Jahre vor Christus durch die Kelten besiedelt war. Diese keltischen Bauern trieben Ackerbau, Viehzucht, Jagd und Handel.</p><p>Eine Informationstafel weist auf die eisenzeitlichen Grabst\u00e4tten und die damalige Bestattungsweise hin.\u00a0</p><p></p><p>Bild 3 ist eine Rekonstruktion aus der Kantonsgeschichte 2023, ausgestellt im Kulturmuseum St. Gallen - K\u00fcnstler: Christian Bisig</p><p></p><p>Bild 4 ist eine Rekonstruktion aus dem Kulturmuseum St. Gallen, ausgestellt im Ortsmuseum Eschenbach - K\u00fcnstler: atelier bunterhund Z\u00fcrich</p>", "image": "https://sgbtpimtsoch.sos-ch-dk-2.exoscale-cdn.com/catalog/a/0/0/0/a00094e238c8d4e042a84c95412fa1d1807fb840_Balmenrain_2_Neujahrsblatt_2016.jpg", "openstreetmap_id": "node/5436104687"}, "geometry": {"type": "Point", "coordinates": ["8.9347176", "47.2333157"]}}, {"type": "Feature", "properties": {"identifier": "db830957-09af-4042-8266-ce2b8314c68b", "name": "St.Gallen-Bodensee Tourismus", "description": "Die Wirtschaftsregion St.Gallen-Bodensee ist das politische, wirtschaftliche und kulturelle Zentrum der Ostschweiz. Kultur- und Wissensvermittlung geh\u00f6ren seit jeher zu den Kernkompetenzen der Region. St.Gallen-Bodensee Tourismus tr\u00e4gt als Non-Profit-Organisation dazu bei, dass Stadt und Region als attraktiver Wirtschafts-, Bildungs- und Kulturstandort mit hoher Lebensqualit\u00e4t wahrgenommen werden. Als Tourismusdestination positioniert sich St.Gallen-Bodensee Tourismus im\n\n- Kongressbereich (Wissen sch\u00f6pfen, vermitteln, umsetzen)\n- Kultur- und Freizeitbereich\n- Tagestourismus", "url": "https://st.gallen-bodensee.ch/", "image": "https://sgbtpimtsoch.sos-ch-dk-2.exoscale-cdn.com/catalog/6/d/d/b/6ddbb86c986e3fdb7819e7b0bc413c4151972d49_standort_sgbt.jpg", "openstreetmap_id": "node/4092474692"}, "geometry": {"type": "Point", "coordinates": ["9.375735", "47.423202"]}}, {"type": "Feature", "properties": {"identifier": "dc1de7ee-48d9-4b65-96be-6cb30dea013c", "name": "Wanderung zur Poo-Alp", "description": "<p>Das <a href=\"https://goldingertal.ch/de/map/details/poo-alp-d79beeef-df50-4078-b943-58261f5db546.html\" target=\"_blank\" rel=\"noopener\">Bergrestaurant Poo-Alp</a> ist in den H&uuml;geln oberhalb Wald, geh&ouml;rt aber noch zum Eschenbacher Gemeindegebiet.</p><p>Auch wenn die Poo-Alp mit dem Auto erreichbar ist, gibt es unterschiedliche Wanderungen die zur Poo-Alp oder auch vorbei f&uuml;hren:</p><ul><li>Rundwanderung ab Parkplatz Wolfsgrueb, oberhalb Wald - ca. 4.1km - ca. 1 Stunde Wanderzeit<br>Die genaue Route sowie die GPX Daten sind unter diesem&nbsp;<a href=\"https://schweizmobil.ch/de/tour/2775822?layers=wanderland%2CtrackLayer%2Cveloland&amp;E=2715040&amp;N=1239840&amp;resolution=1.60&amp;bgLayer=pk&amp;detours=yes&amp;shooting=yes&amp;logos=yes&amp;photos=yes&amp;season=summer\">Link</a> ersichtlich.</li><li>Hintergoldingen - Hand - Schw&auml;mmi - Poo-Alp - Wolfsgrueb - ca. 7.1km - ca. 2 Stunden Wanderzeit<br>Die genaue Route sowie die GPX Daten sind unter diesem&nbsp;<a href=\"https://schweizmobil.ch/de/tour/2775793\">Link</a> ersichtlich.</li></ul><p>Ab der Wolfsgrueb gelangt man &uuml;ber das traumhafte Sagenraintobel nach Wald ZH, wo Anschl&uuml;sse an die &ouml;ffentlichen Verkehrsmittel zu finden sind.</p><p>Oberhalb der Wolfsgrueb hat es einen weiteren Parkplatz, von dort gelangt man in ca. 10 Minuten entlang einem flachen Str&auml;sschen zum Bergrestaurant Poo-Alp. Ideal f&uuml;r Kinderwagen oder &auml;ltere Personen.</p>", "image": "https://sgbtpimtsoch.sos-ch-dk-2.exoscale-cdn.com/catalog/d/1/2/3/d12384622218b83cdaa5d9cd41925b2e96ca544b_Poo_Alp.jpg", "openstreetmap_id": "node/625115954"}, "geometry": {"type": "Point", "coordinates": ["8.9636933", "47.3004492"]}}, {"type": "Feature", "properties": {"identifier": "dc719e50-6e67-43b3-8ce6-18493ee7374c", "name": "Naherholungsgebiet Rietstuck", "description": "<p>Das Naherholungsgebiet Rietstuck liegt zwischen Eschenbach und Neuhaus auf einer H\u00f6he von 475 Metern \u00fcber Meer und ist ein beliebtes Ziel nach l\u00e4ngeren Wanderungen oder k\u00fcrzeren Spazierg\u00e4ngen. <br>Der Rietstuckweiher ist kein Badeweiher \u2013 er bietet jedoch einen attraktiven Lebensraum f\u00fcr eine artenreiche Tier- und Pflanzenwelt. So gibt es einen nat\u00fcrlichen Fischbestand, welcher ein patentfreies Fischen in vertr\u00e4glichem Mass erlaubt. Wenn sich in k\u00e4lteren Wintern eine gen\u00fcgend dicke Eisschicht bildet, wird der Weiher zudem von der Gemeinde zum Eislaufen freigegeben. </p><p>Angelegt wurde der Weiher anfangs der 1990er Jahre als Retentionsbecken zur Trennung von Schmutz- und Meteorwasser. Bei dieser Gelegenheit hat die Gemeinde eine vielf\u00e4ltige Erholungsanlage gestaltet, welche seither als Naherholungsgebiet unmittelbar in Dorfn\u00e4he sehr gesch\u00e4tzt wird.</p>", "image": "https://sgbtpimtsoch.sos-ch-dk-2.exoscale-cdn.com/catalog/2/7/b/0/27b0b23d9230bf4874e5255914a863d64dea7c16_Rietstuckweier_2_1.jpg", "openstreetmap_id": "way/281466832"}, "geometry": {"type": "Point", "coordinates": ["8.929159641265871", "47.2403168786528"]}}, {"type": "Feature", "properties": {"identifier": "dc731b8c-e278-4cec-a4d6-7c92d6c51e88", "name": "Wandern im Atzm\u00e4nnig - Route 5", "description": "<p>Diese aussichtsreiche Grat- und Rundwanderung startet bei der Talstation Atzm&auml;nnig, von der aus mit der Sesselbahn (&Ouml;ffnungszeiten beachten) die H&ouml;henmeter &uuml;berwunden werden k&ouml;nnen. Bei der Bergstation (auf 1200m) nach links zur Schwammegg (1282m), Vorderer Rotstein (1285m), Tweralpspitz (1332m) und weiter zur Chr&uuml;zegg (1265m). Von dort geht es &uuml;ber den Oberchamm und Chopf zur&uuml;ck zur Atzm&auml;nnig Talstation Schutt.</p><p>Ganze Wanderzeit: ca. 3 Std. (Route &uuml;ber Tweralpspitz)<br>Untere Route: ca. 2 1/2 Std.</p><p>Der Weg f&uuml;hrt an verschiedenen Feuerstellen vorbei.&nbsp;</p><p>Anreise mit den &ouml;ffentlichen Verkehrsmitteln:<br>Bus 630 von Eschenbach (Dorftreff) nach Hintergoldingen (Atzm&auml;nnig Schutt)</p>", "url": "https://www.atzmaennig.ch/", "image": "https://sgbtpimtsoch.sos-ch-dk-2.exoscale-cdn.com/catalog/0/f/4/7/0f47b88dd452b92766a022b7f99aa6672f8c81fd_Carina_Scheuringer_Goldingertal_Atzmaennig_HR_156.jpg", "openstreetmap_id": "way/231502473"}, "geometry": {"type": "Point", "coordinates": ["8.995769619941713", "47.28478593887424"]}}, {"type": "Feature", "properties": {"identifier": "def1fa90-746a-4bdc-8f84-9e1d9e0aa2bf", "name": "Pascal H\u00e4ring", "description": "<p>Pascal H\u00e4ring bietet begeisterndes und hochstehendes Entertainment f\u00fcr jede Veranstaltung. Seine Show-Acts k\u00f6nnen f\u00fcr jeden Anlass massgeschneidert werden. Mit \u00fcber 600 Shows in den letzten 7 Jahren verf\u00fcgt er \u00fcber eine riesige B\u00fchnenerfahrung und sorgt f\u00fcr unvergessliche Momente.<br></p>", "image": "https://sgbtpimtsoch.sos-ch-dk-2.exoscale-cdn.com/catalog/7/b/7/e/7b7e7ca65ee3eba5843f9519e2d62878970a93ef_pascal_haering.jpg", "openstreetmap_id": "relation/1684477"}, "geometry": {"type": "Point", "coordinates": ["7.868921481106766", "47.4545839"]}}, {"type": "Feature", "properties": {"identifier": "e083b889-bccb-4d97-b664-46674ff63e88", "name": "Gewerbe Eschenbach", "description": "<p>Der Gewerbeverein Eschenbach setzt sich f&uuml;r den Zusammenschluss des lokalen Handwerker- und Gewerbestandes, der Industrie und Dienstleitungsbetriebe ein zur gemeinsamen Wahrung und F&ouml;rderung derer Interessen in wirtschaflticher und politischer Hinsicht.&nbsp;</p><p>Nach der Gemeindefusion des Jahres 2013, wurde die Fusion der beiden Gewerbevereine Eschenbach und St. Gallenkappel vollzogen und Goldingen miteinbezogen. Zurzeit z&auml;hlt der Gewerbeverein gut 180 Aktivmitlieder aus verschiedensten Branchen wie Handwerk, Gewerbe, Detailhandel, Dienstleistungsbetriebe und Industrie.&nbsp;</p><p>Regelm&auml;ssig werden Veranstaltungen wie Jahresausfl&uuml;ge, Wanderungen, Wirtschaftsgipfel mit Gemeinderat, Betriebsbesichtigungen, Podiumsgespr&auml;che, Gewerbeausstellungen vom Gremium des Vorstandes organsiert.&nbsp;</p>", "url": "https://gewerbe-eschenbach.ch/willkommen", "image": "https://sgbtpimtsoch.sos-ch-dk-2.exoscale-cdn.com/catalog/2/1/b/b/21bb16d61430043dc20c0123ea8c39f6248c78c6_GVE_R8R_1011.jpg", "openstreetmap_id": "node/11339555439"}, "geometry": {"type": "Point", "coordinates": ["8.9249193", "47.2413877"]}}, {"type": "Feature", "properties": {"identifier": "e13779a2-7edf-4dc5-8125-e74fa39ad1a4", "name": "Kr\u00e4utersalz...und mehr", "description": "<p>Im Sommer 2014 wurden die ersten Kr\u00e4uter im Hochbeet gepflanzt. Mittlerweile ist ein ganzer Garten mit verschiedenen Kr\u00e4utern angelegt und seit 2017 haben Martin und Brigitte R\u00fcegg einen eigenen Produktions- und Arbeitsraum eingerichtet mit einem grossen Trockenofen.&nbsp;</p><p>Kr\u00e4utersalz...und mehr kann an vielen verschiedenen M\u00e4rkten angetroffen werden. Die M\u00e4rkte besuchen Martin und Brigitte mit dem einzigartigen Verkaufswagen.&nbsp;</p><p>Die verschiedenen Salze und Produkte k\u00f6nnen an diversen Verkaufsstellen rund ums Goldingertal gekauft werden. Ebenso werden Bestellungen angenommen und auch Geschenke zusammengestellt.&nbsp;</p>", "url": "https://www.kraeutersalz-und-mehr.ch/", "image": "https://sgbtpimtsoch.sos-ch-dk-2.exoscale-cdn.com/catalog/a/2/a/2/a2a2c358158cbc9a6ce7eb3d82e449a25983cd22_IMG_7434.jpg", "openstreetmap_id": "way/270254290"}, "geometry": {"type": "Point", "coordinates": ["8.961422553305688", "47.2635404"]}}, {"type": "Feature", "properties": {"identifier": "e1e71e1f-2295-4c75-a52d-30fea99eb44c", "name": "Alpengaudi - der Mitarbeiteranlass mit Spass und Erlebnis", "description": "<p>Ob beim Armbrustschiessen, beim witzigen Mistb&auml;nne-Parcours , dem abenteuerlichen G&uuml;lleskiparcours, oder beim H&uuml;hnerfangen &ndash; hier ist Geschick, Cleverness und ein gutes Miteinander gefragt. Und h&auml;tten wir gedacht, dass Kuhfladengolf so viel Spa&szlig; machen kann?<br><br>Bei der Siegerehrung wird das beste Team gek&uuml;rt, aber gewonnen haben alle&ndash; dank der lustigen Erlebnisse und dem gemeinsamen Lachen. Und was w&auml;re ein Tag in den Alpen ohne ein herzhaftes Highlight? Nach den Spielen erwartet Euch ein feiner Grillschmaus, der die Stimmung perfekt abrundet.<br><br>Ob Firmenausflug, Teamevent oder ein geselliger Tag mit Freunden &ndash; die Bauernhof Olympiade ist Inspiration, Spa&szlig; und Herausforderung in einem! Seid dabei und entdeckt den Meister-&Auml;lpler in Euch!</p><p><strong>Event-Ort:</strong> diverse Bauernh&ouml;fe in der ganzen Ostschweiz</p><p><strong>unsere Empfehlung:</strong> Alp Habergschw&auml;nd auf dem Kerenzerberg in Kombination mit einer rasanten Trottinett-Abfahrt</p><p>&nbsp;</p>", "url": "https://www.rafters.ch/firmenevent/bauernhofolympiade/index.html", "image": "https://sgbtpimtsoch.sos-ch-dk-2.exoscale-cdn.com/catalog/6/e/f/f/6eff85371631ce2974e3765171e0a804ce509f14_Bauernhof_Olympiade_Erlebnis_Schweiz.jpg", "openstreetmap_id": "node/9041170563"}, "geometry": {"type": "Point", "coordinates": ["9.1246868", "47.1040405"]}}, {"type": "Feature", "properties": {"identifier": "e289de46-edee-4602-8063-033c9ba4dac6", "name": "Berggasthaus Chr\u00fczegg", "description": "<p>Das Berggasthaus liegt auf 1'265 m &uuml;.\u202fM. &ndash; ein Ort, an dem Ihnen die ganze Schweiz zu F&uuml;ssen liegt. Von der grossen Terrasse aus geniessen Sie ein beeindruckendes Panorama &uuml;ber den Z&uuml;richsee und den Bodensee bis hin zu den St.\u202fGaller-, Glarner-, Innerschweizer- und Berner Alpen. Hier oben verschmelzen Weitblick, Natur und Ruhe zu einem unvergesslichen Erlebnis.</p><p>In der vierten Generation f&uuml;hrt die Familie Manser diesen traditionsreichen und einzigartig sch&ouml;nen Familienbetrieb mit viel Herzblut und echter Gastfreundschaft. Die Chr&uuml;zegg ist seit jeher ein beliebtes Ziel f&uuml;r Familien- und Vereinswanderungen &ndash; ein Ort zum Ankommen, Austauschen und Geniessen.</p><p>F&uuml;r alle, die l&auml;nger bleiben m&ouml;chten, stehen gem&uuml;tliche Doppelzimmer, praktische Mehrbettzimmer sowie H&uuml;ttenzimmer zur Verf&uuml;gung. Ein Saal mit bis zu 80 Sitzpl&auml;tzen bietet zudem den passenden Rahmen f&uuml;r Feste, Vereinsanl&auml;sse oder Seminare in inspirierender Umgebung.</p><p>In unserer K&uuml;che verw&ouml;hnen wir Sie mit saisonalen, einheimischen und hausgemachten Spezialit&auml;ten.<br>Jeden Tag w&auml;hrend der Alpsaison produzieren wir frischen K&auml;se, den Sie nicht nur direkt im Restaurant kaufen, sondern den wir auch in verschiedenen Speisen unserer K&uuml;che verwenden. Dazu servieren wir unsere hausgemachte Chr&uuml;zegg-Limonade &ndash; frisch, prickelnd und unverwechselbar, ein Getr&auml;nk, das den Genussmoment auf der Terrasse perfekt abrundet.</p>", "url": "https://chruezegg.ch/", "image": "https://sgbtpimtsoch.sos-ch-dk-2.exoscale-cdn.com/catalog/0/9/f/d/09fd4bca97c78acd98d4afe58135f95e3c6c4f43_wattwil_chruzegg_berggasthaus_terrasse.JPG", "openstreetmap_id": "way/668032816"}, "geometry": {"type": "Point", "coordinates": ["9.015355110168459", "47.298397957022246"]}}, {"type": "Feature", "properties": {"identifier": "e3880772-f6d8-43e8-9891-60b6aca82f47", "name": "R\u00fcegg Druck", "description": "<p>Mit R\u00fcegg Druck haben sie eine Druckerei in ihrer N\u00e4he f\u00fcr schnelle Dienstleistungen rund ums Drucken. Vom klassischen Offsetdruck, \u00fcber Digitaldruck oder Grossformat/Beschriftungen. </p><p>Bei der Druckerei von Ralph R\u00fcegg werden sie pers\u00f6nlich beraten. Er hat das Unternehmen im Jahr 2013 von seinem Vater \u00fcbernommen und f\u00fchrt es seither erfolgreich weiter.&nbsp;&nbsp;<br></p>", "url": "https://www.rueeggdruck.ch/", "image": "https://sgbtpimtsoch.sos-ch-dk-2.exoscale-cdn.com/catalog/b/2/4/2/b242f6a943f5e69966352bee7802b66f8f1f5de0_gewerbe.png", "openstreetmap_id": "way/270247013"}, "geometry": {"type": "Point", "coordinates": ["8.928210324373202", "47.23482205"]}}, {"type": "Feature", "properties": {"identifier": "e5435b87-0b80-429b-9f8a-dd7a6423e0a6", "name": "Seilpark Atzm\u00e4nnig", "description": "<p>Acht Parcours in verschiedenen Dimensionen und mit unterschiedlichen Schwierigkeitsgraden erfordern Geschicklichkeit und Koordinationsverm&ouml;gen. Pro Parcours ben&ouml;tigen Sie im Schnitt 20 bis 40 Minuten. Spezielle F&auml;higkeiten oder Vorkenntnisse sind nicht erforderlich. Kinder d&uuml;rfen bereits ab acht Jahren und einer Mindestgr&ouml;sse von 120 cm in unserem Seilpark klettern. Damit bei uns auch die kleinsten Besucher* eine Menge Spass haben, gibt es im Atzm&auml;nnig drei separate Kinderparcours mit einem speziellen Sicherungssystem. Wir w&uuml;nschen viel Vergn&uuml;gen beim Abh&auml;ngen.<br>*ab 4 Jahren<br><br>Reservationen f&uuml;r Gruppen ab 10 Personen nehmen wir gerne bis sp&auml;testens am Vortag um 16 Uhr entgegen. F&uuml;r Gruppen ab 10 Personen ist eine Anmeldung zwingend erforderlich und die Verf&uuml;gbarkeit kann nicht immer gew&auml;hrleistet werden. Gruppenreservationen am Wochenende, an Feiertagen und w&auml;hrend den Schulferienzeiten sind nur mit Startzeit 9.00 Uhr und 9.30 Uhr m&ouml;glich. <br><br><span style=\"font-weight: bold;\">Facts:</span><span style=\"font-weight: bold;\"><br></span>Parcours 8 &amp; 3 f&uuml;r Kinder <br>H&ouml;he 2-16 Meter <br>Kletterelemente 103 St&uuml;ck</p><p>Wer noch nicht genug hat, findet bei der Talstation Atzm&auml;nnig weitere Attraktivit&auml;ten.</p><p class=\"MsoNormal\">Anreise mit den &ouml;ffentlichen Verkehrsmitteln:<br>Bus 630 von Eschenbach (Dorftreff) nach Hintergoldingen (Atzm&auml;nnig Schutt)</p>", "url": "https://www.atzmaennig.ch/de/sommer/sommerangebote/seilpark/", "image": "https://sgbtpimtsoch.sos-ch-dk-2.exoscale-cdn.com/catalog/0/5/f/e/05fee2b25452b898235f4a3cc5399e734cd10945_Seilpark_1.jpg", "openstreetmap_id": "node/726611392"}, "geometry": {"type": "Point", "coordinates": ["8.994015455245973", "47.28354497459353"]}}, {"type": "Feature", "properties": {"identifier": "e59acecd-c650-43bc-a58f-cfa3f34bff2e", "name": "Gold-Trophy", "description": "<p>Spiel, Spass und Challenge in einem verbunden. Ihnen steht eine Vielzahl an Spielen oder Disziplinen zur Auswahl. Der Teamgeist wird auf jeden Fall zusammengeschweisst. Ideal, um mit einer Gruppe, viel Spass zu erleben, da Jede und Jeder seine St\u00e4rken irgendwo finden wird. Welches Team kombiniert Geschicklichkeit und K\u00f6pfchen am Besten? <br><br><span style=\"font-weight: bold;\">Kosten: </span><br>CHF 40.00 / Person, min.: CHF 600.00 inkl. Rangverk\u00fcndigung/Preise Dauer: ca. 2 h<br>Gruppengr\u00f6sse: min. keine Beschr\u00e4nkung (Mindestpreis), max. 25 Personen</p>", "url": "https://www.baeumig-kreativ.ch/", "image": "https://sgbtpimtsoch.sos-ch-dk-2.exoscale-cdn.com/catalog/f/2/e/8/f2e87ea47fdfaf270ffdf5a243484925c1d968f4_Goldtrophy.jpg", "openstreetmap_id": "way/273800582"}, "geometry": {"type": "Point", "coordinates": ["8.94809321105501", "47.25248635"]}}, {"type": "Feature", "properties": {"identifier": "e6062746-f18a-44a4-85ab-77c8932a1931", "name": "REGIO Appenzell AR \u2013 St.Gallen \u2013 Bodensee", "description": "<p data-start=\"264\" data-end=\"911\">Die REGIO Appenzell AR &ndash; St.Gallen &ndash; Bodensee war von Anfang an eine wichtige Partnerin des Vereins Textilland Ostschweiz. Durch gezielte finanzielle Unterst&uuml;tzung sowie durch die Mitwirkung bei der Vorbereitung von NRP-F&ouml;rdermitteln durch die Ostschweizer Kantone wurde die Initiative in ihrer Entwicklung wesentlich mitgetragen. Seit 2019 &uuml;bernimmt die REGIO im Rahmen einer Vereinbarung mit dem Verein Textilland Ostschweiz dessen Administration. Damit st&auml;rkt sie langfristig die regionale Zusammenarbeit, die kulturelle Vermittlung und die wirtschaftliche Sichtbarkeit des TEXTILen Erbes in der Ostschweiz.</p>", "url": "https://www.regio-stgallen.ch/", "image": "https://sgbtpimtsoch.sos-ch-dk-2.exoscale-cdn.com/catalog/3/b/9/7/3b974ca8fb7b61a6d36cb1c359978f1c1a20fa2e_Computerformat_4_3_Luftaufnahme_St.Gallen_1.jpg", "openstreetmap_id": "node/7193107736"}, "geometry": {"type": "Point", "coordinates": ["9.37363583", "47.4262021"]}}, {"type": "Feature", "properties": {"identifier": "e71575c5-da16-4343-a8f9-336fc2a29754", "name": "Atzm\u00e4nnig Gold-Trophy Tour", "description": "<p>Es steht eine Vielzahl an Spielen oder Disziplinen zur Auswahl. Die Trophy kann ganz individuell nach jedem Bed&uuml;rfnis zusammengestellt werden. Sei es eher \"lustig\", \"competitiv\" oder \"gemischt\". Der Teamgeist wird auf jeden Fall zusammengeschweisst. Ideal, um mit einer Gruppe, viel Spass zu erleben, da Jede und Jeder seine St&auml;rken irgendwo finden wird. Bei Schnee auch als Winter-Trophy buchbar.</p><p>Welches Team kombiniert Geschicklichkeit, Dynamik, Ideenreichtum und K&ouml;pfchen am besten?</p><p><span style=\"font-weight: bold;\">Richtpreise und inbegriffene Leistungen</span></p><ul><li>Organisation, Aufbau, Durchf&uuml;hrung, Begleitung und Abbau</li><li>Rangverk&uuml;ndigung mit lokalen Preisen</li><li>bis 30 Personen mind. CHF 1'200.00</li><li>bis 40 Personen CHF 1'200.00 - 1'500.00</li><li>bis 50 Personen CHF 1'500.00 - 1'800.00</li><li>bis 60 Personen CHF 1'800.00 - 2'000.00</li><li>&uuml;ber 60 Personen auf Anfrage</li></ul><p><br>Das Programm kann individuell zusammengestellt werden. Hier eine kleine Auswahl an m&ouml;glichen Spielen:</p><ul><li>Gold im Wasser</li><li>Der heisse Draht</li><li>Hirschgeweih-Wurf</li><li>Bierdeckel</li><li>Chriesistein-Spucken</li><li>Kuhmelken</li><li>Nussknacker</li><li>Steinschleuder</li><li>Kartonhaus</li><li>Und viele weitere.....</li></ul><p><br><span style=\"font-weight: bold;\">Tipps und Hinweise<br></span>Die Gold-Trophy kann mit einem Ap&eacute;ro, Grillplausch oder sonstigem Gaumengenuss in der Brustenegg-H&uuml;tte oder dem Restaurant Atzm&auml;nnig Lodge kombiniert werden.</p><p>Anreise mit den &ouml;ffentlichen Verkehrsmitteln:<br>Bus 630 von Eschenbach (Dorftreff) nach Hintergoldingen (Atzm&auml;nnig Schutt)</p><p><span style=\"font-weight: bold;\">Durchf&uuml;hrung:</span></p><ul><li>T&auml;glich (auf Anfrage)</li><li>Dauer: Standart ca. 2 Stunden (kann individuell angepasst werden)</li><li>Wird bei jedem Wetter durchgef&uuml;hrt. (Bei Schlechtwetter kurzfristig anpassbar)</li></ul>", "url": "https://www.atzmaennig.ch/de/gruppenevents/gesamtangebot-fuer-gruppen/gold-trophy/", "image": "https://sgbtpimtsoch.sos-ch-dk-2.exoscale-cdn.com/catalog/d/0/4/3/d0435db94fe4ddd7c5aec176522db102110b9c99_Titelbild_Goldtrophy_640.jpg", "openstreetmap_id": "way/911466485"}, "geometry": {"type": "Point", "coordinates": ["8.99561405181885", "47.28461544522217"]}}, {"type": "Feature", "properties": {"identifier": "e7cd32b1-dd33-43c6-b583-5c0aafcc4c63", "name": "Bull-Riding-Contest", "description": "<p>Die Bull-Riding-Anlage bietet viel Spass f\u00fcr Gruppen, Firmen oder Vereine. Sei es auf dem Bullen oder auch nur als Zuschauer und \"Anfeuerer\". Nutzen Sie den Bullen exklusiv f\u00fcr Ihre Gruppe und messen Sie sich untereinander. F\u00fcr den Muskelkater am n\u00e4chsten Tag wird jede Haftung abgelehnt. </p><p><span style=\"font-weight: bold;\">Preise / Inbegriffene Leistungen:</span></p><ul><li>Freie Benutzung der Bull-Riding-Anlage am Abend nach Betriebsschluss (ab 17.30 Uhr)</li><li>1/2 Stunde Pauschal CHF 80.00</li><li>1 Stunde Pauschal CHF 110.00 </li><li>F\u00fcr jede weitere Stunde CHF 80.00<br><br></li></ul><p><span style=\"font-weight: bold;\">Tipps und Hinweise:</span></p><ul><li>Der Bulle hat drei Schwierigkeitsstufen</li><li>Dauer pro Person - von einigen wenigen Sekunden bis mehrere Minuten</li><li>Kombinieren Sie Ihren Bull-Riding-Contest mit einem Grill- oder Spaghetti-Plausch im <a href=\"https://goldingertal.ch/de/map/details/atzmaennig-lodge-7451b93b-509b-40aa-af5e-4160286ce20b.html\" target=\"_blank\">Restaurant Atzm\u00e4nnig Lodge</a></li><li>Beachten Sie das spezielle Info-Blatt</li><li>Ein Bull-Riding-Contest ist nur am Abend m\u00f6glich. Am Tag ist die Anlage f\u00fcr s\u00e4mtliche G\u00e4ste f\u00fcr CHF 3.00 pro Person benutzbar<br><br></li></ul><p><span style=\"font-weight: bold;\">Durchf\u00fchrung:</span></p><ul><li>T\u00e4glich</li><li>Die Anlage ist gedeckt, bei starkem Regen k\u00f6nnen aber der Bulle und die Sicherheitskissen nass sein. Ebenfalls ist der Raum ausserhalb des Bullen (Zuschauer) nicht gedeckt</li><li>Anmeldung erforderlich (Absage, resp. Verschiebung wegen schlechtem Wetter bis am Vortrag m\u00f6glich)</li><li>Gruppengr\u00f6sse - Keine Beschr\u00e4nkung</li></ul>", "url": "https://www.atzmaennig.ch/de/suchergebnis/?search=bull+riding", "image": "https://sgbtpimtsoch.sos-ch-dk-2.exoscale-cdn.com/catalog/1/9/7/f/197f426d9a8316a902b2499555d9ab59ef19e0a4_Bull_Riding_Contest_Bild.jpeg", "openstreetmap_id": "way/231502473"}, "geometry": {"type": "Point", "coordinates": ["8.99707853794098", "47.28545559102192"]}}, {"type": "Feature", "properties": {"identifier": "e7d24c13-58ed-43c0-b925-c5b179d6abfe", "name": "Echo vom S\u00e4ntis", "description": "<p>Der weiche, sanfte Klang des Hackbretts. Die klassische, feine Note der Geige. Die l\u00e4ndlichen, urchigen T\u00f6ne der Handorgel. Der dunkle, breite Unterton des Kontrabasses. Zusammen ergibt das Appenzeller Musik, die aufstellt, Stimmung bringt und unter die Haut geht.&nbsp;<br></p>", "url": "https://www.echo-vom-saentis.ch/", "image": "https://sgbtpimtsoch.sos-ch-dk-2.exoscale-cdn.com/catalog/9/8/8/5/9885b5fa0d9086d3a49015b376a6008313e34bd6_echo_vom_saentis.jpg", "openstreetmap_id": "node/10910901861"}, "geometry": {"type": "Point", "coordinates": ["9.3233327", "47.3492524"]}}, {"type": "Feature", "properties": {"identifier": "e87af404-b6b5-4e54-9908-f251f789950c", "name": "Widmer's Hofladen", "description": "<p>Selbstgemachtes ab Hof, mit Geissenprodukte und frischen Backwaren. Der Hofladen der Familie Widmer befindet sich auf dem Ricken. Sie sind immer wieder an verschiedenen M&auml;rkten anzutreffen.&nbsp;</p><p><span style=\"font-weight: bold;\">Angebot:</span></p><ul><li>Eier, Eierlik&ouml;r</li><li>Verschiedene Konfit&uuml;ren</li><li>Honig</li><li>Alpk&auml;se</li><li>Goldiger Bergk&auml;se</li><li>Frischer Zopf jeden Freitag, Samstag und Sonntag</li><li>Brot hausgemacht auf Bestellung</li><li>Diverse Kuchen und Torten auf Bestellung</li><li>Geissensch&uuml;blig und Geissenmostbr&ouml;ckli</li><li>Kaninchenfleisch und Gitzifleisch auf Bestellung</li><li>Trutenfleisch</li><li>Pouletfleisch auf Bestellung</li><li>Kleine Mengen Fleisch auch im Tiefk&uuml;hler im Hofladen erh&auml;ltlich</li><li>Gestrickte Socken</li></ul>", "image": "https://sgbtpimtsoch.sos-ch-dk-2.exoscale-cdn.com/catalog/b/c/1/c/bc1cc446a27db86748f375a7663b140d596060c5_1718028043846.jpg", "openstreetmap_id": "way/256085032"}, "geometry": {"type": "Point", "coordinates": ["9.05737086543138", "47.265270400000006"]}}, {"type": "Feature", "properties": {"identifier": "e8a0d885-7e5e-4b66-be11-b0be223dd833", "name": "Wanderung zum Schindelberg", "description": "<p>Die Alp Schindelberg ist auf verschiedenen wundersch&ouml;nen Wegen zu erreichen. Oben angekommen kann im <a href=\"https://goldingertal.ch/de/map/details/restaurant-alp-schindelberg-5f39a40c-33aa-441c-aeb7-26b1d38bc309.html\" target=\"_blank\" rel=\"noopener\">Restaurant</a> ausgeruht werden.</p><p><span style=\"font-weight: bold;\">Wanderungen:</span></p><ul><li>Parkplatz Chamm-Schindelberg - ca. 1h<br><p class=\"MsoNormal\">Die genaue Route sowie die GPX Daten sind unter diesem&nbsp;<a href=\"https://schweizmobil.ch/de/tour/3523473\">Link</a> ersichtlich.</p></li><li>Rundwanderung ab Parkplatz Chamm - Oberchamm - Ch&uuml;mibaren - \"in der B&uuml;rch\" - Schindelberg - ca. 3h</li></ul><p>Anreise mit den &ouml;ffentlichen Verkehrsmitteln:<br>Bus 630 von Eschenbach (Dorftreff) nach Hintergoldingen (Sonne)</p><div class=\"content-text\"><p class=\"MsoNormal\">Die genaue Route sowie die GPX Daten sind unter diesem&nbsp;<a href=\"https://schweizmobil.ch/de/tour/3523482\">Link</a>&nbsp;ersichtlich.</p></div><div class=\"row\"><div class=\"col-md-12 widget\"><div class=\" block\"><div class=\"elementGallery\"><div id=\"app-gallery-241550\" class=\"masonry-thumbs col-4\" data-big=\"3\"><a href=\"https://goldingertal.ch/assets/images/y/0c27b360312df977-xxtsnhx7g3rpzxm.jpg\" data-index=\"0\" data-skip-search-index=\"\"><div class=\"masonry-item-responsive\"><picture><source srcset=\"assets/images/4/0c27b360312df977-s3f8z5ccf8mt21m.webp 1x, assets/images/q/0c27b360312df977-95yrk2324sedq40.webp 1.7x\" type=\"image/webp\" data-srcset=\"assets/images/4/0c27b360312df977-s3f8z5ccf8mt21m.webp 1x, assets/images/q/0c27b360312df977-95yrk2324sedq40.webp 1.7x\"></picture></div></a></div></div></div></div></div>", "image": "https://sgbtpimtsoch.sos-ch-dk-2.exoscale-cdn.com/catalog/6/2/2/d/622dc247f851f772a98ed7386ebd210b96184726_1000074141.jpg", "openstreetmap_id": "node/2096025932"}, "geometry": {"type": "Point", "coordinates": ["8.993983268737795", "47.31536272219694"]}}, {"type": "Feature", "properties": {"identifier": "e8d0ed1d-0d9c-47de-ae5f-284c08b2e299", "name": "Wandern im Atzm\u00e4nnig - Route 1", "description": "<p>Diese einfache Wanderung startet bei der Talstation Atzm&auml;nnig, von der aus mit der Sesselbahn (&Ouml;ffnungszeiten beachten) die H&ouml;henmeter &uuml;berwunden werden k&ouml;nnen. Oben angekommen, wandern Sie auf der Krete links am Wald vorbei zu den Liften Brustenegg. Von hier sieht man die&nbsp;<a href=\"https://goldingertal.ch/de/map/details/feuerstelle-schlotterschlucht-2f76b934-6330-4e42-bf56-d5a0511cfd34.html\" target=\"_blank\" rel=\"noopener\">Feuerstelle \"Schlotterschlucht\"</a> an der eine gem&uuml;tliche Rast eingeplant werden kann. Nach ca. 300m, nach rechts abschwenken und in Richtung Bauernhof Oberau weiterwandern, vorbei durch den Wald und weiter zur Talstation Schutt.&nbsp;</p><p>Wanderzeit: ca. 3/4 Std.&nbsp;</p><p>Anreise mit den &ouml;ffentlichen Verkehrsmitteln:<br>Bus 630 von Eschenbach (Dorftreff) nach Hintergoldingen (Atzm&auml;nnig Schutt)</p>", "url": "https://www.atzmaennig.ch/", "image": "https://sgbtpimtsoch.sos-ch-dk-2.exoscale-cdn.com/catalog/a/f/9/c/af9c70979ab87a19fe512dd59246acec6383790d_wandern3.jpg", "openstreetmap_id": "node/5283577927"}, "geometry": {"type": "Point", "coordinates": ["8.995313644409181", "47.28447009770173"]}}, {"type": "Feature", "properties": {"identifier": "e9f441df-70d7-4983-a92d-8678f7b7a70f", "name": "JUST Welt", "description": "<p>Seit 1930 bringt JUST das Naturwohlgef&uuml;hl mit ihren hochwertigen Kosmetikprodukten zu dir nach Hause. Besuche nun du uns mit deiner Gruppe in der JUST Welt in Walzenhausen, im Appenzeller Vorderland und hoch &uuml;ber dem Bodensee. Auf der Arnikatour erhaltet ihr exklusive Einblicke in unsere moderne Produktion und erfahrt von eurem pers&ouml;nlichen Guide Wissenswertes &uuml;ber die Entwicklung und Herstellung der JUST Produkte.</p><p>Im Anschluss sch&uuml;pft ihr selbst in den Laborkittel und taucht in unserer Aroma Manufaktur in die Welt der &auml;therischen &Ouml;le ein. Lernt ihre Wirksamkeit auf K&ouml;rper und Geist kennen und stellt euer eigenes Duschgel mit eurem Lieblings&ouml;l her.&nbsp;</p><p>Die Tour findet ihren Abschluss im Chr&uuml;terforum bei einer Tasse Tee und euren JUST-Lieblingsprodukten zum Ausprobieren und mit nach Hause nehmen.&nbsp;</p>", "url": "https://www.just.swiss/just-welt/", "image": "https://sgbtpimtsoch.sos-ch-dk-2.exoscale-cdn.com/catalog/9/f/0/0/9f00f005b1972244c64eec0a4b62eb396dfa9804_Just_Dez22_066_2.jpg", "openstreetmap_id": "way/172158560"}, "geometry": {"type": "Point", "coordinates": ["9.602152705192566", "47.45189277008315"]}}, {"type": "Feature", "properties": {"identifier": "ea4ac822-9a3e-454f-8339-2fc122a08201", "name": "Dorf-Wanderung Chappelle", "description": "<p>Diese Wanderung f&uuml;hrt rund um St. Gallenkappel und ist auch mit Kinderwagen machbar. &Uuml;ber Betzikon kann an der Feuerstelle eine Pause eingelegt werden oder es geht direkt &uuml;ber Vogelherd zur&uuml;ck ins Dorf.<br><br>Dauer ca. 1h / Distanz ca. 4.7km<br>&nbsp; &nbsp;<br>Anreise mit den &ouml;ffentlichen Verkehrsmitteln:&nbsp;<br>Bus 622 von Eschenbach (Dorftreff) nach St. Gallenkappel (Unterdorf)</p><p>Die genaue Route sowie die GPX Daten sind unter diesem&nbsp;<a href=\"https://schweizmobil.ch/de/tour/2505611?layers=wanderland%2CtrackLayer&amp;E=2716194&amp;N=1234229&amp;resolution=1.71&amp;bgLayer=pk&amp;detours=yes&amp;shooting=yes&amp;logos=yes&amp;photos=yes&amp;season=summer\">Link</a>&nbsp;ersichtlich.</p>", "image": "https://sgbtpimtsoch.sos-ch-dk-2.exoscale-cdn.com/catalog/3/0/0/2/3002dc597b29a3d27d2536f7bbf58ec6fe6179a5_SGK_hinter_Schulhaus_Blick_K__belsberg.JPG", "openstreetmap_id": "node/32539848"}, "geometry": {"type": "Point", "coordinates": ["8.966528177261354", "47.244847727690164"]}}, {"type": "Feature", "properties": {"identifier": "eafcfa25-461b-47a7-8f21-71f32eba5a84", "name": "Gasthaus zur Sonne", "description": "<p><strong>Das \"Gasthaus zur Sonne\" - Hotel, Restaurant &amp; Boutique</strong></p><p>Das heimelig gepflegte <strong>Stadthotel</strong> f&uuml;r Gesch&auml;ftsleute, Touristen, Event oder Messe Besucher. Idealer Ausgangspunkt f&uuml;r Ausfl&uuml;ge ins Appenzeller Land oder nach St. Gallen oder Z&uuml;rich.&nbsp;</p><p>Das <strong>Restaurant</strong> mit seinen verschiednen Stuben: herzlich, pers&ouml;nlich und unkompliziert. Einfach f&uuml;r die G&auml;ste da sein&hellip; die K&uuml;che steht f&uuml;r fein-b&uuml;rgerlicher Tradition und moderner Eleganz.&nbsp;</p><p>Wiederentdeckte R&auml;ume im Gasthaus, renoviert aber im alten Stil belassen, bietet die&nbsp;<strong>Boutique</strong> ein spezielles Flair wie &laquo;anno dazumal&raquo;. Aber eigentlich ist die Boutique in der ganzen &laquo;Sonne&raquo; anzutreffen. Geschenkartikel, M&ouml;bel, Wohn-Accessoires, oder modisches f&uuml;r Sie und Ihn. Durchs Haus flanieren und Sch&auml;tze entdecken... verlieben wahrscheinlich!</p><p>Die Gastgeber Brigitte &amp; Daniel Schneider freuen sich auf Besuch.&nbsp;</p><p>&nbsp;</p><p>&nbsp;</p><p>&nbsp;</p>", "url": "https://sonnegossau.ch", "image": "https://sgbtpimtsoch.sos-ch-dk-2.exoscale-cdn.com/catalog/2/c/c/4/2cc4824869ec47f92cf0679b774ce7aae60e610c_Hotel_Sonne_Gebaeude_medium_04.jpg", "openstreetmap_id": "way/268965148"}, "geometry": {"type": "Point", "coordinates": ["9.248079", "47.4152989"]}}, {"type": "Feature", "properties": {"identifier": "eb99c5cc-4e72-418b-b1b2-e9800d11cf80", "name": "Couture Matuh", "description": "<p>In der Schneiderwerkstatt entstehen Kleider, Blusen, Jupes, Hosen, Hemden, Shirts, Jacken und M&auml;ntel &ndash; individuell gefertigt aus nat&uuml;rlichen Materialien und mit viel handwerklichem Feingef&uuml;hl. Alte Lieblingsst&uuml;cke werden durch &Auml;nderungen oder Umgestaltung zu neuen, tragbaren Unikaten.</p>\n<p>Erg&auml;nzt wird das Angebot durch ein N&auml;hcaf&eacute;, Workshops und Handarbeitsabende. Es ist ein Ort des interkulturellen Austauschs und des gemeinsamen Schaffens.</p>", "url": "https://www.couturematuh.ch/", "image": "https://sgbtpimtsoch.sos-ch-dk-2.exoscale-cdn.com/catalog/9/f/8/e/9f8e5f63d9fe6ae97243bbecbd1fc0b18d0e06d4_20250807_couture_matuh.jpg", "openstreetmap_id": "node/5936807200"}, "geometry": {"type": "Point", "coordinates": ["9.36068", "47.41726"]}}, {"type": "Feature", "properties": {"identifier": "ebf46d62-4748-4496-b052-e80a7185a25b", "name": "Museum Neuthal Textil- & Industriekultur", "description": "<p>Von der Wasserkraft, die einst Mensch und Maschinen antrieb, bis zu funktionierenden historischen Textilmaschinen &ndash; hier zeigt sich der ganze Produktionsprozess vom Spinnen &uuml;ber das Weben bis zum veredelten Stoff.</p><p><strong>Dem Wasser auf der Spur: Outdoor 365 Tage</strong></p><p>Ein <a href=\"https://www.neuthal-industriekultur.ch/outdoor365\" target=\"_blank\" rel=\"noopener\">Audiowalk als H&ouml;r-Reise</a> entf&uuml;hrt in die Zeit, als das Wasser Menschen und Maschinen antrieb. Kinder entdecken auf einer Schatzsuche den Gl&ouml;gglifrosch und die Wasserspitzmaus. Das Gel&auml;ndemodell erschliesst die wahre Gr&ouml;sse des historischen Fabrikareals und l&auml;sst virtuell in vergangene Zeiten und durch Mauern blicken.&nbsp;</p><p><strong>Sonderausstellung: &laquo;Mode macht Geld&raquo;</strong></p><p>Die Ausstellung zeigt den Weg der Kleidung &ndash; von der Herstellung bis zur Entsorgung &ndash; und regt zum Nachdenken &uuml;ber unseren Modekonsum an. Erg&auml;nzend zur <a href=\"https://www.neuthal-industriekultur.ch/sonderausstellung\" target=\"_blank\" rel=\"noopener\">Sonderausstellung</a> gibt es mehrere Events zum Thema &laquo;Kreislauf statt Kleiderflut: Wie Mode nachhaltig wird&raquo;.</p><p><strong>Mit historischen Z&uuml;gen ins Neuthal </strong></p><p>Eine Zeitreise in die Industriegeschichte des Z&uuml;rcher Oberlands. Jeden Sonntag verkehren nostalgische Z&uuml;ge: Dampfz&uuml;ge oder der Baumwoll-Express. Mit dem&nbsp;<a href=\"https://www.neuthal-industriekultur.ch/baumwollexpress\" target=\"_blank\" rel=\"noopener\">Industriekultur-Erlebnisticket</a> gibt es die Fahrt mit dem Baumwoll-Express und Eintritt ins Museum Neuthal f&uuml;r nur 49.&ndash; f&uuml;r die ganze Familie.</p><p><strong>Gruppenerlebnis, das Geschichte und Technik miteinander verbindet </strong></p><p>Im Museum Neuthal erlebst du Industriekultur hautnah. Die <a href=\"https://www.neuthal-industriekultur.ch/gruppen\" target=\"_blank\" rel=\"noopener\">F&uuml;hrungen</a> bieten spannende Einblicke in die Zeit der Industrialisierung des Z&uuml;rcher Oberlands und die Welt der Textilindustrie &ndash; ideal geeignet f&uuml;r Vereine, Firmen oder private Gruppen.</p>", "url": "http://www.neuthal-industriekultur.ch", "image": "https://sgbtpimtsoch.sos-ch-dk-2.exoscale-cdn.com/catalog/b/a/c/c/baccd346a7999263b13f33febc86da8eaa85b57e_20250408_museum_neuthal_aussenansicht.jpg", "openstreetmap_id": "199986140.0"}, "geometry": {"type": "Point", "coordinates": ["8.8653917", "47.3593969"]}}, {"type": "Feature", "properties": {"identifier": "ec123064-5cd6-4642-a683-f592150cbdf2", "name": "TukTuk-Fahrten", "description": "Zum Angebot geh\u00f6ren die Small Tour (1 Stunde), Medium Tour (2 Stunden) oder die Large Tour (halbtags). Auch eine individuelle Tour oder eine Tour f\u00fcr einen speziellen Anlass k\u00f6nnen gebucht werden.", "url": "https://www.calessino.ch", "image": "https://sgbtpimtsoch.sos-ch-dk-2.exoscale-cdn.com/catalog/e/8/4/2/e8429ca74ebe644170c07cfa1445b137144d458f_IMG_4568.JPG", "openstreetmap_id": "way/1112456066"}, "geometry": {"type": "Point", "coordinates": ["9.2952233", "47.3913797"]}}, {"type": "Feature", "properties": {"identifier": "ec258788-0bed-4c90-a13a-bb995118a841", "name": "Goldloch Goldingertal", "description": "<p>Das Goldloch Goldingertal wird auch Isaraloch genannt. Mit 60 m Tiefe ist das Isaraloch eine der gr&ouml;sseren H&ouml;hlen in der Gegend. Um 1770 sollen hier t&auml;glich vier bis sechs Bergarbeiter nach Gold gesucht haben. Das Isaraloch hat zwei Stollen - einer gleich nach dem Eingang links mit kleinem See - welche mit einem engen Durchgang verbunden sind. Der Boden ist sehr lehmig und ist nur mit guten Wanderschuhen zu begehen. Gutes Schuhwerk ist auch f&uuml;r den Aufstieg zwingend, da es teilweise recht schmal und steil ist.</p><p><strong>Weg zum Goldloch:</strong></p><p>Ab Parkplatz Chamm ist es in ca. 20 bis 30 Minuten erreichbar. Man folgt zuerst dem Weg in Richtung Schindelberg. Ca. 200m nach dem Eisengatter rechts abbiegen und dem Bachverlauf folgen. Beim H&auml;uschen wieder rechts und anschliessend den Bach &uuml;berqueren. Nun f&uuml;hrt der Wanderweg zum Eingang der H&ouml;hle. Der Weg ist mit braunen Wegweisern \"Goldloch\" markiert.</p><p><strong>Auf eigene Faust oder mit einer gef&uuml;hrten Tour</strong></p><p>F&uuml;r individuelle Besucher bieten wir von Zeit zu Zeit &ouml;ffentliche F&uuml;hrungen an. Buchungen f&uuml;r Gruppen k&ouml;nnen jederzeit &uuml;ber die&nbsp;<a href=\"mailto:info@goldingertal.ch\" target=\"_blank\" rel=\"noopener noreferrer\">Gesch&auml;ftsstelle</a> Goldingertal Eschenbach vereinbart werden.</p><p>F&uuml;r Menschen mit Platzangst ist das Goldloch nicht geeignet.</p><p><strong>Daten f&uuml;r &ouml;ffentliche F&uuml;hrungen 2026:<br></strong>Freitag, 24. April - 18.00 Uhr<br>Freitag, 4. September - 18.00 Uhr</p><p>Tickets unter folgendem <a href=\"https://eventfrog.ch/de/p/gruppen/erlebnis-goldloch-fuehrung-mit-regionalen-probiererli-7188112161264071906.html\">Link</a><br><br>Anreise mit den &ouml;ffentlichen Verkehrsmitteln:<br>Bus 630 von Eschenbach (Dorftreff) nach Hintergoldingen (Sonne)</p><p>&nbsp;</p>", "url": "https://www.goldingertal.ch", "image": "https://sgbtpimtsoch.sos-ch-dk-2.exoscale-cdn.com/catalog/7/2/1/c/721cbd1bc9bd8694fe2748b1d51d735b37ab34a7_20240625_goldloch_besichtigung__19_.jpg", "openstreetmap_id": "node/66579959"}, "geometry": {"type": "Point", "coordinates": ["9.001193046569826", "47.29984056681394"]}}, {"type": "Feature", "properties": {"identifier": "ec49f181-ad16-4b1a-aa57-e44f461847e4", "name": "Rhein-Route Highlights (5 Tage / 4 N\u00e4chte) | Saison 2 Kategorie B", "description": "<p class=\"MsoNormal\">Die Rhein-Route umspannt den Osten der Schweiz in einem weiten Bogen. Auf dieser Reise entdecken Sie die Highlights dieser Route und radeln vom weiten Bodensee, wo Obstg&auml;rten, Schl&ouml;sser und fr&ouml;hliches Touristengeschnatter die Gestade des gr&uuml;n und silbern schimmernden &laquo;schw&auml;bischen Meeres&raquo; zieren bis nach Basel.</p><p class=\"MsoNormal\">Saison 2: vom 25. April bis 25. September 2026</p><p class=\"MsoNormal\">Kategorie B: ab CHF 999.00</p><p class=\"MsoNormal\">Der genaue Reiseverlauf ist <a href=\"https://shop.st.gallen-bodensee.ch/de/products/rheinroute-highlights-5-tage-4-naechte-saison-2\" target=\"_blank\" rel=\"noopener\">hier</a> ersichtlich.</p>", "url": "https://www.eurotrek.ch", "image": "https://sgbtpimtsoch.sos-ch-dk-2.exoscale-cdn.com/catalog/6/9/4/a/694a30e3b57de5f4c94aa1ed76b37ce1e11334ee_Rheinroute_Dig_Marktplatz.jpg", "openstreetmap_id": "node/1349145879"}, "geometry": {"type": "Point", "coordinates": ["9.505248", "47.4780562"]}}, {"type": "Feature", "properties": {"identifier": "ecb49cfc-f62b-47da-9a5d-cc1111ec8403", "name": "Jodelch\u00f6rli St.Gallen Ost", "description": "<p>Das Jodelch\u00f6rli der Stadt St.Gallen verbindet Generationen und teilt die Freude am Jodelgesang. Ihr Motto: Gesang, Leidenschaft, Kameradschaft.&nbsp;<br></p>", "url": "https://www.jodelchoerli.ch/", "image": "https://sgbtpimtsoch.sos-ch-dk-2.exoscale-cdn.com/catalog/b/5/5/0/b5500b5bc00ad74a831c664967ec8aa6ce5ec0dd_jodelch__rli_stgallen_ost.jpg", "openstreetmap_id": "node/3882654960"}, "geometry": {"type": "Point", "coordinates": ["9.2509317", "47.3941543"]}}, {"type": "Feature", "properties": {"identifier": "ecb64c5d-3592-497a-8e71-b341b3387a25", "name": "Wiborada Audio Walk", "description": "<p class=\"MsoNormal\">Wer war diese Frau?</p><p class=\"MsoNormal\">Im Mittelalter, als die Kirche das Bistum und das Volk lenkte, wurde Wiborada zur wichtigsten Frau St.Gallens. Sie rettete die Manuskripte der Stiftsbibliothek in St.Gallen von den einfallenden Horden. Aus ihrer Klause heraus gewann sie grossen geistlichen und politischen Einfluss.</p><p class=\"MsoNormal\">Erlebe ihre faszinierende Geschichte neu mit deinen Ohren!</p><p class=\"MsoNormal\">Dauer: max. 120 Minuten</p><p class=\"MsoNormal\">Sprache: Deutsch</p><p class=\"MsoNormal\">Startort: Roter Platz St. Gallen (Raiffeisenplatz) beim Brunnen</p><p class=\"MsoNormal\">Points of Interest:<br>&nbsp;&bull; Roter Platz von Pipilotti Rist<br>&nbsp;&bull; Treppenstadt (13&lsquo;000 Stufen!)<br>&nbsp;&bull; Panoramablick &uuml;ber die Stadt<br>&nbsp;&bull; St.Georgen Kirche, Wiborada Kapelle<br>&nbsp;&bull; wilde M&uuml;hlenenschlucht<br>&nbsp;&bull; Klosterplatz St. Gallen<br>&nbsp;&bull; St. Mangen Kirche (Klause)</p>", "url": "https://wiborada-audio-walk.ch/", "image": "https://sgbtpimtsoch.sos-ch-dk-2.exoscale-cdn.com/catalog/f/9/3/9/f939d1ce9db2addafa04813e98c75e786234cc18_medium__St._Mangen__1_.jpg", "openstreetmap_id": "way/25138184"}, "geometry": {"type": "Point", "coordinates": ["9.373177886009218", "47.421971830032824"]}}, {"type": "Feature", "properties": {"identifier": "ecb678f5-0917-404d-a484-435c66c0bc49", "name": "Quizdinner - by TOPAZ", "description": "Was in vielen L\u00e4ndern bereits tief in der Kultur verankert ist, gewinnt auch in der Schweiz immer mehr an Bedeutung. \n\nErleben Sie einen Abend voller Wissen, AHA-Momente, Witz und Abwechslung. Was in vielen L\u00e4ndern bereits tief in der Kultur verankert ist, gewinnt auch in der Schweiz immer mehr an Bedeutung. Bei diesem ereignisreichen Abend ist Allgemein-/Nischenwissen und Kreativit\u00e4t gefragt.\n\nWir haben bekannte Quizformate so angepasst, dass sie \u00fcberall gespielt werden k\u00f6nnen: \u00abGefragt Gejagt\u00bb, \u00abDeal or No Deal\u00bb, \u00abQuiz der Popul\u00e4rkultur\u00bb und f\u00fcr die Uners\u00e4ttlichen \u00abWer wird Million\u00e4r?\u00bb. Finden Sie heraus, wer der wahre Quizmaster ist.", "url": "https://zeitreisen.ch", "image": "https://sgbtpimtsoch.sos-ch-dk-2.exoscale-cdn.com/catalog/2/2/d/f/22dfb4a4cdbe7196ab7f315fdb32d5643e90a1da_IMG_4849.JPG", "openstreetmap_id": "node/12304079695"}, "geometry": {"type": "Point", "coordinates": ["9.3734114", "47.3896451"]}}, {"type": "Feature", "properties": {"identifier": "ed5c8b14-6fac-42e0-8c45-efecdb4379f9", "name": "Bauernhofbesichtigung - \"vo Buur zu Buur\" mit zwei R\u00e4der", "description": "<p>Die Tour kann mit dem eigenen Velo oder E-Bike oder mit einem gemieteten T&ouml;ffli vom Atzm&auml;nnig angetreten werden. Gestartet werden kann im Atzm&auml;nnig Schutt oder auch an anderen Wegpunkten. &Uuml;ber R&uuml;eterswil, Goldingen, Laupen, Egligen zur&uuml;ck &uuml;bers Hintergoldingen zum Atzm&auml;nnig. Wer will, kann bei Egligen &uuml;bers Bannholz einen Abstecher zum Chrinnenhof machen.</p><p>Verschiedene H&ouml;fe auf der Strecke k&ouml;nnen besichtigt werden. Verpflegen l&auml;sst es sich in einem der Restaurants oder man kauft etwas in einem der Hofl&auml;den.</p><p>Die gesamte Strecke misst in etwa 25km und dauert ca. 2.20h. Weitere Angaben zur Tour sind auf&nbsp;<a href=\"https://www.outdooractive.com/de/route/radtour/zuercher-oberland/vo-buur-zu-buur-goldingertal/48157561/#caml=a14,1hcw8z,7tghcl,0,0\" target=\"_blank\" rel=\"noopener\">outdooractive</a>&nbsp;erfasst.</p><p class=\"MsoNormal\">Anreise mit den &ouml;ffentlichen Verkehrsmitteln:<br>Bus 630 von Eschenbach (Dorftreff) nach Hintergoldingen (Atzm&auml;nnig Schutt)</p><p class=\"MsoNormal\">Die genaue Route sowie die GPX Daten sind unter diesem&nbsp;<a href=\"https://schweizmobil.ch/de/tour/4540485\">Link</a> ersichtlich.</p>", "url": "https://www.atzmaennig.ch/de/gruppenevents/gesamtangebot-fuer-gruppen/toeffli-touren/?search_highlighter=chalts", "image": "https://sgbtpimtsoch.sos-ch-dk-2.exoscale-cdn.com/catalog/9/8/c/4/98c4d634f08e7e8421bf7c67cf5964c1f0ad3a24_Viehschau.png", "openstreetmap_id": "way/911466485"}, "geometry": {"type": "Point", "coordinates": ["9.001220475566042", "47.2811214"]}}, {"type": "Feature", "properties": {"identifier": "edb93b70-da41-4e47-a374-c86a9a2f3968", "name": "Schneeschuhwanderung zur Alpwirtschaft H\u00fcttenberg", "description": "<p>Diese sch&ouml;ne Schneeschuhtour liegt im Wandergebiet Atzm&auml;nnig, direkt am Toggenburger H&ouml;henweg auf 1058 m.&uuml;.M.&nbsp;</p><p>Im Oberricken steht ein grosser Parkplatz zur Verf&uuml;gung. Ab hier kann mit den Schneeschuhen gestartet werden. Die Wanderung dauert ca. 20-30 Minuten. Von der Alpwirtschaft H&uuml;ttenberg pr&auml;sentiert sich ein einmaliges Panorama vom Appenzellerland &uuml;bers Toggenburg, Glarnerland bis weit in die Zentralschweiz und Linthgebiet.&nbsp;</p><p class=\"MsoNormal\">Anreise mit den &ouml;ffentlichen Verkehrsmitteln:<br>Bus 622 von Eschenbach (Dorftreff) nach St. Gallenkappel (Post)<br>Bus 624 St. Gallenkappel (Schule) nach Walde (Oberricken)</p>", "image": "https://sgbtpimtsoch.sos-ch-dk-2.exoscale-cdn.com/catalog/2/5/1/f/251fe42e1c8ff2513e4eab038963206d546b37be_Schneeschuhwandern.png", "openstreetmap_id": "way/370157720"}, "geometry": {"type": "Point", "coordinates": ["9.02804732322693", "47.27341839399181"]}}, {"type": "Feature", "properties": {"identifier": "f10e731e-36e7-444c-98c5-bb5774702894", "name": "Sunne Metzg", "description": "<p>Die Sunne Metzg befindet sich gleich unterhalb vom Restaurant Sonne in Hintergoldingen. Nebst dem Verarbeiten von Fleisch f\u00fcr Bauer und J\u00e4ger, bietet die Metzg verschiedene Wurst- und Fleischwaren. Auch wer ein Geschenk sucht, ist in der Sunne Metzg genau richtig.<br><br><span style=\"font-weight: bold;\">Angebot:</span></p><ul><li>Verarbeitung f\u00fcr Bauernbetriebe\n</li><li>Verarbeitung f\u00fcr J\u00e4ger\n</li><li>Div. Fleischwaren / Wurstwaren\n</li><li>Rauchspezialit\u00e4ten\n</li><li>Fleischautomat\n</li><li>Geschenkdosen und Geschenkk\u00f6rbe<br></li></ul>", "image": "https://sgbtpimtsoch.sos-ch-dk-2.exoscale-cdn.com/catalog/6/e/1/1/6e118147d152412f345c8bdb8105108891850407_Sunne_Metzg_1_350.jpg", "openstreetmap_id": "way/273781983"}, "geometry": {"type": "Point", "coordinates": ["8.984289765357973", "47.28784993651769"]}}, {"type": "Feature", "properties": {"identifier": "f26786c0-dc1b-450b-a5de-74a3bb6257a6", "name": "Egligen - K\u00f6belberg - Egligen", "description": "<p>Ab Egligen f&uuml;hrt die Wanderung durchs Dorf Goldingen, &uuml;ber die Hinterm&uuml;li, Freudental und Marchbu Richtung K&ouml;belberg. Von dort gehts weiter, mit einer sch&ouml;nen Aussicht &uuml;ber den Z&uuml;richsee und die Berge nach R&uuml;eterswil. &Uuml;bers Feldli und Vorderm&uuml;li gelant man wieder ins Dorf Goldingen und nach Egligen zur&uuml;ck.&nbsp;</p><p>Dauer ca. 2.50h / Distanz ca. 8.3km</p><p>Anreise mit den &ouml;ffentlichen Verkehrsmitteln:&nbsp;<br>Bus 630 von Eschenbach (Dorftreff) nach Goldingen (Egligen)</p><p>Die genaue Route sowie die GPX Daten sind unter diesem <a href=\"https://schweizmobil.ch/de/tour/779096128\">Link</a>&nbsp;ersichtlich.</p>", "image": "https://sgbtpimtsoch.sos-ch-dk-2.exoscale-cdn.com/catalog/e/0/5/1/e051df06ab7e31360baa164c2fdc173e7987f981_R__eterswil_Blick_auf_Z__risee.JPG", "openstreetmap_id": "node/66576861"}, "geometry": {"type": "Point", "coordinates": ["8.960337638854982", "47.26405813219905"]}}, {"type": "Feature", "properties": {"identifier": "f2bb110c-65b1-4b8f-9a32-efb7aa0bee09", "name": "Rundwanderung zur Alpwirtschaft H\u00fcttenberg", "description": "<p>Die kurze, aber lohnende Wanderung startet und endet bei der Sesselbahn Bergstation Atzm&auml;nnig. Hier folgt man dem Wegweiser, der zum n&auml;chsten Wegweiser und zur Weggablung leitet. Ab hier folgt man dem breiten Wanderweg bergauf in Richtung Chr&uuml;zegg (nicht Richtung H&uuml;ttenberg). Mit jedem Schritt hinauf wird die Aussicht sch&ouml;ner. Beim Aussichtspunkt Schwammegg, mit Sitzb&auml;nken ausgestattet, l&auml;sst sich die Aussicht so richtig geniessen - hier hat man den h&ouml;chsten Punkt der Rundwanderung erreicht. Es folgt ein sch&ouml;ner H&ouml;henweg unterhalb der Krete gelegen, dann ein kurzes St&uuml;ck &uuml;ber den Grat bis zum n&auml;chsten Wegweiser. Hier biegt man scharf nach rechts ab in Richtung H&uuml;ttenberg.</p><p>Nach einer gem&uuml;tlichen Pause in der <a href=\"https://goldingertal.ch/de/map/details/alpwirtschaft-huettenberg-1872d1ad-bdf5-4fda-8d42-522dedca40cf.html\">Alpwirtschaft H&uuml;ttenberg</a> geht der Weg ein kleines St&uuml;ck auf demselben Weg zur&uuml;ck bergauf, bis zum Wegweiser H&uuml;ttenberg. Bei diesem biegt man nach links in Richtung Ober Atzm&auml;nnig ab. Auf einem schmalen Pfad wandert man durch den Wald. Auf einem kurzen Abschnitt f&uuml;hrt der Weg links an einem fast senkrechten Hang entlang. Aus dem Wald tretend, gehts &uuml;ber eine Wiese bergauf bis zur Wegkreuzung, wo man links einbiegt. Dann wird die Sesselbahn Bergstation Atzm&auml;nnig erreicht.</p><p>Wer noch nicht genug hat, kann bis ins Tal laufen.</p><p class=\"MsoNormal\">Anreise mit den &ouml;ffentlichen Verkehrsmitteln:<br>Bus 630 von Eschenbach (Dorftreff) nach Hintergoldingen (Atzm&auml;nnig Schutt)</p>", "url": "https://www.atzmaennig.ch/", "image": "https://sgbtpimtsoch.sos-ch-dk-2.exoscale-cdn.com/catalog/8/4/6/f/846ff18a0473fa7a812869b0ce177381c131c295_Sessellift_Atzm__nnig.JPG", "openstreetmap_id": "node/726611392"}, "geometry": {"type": "Point", "coordinates": ["9.010789990425112", "47.279352109359905"]}}, {"type": "Feature", "properties": {"identifier": "f33e276d-3f51-4b0d-baec-e0867d17d3f8", "name": "Jugendmusik Sinfonics St.Gallen", "description": "In w\u00f6chentlichen Gesamt- und Registerproben erarbeiten die jugendlichen Musikantinnen und Musikanten, Tambouren und T\u00e4nzerinnen unter fachkundiger Leitung ein breites Repertoire an Werken und Choreographien und erlernen dabei was es braucht, erfolgreich in einer Formation zu spielen bzw. tanzen.", "url": "https://www.sinfonics.ch", "image": "https://sgbtpimtsoch.sos-ch-dk-2.exoscale-cdn.com/catalog/d/d/a/a/ddaab0a0872e932f8acc34b029c9f804a501dd16_20240504_201451.jpg", "openstreetmap_id": "node/7179285714"}, "geometry": {"type": "Point", "coordinates": ["9.3809153", "47.4295974"]}}, {"type": "Feature", "properties": {"identifier": "f34aa751-59bf-4937-b1a3-236051f19505", "name": "Raiffeisenbank am Ricken", "description": "<p>Seit 1910 ist die Raiffeisenbank am Ricken fest in der Region verankert. Sie bietet ihrer Kundschaft umfassende und pers&ouml;nliche Beratungen in allen Finanzfragen.&nbsp;</p><p>Seit 2025 d&uuml;rfen wir die Raiffeisenbank als Patronatspartner des beliebten Adventsmarkt Goldingen z&auml;hlen. Ebenfalls erhalten Sie an den Standorten Eschenbach, St. Gallenkappel und Goldingen die Goldig&auml; Taler oder k&ouml;nnen diesen dort eintauschen.&nbsp;</p>", "url": "https://www.raiffeisen.ch/am-ricken/de.html", "image": "https://sgbtpimtsoch.sos-ch-dk-2.exoscale-cdn.com/catalog/c/7/a/d/c7ad4c6ea00112df4c13db6eb8a6e54ffb26a850_Bankgeb__ude_Eschenbach_2024.jpg", "openstreetmap_id": "way/270254303"}, "geometry": {"type": "Point", "coordinates": ["8.920898437500002", "47.24112573238061"]}}, {"type": "Feature", "properties": {"identifier": "f3d91002-df7f-468e-9bd0-478634384b34", "name": "Fatima Grotte", "description": "<p>Ausgangs Eschenbach, in Richtung Schmerikon, ist versteckt in Felsen die Fatima Grotte der Familie Morger angelegt.</p><p></p><p>Xaver Morger hat mit der Grotte einen sch\u00f6nen Ort der Ruhe und Gedanken geschaffen. Mit viel Liebe und Sorgfalt pflegt er diesen Ort seit vielen Jahren.</p><p></p><p>Viele Besucher sch\u00e4tzen die Fatima Grotte, um Kraft und Hoffnung zu sch\u00f6pfen.</p>", "image": "https://sgbtpimtsoch.sos-ch-dk-2.exoscale-cdn.com/catalog/e/a/4/d/ea4da9a1f1ab89081b4cf7a413c04218ec1e5f22_IMG_0084.jpeg", "openstreetmap_id": "Schmerikonerstrasse"}, "geometry": {"type": "Point", "coordinates": ["8.92418146133423", "47.23385213077207"]}}, {"type": "Feature", "properties": {"identifier": "f406c80e-9d90-4221-b7c6-2f7c003fd77e", "name": "PKZ St. Gallen WOMEN", "description": "Die Geschichte der PKZ-Gruppe ist vor allem eines: eine Familiengeschichte. Nachdem Paul Kehl 1881 seine erste Kleiderfabrik in Winterthur gegr\u00fcndet hatte, \u00fcbersiedelte er 1884 nach Z\u00fcrich und trug seine Firma dort 1891 unter dem Namen Paul Kehl Z\u00fcrich ein. Heute geh\u00f6ren die Marken PKZ MEN, PKZ WOMEN und Paul Kehl zum Unternehmen, das \u00fcber 40 Filialen verf\u00fcgt und rund 600 Personen besch\u00e4ftigt. Mit rund 170 Topmarken und \u00fcber 15\u2019000 Produkten ist PKZ ausserdem der f\u00fchrende Schweizer Fashionanbieter im Web und z\u00e4hlt mit seinem Onlineshop PKZ.CH hierzulande zu den Pionieren des E-Commerce. Weitere Informationen zum Unternehmen, das in f\u00fcnfter Generation in Familienbesitz ist, unter www.pkz.ch.", "url": "https://www.pkz.ch/de/", "image": "https://sgbtpimtsoch.sos-ch-dk-2.exoscale-cdn.com/catalog/0/1/e/1/01e1e8bd266947bdd901dfdb56ac50f9b2011642_Fassade.jpg", "openstreetmap_id": "3153824532"}, "geometry": {"type": "Point", "coordinates": ["9.3748983", "47.4240419"]}}, {"type": "Feature", "properties": {"identifier": "f4e7f084-b9fc-4c5b-8a4a-848ba2993329", "name": "S\u00e4ntis \u2013 der Berg", "description": "<p>Die Fahrt durch das Appenzellerland oder das Toggenburg weckt Vorfreude auf die Natur des S&auml;ntis. Die Schw&auml;galp, Startpunkt der S&auml;ntis-Schwebebahn, ist ganzj&auml;hrig &uuml;ber gut ger&auml;umte Strassen erreichbar. In 10 Minuten gleitet man zum Gipfel, mit Blick &uuml;ber sechs L&auml;nder, Bodensee und Alpen.</p><p>Bei schlechtem Wetter bietet die Erlebniswelt indoor Unterhaltung zu Wetter, Eis, Geologie und Schwebebahngeschichte. Kulinarisch verw&ouml;hnt das S&auml;ntisgipfel-Restaurant mit Appenzeller und Toggenburger Spezialit&auml;ten, ebenso wie das Hotelrestaurant. Das Gasthaus Passh&ouml;he an der Passstrasse eignet sich ideal f&uuml;r einen Kaffeehalt oder herzhaftes Fondue.</p><p class=\"MsoNormal\"><strong>Wichtige Information: Die S&auml;ntis-Schwebebahn ist infolge Erneuerung der Bahn vom 1. Mai bis Sp&auml;therbst 2026 eingestellt.</strong></p><p class=\"MsoNormal\"><strong>Das &laquo;S&auml;ntis &ndash; das Hotel&raquo; und die Restaurationsbetriebe auf der Schw&auml;galp sind durchgehend f&uuml;r Sie ge&ouml;ffnet.</strong></p><p>Weitere Informationen finden Sie <a href=\"https://saentisbahn.ch/\">hier</a> .</p><p>&nbsp;</p>", "url": "http://www.saentisbahn.ch/", "image": "https://sgbtpimtsoch.sos-ch-dk-2.exoscale-cdn.com/catalog/7/8/e/b/78ebd6820f2b9c02d0fbf6a39bcf2a9cbfaa0709_24_08_24_1482__2.jpg", "openstreetmap_id": "node/26864510"}, "geometry": {"type": "Point", "coordinates": ["9.3432366", "47.2493844"]}}, {"type": "Feature", "properties": {"identifier": "f584ba91-8f74-4a22-969c-59a5aa9fc37a", "name": "Schweizer Familie Feuerstelle Atzm\u00e4nnig", "description": "<p>Ein idealer Ort, um bei heissen Temperaturen den Tag zu verbringen. Ausger&uuml;stet mit Holz, Grillrost und Sitzgelegenheiten steht dem Grillieren nichts im Wege.&nbsp;</p><p>Eine Abk&uuml;hlung bietet das flache Bachbeet gleich unterhalb der Feuerstelle.&nbsp;</p><p>Anreise mit den &ouml;ffentlichen Verkehrsmitteln:<br>Bus 630 von Eschenbach (Dorftreff) nach Hintergoldingen (Atzm&auml;nnig Schutt)</p>", "image": "https://sgbtpimtsoch.sos-ch-dk-2.exoscale-cdn.com/catalog/f/e/f/d/fefd46f160a8c6f486431417be92c0c922e374e4_Carina_Scheuringer_Goldingertal_Atzmaennig_HR_23.jpg", "openstreetmap_id": "way/231502473"}, "geometry": {"type": "Point", "coordinates": ["8.997137546539308", "47.287031249669546"]}}, {"type": "Feature", "properties": {"identifier": "f59b72f1-8362-43a9-8019-b6cfb90a5aee", "name": "E-Bike Route Josenberg", "description": "<p>Wer von der Herzroute nicht genug hat, kann vom Oberholz aus, eine attraktive Zusatzschlaufe machen.</p><p>Dauer ca. 1 Std. Auch auf diesem Weg kann eine wunderbare Aussicht genossen werden.</p><p class=\"MsoNormal\">Die genaue Route sowie die GPX Daten sind unter diesem <a href=\"https://schweizmobil.ch/de/tour/2520590\">Link</a>&nbsp;ersichtlich.</p>", "image": "https://sgbtpimtsoch.sos-ch-dk-2.exoscale-cdn.com/catalog/4/b/4/3/4b43160e95fd0c67ff4fb31efb0ea623cc5b711b_Velofahrer_in_den_Bergen.jpg", "openstreetmap_id": "node/5010232928"}, "geometry": {"type": "Point", "coordinates": ["8.941755294799806", "47.28790465533921"]}}, {"type": "Feature", "properties": {"identifier": "f5e6f2a7-7f76-4a2a-8a12-ed1c464bf965", "name": "Coiffeur Daniela", "description": "Daniela Schmid ist gelernte Coiffeuse mit \u00fcber 35 Jahren Erfahrung. Egal ob Damen-, Herren- oder Kinderhaarschnitte gew\u00fcnscht sind mit Daniela haben Sie eine gute Beratung. Regelm\u00e4ssige Weiterbildungen sind f\u00fcr sie ein Muss, um auf dem neusten Stand der Frisuren, Techniken und Haartrends zu bleiben. \n\nBeim Coiffeur Daniela kann der Goldig\u00e4 Taler eingel\u00f6st werden. ", "url": "https://www.coiffeur-daniela.ch/", "image": "https://sgbtpimtsoch.sos-ch-dk-2.exoscale-cdn.com/catalog/1/6/9/e/169e0ca68ecf54dca0d59f5e729c77db7205d02f_Coiffeur_Daniela_Neuhaus.jpg", "openstreetmap_id": "way/281466829"}, "geometry": {"type": "Point", "coordinates": ["8.945736352055182", "47.24267675"]}}, {"type": "Feature", "properties": {"identifier": "f735ae9c-091f-4e2f-a0f3-2d4206c7a005", "name": "Restaurant Sonne", "description": "<p>Im heimeligen Restaurant in Hintergoldingen trifft man sich zum Zn\u00fcni, Zmittag, Feierabendbier oder einem feinen Nachtessen. Die Gerichte werden mit regionalen Produkten immer frisch zubereitet. Die Vielf\u00e4ltigkeit der Gerichte ist gross, ob ein hausgemachtes Knoblibrot, Cordon-Bleu oder ein Sunne Burger, es findet sich bestimmt etwas.&nbsp; F\u00fcr die Kinder hat es einen kinderfreundlichen Spielplatz und im Sommer wird auf der sch\u00f6nen Sonnenterrasse serviert.&nbsp;</p><p>Das Restaurant verf\u00fcgt ausserdem \u00fcber einen sch\u00f6nen Saal der Platz f\u00fcr bis zu 90 Personen bietet, hat einen Dartraum und ebenfalls eine Kegelbahn.&nbsp;</p><p>Immer Freitags ist die Goldloch-Bar von 20.00 - 01.00 Uhr offen.</p>", "url": "https://sonne-goldingen.ch/", "image": "https://sgbtpimtsoch.sos-ch-dk-2.exoscale-cdn.com/catalog/d/b/1/2/db12d5e3cc70546d01c0c9e71d308b854d47f63f_Sonne_web.jpg", "openstreetmap_id": "way/273781983"}, "geometry": {"type": "Point", "coordinates": ["8.984207708656303", "47.28792305"]}}, {"type": "Feature", "properties": {"identifier": "f8aedbff-a57d-4896-8cee-4917182b142f", "name": "The Ribel Steaks", "description": "<p>Wie die klassische Rheintaler Spezialit\u00e4t zeichnet sich auch der Sound von The Ribel Steaks durch eine grosse musikalische Vielfalt aus. Daf\u00fcr sorgen f\u00fcnf Musiker, die die Rheintaler Musikszene in den letzten 30 Jahren wesentlich mitgepr\u00e4gt haben: Inspiration und Transpiration von \u00abThe Ribel Steaks\u00bb bringen jedes T-Shirt inklusive Lederjacke in Hitzewallung. Leads\u00e4nger und Gitarrist Peter Giger, Saitenmann J\u00fcrg Weder, Drummer Markus Tinner, Keyboarder Christian Petrollini und Bassist Johannes Eberhard Musiker servieren ein breites und abwechslungsreiches Programm mit Biss, das sich auf jede Art von Anlass ausrichten l\u00e4sst.</p>", "image": "https://sgbtpimtsoch.sos-ch-dk-2.exoscale-cdn.com/catalog/a/5/e/8/a5e89c292dec2713c28eefe21586313757331811_band_the_ribel_steaks.jpg", "openstreetmap_id": "relation/1687101"}, "geometry": {"type": "Point", "coordinates": ["9.586950356249789", "47.37796495"]}}, {"type": "Feature", "properties": {"identifier": "f8da2682-2661-4fdf-9237-2a118f21d860", "name": "Zauberk\u00fcnstler Marcini", "description": "<p>Im Alter von elf Jahren wurde Marcini mit dem Zaubervirus infiziert. Seitdem verzaubert er regelm\u00e4ssig sein Publikum. Marcinis Zauberei erfreut G\u00e4ste an Hochzeiten, Geburtstagsfeiern, Firmenfeiern oder Gesch\u00e4ftsessen.</p>", "image": "https://sgbtpimtsoch.sos-ch-dk-2.exoscale-cdn.com/catalog/a/3/a/7/a3a742eca8f60a130553c2ba388fc29e4c2fffd2_zauberk__nstler_marcini.JPG", "openstreetmap_id": "way/238751470"}, "geometry": {"type": "Point", "coordinates": ["9.4748954", "47.3710077"]}}, {"type": "Feature", "properties": {"identifier": "f93d6e26-251d-4c65-babb-771f3b4b2b91", "name": "Restaurant Alp Altschwand", "description": "<p>Das Alp Restaurant mit Gartenterrasse liegt idyllisch gelegen an ruhiger Lage zwischen W\u00e4lder und Wiesen. Es ist in etwas 20 Minuten zu Fuss vom Atzm\u00e4nnig entfernt und auch bequem mit dem Auto erreichbar. \n\nEin grosser Spielplatz mit Trampolin, Seilrutsche und Sandkasten l\u00e4dt auch Familien zum verweilen ein. \n\nIm Winter bei gen\u00fcgend Schnee, kann die Strasse als Schlittel Weg genutzt werden. \n</p>", "url": "https://www.alp-altschwand.ch/", "image": "https://sgbtpimtsoch.sos-ch-dk-2.exoscale-cdn.com/catalog/8/6/c/1/86c1342d39ab51cf2141cd9187d01b7bd703a172_202506_restaurant_alp_altschwand_goldingertal_atzmaennig__23_carina.jpg", "openstreetmap_id": "node/630500236"}, "geometry": {"type": "Point", "coordinates": ["9.0126004", "47.2880009"]}}, {"type": "Feature", "properties": {"identifier": "f9457aeb-aba6-46ac-9a04-54a7a518ac2d", "name": "K\u00e4sereibesichtigung mit Ap\u00e9ro", "description": "<p>Haben Sie schon einmal einem K\u00e4ser \u00fcber die Schulter geschaut? Genau das k\u00f6nnen Sie bei Markus Sutter und vielleicht erfahren Sie dabei mehr \u00fcber das Geheimnis des K\u00e4sers....</p><p></p><p>Besichtigen Sie den Betrieb oder sind live bei der Fabrikation von feinem Goldinger K\u00e4se dabei. </p><p></p><p><strong>Tipps und Hinweise</strong></p><p>Nach der spannenden Besichtigung kann im sch\u00f6nen \u201cCh\u00e4sl\u00e4deli\u201d von Sutter\u2019s feinem K\u00e4se gekauft werden. Die Besichtigung l\u00e4sst sich gut mit einer Wanderung, einem Ausflug in den Atzm\u00e4nnig oder weiteren Angeboten im Goldingertal kombinieren. </p><p></p><p><strong>Preise / Inbegriffene Leistungen </strong></p><ul><li>K\u00e4sereibesichtigung, resp. zuschauen bei der Fabrikation</li><li>Ap\u00e9ro mit eigenen K\u00e4seprodukten, Milch und Molke</li><li>Preis pro Person - Besichtigung: CHF 13.00*; Mindestpreis CHF 100.00 / Gruppe</li><li>Preis pro Person - Fabrikation: CHF 16.00*; Mindestpreis CHF 100.00 / Gruppe</li></ul><p></p><p><strong>Exklusiv; nach Absprache und Zusatzkosten</strong></p><ul><li>Weitere Getr\u00e4nke </li></ul><p></p><p><strong>Durchf\u00fchrung</strong></p><ul><li>T\u00e4glich ausser Sonntags</li><li>Besichtigung zwischen 9.30 - 18.00 Uhr</li><li>K\u00e4sefabrikation live von ca. 8.00 - 10.00 Uhr oder 19.00 - 21.00 Uhr</li><li>Dauer ca. 1.5 - 2 Stunden inkl. Ap\u00e9ro</li><li>Anmeldung erforderlich (Absage, resp. Verschiebung bis am Vortag m\u00f6glich)</li><li>Gruppengr\u00f6sse </li></ul><p>           bei der Fabrikation max. 15 Personen/ausserhalb der Fabrikation        max. 30 Personen</p>", "image": "https://sgbtpimtsoch.sos-ch-dk-2.exoscale-cdn.com/catalog/b/1/7/4/b174a9b67bb6b6cd841e784395c22317ccee4aaa_IMG_3299.jpg", "openstreetmap_id": "way/270254277"}, "geometry": {"type": "Point", "coordinates": ["8.9612629", "47.264756"]}}, {"type": "Feature", "properties": {"identifier": "fafddbb4-b850-432a-8871-7b0bb9a07153", "name": "Zum Alp-Traum", "description": "<p>Im Winter ist es auch das Skibeizli, es ist aber das ganze Jahr ge\u00f6ffnet und hat viel mehr zu bieten als nur ein kleines Beizli. Alp-Traum-Filettopf, Rindsfiletpf\u00e4ndli, hausgemachte Ravioli oder Lasagne. Evelyne Hengartner und Yvonne Schnyder wissen, wie sie Ihre G\u00e4ste verw\u00f6hnen k\u00f6nnen.<br></p>", "url": "https://zumalptraum.ch/", "image": "https://sgbtpimtsoch.sos-ch-dk-2.exoscale-cdn.com/catalog/c/3/7/4/c3741be5f383491966ea6781104ad6823b4a55bb_zum_Alptraum_Oberholz_350.jpg", "openstreetmap_id": "node/9272841510"}, "geometry": {"type": "Point", "coordinates": ["8.9426907", "47.2876572"]}}, {"type": "Feature", "properties": {"identifier": "fc201ff5-1781-42ba-86a1-997edcd9e609", "name": "Regis.Creativ.Art", "description": "<p class=\"MsoNormal\">Regi Glarner liebt es kreativ zu sein und mit ihren Lieblingsmaterialien aus Pflanzen, Blumen, Beton, Altholz, Papier und Draht einzigartige Kunstwerke herzustellen.</p>\n<p class=\"MsoNormal\">Lassen sie sich inspirieren von einer Vielzahl von M&ouml;glichkeiten, die eigene Kreativit&auml;t auszuleben.</p>\n<p class=\"MsoNormal\">Regi's Kurse sind den Jahreszeiten angepasst und geben die M&ouml;glichkeit, neue F&auml;higkeiten zu erlernen und eigene Kunstwerke zu schaffen. Sie ist offen f&uuml;r eigene Ideen und passt auch gerne die Kurse den Bed&uuml;rfnissen an.</p>\n<p class=\"MsoNormal\">Die Kurse sind perfekt geeignet f&uuml;r Firmen, Freunde oder Familien und k&ouml;nnen in Gruppen besucht werden.</p>\n<p class=\"MsoNormal\"><strong>Gibt es einen Anlass zu dekorieren?<br></strong>Regi hilft gerne dabei Ihren geplanten Anlass von Geburtstag, Firmenevents oder vieles mehr<span style=\"mso-spacerun: yes;\">&nbsp;</span>nach Ihren W&uuml;nschen zu dekorieren. Bei Hochzeiten bietet Sie ebenfalls Unterst&uuml;tzung vom Brautstrauss bis zur Raumdekoration passend zu den eigenen W&uuml;nschen.</p>\n<p class=\"MsoNormal\">Immer wieder aktuelle Kunstwerke sind im Verkaufswagen gegen&uuml;ber der Prima Landi in Goldingen zum bewundern und kaufen ausgestellt.&nbsp;</p>", "url": "http://www.regiscreativart.ch", "image": "https://sgbtpimtsoch.sos-ch-dk-2.exoscale-cdn.com/catalog/6/9/8/3/6983dd4061a0b744324389ed0f561efa81645dcd_IMG_20250618_WA0017.jpg", "openstreetmap_id": "way/271931651"}, "geometry": {"type": "Point", "coordinates": ["9.00119415", "47.29099755"]}}, {"type": "Feature", "properties": {"identifier": "fc519288-aefd-4e32-94ab-2888b2d3a8f3", "name": "Caf\u00e9 & Bar Breite", "description": "Das Caf\u00e9 &amp; Bar Breite ist tags\u00fcber ein gem\u00fctliches Caf\u00e9 und bietet im Restaurant und in der Gartenbeiz Platz zum Verweilen und Geniessen. \n\nAbends ist die Bar Treffpunkt f\u00fcr Nachtschw\u00e4rmer und bietet unter anderem diverse kreative Cocktails und lokales Bier an.", "url": "http://www.bar-breite.ch/", "image": "https://sgbtpimtsoch.sos-ch-dk-2.exoscale-cdn.com/catalog/c/2/8/3/c2839fbd327491a7a2162de3ccdd4f190322b152_IMG_5396.jpeg", "openstreetmap_id": "node/1845412777"}, "geometry": {"type": "Point", "coordinates": ["9.5373429", "47.3785415"]}}, {"type": "Feature", "properties": {"identifier": "fcbd9ec9-24b5-49ce-9928-2a048f058b11", "name": "Ferienhof Wald", "description": "<p>Geniessen Sie erholsame Tage auf dem Bauernhof in der Chrinnen, oberhalb Wald ZH / Goldingen SG mit wundersch\u00f6ner Aussicht auf die Berge.</p><p><span style=\"font-weight: bold;\">Angebot:</span></p><ul><li>5 1/2-Zimmer Ferienwohnung (rollstuhlg\u00e4ngig) mit 9 Betten</li><li>3 separate Doppelzimmer mit Dusche, WC, TV und gratis WLAN auf Anfrage mit Fr\u00fchst\u00fcck</li></ul><p><br>Die Ferienwohnung und die Zusatzzimmer k\u00f6nnen kombiniert werden.<br></p><p><span style=\"font-weight: bold;\">Preise:</span></p><ul><li>Ferienwohnung<span style=\"white-space: pre;\">\t</span>&nbsp; &nbsp; &nbsp; &nbsp; &nbsp; &nbsp; &nbsp; &nbsp; &nbsp; &nbsp; &nbsp; &nbsp; &nbsp; &nbsp; &nbsp; &nbsp; &nbsp;CHF 250.--</li><li>Doppelzimmer, inkl. Fr\u00fchst\u00fcck<span style=\"white-space: pre;\">\t</span>&nbsp; &nbsp; &nbsp; &nbsp; &nbsp;CHF 98.-</li><li>Doppelzimmer, exkl. Fr\u00fchst\u00fcck<span style=\"white-space: pre;\">\t</span>&nbsp; &nbsp; &nbsp; &nbsp; &nbsp;CHF 80.-</li><li>Doppelzimmer zur Einzelbenutzung&nbsp; &nbsp; &nbsp;CHF 60.-/50.-</li></ul><p><br><span style=\"font-weight: bold;\">Lage:</span><span style=\"font-weight: 700;\"><br></span>Der Ferienhof liegt bei Wald auf rund 930 m \u00fcber Meer, neben der H\u00f6henklinik Wald. Der Hof liegt an der E-Bike Herzroute, direkt an der Grenze vom Kanton ZH zu SG. Von Goldingen ist der Ferienhof \u00fcber Bannholz-Tann erreichbar, aber nur zu Fuss oder mit dem Velo. Autozufahrt \u00fcber Wald ZH.</p><p><span style=\"font-weight: bold;\">Und sonst noch:<br></span>Regula Kindlimann kreiert <a href=\"https://goldingertal.ch/de/map/details/schmuck-huesli-7b45c791-6656-4353-ae06-70288a4270e4.html\" target=\"_blank\">Modeschmuck</a>. Hals-, Ohr- oder Armschmuck, eine grosse Auswahl steht zur Besichtigung und Kauf beim Ferienhof zur Verf\u00fcgung. Oder kreieren Sie mit Hilfe von Regula den eigenen Schmuck. Kurse nach Absprache.</p>", "url": "https://www.ferienhof-wald.ch/", "image": "https://sgbtpimtsoch.sos-ch-dk-2.exoscale-cdn.com/catalog/b/e/5/a/be5a5f9238d8d0dcc5d7a269395a1651403c9531_IMGP2567.JPG", "openstreetmap_id": "way/196386618"}, "geometry": {"type": "Point", "coordinates": ["8.947288823683586", "47.280580099999995"]}}, {"type": "Feature", "properties": {"identifier": "fcffba60-0e6e-42a8-b53e-58382f7080ec", "name": "PECLONNY - ESCHI H\u00c4T SCHTIL", "description": "<p><strong>Entdecken. Erleben. Einzigartig sein.</strong></p>\n<p>Mitten im Herzen von Eschenbach erwartet Sie&nbsp;<strong>Peclonny</strong>, Ihr exklusiver Concept Store f&uuml;r besondere Lifestyle-Produkte, ausgesuchte Mode, individuelle Accessoires und stilvolle Geschenkideen. Hier treffen trendbewusstes Design auf pers&ouml;nliche Beratung und eine warme Atmosph&auml;re &ndash; f&uuml;r ein Einkaufserlebnis, das inspiriert und verbindet.</p>\n<p><strong>Events &amp; Erlebnisse bei Peclonny<br></strong>Wir glauben daran, dass Einkaufen mehr sein darf als ein schneller Besuch &ndash; deshalb laden wir Sie regelm&auml;ssig zu besonderen Events ein:&nbsp;<br>&nbsp;&nbsp;<br>\ud83d\udecd <strong>Privat Shopping&nbsp;</strong><br>Geniessen Sie exklusives Einkaufen ausserhalb der regul&auml;ren &Ouml;ffnungszeiten &ndash; ganz in Ruhe, nur f&uuml;r Sie allein oder mit Ihren Lieblingsmenschen. Ein Glas Sekt und pers&ouml;nliche Beratung inklusive.&nbsp;<br>&nbsp;&nbsp;<br>\ud83e\uddcd&zwj;\u2640\ufe0f<strong> Einzelberatung mit Stilgef&uuml;hl&nbsp;</strong><br>Sie suchen ein neues Lieblingsst&uuml;ck, ein besonderes Geschenk oder einfach frische Inspiration? Bei uns stehen Sie im Mittelpunkt. Unsere Einzelberatungen sind individuell, ehrlich und stilsicher.&nbsp;<br>&nbsp;&nbsp;<br>\ud83c\udf89<strong> Saisonale Events &amp; besondere Aktionen&nbsp;</strong><br>Ob Fr&uuml;hlingsauftakt, Sommerabend oder Adventszauber &ndash; wir feiern jede Jahreszeit mit kreativen Events, kleinen &Uuml;berraschungen und saisonalen Kollektionen. Lassen Sie sich begeistern!&nbsp;</p>\n<p><strong>\ud83c\udfa8 Pop-up-Fl&auml;che f&uuml;r lokale K&uuml;nstler &amp; Kreative&nbsp;</strong><br>Peclonny bietet Raum f&uuml;r Talente: Mit unseren flexiblen Pop-up-L&ouml;sungen schaffen wir eine B&uuml;hne f&uuml;r lokale K&uuml;nstler, Designer und kreative Macher. Pr&auml;sentieren Sie Ihre Werke in einem stilvollen Umfeld &ndash; mitten im Zentrum, mitten im Leben. F&uuml;r mehr Sichtbarkeit, Austausch und Inspiration.</p>\n<p><strong>Neu bei Peclonny: Goldig&auml; Taler willkommen!</strong><br>Ab sofort akzeptieren wir den Goldig&auml; Taler als Zahlungsmittel! Unterst&uuml;tzen Sie die regionale Wirtschaft und erleben Sie gleichzeitig stilvolles Einkaufen &ndash; mit Mehrwert f&uuml;r die ganze Community.</p>\n<p><strong>Besuchen Sie uns &ndash; wir freuen uns auf Sie!</strong></p>\n<p>Folgen Sie uns auf Instagram/Facebook/www.peclonny.ch, f&uuml;r aktuelle Event-Termine, Neuheiten und Inspiration rund um Peclonny.&nbsp;<br>&nbsp;&nbsp;<br><strong>Peclonny &ndash; Ihr Store. Ihre Zeit. Ihr Stil.&nbsp;</strong></p>", "url": "https://peclonny.ch/", "image": "https://sgbtpimtsoch.sos-ch-dk-2.exoscale-cdn.com/catalog/7/d/8/2/7d820b39ba16418f0326cce326040903b2cf60e9_IMG_2050__1_.jpg", "openstreetmap_id": "way/397555141"}, "geometry": {"type": "Point", "coordinates": ["8.9223092", "47.240333"]}}, {"type": "Feature", "properties": {"identifier": "fd0f5417-3973-48af-8630-479a74085187", "name": "Wanderung zur Farneralp", "description": "<p><span style=\"font-weight: bold;\">Die Farneralp ist auf unterschiedlichen Wegen zu erreichen:</span></p><ul><li>kurze Rundwanderung ab TCS Parkplatz Chrinnen - ca. 1h</li><li>l&auml;ngere Rundwanderung ab Parkplatz Chrinnen &uuml;ber Tann - ca. 1.5h</li><li>Atzm&auml;nnig - Chr&uuml;zegg - Farneralp - Atzm&auml;nnig - ca. 5h</li></ul><p>Anreise mit den &ouml;ffentlichen Verkehrsmitteln:<br>Bus 631 von Eschenbach (Dorftreff) nach R&uuml;ti (Bahnhof)<br>Bus 885 von R&uuml;ti (Bahnhof) nach Wald (Bahnhof)<br>Bus 892 von Wald (Bahnhof) nach Wald (Rehazentrum)</p><p class=\"MsoNormal\">Die genaue Route sowie die GPX Daten sind unter diesem <a href=\"https://schweizmobil.ch/de/tour/2744459\">Link</a>ersichtlich.</p><p class=\"MsoNormal\">&nbsp;</p><p class=\"MsoNormal\">Auf der&nbsp;<a href=\"https://goldingertal.ch/de/map/details/bergrestaurant-farneralp-bf1fd11f-60b9-42bc-9e53-50b967d41a8f.html\" target=\"_blank\" rel=\"noopener\">Farneralp</a> gibt es einen grossen Spielplatz f&uuml;r die Kinder, w&auml;hrend die Erwachsenen sich zum erholen im Restaurant verw&ouml;hnen lassen.</p><p>&nbsp;</p>", "image": "https://sgbtpimtsoch.sos-ch-dk-2.exoscale-cdn.com/catalog/6/0/3/d/603d512f98294341b3120d36b86fa6cff571e165_IMG_2174__1_.jpg", "openstreetmap_id": "node/11282934185"}, "geometry": {"type": "Point", "coordinates": ["8.9574056", "47.2848218"]}}, {"type": "Feature", "properties": {"identifier": "fd6a1bb0-2f26-4afb-875c-4887519fe0f0", "name": "Schlittelweg Farneralp", "description": "<p>In der Abgeschiedenheit und doch nach kurzem Anfahrts- bzw. Fussweg wird das <a href=\"https://goldingertal.ch/de/map/details/bergrestaurant-farneralp-bf1fd11f-60b9-42bc-9e53-50b967d41a8f.html\" target=\"_blank\" rel=\"noopener\">Bergrestaurant Farneralp</a>, oberhalb der H&ouml;henklinik Wald, erreicht. Die Schlittelpiste f&uuml;hrt auf 1.5 km von der Farneralp bis nach Chrinnen. Parkieren kann beim TCS Parkplatz Chrinnen, von da geht&rsquo;s zu Fuss hoch zum Bergrestaurant Farneralp.</p><p>Schlitten k&ouml;nnen beim Bergrestaurant f&uuml;r CHF 7.- gemietet werden. Auskunft zum Zustand des Schlittelweges gibt&rsquo;s unter www.farneralp.ch</p><p><span style=\"font-weight: bold;\">Geheim-Tipp:<br></span>Nachtschlitteln mit Stirnlampe oder bei Vollmond; und zuvor ein feines Fondue.</p><p>Ebenfalls f&uuml;hrt ein pr&auml;parierter Winterwanderweg von der Wolfsgrueb zur Farneralp.</p><p class=\"MsoNormal\">Anreise mit den &ouml;ffentlichen Verkehrsmitteln:<br>Bus 631 von Eschenbach (Dorftreff) nach R&uuml;ti (Bahnhof)<br>Bus 885 von R&uuml;ti (Bahnhof) nach Wald (Bahnhof)<br>Bus 892 von Wald (Bahnhof) nach Wald (Rehazentrum)</p>", "image": "https://sgbtpimtsoch.sos-ch-dk-2.exoscale-cdn.com/catalog/b/7/f/0/b7f00724803e9f52752470ce2ac57d08e0b489c2_Bergrestaurant_Farneralp_Winter.jpg", "openstreetmap_id": "node/11282934185"}, "geometry": {"type": "Point", "coordinates": ["8.9574056", "47.2848218"]}}, {"type": "Feature", "properties": {"identifier": "fea96a9c-93b8-495f-8c86-946b30ab4b02", "name": "Karlstor", "description": "Im Jahre 1566 wurde das Kloster St.Gallen durch eine Mauer von der Stadt getrennt. Also liess der Abt 1570 ein eigenes Tor f\u00fcr das Kloster errichten. Dieses ist bis heute erhalten geblieben. \n\nDas grosse Steinrelief, das die Ostfassade ziert, ist das auff\u00e4lligste Merkmal des Tores. Im oberen Teil wurde neben dem Wappen des damaligen Papstes ist auch das Wappen des alten deutschen Reiches in den Stein gemeisselt. Der mittlere Teil zeigt das Wappen von Otmar, dem ersten Abt und Gr\u00fcnder des Klosters. Ebenfalls zu erkennen ist  Gallus - Namenspatron der Stadt - mit dem B\u00e4ren. Ganz unten schm\u00fccken zwei liegende L\u00f6wen und einigte verschlungene B\u00e4nder das Relief. \n\nHeute befindet sich im Karlstor das Untersuchungsgef\u00e4ngnis. Das Geb\u00e4ude geh\u00f6rt zur kantonalen Verwaltung.", "image": "https://sgbtpimtsoch.sos-ch-dk-2.exoscale-cdn.com/catalog/a/a/2/7/aa27f15f624f40954ffa3a29de3ab0a9ac1de0f7_Computerformat_4_3_Karlstor_St.Gallen__2_.jpg", "openstreetmap_id": "way/131608031"}, "geometry": {"type": "Point", "coordinates": ["9.37895", "47.42357"]}}, {"type": "Feature", "properties": {"identifier": "feb128fd-3d5a-4a52-ae18-760e594ab649", "name": "Konditorei Voland Laupen", "description": "<p>Die Konditorei Voland bietet nicht nur der Verkauf von Broten, S\u00fcssigkeiten, div. hausgemachte Schokoladenspezialit\u00e4ten an, sie sind ausserdem ein Lebensmittelladen, ein Caf\u00e9 und eine Poststelle.</p><p>Die Konditorei Voland betreibt noch viele weitere Filialen eine davon ist in Wald. In der Filiale in Laupen kann der Goldig\u00e4 Taler eingel\u00f6st werden.&nbsp;</p>", "url": "https://wlu16www354.webland.ch/", "image": "https://sgbtpimtsoch.sos-ch-dk-2.exoscale-cdn.com/catalog/a/9/0/c/a90c6809125e103614888899c5d9fd6d836e9584_baeckereien.png", "openstreetmap_id": "node/12082270127"}, "geometry": {"type": "Point", "coordinates": ["8.9273867", "47.2652735"]}}, {"type": "Feature", "properties": {"identifier": "ff653564-3275-402f-829d-012573abe8e1", "name": "Salonorchester St.Gallen", "description": "<p>In den letzten drei Jahrzehnten hat sich das Orchester vom Hausorchester des M\u00e4nnerchors zum Salonorchester St.Gallen entwickelt, das sich zum Ziel gesetzt hat, mit fr\u00f6hlicher und beschwingter Musik, Freude zu bereiten. Das Orchester z\u00e4hlt rund 30 Musikantinnen und Musikanten und spielt auf hohem musikalischem Niveau.<br></p>", "url": "https://www.salonorchester-sg.ch/", "image": "https://sgbtpimtsoch.sos-ch-dk-2.exoscale-cdn.com/catalog/5/a/8/4/5a84e03f1c84cd25c6fa8f3a69d803a71279972c_salonorchester_stgallen.png", "openstreetmap_id": "way/556705526"}, "geometry": {"type": "Point", "coordinates": ["9.4216007", "47.436256"]}}]}