{"type": "FeatureCollection", "features": [{"type": "Feature", "properties": {"identifier": "0050c05f-a6c5-4d15-880c-9f9241169523", "name": "Schn\u00e4pplib\u00f6rse - \"Kinderland aus zweiter Hand\"", "description": "<p>Ob Kinderwagen, Autositze, Kleider oder Spielwaren: In der Schn\u00e4pplib\u00f6rse wird alles was Kinder m\u00f6gen und Eltern brauchen gefunden. Sie ist die Einkaufsm\u00f6glichkeit f\u00fcr alle, die auf Nachhaltigkeit\nder Produkte und somit der Umwelt achten. Jeweils im Fr\u00fchling und im Sp\u00e4tsommer wird das Angebot gewechselt.<br>Ausserdem bietet die Schn\u00e4pplib\u00f6rse an, jedem seine selbst hergestellten Artikel zu pr\u00e4sentieren.<br><br><span style=\"font-weight: bold;\">Wild im Bild</span></p><p>Selbstgemachte Fotografien als exklusive Geschenke:</p><ul><li>als Bild, eingerahmt mit Altholz oder in alten Fenstern</li><li>Memorys oder Puzzles</li><li>Grusskarten f\u00fcr jede Gelegenheit - denn eine unerwartete Karte im Briefkasten, mit ein paar handgeschriebenen Worten, erfreut\n   jedes Herz</li></ul>", "url": "https://xn--schnpplibrse-jcb1x.ch/", "image": "https://sgbtpimtsoch.sos-ch-dk-2.exoscale-cdn.com/catalog/b/5/5/8/b558f8a54a2daa6a2c440d7662232a7d53a5cc92_Aussenansicht.jpg", "openstreetmap_id": "way/281466811"}, "geometry": {"type": "Point", "coordinates": ["8.945026657047388", "47.2421747"]}}, {"type": "Feature", "properties": {"identifier": "0071c72a-ce5e-4c5d-bfde-1ab68af5d039", "name": "Textilmuseum St.Gallen", "description": "Geschichte:\nSeit 1863 erwarb das Kaufm\u00e4nnische Directorium St.Gallen regelm\u00e4ssig Stoffmuster aus aller Welt und legte diese in einem Musterzimmer zur Ansicht auf. 1878 wurde schliesslich das Industrie- und Gewerbemuseum gegr\u00fcndet. Damit entstand das Bed\u00fcrfnis nach einem eigenen Geb\u00e4ude.\n\nArchitektur:\n1886 war das Museum bezugsbereit. Der viergeschossige Backsteinbau ist 40 Meter lang und beginnt mit dem Hochparterre auf einem halbgeschossigen Granitsockel. Die vierte Etage ist hinter dem Dachgesims zur\u00fcckversetzt und betont so die Turmform des Geb\u00e4udes.\n\nHeutige Nutzung:\nAuch heute noch ist das Textilmuseum eine lebendige Plattform f\u00fcr historisches wie auch innovatives Textildesign. Denn Geschmack und Geschmacksbildung stellen in einem Land wie der Schweiz \u2013 ohne Bodensch\u00e4tze oder klimatische Privilegien \u2013 einen zentralen volkswirtschaftlichen Nutzen dar.", "url": "https://www.textilmuseum.ch/", "image": "https://sgbtpimtsoch.sos-ch-dk-2.exoscale-cdn.com/catalog/9/8/6/2/986299a36f540bc91b5bfa8841241517abc17c2f_Textilmuseum_NeueStoffe_2__c_JZuercher.jpg", "openstreetmap_id": "node/373868024"}, "geometry": {"type": "Point", "coordinates": ["9.37364", "47.42334"]}}, {"type": "Feature", "properties": {"identifier": "00db8948-2fab-4a49-a3ee-6bbb60760e34", "name": "Trio Anderscht", "description": "<p>Zusammen erschaffen Andrea Kind, Fredi Zuberb\u00fchler und Raffael Bietenhader eine Musik, die gepr\u00e4gt ist von einer unb\u00e4ndigen Spielfreude und kreativen Energie. Sie bewegen sich m\u00fchelos zwischen verschiedenen Genres und Stilen und schaffen eine ganz eigene Klangwelt, die das Publikum begeistert und ber\u00fchrt.</p>", "image": "https://sgbtpimtsoch.sos-ch-dk-2.exoscale-cdn.com/catalog/2/e/d/1/2ed1248fdcbef5b889ad645ac2c9a49d0fcbfd31_trio_anderscht.jpg", "openstreetmap_id": "way/769064337"}, "geometry": {"type": "Point", "coordinates": ["9.4565574", "47.2314791"]}}, {"type": "Feature", "properties": {"identifier": "0198320a-32b0-4607-8319-d703f84e3aa9", "name": "Siessenweiher", "description": "<p>Ebenfalls aus den Anf\u00e4ngen der Industrialisierung stammt der um 1860 angelegte Weiher in der Siessen. Zusammen mit dem Oberfeldweiher und dem B\u00fcechlibergweiher wurde die vom B\u00fcrgner Bach gewonnene Wasserkraft f\u00fcr die 1862 in Betrieb genommene Weberei im Dorf Eschenbach genutzt. Dieser Betrieb wurde anno 1956 eingestellt. </p><p>Heute gilt der Siessenweiher als Amphibien- und Reptilienreservat von nationaler Bedeutung und befindet sich, wie der Oberfeldweiher, im Eigentum der Gemeinde Eschenbach.</p>", "image": "https://sgbtpimtsoch.sos-ch-dk-2.exoscale-cdn.com/catalog/0/9/3/c/093cbaa49ea7a95d1f120ad5066f5ff1b6e7bcf8_Siessenweiher_Johanna_Aerne.jpg", "openstreetmap_id": "node/11272859433"}, "geometry": {"type": "Point", "coordinates": ["8.934094905853273", "47.245561663230575"]}}, {"type": "Feature", "properties": {"identifier": "01cf6189-57de-4918-8051-d076e9f6b3c7", "name": "Schlitteln im Atzm\u00e4nnig", "description": "<p>Die eher kurze, aber dank ihrem Gef&auml;lle rasante Schlittelbahn startet nur wenige Schritte neben der Bergstation. Zun&auml;chst wird ein Waldst&uuml;ck durchquert, danach gleitet man &uuml;ber die verschneiten Weiden ins Tal &ndash; kurvenreich und &uuml;ber die eine oder andere Kuppe. Auf dem Gleitst&uuml;ck zum Schluss kann man die Fahrt ausklingen lassen. Direkt vor der Talstation der Sesselbahn kommt der Schlitten wieder zu stehen.</p><p>Verschiedene Schlitten-Modelle k&ouml;nnen direkt bei der Talstation gemietet werden.&nbsp;</p><p class=\"MsoNormal\">Anreise mit den &ouml;ffentlichen Verkehrsmitteln:<br>Bus 630 von Eschenbach (Dorftreff) nach Hintergoldingen (Atzm&auml;nnig Schutt)</p>", "url": "https://www.atzmaennig.ch/", "image": "https://sgbtpimtsoch.sos-ch-dk-2.exoscale-cdn.com/catalog/3/8/c/a/38ca36461602c99d65d00dc3b5799db65a0a5a62_atzmaennig_gesamtangebote_gruppen_schlitteln_01__1_.jpg", "openstreetmap_id": "node/726611392"}, "geometry": {"type": "Point", "coordinates": ["8.99610757827759", "47.28468768882354"]}}, {"type": "Feature", "properties": {"identifier": "0209f5dd-6951-4a57-8239-d1ee16aa5404", "name": "Schl\u00fcssel M\u00fcller AG", "description": "Wer in St.Gallen und Umgebung einen Schl\u00fcssel oder ein Schloss braucht, kommt an Schl\u00fcssel M\u00fcller kaum vorbei. Die Schl\u00fcssel M\u00fcller AG bietet seit 60 Jahren ein breites Spektrum an Dienstleistungen im Bereich Schliess- und Sicherheitstechnik an.\n\nDie Schl\u00fcssel M\u00fcller AG bietet neben der Beratung auch die Montage der Produkte an. Die Fachberater f\u00fcr die gesamte Geb\u00e4udesicherheit stehen gerne f\u00fcr ein individuelles Beratungsgespr\u00e4ch zur Verf\u00fcgung.\n\nSeit der Firmengr\u00fcndung ist bei mit Gewissheit eines gleich geblieben: Ungebrochener Elan und ein kompetentes freundliches Team von Spezialisten. Einwandfreie Qualit\u00e4t zu fairen Preisen. Die Schl\u00fcssel M\u00fcller AG ist Fachpartner diverser Hersteller, bietet innovative L\u00f6sungen und Sicherheit nach Mass!\n\nDas Leistungsspektrum:\nSchl\u00fcsselverwaltung \u00b7 Schliesstechnik \u00b7 Sicherheitssysteme \u00b7 T\u00fcren-, Zutritte-, Kontrollsysteme \u00b7 Geb\u00e4udesicherheit \u00b7 Sicherheitsarchitektur \u00b7 Nachtr\u00e4gliche Einbruchsicherungen (an bestehenden Objekten) \u00b7 Kundendienst mit 24-Stunden-Service.", "url": "https://www.schluessel-mueller.ch/", "image": "https://sgbtpimtsoch.sos-ch-dk-2.exoscale-cdn.com/catalog/2/2/7/9/2279bc36ce39fc0f9f1a2d379d38a1d27bf92c41_IMG_2436.heic.jpg", "openstreetmap_id": "node/7503475142"}, "geometry": {"type": "Point", "coordinates": ["9.377246815176932", "47.42705594591"]}}, {"type": "Feature", "properties": {"identifier": "02a8cc26-2113-4996-9cfa-f056b46c1893", "name": "B&B Niederer", "description": "<p>Das heimelige Dorf B&uuml;hler im Appenzeller Mittelland ist idealer Ausgangspunkt f&uuml;r Wanderungen in den sanften H&uuml;geln oder im Alpstein mit S&auml;ntis, Hohem Kasten, Ebenalp und Kronberg. In der N&auml;he liegen das malerische Dorf Appenzell, das Rheintal oder St.Gallen. Im heimeligen Weberhaus mit viel Charme kann der Gastgeberin beim Handweben &uuml;ber die Schultern geschaut werden.</p>", "url": "https://bnb.ch/de/bnb/1662", "image": "https://sgbtpimtsoch.sos-ch-dk-2.exoscale-cdn.com/catalog/7/2/2/1/72214f74d2335e4b30016446745eb17245bc46f4_BnB_Niederer_3.jpg", "openstreetmap_id": "320022404.0"}, "geometry": {"type": "Point", "coordinates": ["9.4261223", "47.3737219"]}}, {"type": "Feature", "properties": {"identifier": "02b626ec-f4b7-4b1e-930d-14c6a456fba5", "name": "Spielplatz Ermenswil", "description": "<p>Der Spielplatz Ermenswil wurde als Ort der Begegnung geschaffen und bietet Kindern eine ideale M\u00f6glichkeit, sich abseits von allem Verkehr bei Spiel und Sport zu vergn\u00fcgen. Die Feuerstelle l\u00e4dt zum verweilen ein.</p><p></p><p><strong>Ausstattung:</strong></p><ul><li>0\u20135 Jahre</li><li>5\u201312 Jahre</li><li>Barrierefrei</li><li>Feuerstelle</li><li>Picknick-Platz</li><li>Rauchfrei</li></ul>", "image": "https://sgbtpimtsoch.sos-ch-dk-2.exoscale-cdn.com/catalog/e/b/4/0/eb4065ed254cca0072f7dd88ae151e18f052a621_Spielplatz_Ermenswil_2014.JPG", "openstreetmap_id": "way/226947982"}, "geometry": {"type": "Point", "coordinates": ["8.88749957084656", "47.24389347936932"]}}, {"type": "Feature", "properties": {"identifier": "03139e0b-89de-4fc8-b77c-4d091aafbdbf", "name": "Grabenp\u00e4rkli", "description": "Gleich in der N\u00e4he des Bahnhofs St.Gallen befindet sich das kleine aber feine Grabenp\u00e4rkli. Parkb\u00e4nke s\u00e4umen die sch\u00f6nen Blumenbeete und laden zum Verweilen ein. Der eigentliche Hingucker ist die Skulptur des bedeutenden Spreng- und Explosionsk\u00fcnstlers Roman Signer. Aus einem knallroten Fass klatscht ein starker, satter Wasserstrahl auf den Boden. ", "image": "https://sgbtpimtsoch.sos-ch-dk-2.exoscale-cdn.com/catalog/5/5/0/6/5506e09ce0ee7c670552953a61869bb64670ef3d_Photokleinformat_3_2_P__rkli_St.Gallen.jpg", "openstreetmap_id": "way/8080662"}, "geometry": {"type": "Point", "coordinates": ["9.373902082443239", "47.424704688926056"]}}, {"type": "Feature", "properties": {"identifier": "035d1c45-c0ce-4873-a959-2c45b292925a", "name": "S\u00e4ntis Lodge", "description": "Die S\u00e4ntis Lodge liegt inmitten vom Toggenburg, genauer gesagt in Unterwasser. Als Ferienort zeichnet sich Unterwasser besonders durch die charakteristische Berglandschaft aus. Neben der wundersch\u00f6nen Landschaft bietet Unterwasser alles, was G\u00e4ste f\u00fcr gelungene Ferien brauchen. In der S\u00e4ntis Lodge, dem Kernst\u00fcck von Berg & Bett, werden Ferien zu dem, wof\u00fcr sie gemacht sind.\n\nWerden die G\u00e4ste gefragt, was ein Aufenthalt im Berg & Bett im Toggenburg einzigartig macht, so sind die Antworten unterschiedlich. F\u00fcr die einen ist es die grossz\u00fcgige und zugleich kuschelige Atmosph\u00e4re. F\u00fcr die anderen ist es die Toggenburger Bergwelt. Wieder andere haben sich in das breitgef\u00e4cherte und familienfreundliche Aktivit\u00e4ten-Angebot der Region und der S\u00e4ntis Lodge verliebt. Aber trotz der unterschiedlichen R\u00fcckmeldungen ist es vor allem eines, weswegen die G\u00e4ste gerne wiederkommen: das Team von Berg & Bett.\n\nZum Angebot der S\u00e4ntis Lodge geh\u00f6ren: \n- Zwei Kinovorstellungen pro Tag um 16.00 Uhr (Kinderfilm) und 20.00 Uhr\n- Entertainment (Ping-Pong, Billard, Tischfussball)\n- Indoor-Lounge/Co-Workspace mit Highspeed-WIFI (Erwachsene)\n- Kinderspielzimmer mit B\u00e4llebad\n- Outdoor-Lounge (Sommer)\n- Kinderspielplatz aussen (Sommer)\n- G\u00e4stekarte f\u00fcr Ihr exklusives Erlebnis\n- 1 Eintritt ins Hallenbad f\u00fcr das Reka Feriendorf\n", "url": "https://bergundbett.ch/", "image": "https://sgbtpimtsoch.sos-ch-dk-2.exoscale-cdn.com/catalog/2/a/d/8/2ad83df301e1dab12c5becdfbf24f0eb13f02aa6_TT_2023_S__ntisLodge_04.jpg", "openstreetmap_id": "way/222237524"}, "geometry": {"type": "Point", "coordinates": ["9.313316573154678", "47.1963286"]}}, {"type": "Feature", "properties": {"identifier": "03815269-a186-40c0-a0b5-ad584126310c", "name": "Hotel Restaurant Falkenburg", "description": "<p>Die Falkenburg liegt idyllisch inmitten der Natur und bietet einen herrlichen Blick &uuml;ber die St.Galler Altstadt. Dank der guten Anbindung ist sie sowohl mit &ouml;ffentlichen Verkehrsmitteln als auch mit dem Auto bequem erreichbar.</p><p>Im hauseigenen Restaurant erwartet Sie eine vielseitige und kreative K&uuml;che mit saisonalen, klassischen, traditionellen und internationalen Gerichten.&nbsp;</p><p>Die historische Falkenburg verbindet stilvolles Ambiente mit modernem Komfort. Neben dem Restaurant stehen unseren G&auml;sten drei hochwertig ausgestattetete Doppelzimmer sowie ein Einzelzimmer zur Verf&uuml;gung. Das im 15. Jahrhundert erbaute Haus wurde liebevoll renoviert und technisch auf den neusten Standard gebracht.</p><p>Unser charmantes Mini-Hotel bietet den idealen Rahmen f&uuml;r enstpannte Auszeiten, Famillientreffen oder&nbsp;gem&uuml;tliche Stunden mit Freunden. Von hier aus erreichen Sie bequem zahlreiche Sehensw&uuml;rdigkeiten und weitere Highlights der Stadt.</p><p>Erleben Sie Genuss, Geschichte und Gastfreundschaft - wir freuen uns auf Ihren Besuch in der Falkenburg.</p>", "url": "http://www.falkenburgsg.ch/", "image": "https://sgbtpimtsoch.sos-ch-dk-2.exoscale-cdn.com/catalog/2/6/b/9/26b981fc9a44084365f7b7881ce63c6ee4aa256e_Bild_11.jpg", "openstreetmap_id": "392709703"}, "geometry": {"type": "Point", "coordinates": ["9.375084692221808", "47.4184709"]}}, {"type": "Feature", "properties": {"identifier": "0382659d-298b-435c-a65d-69bca1f8ebf8", "name": "Zwei Schwarznasen, die das Werk aus ihrer Wolle begutachten", "description": "<p><strong>Tipps und Hinweise<br></strong>Auf dem Archehof R&uuml;egg gibt es viele Abenteuer zu entdecken, ob Gross oder Klein, Schulen, Spielgruppen, Kinder- oder Familienfeste, Vereine oder Firmen, hier ist f&uuml;r jeden etwas dabei.</p><p><strong>Angebot</strong></p><ul><li>Wussen Sie, dass das Appenzellerspitzhauben Huhn H&ouml;rner hat?</li><li>Bereits die Kelten Skudden hielten?</li><li>Aus wollschweinborsten B&uuml;rsten hergestellt wurden?</li></ul><p>Dies alles und noch viel mehr erfahren Sie bei unseren Hoff&uuml;hrungen.</p><p>Gerne stellen wir ganz individuelle Angebote f&uuml;r Sie zusammen, sei es mit Themenap&eacute;ro, einem gem&uuml;tlichen Essen im Hofst&uuml;bli, einer Hoftrophy, einem Workshop oder vielem mehr. Gemeinsam finden wir das passende Angebot f&uuml;r genau Ihren Anlass.</p><p>Das Team vom Archehof R&uuml;egg steht Ihnen f&uuml;r Planung und Umsetzung Ihrer Ideen gerne jederzeit zur Verf&uuml;gung.</p><p><strong>Durchf&uuml;hrung</strong></p><ul><li>T&auml;glich</li></ul>", "url": "https://rueegg4you.ch/", "image": "https://sgbtpimtsoch.sos-ch-dk-2.exoscale-cdn.com/catalog/9/5/9/f/959f33e0de36ba3e9d5a3c1a1d3a88df6fa915c6_20250526_185520.jpg", "openstreetmap_id": "node/5503373556"}, "geometry": {"type": "Point", "coordinates": ["8.8961648", "47.2428762"]}}, {"type": "Feature", "properties": {"identifier": "03869b7d-2902-4428-8595-6fbc70442027", "name": "Kulturfabrik Industrie36", "description": "<p>Mitten in Rorschach am Bodensee verbindet die Kulturfabrik Industrie36 authentische Industrieatmosph&auml;re mit professioneller Veranstaltungstechnik und besonderer Clubn&auml;he. Zentral und dennoch &laquo;ab vom Schuss&raquo; gelegen, ist sie mit &Ouml;V und Auto sehr gut erreichbar und bietet grossz&uuml;gige Parkm&ouml;glichkeiten. Das Rorschacher Seeufer mit Hafen, Seepark und W&uuml;rth Haus liegt in der n&auml;heren Umgebung; Schiffsausfl&uuml;ge auf dem Bodensee oder die Zahnradbahn Richtung Heiden bieten attraktive M&ouml;glichkeiten, einen Veranstaltungsbesuch mit einem Ausflug zu verbinden.</p>", "url": "https://www.industrie36.events", "image": "https://sgbtpimtsoch.sos-ch-dk-2.exoscale-cdn.com/catalog/4/c/8/3/4c83e89c0de9e57a72c29d3e3eb0fe3c46957db8_i36_92_konzert_2.JPEG", "openstreetmap_id": "way/329096024"}, "geometry": {"type": "Point", "coordinates": ["9.4823652", "47.4753229"]}}, {"type": "Feature", "properties": {"identifier": "0411a33d-8d6f-4d2e-842d-848a449715f9", "name": "FRAME Freizeit & Bar", "description": "<p>Tobe dich beim Light Jumper oder dem Schwarzlicht 3D Minigolf aus, singe deine liebsten Hits in einem von unseren drei Karaoke-R&auml;umen oder entdecke moderne Bowling-Varianten wie Duckpin Bowling und Soccer Bowling. Zus&auml;tzlich stehen dir Arcade Games, Dart, Billard und Shuffleboard zur Verf&uuml;gung.</p><p>Das besondere Highlight im FRAME ist BattleKart. Hier f&auml;hrst du mit einem Elektro-Kart durch eine virtuelle Spielwelt, die direkt auf den Boden projiziert wird. Sammle Power-Ups, weiche Hindernissen aus und schiesse deine Gegner aus dem Rennen. Ausserdem kannst du zwischen sechs verschiedenen Spielmodi ausw&auml;hlen. Um mitzufahren, musst du mindestens&nbsp;<strong>1.45 Meter</strong> gross sein.</p><p>Verbringe bei uns einen abwechslungsreichen und unterhaltsamen Abend mit deinen Freunden. Ob Firmen- oder Familienausflug, Schulreise oder Junggesellenabschied, bei uns bist du genau richtig. Lass den Abend anschliessend bei einem Drink oder einem leckeren Flammkuchen an unserer Bar ausklingen, die sich mitten im Geschehen befindet.</p>", "url": "https://frame-freizeit.ch/", "image": "https://sgbtpimtsoch.sos-ch-dk-2.exoscale-cdn.com/catalog/8/6/2/9/86290307acb4c583d46a209caba1b384350a2038_2025_Frame_Freizeit_Lifestyle_Fotografie_byDarrenFeels_65.jpg", "openstreetmap_id": "relation/3727142"}, "geometry": {"type": "Point", "coordinates": ["9.5479483", "47.3794573"]}}, {"type": "Feature", "properties": {"identifier": "05bc91d7-9d55-41ec-9a7a-b6d4ff85d2d3", "name": "Hof zu Wil", "description": "<p>Der Hof zu Wil mit Sitz in der Wiler Altstadt ist ein Kulturdenkmal von nationaler historischer Bedeutung und blickt auf eine mehr als 800-j&auml;hrige Geschichte zur&uuml;ck.</p><p>Heute ist der Hof zu Wil ein Ort des gesellschaftlichen und kulturellen Lebens. Die Nutzung ist vielseitig:&nbsp;</p><ul><li>Museale Inszenierung in den <a href=\"https://hofzuwil.ch/hofwelten/\" target=\"_blank\" rel=\"noopener\">Hofwelten</a></li><li>Tradition und Genuss in der <a href=\"https://hofzuwil.ch/gastronomie/\" target=\"_blank\" rel=\"noopener\">Gastronomie Hof zu Wil</a></li><li>Schlafen wie ein F&uuml;rstabt in der <a href=\"https://hofzuwil.ch/#stopscroll-4\" target=\"_blank\" rel=\"noopener\">Hofherberge</a> (ab Herbst 2026)</li><li><a href=\"https://hofzuwil.ch/business/\" target=\"_blank\" rel=\"noopener\">Coworking</a> in den F&uuml;rstabtlogen</li></ul><p>Auch das touristische Info-Center sowie die &ouml;rtliche Bibliothek befinden sich im historischen Geb&auml;ude. Weitere Informationen sind&nbsp; <a href=\"https://hofzuwil.ch/\" target=\"_blank\" rel=\"noopener\">hier</a> ersichtlich.&nbsp;</p>", "url": "https://hofzuwil.ch", "image": "https://sgbtpimtsoch.sos-ch-dk-2.exoscale-cdn.com/catalog/4/a/7/2/4a726513d7928c68203c66d5862d6c69cd19c119_4___Hof_zu_Wil_290925__3.jpg", "openstreetmap_id": "way/284581246"}, "geometry": {"type": "Point", "coordinates": ["9.04999", "47.46762"]}}, {"type": "Feature", "properties": {"identifier": "066edb37-1c57-45e1-96b2-8cfb33579d97", "name": "Erlebnis-T\u00f6fflitour: St.Gallen\u2013Bodensee mit Beachbar-Genuss", "description": "<p class=\"MsoNormal\">Starten Sie Ihr Abenteuer direkt in St.\u202fGallen und erleben Sie die Ostschweiz auf zwei R&auml;dern! Unsere gef&uuml;hrte T&ouml;fflitour f&uuml;hrt Ihre Gruppe durch idyllische Landschaften, charmante D&ouml;rfer und entlang dem traumhaften Bodenseeufer.</p><p class=\"MsoNormal\">Nach einem unvergesslichen Tag auf dem T&ouml;ffli erwartet Sie ein Abendessen in einer stilvollen Beachbar &ndash; entspannte Stimmung, feines Essen und Loungemusik sind der perfekte Ausklang Ihres Ausflugs. Selbstverst&auml;ndlich darf ein Schwumm im erfrischenden Nass nicht fehlen. Ideal f&uuml;r Firmen, Vereine oder Freundesgruppen, die Aktion, Genuss und Natur verbinden m&ouml;chten.</p>", "image": "https://sgbtpimtsoch.sos-ch-dk-2.exoscale-cdn.com/catalog/d/d/3/b/dd3bdde8e7c958b96972e00a3a66d369cecae0b0_Seepromenade_Rorschach.jpg"}, "geometry": {"type": "Point", "coordinates": ["9.3755605", "47.4232672"]}}, {"type": "Feature", "properties": {"identifier": "07bceb8b-f4f1-4fe9-b5da-a390eb424775", "name": "Querbeat Gaiserwald", "description": "<p>Seit \u00fcber 20 Jahren singt der Chor mit Begeisterung. Im Mittelpunkt steht dabei die Freude an der Musik und an der Gemeinschaft - Botschaften, die sie singend in die Welt hinaus tragen. Das Repertoire umfasst Gospels, Pop, Blues, Musicals und Kirchenmusik.<br></p>", "url": "https://querbeat-gaiserwald.ch/", "image": "https://sgbtpimtsoch.sos-ch-dk-2.exoscale-cdn.com/catalog/7/f/c/1/7fc1b7775f1f85cb1c7bbd98b50db1539aa9923c_chor_querbeat_gaiserwald.jpg", "openstreetmap_id": "node/2117906323"}, "geometry": {"type": "Point", "coordinates": ["9.3347679", "47.4296225"]}}, {"type": "Feature", "properties": {"identifier": "07bdb0e2-1d3d-449a-8182-79e16add3f66", "name": "Zmorge-Korb der B\u00e4ckerei F\u00fcger", "description": "<p class=\"rich-text-paragraph\" piano-view-event=\"false\" data-v-360ed6ae=\"\" style=\"margin-bottom: 1rem;\"><span class=\"text-space-pre-line rich-text-text\" data-abstract-init=\"body text\" style=\"\">Sei es am Bodenseeufer beim Forum W\u00fcrth in Rorschach, beim Hafen in Steinach oder bei den Drei Weieren in St.Gallen. Sowohl in der Stadt als auch auf dem Land gibt es Pl\u00e4tze zum Ausruhen und Entspannen.</span></p><p class=\"rich-text-paragraph\" piano-view-event=\"false\" data-v-360ed6ae=\"\" style=\"margin-bottom: 1rem;\"><span class=\"text-space-pre-line rich-text-text\" data-abstract-init=\"body text\" style=\"\">Die B\u00e4ckerei F\u00fcger mit Standorten in St.Gallen, Rorschach, Steinach und M\u00f6rschwil hat einen Korb mit verschiedenen K\u00f6stlichkeiten zusammengestellt. Um im Trockenen sitzen zu k\u00f6nnen, gibt es ein buntes Tuch, das als Picknickdecke dient. Dieses erz\u00e4hlt von der Vision der Riklin-Br\u00fcder und dem BIGNIK. Der Zmorge-Korb ist f\u00fcr 2 Personen buchbar. Weitere Spezialit\u00e4ten k\u00f6nnen direkt vor Ort bei F\u00fcger bezogen werden.</span></p><p class=\"rich-text-paragraph\" piano-view-event=\"false\" data-v-360ed6ae=\"\" style=\"margin-bottom: 1rem;\"><span class=\"text-space-pre-line font-weight-bold rich-text-text\" data-abstract-init=\"body text\" style=\"\">So funktioniert's:</span></p><ul><li style=\"margin-bottom: 1rem;\">Beziehe den Zmorge-Korb w\u00e4hrend den&nbsp;\u00d6ffnungszeiten&nbsp;am gebuchten Standort der B\u00e4ckerei F\u00fcger.</li><li style=\"margin-bottom: 1rem;\">Suche dir einen gem\u00fctlichen Platz im Freien und geniesse das leckere Picknick.</li><li style=\"margin-bottom: 1rem;\">Anschliessend den Korb mit dem schmutzigen Geschirr w\u00e4hrend den \u00d6ffnungszeiten der B\u00e4ckerei F\u00fcger am jeweiligen Standort zur\u00fcckgeben.</li></ul><p class=\"rich-text-paragraph\" piano-view-event=\"false\" data-v-360ed6ae=\"\" style=\"margin-bottom: 1rem;\"><span class=\"text-space-pre-line font-weight-bold rich-text-text\" data-abstract-init=\"body text\" style=\"\">Im Preis inklusive</span><span class=\"text-space-pre-line rich-text-text\" data-abstract-init=\"body text\" style=\"\">:</span></p><p class=\"rich-text-paragraph\" piano-view-event=\"false\" data-v-360ed6ae=\"\" style=\"margin-bottom: 1rem;\">Picknick-Korb gef\u00fcllt mit regionalen Spezialit\u00e4ten der B\u00e4ckerei F\u00fcger:</p><ul><li style=\"margin-bottom: 0cm; line-height: normal;\">2 Buttergipfel<o:p></o:p></li><li style=\"margin-bottom: 0cm; line-height: normal;\">1 Switchel\nGetr\u00e4nk<o:p></o:p></li><li style=\"margin-bottom: 0cm; line-height: normal;\">2 Bircherm\u00fcesli<o:p></o:p></li><li style=\"margin-bottom: 0cm; line-height: normal;\">4 verschiedene\nBr\u00f6tli<o:p></o:p></li><li style=\"margin-bottom: 0cm; line-height: normal;\">Butter/L\u00e4tt\u00e4<o:p></o:p></li><li style=\"margin-bottom: 0cm; line-height: normal;\">3 verschiedene\nhausgemachte Konfit\u00fcren + F\u00fcgella<o:p></o:p></li><li style=\"margin-bottom: 0cm; line-height: normal;\">2 Kaffee to go<o:p></o:p></li><li style=\"margin-bottom: 0cm; line-height: normal;\">Originales,\nhandgen\u00e4htes BIGNIK-Tuch</li><li style=\"margin-bottom: 0cm; line-height: normal;\">Teller, Besteck\nund Gl\u00e4ser</li></ul><p class=\"MsoNormal\" style=\"margin-bottom:0cm;line-height:normal\"><br></p><p class=\"rich-text-paragraph\" piano-view-event=\"false\" data-v-360ed6ae=\"\" style=\"margin-bottom: 1rem;\"><span class=\"text-space-pre-line font-weight-bold rich-text-text\" data-abstract-init=\"body text\" style=\"\">Standorte:</span></p><p class=\"rich-text-paragraph\" piano-view-event=\"false\" data-v-360ed6ae=\"\" style=\"margin-bottom: 1rem;\">B\u00e4ckerei F\u00fcger, Kirchstrasse 2, 9402 M\u00f6rschwil, Telefonnummer: +41 71 866 12 19</p><p class=\"rich-text-paragraph\" piano-view-event=\"false\" data-v-360ed6ae=\"\" style=\"margin-bottom: 1rem;\">B\u00e4ckerei F\u00fcger, Schulstrasse 2, 9323 Steinach, Telefonnummer: +41 71 571 04 77</p><p class=\"rich-text-paragraph\" piano-view-event=\"false\" data-v-360ed6ae=\"\" style=\"margin-bottom: 1rem;\">B\u00e4ckerei F\u00fcger, St. Gallerstrasse 13, 9400 Rorschach, Telefonnummer: +41 71 841 20 16</p><p class=\"rich-text-paragraph\" piano-view-event=\"false\" data-v-360ed6ae=\"\" style=\"margin-bottom: 1rem;\">B\u00e4ckerei F\u00fcger, Metallstrasse 18, 9000 St. Gallen, Telefonnummer: +41 71 222 20 12</p>", "url": "https://fueger-handmade.ch/", "image": "https://sgbtpimtsoch.sos-ch-dk-2.exoscale-cdn.com/catalog/1/4/b/e/14be4d2d6292aedd1513b038f3759498bb7a283f_medium__20240711_picknick_korb_rorschach_1.jpg", "openstreetmap_id": "node/745742088"}, "geometry": {"type": "Point", "coordinates": ["9.4236445", "47.4681741"]}}, {"type": "Feature", "properties": {"identifier": "07c03682-714b-4f4e-8bd6-916515e71cff", "name": "ParadEis Hof ", "description": "<p>Der Hof so wie das Hofl\u00e4deli mit Selbstbedienung befindet sich an der Rickenstrasse, ausfahrts Eschenbach in Richtung Neuhaus. </p><p><span style=\"font-weight: bold;\">Angebot:</span>&nbsp;</p><ul><li>Rohmilch ab Automat CHR 1.20 pro Liter (eigene Flasche zum Abf\u00fcllen mitbringen oder Glasflasche zum Kauf vor Ort)</li><li>Eier vom H\u00fchnermobil</li><li>Weitere Kleinigkeiten</li></ul><p><br>Das H\u00fchnermobil ist ein mobiler Stall, welcher regelm\u00e4ssig umplatziert wird. Die H\u00fchner haben somit regelm\u00e4ssig eine sch\u00f6ne Wiese und viel Auslauf.<br></p>", "image": "https://sgbtpimtsoch.sos-ch-dk-2.exoscale-cdn.com/catalog/2/c/9/2/2c9203402f962f67313fb076aeb2991c3b32a646_1715145927164.jpg", "openstreetmap_id": "way/1087298408"}, "geometry": {"type": "Point", "coordinates": ["8.930567888034311", "47.24158625"]}}, {"type": "Feature", "properties": {"identifier": "0959be82-0b36-4efd-8a1e-21983164361d", "name": "Route \"Goldige Aussichten\" ", "description": "<p>Wer die sch&ouml;nsten Aussichten einmal anders erleben will als zu Fuss, der mietet sich im Atzm&auml;nnig ein T&ouml;ffli oder nimmt sein E-Bike. Einen grossen Teil der Route f&uuml;hrt &uuml;ber die E-Bike Herzroute Nr. 99.</p><p>Im Chrinnehof, im Hofl&auml;deli (Hofcheller) gibt es auch Kaffee, Sirup oder Most f&uuml;r einen gem&uuml;tlichen Rast. Wer mit den gemieteten T&ouml;ffli vom Atzm&auml;nnig unterwegs ist, erh&auml;lt sogar einen Gutschein f&uuml;r ein gratis Getr&auml;nk.</p><p>Weitere Info zur Route sind auf <a href=\"https://www.outdooractive.com/de/route/radfahren/zuercher-oberland/goldige-aussichten-rundtour-ab-atzmaennig/47889337/#caml=99c,1h9moc,7ti98p,0,0\" target=\"_blank\" rel=\"noopener\">outdooractive </a>erfasst.</p><p class=\"MsoNormal\">Anreise mit den &ouml;ffentlichen Verkehrsmitteln:<br>Bus 630 von Eschenbach (Dorftreff) nach Hintergoldingen (Atzm&auml;nnig Schutt)</p><p class=\"MsoNormal\">Die genaue Route sowie die GPX Daten sind unter diesem&nbsp;<a href=\"https://schweizmobil.ch/de/tour/4540674\">Link</a> ersichtlich.</p>", "url": "https://www.atzmaennig.ch/de/gruppenevents/gesamtangebot-fuer-gruppen/toeffli-touren/?search_highlighter=chalts", "image": "https://sgbtpimtsoch.sos-ch-dk-2.exoscale-cdn.com/catalog/b/a/b/0/bab022ce07be89409b8a29b737d5bdbda3896fc9_T__ffli_Tour_Atzm__nnig_1024_1.jpg", "openstreetmap_id": "node/726611392"}, "geometry": {"type": "Point", "coordinates": ["8.996762037277223", "47.28529917719371"]}}, {"type": "Feature", "properties": {"identifier": "09e32bd6-dee1-453e-ab33-6366a91cb17c", "name": "Appenzeller T\u00f6fflitour Feierabend - by TOPAZ", "description": "<div class=\"object-block object-block-103 mb-section\"><p>Erleben Sie das unvergleichliche &bdquo;T&ouml;fflibuebe- &amp; meitle-Feeling&ldquo; neu. Ob als nostalgisches Comeback oder Premiere auf dem Mofa: Schnappen Sie sich Ihre Gruppe und tuckern Sie gem&uuml;tlich in den Feierabend. Auf verkehrsarmen Panoramastrasssen geniessen Sie die herrliche Abendstimmung, den Blick auf den imposanten Alpstein und das Gef&uuml;hl grenzenloser Freiheit.</p><h3>Die Tour im &Uuml;berblick</h3><ul><li data-path-to-node=\"7,0,0\"><strong data-path-to-node=\"7,0,0\" data-index-in-node=\"0\">Strecke:</strong> Ca. 20 km (Teufen &ndash; B&uuml;hler &ndash; Trogen &ndash; Speicher &ndash; Teufen).</li><li data-path-to-node=\"7,1,0\"><strong data-path-to-node=\"7,1,0\" data-index-in-node=\"0\">Dauer:</strong> 2 Stunden (jeweils von 17:00 bis 19:00 Uhr).</li><li><strong>Gruppe:</strong>&nbsp;2 bis 16 Personen (Gr&ouml;ssere Gruppen auf Anfrage).</li><li><strong>Navigaton:</strong>&nbsp;Einfaches Roadbook mit Bild und Text direkt am Lenker.</li></ul><h3>Leistungen &ndash; inklusive</h3><ul><li>Miet-T&ouml;ffli (klimaneutral via&nbsp;<em>myclimate</em>) inkl. Benzin.</li><li>Helm mit Hygieneunterzieher &amp; Regenponcho bei Bedarf.</li><li>Detaillierter Streckenbeschrieb &amp; Notfall-Pikett mit Ersatzt&ouml;ffli.</li></ul><h3 data-path-to-node=\"11\">Waldegg-Special (Optional)</h3><p data-path-to-node=\"12\">M&ouml;chten Sie den Abend kulinarisch ausklingen lassen? Beenden Sie Ihre Tour direkt bei der Erlebnis Waldegg. Wir holen die T&ouml;ffli dort ab, w&auml;hrend Sie im kultigen <em data-path-to-node=\"12\" data-index-in-node=\"162\">Schnuggebock</em> oder im <em data-path-to-node=\"12\" data-index-in-node=\"183\">Restaurant Waldegg</em> ein feines Nachtessen geniessen.</p><ul><li data-path-to-node=\"13,0,0\"><strong>Aufpreis</strong>: Pauschal CHF 50.00.</li><li data-path-to-node=\"13,1,0\"><strong>Plus</strong>: Ein Gratis-Shuttle bringt Sie nach dem Essen bequem zur&uuml;ck zum Bahnhof Teufen (auf Voranmeldung).</li></ul><h3>Wichtige Informationen</h3><ul><li><strong>Wetter:</strong>&nbsp;Wir fahren bei fast jedem Wetter (ausser Schnee). Bitte tragen Sie wetterfeste Kleidung und festes Schuhwerk.</li><li><strong>Sicherheit:</strong>&nbsp;Helme sind mit Visier ausgestattet. Es gelten die Schweizer Verkehrsregeln; die Haftung liegt bei den Lenkern.</li><li><strong>Klimaschutz:</strong>&nbsp;Seit 2018 kompensieren wir unsere Emissionen &uuml;ber die Stiftung&nbsp;<em>myclimate</em>&nbsp;(F&ouml;rderprogramm Agroforst).</li><li><strong>Treffpunkt:</strong>&nbsp;Hauptstrasse 59, 9053 Teufen AR.</li></ul><p><strong>Buchungshinweis:</strong> Unser B&uuml;ro ist Mo&ndash;Fr (09:00&ndash;17:00 Uhr) besetzt. Buchungen f&uuml;r das Wochenende k&ouml;nnen nur bis Freitag, 17:00 Uhr entgegengenommen werden.</p></div>", "url": "https://zeitreisen.ch", "image": "https://sgbtpimtsoch.sos-ch-dk-2.exoscale-cdn.com/catalog/2/b/7/b/2b7bcdf14b81c0504bff68c9163512a9a3aa2900_toefflitour_appenzellerland_mit_saentis.jpg", "openstreetmap_id": "way/317842895"}, "geometry": {"type": "Point", "coordinates": ["9.373419284820558", "47.389634376187"]}}, {"type": "Feature", "properties": {"identifier": "09e4b34f-3d05-4175-8533-2b15baf48626", "name": "Geocaching - Goldinger - Rundi", "description": "<p>&nbsp;\"Geocaching\" ist eine spannende Schatzsuche mit GPS-Ger&auml;t oder Smartphone. In der Geocaching App sind unz&auml;hlige Caches (Verstecke) zu finden. Eine abwechslungsreiche Freizeitbesch&auml;ftigung in der Natur.</p><p>Bei der \"Goldinger-Rundi\" sind 15 Caches versteckt, welche bei einer sch&ouml;nen Rundwanderung von B&uuml;rg nach Goldingen gesucht werden k&ouml;nnen.</p><p>Geocaching ist ein Spass f&uuml;r die ganze Familie und motiviert die Jungmannschaft auf Wandertour zu gehen.</p><p><strong>Vorgehen:</strong></p><p>Geocaching App auf Smartphone herunterladen und anmelden. Auf Wanderung gehen und Cache suchen. (Ein GPS-Ger&auml;t kann z.T. hilfreich sein, in der Regel reicht aber die Karte auf dem Smartphone aus, den Cache zu finden.)</p><p><a href=\"https://www.geocaching.com/play\" target=\"_blank\" rel=\"noopener noreferrer\">www.geocaching.com</a> internationale offizielle Seite&nbsp;&nbsp;</p><p class=\"MsoNormal\">Anreise mit den &ouml;ffentlichen Verkehrsmitteln:<br>Bus 630 von Eschenbach (Dorftreff) nach B&uuml;rg (Neuhaus, B&uuml;rg)</p>", "url": "https://www.geocaching.com/play", "image": "https://sgbtpimtsoch.sos-ch-dk-2.exoscale-cdn.com/catalog/4/c/3/3/4c33340ab228d14643d5eea3b14ac5515ca9aa7c_Goldingen_Steigen.jpg", "openstreetmap_id": "Dorfstrasse 1"}, "geometry": {"type": "Point", "coordinates": ["8.966796398162844", "47.26285667680024"]}}, {"type": "Feature", "properties": {"identifier": "0a1efd8a-8aec-44fc-a984-7c7c666fc64e", "name": "Bio-Bergbauernhof Raimann", "description": "<p>Oberhalb vom Bannholz, im Tann, befindet sich der Bio-Bauernhof der Familie Raimann mit den Betriebszweigen Milchwirtschaft und Legehennen. Die K\u00fche erhalten nur Futter vom eigenen Betrieb, es gibt kein Zukauf von Gras oder Kraftfutter.</p><p><span style=\"font-weight: bold;\">Angebot:</span></p><ul><li>Bio-Heumilch</li><li>NOP anerkannt (d.h. f\u00fcr diese Produktion d\u00fcrfen keine Antibiotika in der milchproduzierenden Herde eingesetzt werden)</li><li>Bio-Eier</li><li>Brennholz</li></ul><p><br><span style=\"font-weight: bold;\">Stallvisite:</span><br>Familie Raimann macht beim Angebot <a href=\"https://www.schweizerbauern.ch/bauernhof-erleben/auf-dem-bauernhof/stallvisite/\" target=\"_blank\">\"Stallvisite \u2013 offene Hoft\u00fcren\" </a>vom Schweizer Bauernverband mit. D.h. man darf dem Bauern gerne \u00fcber die Schultern schauen und einen Einblick in den Bauernbetrieb erhalten. Bei der Familie Raimann darf auch gerne mitgeholfen werden.</p><p><span style=\"font-weight: bold;\">Bio-Milch ab Hof:</span><span style=\"font-weight: 700;\"><br></span>Die Bio-Heumilch wird ab Hof verkauft. M\u00f6glichst im eigenen Gef\u00e4ss.</p><p><span style=\"font-weight: bold;\">Bio-Eier Hauslieferdienst:<br></span>Jeden Freitag werden den Kunden frische Bio-Eier, direkt in den Briefkasten geliefert. Bezahlt wird bequem per Rechnung. Die Anzahl Eier kann frei gew\u00e4hlt werden, auch Lieferungen nur alle zwei Wochen sind m\u00f6glich. Das Angebot gilt in: Goldingen, Laupen und Wald.</p><p>Kosten pro Bio-Ei: CHF -.70&nbsp; &nbsp;(Lieferung inklusive). Gerne kann auch von der Bio-Heumilch geliefert werden.<br></p><p><span style=\"font-weight: bold;\">Erreichbarkeit:<br></span>Ab Goldingen, Egligen f\u00e4hrt man am Restaurant Bannholz vorbei bis die Strasse beim Hof Tann endet. Es f\u00fchrt nur noch ein Wander-/Veloweg weiter zur Chrinnen, oberhalb der H\u00f6henklinik in Wald ZH.&nbsp;</p><p>Der Hof liegt direkt an der<a href=\"https://goldingertal.ch/de/map/details/herzroute-e-bike-tour-803ca38f-ba19-48a3-8cab-5d973de6d9e4.html\" target=\"_blank\"> Herzroute</a> oder am Wandertour-Vorschlag <a href=\"https://goldingertal.ch/de/map/details/laedeli-tour-668b9031-f457-4dbe-a90c-e50d867f8381.html\" target=\"_blank\">L\u00e4deli-Tour</a>.</p>", "image": "https://sgbtpimtsoch.sos-ch-dk-2.exoscale-cdn.com/catalog/c/5/a/c/c5ac82afe970750e5c44865136a8bda077e8f7ce_Bio_Bergbauernhof_Raimann.JPG", "openstreetmap_id": "way/196386614"}, "geometry": {"type": "Point", "coordinates": ["8.95443577849947", "47.2754756"]}}, {"type": "Feature", "properties": {"identifier": "0a975f26-5d2b-4e65-8140-15f6063dbb29", "name": "Sunehus - Ferienwohnung und Hot Pot", "description": "Das luftige Studio im ikonischen Bio-Holz-Designhaus ist f\u00fcr zwei Personen buchbar. Per Bahn oder Bus dauert es weniger als zehn Minuten ins Zentrum von St.Gallen und etwas \u00fcber eine Stunde nach Z\u00fcrich. Der Wohnort ist eindr\u00fccklich mit toller Aussicht in die Berge. \n\nDas Studio ist frisch und komfortabel umgebaut. Es besteht aus:\n- zwei Einzelbetten, die als Doppelbett hergerichtet werden k\u00f6nnen\n- Dusche und kleines WC \n- kleine eingerichtete K\u00fcche \n- Essbereich \n- Wohnbereich mit sch\u00f6ner Aussicht \n- Arbeitsplatz \n- eigener Eingang durch Garage (Autoabstellplatz verf\u00fcgbar wenn gew\u00fcnscht). \n- Garten mit traumhafter Aussicht zur Mitben\u00fctzung \n\nDie Vermieter wohnen im oberen Stock. Zwei Elektrofahrr\u00e4der stehen Ihnen kostenlos zur Verf\u00fcgung, um die Umgebung zu erkunden.\n\nWer ausspannen und sich etwas Gutes tun m\u00f6chte, verbringt wohlige Stunden im Hot Pot und geniesst dabei die freie Sicht auf den Alpstein. Das Sprudelvergn\u00fcgen l\u00e4sst sich perfekt mit einer \u00dcbernachtung im Studio Sunehus kombinieren. Und f\u00fcr Sprudel ist nicht nur im Bad gesorgt, eine Flasche Prosecco verw\u00f6hnt auch noch prickelnd den Gaumen.", "url": "https://sunehus.ch", "image": "https://sgbtpimtsoch.sos-ch-dk-2.exoscale-cdn.com/catalog/4/6/1/2/4612dba0bc62b907b772cf0354d1a11ff580181b_Sternenlodge_im_Appenzellerland__3_Tage___1___1_.jpg", "openstreetmap_id": "node/274610294"}, "geometry": {"type": "Point", "coordinates": ["9.355609416961672", "47.396521235591536"]}}, {"type": "Feature", "properties": {"identifier": "0acad64f-e904-4b4e-8573-836d289fa37e", "name": "Schneider Schuhe", "description": "<p>Johann Heinrich Keller, Schuhmachermeister, ero\u0308ffnete 1832 an der Metzgergasse in St.Gallen seine Werkstatt. Bereits 1842 erwarb er das &laquo;Haus zum Rothen Hertz&raquo;. Das Gescha\u0308ft befindet sich noch heute im gleichen Haus an der Goliathgasse 5. Mittlerweile in der siebten Generation gef&uuml;hrt, bietet Schneider Schuhe eine grosse Auswahl an Schuhen und Accessoires f&uuml;r Damen, Herren und Kinder.</p><p>HOME / FASHION / ALLTAG / BUSINESS / OUTDOOR / PARTY</p><p>Eine weitere Filiale befindet sich an der Vadianstrasse 22.</p>", "url": "http://www.schneiderschuhe.ch/", "image": "https://sgbtpimtsoch.sos-ch-dk-2.exoscale-cdn.com/catalog/9/5/b/c/95bc07fa3e7da3cc80a90665c0d3386d395ba8dd_2.jpg", "openstreetmap_id": "node/616127631"}, "geometry": {"type": "Point", "coordinates": ["9.376112799999987", "47.42675279999999"]}}, {"type": "Feature", "properties": {"identifier": "0b6dd180-ecf3-4fd8-9323-65d3044b519e", "name": "Zeppelin Museum Friedrichshafen", "description": "Im denkmalgesch\u00fctzten Geb\u00e4ude des Hafenbahnhofs vereint das Zeppelin Museum Friedrichshafen die weltweit bedeutendste Sammlung zur Luftschifffahrt mit einer Kunstsammlung, die die gro\u00dfen Meister aus S\u00fcddeutschland vom Mittelalter bis zur Neuzeit umfasst. Rund 1.500 Exponate auf \u00fcber 4.000 Quadratmetern Fl\u00e4che umfassen einzigartige Objekte \u2013 nicht nur f\u00fcr Zeppelin-Liebhaber. Zu den Highlights z\u00e4hlen die begehbaren Passagierr\u00e4ume der LZ 129 Hindenburg im originalgetreuen, rund 33 Meter langen Nachbau, eine Wunderkammer zum Kultobjekt Zeppelin sowie Experimentierstationen, die das Prinzip \u201eLeichter als Luft\u201c f\u00fcr Gro\u00df und Klein versteh- und mittels eines Flugsimulators erlebbar machen.\n\nFragmente der Luftschiffe wie Gerippe, Propeller, Gondeln, H\u00f6henmotoren oder Getriebe sind neben historischen Ton-, Film- und Bildaufnahmen, Zeitungsartikeln und der Ausstattung der Luftschiffe zu sehen. Sie lassen multimedial aufleben, wer die Pioniere der Luftschifffahrt waren und erinnern an ihre gr\u00f6\u00dften Erfolge und die schrecklichsten Katastrophen. Au\u00dferdem beantworten sie die Frage, wie es Graf Zeppelin gelang, ein Luftschiff zu bauen, das fast viermal so gro\u00df ist wie ein Airbus, aber dennoch leichter als Luft und wie er die Stadt Friedrichshafen damit als Industriestandort nachhaltig pr\u00e4gte.\n\nEinen besonderen Ausstellungsschwerpunkt bilden zudem Werke von K\u00fcnstler*innen, die sich w\u00e4hrend der Zeit des Nationalsozialismus an den Bodensee in die \u201eInnere Emigration\u201c zur\u00fcckzogen, wie Otto Dix, Max Ackermann oder Willi Baumeister. In akribischer Forschungsarbeit begibt sich das Zeppelin Museum auf Spurensuche und arbeitet die Geschichten der Kunstwerke seiner Sammlung auf. Auf diese Weise macht es Schicksale von Sammler*innen sichtbar, von geraubten oder verlagerten Kunstwerken oder von Hetzaktionen der Nationalsozialist*innen gegen die Moderne Kunst.\n\nDurch Wechselausstellungen zu gesellschaftlich aktuellen Themen spannt das Museum einen Bogen zur zeitgen\u00f6ssischen Kunst und bringt Kunst und Technik immer wieder aufs Neue in Dialog. Jeden Sonntag finden \u00f6ffentliche F\u00fchrungen durch die Ausstellungen statt, donnerstags sind Besucher*innen im OPEN HOUSE! zu kostenlosen Vortr\u00e4gen, Lesungen und anderen Veranstaltungen eingeladen.\n\nZur Vor- und Nachbereitung bietet das Zeppelin Museum zahlreiche kostenlose, digitale Inhalte und Formate an: Die Digitale Sammlung und die Mediathek laden zum St\u00f6bern ein, in der Podcastreihe ZM talks plaudern Mitarbeiter*innen aus dem N\u00e4hk\u00e4stchen oder f\u00fchren Gespr\u00e4che mit Expert*innen zu aktuellen Themen, die ZeppApp bietet umfassende Informationen und Audioguides zu den Ausstellungen, die eigene Diskursplattform debatorial\u00ae l\u00e4dt zum Austausch ein, der Museumsblog zum Lesen und die Profile auf den sozialen Netzwerken zu Interaktion und Storytelling.", "url": "https://www.zeppelin-museum.de/", "image": "https://sgbtpimtsoch.sos-ch-dk-2.exoscale-cdn.com/catalog/4/1/1/d/411d82b525537d967b39234fd270828c9cb2151f_Familie_Highres_49___DBT_Foto_Denger_ohne_Banner.png", "openstreetmap_id": "way/35929714"}, "geometry": {"type": "Point", "coordinates": ["9.4830611", "47.6507925"]}}, {"type": "Feature", "properties": {"identifier": "0bf04eb9-d23c-4b2e-9c8a-2ec1ec63c792", "name": "Festungsmuseum Heldsberg", "description": "Das Artilleriewerk Heldsberg war vom 2. Weltkrieg bis 1993 Teil der Grenzbefestigung im Rheintal. Durch seine Lage kontrollierte es mit seinen vier 7.5 cm Festungs-Gesch\u00fctzen im Norden das S\u00fcdende des Bodensees und im S\u00fcden die Rhein\u00fcberg\u00e4nge im Rheintal bis Montlingen. Mit der Sperre am Stoss bei Altst\u00e4tten wurde der \u00dcbergang ins Appenzellerland gesichert. Zum Angebot des Festungsmuseums Heldsberg geh\u00f6rt auch der eindr\u00fcckliche, unterirdische Kommandobunker der Grenzbrigade 8, Haslen AI, der in \u00fcber 30 R\u00e4umen die Zeit des \u201eKalten Krieges\u201c thematisiert.\n\nIn der Heldsbergstube und in der Soldatenstube \u201eK\u00e4stlis\u201c Haslen, werden die G\u00e4ste mit Getr\u00e4nken und Speisen verw\u00f6hnt. Wechselnde Sonderausstellungen bereichern die milit\u00e4rhistorischen Museen.", "url": "http://www.festung.ch/", "image": "https://sgbtpimtsoch.sos-ch-dk-2.exoscale-cdn.com/catalog/8/f/1/b/8f1b87a0ff4aca7ef0b2b5845039793e8a4a0442_2021_07_31_Heldsberg_Ledermann__8_.JPG", "openstreetmap_id": "way/81759684"}, "geometry": {"type": "Point", "coordinates": ["9.643226599999934", "47.4432905"]}}, {"type": "Feature", "properties": {"identifier": "0c0fd088-1717-4b5b-bb3a-05fe89516047", "name": "Wein im Rheintal ", "description": "<p>Starten Sie Ihren Tag mit dem Besuch eines K&uuml;fers und erleben Sie hautnah, wie sich dieses jahrhundertealte Handwerk bis heute kaum ver&auml;ndert hat. Anschliessend geht es ins Haus des Weines, ein genussvoller Treffpunkt f&uuml;r Weinliebhaber und Neugierige. In stilvollem Ambiente entdecken G&auml;ste regionale Weine und erfahren Wissenswertes &uuml;ber Anbau und Tradition. Verkostungen laden dazu ein, verschiedene Sorten mit allen Sinnen zu erleben. Die fachkundige Beratung macht den Besuch auch f&uuml;r Einsteiger besonders angenehm.</p><p>Ein idealer Ort f&uuml;r genussvolle Pausen.</p>", "image": "https://sgbtpimtsoch.sos-ch-dk-2.exoscale-cdn.com/catalog/e/d/9/8/ed9856e046c66ac52b60e90ef5b7ab821bba7ca5_SG_Haus_des_Weins_.jpg"}, "geometry": {"type": "Point", "coordinates": ["9.6090914", "47.4256158"]}}, {"type": "Feature", "properties": {"identifier": "0c24bdec-9b04-4b12-898c-cc12cbbc8518", "name": "Kommandobunker Grenzbrigade 8", "description": "Die Anlage umfasst \u00fcber 30 B\u00fcro- und Schlafr\u00e4ume, Maschinenraum, Telefonzentrale, K\u00fcche und Soldatenstube sowie weitere Nebenr\u00e4ume.\n\nZusammen mit vielen Angeh\u00f6rigen des letzten aktiven Brigadestabs und weiteren Helfern ist es gelungen, auf dem gesamten unteren Stock der Kaserne die Arbeit eines Brigadestabs w\u00e4hrend des Kalten Krieges nachzustellen und f\u00fcr den Besucher erkl\u00e4r- und erlebbar zu machen. Des weiteren ist der Kalte Krieg selbst Thema der Ausstellung und wird von verschiedenen Seiten beleuchtet.\n\nAusgestattete Mannschaftsunterk\u00fcnfte, Bibliothek, ein aufw\u00e4ndiges Gel\u00e4ndemodell (Rhein\u00fcberquerung der Amerikaner im 2. Weltkrieg), verschiedene Uniformen und nat\u00fcrlich auch der betriebsbereite Maschinenraum runden die vielf\u00e4ltigen Museumsr\u00e4umlichkeiten ab.\n\nNach dem spannenden Rundgang steht die Soldatenstube f\u00fcr einen Ap\u00e9ro oder gar ein komplettes Essen zur Verf\u00fcgung. Das Sekretariat gibt gerne weitere Ausk\u00fcnfte.", "url": "http://www.festung.ch", "image": "https://sgbtpimtsoch.sos-ch-dk-2.exoscale-cdn.com/catalog/e/3/0/e/e30eeef829725349a124c92108d0eaf93b94223e_2022_Eingang_KP_Haslen__1__kompr.jpg", "openstreetmap_id": "way/469977394"}, "geometry": {"type": "Point", "coordinates": ["9.3720583", "47.3577958"]}}, {"type": "Feature", "properties": {"identifier": "0c516afb-ba4e-4f59-959e-b30030ef2052", "name": "Rundwanderung Chrinnen-Farneralb", "description": "<p>Die Wanderung startet oberhalb vom Rehazentrum Wald beim TCS Parkplatz Chrinnen. Von dort geht es erstmal steil bergauf Richtung Farneralp. Von Dort geniesst man eine wunderbare Aussicht &uuml;ber die sch&ouml;ne Berglandschaft. Weiter f&uuml;hrt die Wanderung &uuml;ber den Chrinnenberg Richtung Tann und zur&uuml;ck zum Chrinnenhof. Der sch&ouml;ne Hofladen der Familie Kindlimann bietet verschiedene selbstgemachte Hofprodukte an.&nbsp;</p><p>Dauer 1.30h / Distanz 4.3km</p><p>Anreise mit den &ouml;ffentlichen Verkehrsmitteln:<br>Bus 631 von Eschenbach (Dorftreff) nach R&uuml;ti (Bahnhof)<br>Bus 885 von R&uuml;ti (Bahnhof) nach Wald (Bahnhof)<br>Bus 892 von Wald (Bahnhof) nach Wald (Rehazentrum)</p><p>Die genaue Route sowie die GPX Daten sind unter diesem <a href=\"https://schweizmobil.ch/de/tour/2775954\">Link</a>&nbsp;ersichtlich.</p><p>&nbsp;</p>", "image": "https://sgbtpimtsoch.sos-ch-dk-2.exoscale-cdn.com/catalog/f/8/b/8/f8b8edffdf1a80294dc7179dfe3e226255cfedfa_DJI_20250906133356_0096_klein_D.JPG", "openstreetmap_id": "node/11282934186"}, "geometry": {"type": "Point", "coordinates": ["8.948535919189455", "47.28195121739706"]}}, {"type": "Feature", "properties": {"identifier": "0c787e1f-6355-476d-8ff1-fa62f1542b0a", "name": "Hongler Kerzen", "description": "Bereits 1703 erscheint der Name Hongler im Rechnungsbuch der Kirchgemeinde Berneck. Bis heute stellt der Familienbetrieb Kerzen her. Ob zur Taufe, zu Ostern, zur Hochzeit oder auch zum Verzieren \u2013 das Angebot ist vielf\u00e4ltig. Der Shop l\u00e4dt zum St\u00f6bern ein. \n\nAuf einer Betriebsf\u00fchrung erfahren die Besucher viel Wissenswertes und Interessantes \u00fcber das traditionelle Handwerk. Eine kurze Pr\u00e4sentation bringt die Geschichte der Kerze n\u00e4her. Beim Rundgang durch die Fabrikation k\u00f6nnen die Besucher mitverfolgen, wie aus Wachs und Docht eine Kerze entsteht.", "url": "http://www.hongler.ch/", "image": "https://sgbtpimtsoch.sos-ch-dk-2.exoscale-cdn.com/catalog/6/7/e/7/67e7bf437f6f1cf0bfee30bf1aec739cd1191028_Hongler_Kerzen_01.jpg", "openstreetmap_id": "node/7370129902"}, "geometry": {"type": "Point", "coordinates": ["9.549312200000031", "47.3773548"]}}, {"type": "Feature", "properties": {"identifier": "0cd5b495-3126-480d-9bf1-ae6744d4b5f1", "name": "Tanoshii Funpark", "description": "<p class=\"MsoNormal\">Freue dich auf einen Trampolinpark mit 72 unterschiedlich grossen Trampolinen, springe in die Schnitzelgrube oder perfektioniere deine Spr&uuml;nge auf unseren High Performance Trampolinen und schiesse K&ouml;rbe auf NBA-H&ouml;he auf unserem Basketballfeld.<br><br>Wenn du auf der Suche nach der n&auml;chsten Challenge bist, kannst du dich mit deinen Freunden auf unserem Ninja Parcour messen oder eine neue Welt mit unseren verschiedenen Virtual Reality Spielmodi betreten. W&auml;hle zwischen hungrigen Piraten, dem Kampf gegen Zombies oder achte dich vor dem verr&uuml;ckten Yeti. Unsere Simracing Lounge bietet dir ausserdem ein einziges Rennsimulationserlebnis, welches zu den Besten weltweit geh&ouml;rt.<br><br>Geniesse bei uns unvergessliche Momente mit deinen Freunden. Ob spontaner Ausflug, Schulreise oder Geburtstagsfeier, das Tanoshii bietet f&uuml;r alle G&auml;ste <strong>ab sechs Jahren</strong> den idealen Rahmen f&uuml;r gemeinsame Erlebnisse. Begleitpersonen, die nicht springen m&ouml;chten, d&uuml;rfen das Geschehen vom Zuschauerbereich aus mitverfolgen.</p><p class=\"MsoNormal\">&nbsp;</p><p class=\"MsoNormal\">&nbsp;</p>", "url": "https://www.tanoshii.ch/de/", "image": "https://sgbtpimtsoch.sos-ch-dk-2.exoscale-cdn.com/catalog/8/5/2/7/852796b5ee0b480790eee17d2b721b58710fcf8d_Tanoshii_Keyvisuals_HQ_Andographie__5_von_52_.jpg", "openstreetmap_id": "relation/3727142"}, "geometry": {"type": "Point", "coordinates": ["9.5479483", "47.3794573"]}}, {"type": "Feature", "properties": {"identifier": "0d672c7a-7e4b-4b88-b582-7d06c20965d6", "name": "Bauernhaus Chraueren", "description": "<p>Gegen\u00fcber L\u00fctschbach oberhalb dem Tobel des Lattenbachs liegt der Weiler Chraueren. Dort steht das \u00e4lteste datierte Bauernhaus im Seebezirk. Der St\u00e4nderbau, ein in unserer Gegend fr\u00fcher \u00fcblich gewesener Baustil der Bauernh\u00e4user, weist an der \u00f6stlichen Bugkonsole eingeschnitten die Jahrzahl 1646 auf.<br></p>", "image": "https://sgbtpimtsoch.sos-ch-dk-2.exoscale-cdn.com/catalog/a/b/5/3/ab530ff60276764ad49d5e0d6a35fd0b0dc622f2_BauernhausChraueren.jpg", "openstreetmap_id": "node/7528883312"}, "geometry": {"type": "Point", "coordinates": ["8.9074748", "47.253643"]}}, {"type": "Feature", "properties": {"identifier": "0d74dfda-1d05-4ace-a36e-2870a6293536", "name": "Tourist Information Rorschach ", "description": "<p class=\"xmsonormal\"><span style=\"font-size: 10.0pt; font-family: 'Arial',sans-serif;\">Direkt am Hafen gelegen, ist unsere Tourist Information der ideale Ausgangspunkt f&uuml;r deine Entdeckungstour durch Rorschach und die vielseitige Region St.Gallen-Bodensee.</span><span style=\"font-size: 10.0pt; font-family: 'Arial',sans-serif;\">&nbsp;</span></p><p class=\"xmsonormal\"><span style=\"font-size: 10.0pt; font-family: 'Arial',sans-serif;\">Bei uns erh&auml;ltst du pers&ouml;nliche Tipps, passende Empfehlungen und Inspirationen f&uuml;r deinen Aufenthalt. Ob du die sch&ouml;ne Bodenseelandschaft erkunden, spannende Ausfl&uuml;ge planen oder neue Freizeitideen entdecken m&ouml;chtest &ndash; wir beraten dich gerne und unkompliziert.</span><span style=\"font-size: 10.0pt; font-family: 'Arial',sans-serif;\">&nbsp;</span></p><p class=\"xmsonormal\"><span style=\"font-size: 10.0pt; font-family: 'Arial',sans-serif;\">Ausserdem findest du bei uns eine grosse Auswahl an Tickets f&uuml;r die Bodensee-Schifffahrt sowie f&uuml;r den Pf&auml;nder und die Erlebnisrundfahrt mit Witzwanderweg. Ebenfalls erh&auml;ltlich sind Gutscheinkarten f&uuml;r den beliebten Sonntagsbrunch auf den Schiffen der Schweizerischen Bodensee Schifffahrt AG. Zudem stellen wir dir gerne die Bodensee Card Plus f&uuml;r 3 oder 7 Tage aus.</span></p><p class=\"xmsonormal\"><span style=\"font-size: 10.0pt; font-family: 'Arial',sans-serif;\">Vor Ort erwartet dich auch eine kleine Auswahl an Souvenirs, damit du dir ein sch&ouml;nes Andenken an deinen Besuch in der Region sichern kannst.</span><span style=\"font-size: 10.0pt; font-family: 'Arial',sans-serif;\">&nbsp;</span></p><p class=\"xmsonormal\"><span style=\"font-size: 10.0pt; font-family: 'Arial',sans-serif;\">Komm vorbei, lass dich inspirieren!</span></p>", "url": "https://st.gallen-bodensee.ch/", "image": "https://sgbtpimtsoch.sos-ch-dk-2.exoscale-cdn.com/catalog/7/8/b/1/78b18eef12a4e0c2568e90ffbabd10f381841fc4_medium__Schiff_Rorschach_Hafen.jpg", "openstreetmap_id": "relation/1683927"}, "geometry": {"type": "Point", "coordinates": ["9.493550062179567", "47.478786411811946"]}}, {"type": "Feature", "properties": {"identifier": "0df4528c-f9f4-4551-82cb-900c2f97a4ff", "name": "Stagelight AG", "description": "Seit \u00fcber 30 Jahren ist die Stagelight AG eine der ersten Adressen, wenn es um die Beleuchtung, Beschallung, die technische Produktionsleitung oder die Konzeption eines Anlasses geht. Die Mitarbeiter geben der Stagelight AG ein Gesicht und sorgen mit ihrer Arbeit f\u00fcr kompromisslos hohe Qualit\u00e4t. Die Stagelight AG lebt die N\u00e4he zu ihren Kunden von Anfang an und steht Ihnen mit Rat und Tat zur Seite.", "url": "https://stagelight.ch/", "image": "https://sgbtpimtsoch.sos-ch-dk-2.exoscale-cdn.com/catalog/2/4/e/a/24eab4cf28c6b826e7e1fefcad62816c3e7fe438_CSIO1_726x365.jpg", "openstreetmap_id": "way/318086450"}, "geometry": {"type": "Point", "coordinates": ["9.2987328", "47.3930275"]}}, {"type": "Feature", "properties": {"identifier": "0ed5426b-cdba-4829-a114-eed3df2cb793", "name": "Trischli Club", "description": "Das Trischli befindet sich nicht nur mitten im Herzen St. Gallens sondern zeigt auch das es in St.Gallen m\u00f6glich ist, von Mittwoch bis Samstag richtig gross feiern zu gehen.", "url": "https://www.trischli.ch/", "image": "https://sgbtpimtsoch.sos-ch-dk-2.exoscale-cdn.com/catalog/c/9/c/4/c9c4cbce77b817eff2d78a509c55ae5db32b8f79_LORUENSERPHOTO__2.jpg", "openstreetmap_id": "node/6492949387"}, "geometry": {"type": "Point", "coordinates": ["9.37788", "47.42578"]}}, {"type": "Feature", "properties": {"identifier": "0f92bdfc-78f9-436f-8225-06f5f1dcf9a3", "name": "Gasthaus Hoher Hirschberg", "description": "<p>1679 erbaut, thront der das Gasthaus Hoher Hirschberg auf der gleichnamigen H&uuml;gelspitze.</p><p>Das Restaurant ist f&uuml;r Wanderer, Biker oder mit dem Auto sehr gut erreichbar. Auf der H&uuml;gelspitze wirst Du mit einer herrlichen Aussicht in den Alpstein belohnt.</p><p>Das Ausflugsrestaurant ist bekannt f&uuml;r die hausgemachten Desserts und die saisonalen Speisen.</p><p>Auf dem Hohen Hirschberg &uuml;bernachten ist ein einmaliges Erlebnis - ob im Matratzenlager oder im Arvenzimmer mit wundersch&ouml;nem Blick in den Alpstein.&nbsp;</p><p>Gibt es etwas zu feiern, dann bist Du hier genau richtig - \"S&ouml;nd w&ouml;llkomm\"</p>", "url": "https://www.hoherhirschberg.ch", "image": "https://sgbtpimtsoch.sos-ch-dk-2.exoscale-cdn.com/catalog/5/b/d/6/5bd66899b5345afe2f1be0d7f9f414d347a6c363_IMG_20210202_WA0001_1.jpg", "openstreetmap_id": "way/238974707"}, "geometry": {"type": "Point", "coordinates": ["9.4698599", "47.3429617"]}}, {"type": "Feature", "properties": {"identifier": "0fa7eb57-9bb0-48ec-b2ac-b2aae38cd20d", "name": "Panorama-S\u00e4li 2"}}, {"type": "Feature", "properties": {"identifier": "0fc25b5a-9223-4856-94ec-842b4f824914", "name": "Concept Store Parisparadis", "description": "<p>In ihrer Boutique bringt Shirin Tanyer-Heezen ihr ganz pers\u00f6nliches, authentisches Paris zum Leben: lebendig, multikulturell und \u00fcberraschend. Anstelle von Klischees erwarten Sie handverlesene Sch\u00e4tze mit Seele \u2013 Keramik, Textilien (darunter von der Ladeninhaberin selbst gemachte Kissen und Accessoires), Kerzen, Postkarten, B\u00fccher, kleinere M\u00f6belst\u00fccke, Kuriosit\u00e4ten, Kunstwerke und vieles mehr. Alles mit Herz, Geschichte und Stil. Ein Ort zum Entdecken, Verweilen und Staunen \u2013 ein Ort, der inspiriert.</p>", "url": "https://www.parisparadis-boutique.com/", "image": "https://sgbtpimtsoch.sos-ch-dk-2.exoscale-cdn.com/catalog/f/6/2/5/f62576636ebb04a6f5e91b20175b1fd7bd42f81d_20250604_textilland_stgallen_verknuepft_parisparadis.jpeg", "openstreetmap_id": "node/7193109291"}, "geometry": {"type": "Point", "coordinates": ["9.364860", "47.420607"]}}, {"type": "Feature", "properties": {"identifier": "0fc2d9c1-99fc-412d-8b39-333fe39ee726", "name": "ProPuls Projektagentur GmbH", "description": "<p>Die Projekte und Veranstaltungen der ProPuls Projektagentur GmbH richten sich an ein breites Publikum. Sie haben zum Ziel, die Gesellschaft zu bewegen und zusammenzuf\u00fchren.<br></p>", "url": "https://www.propuls.ch/", "image": "https://sgbtpimtsoch.sos-ch-dk-2.exoscale-cdn.com/catalog/d/d/a/7/dda7b6e9d25a62e0132c18537571ec75836f6cd2_propuls_projektagentur.png", "openstreetmap_id": "way/241705197"}, "geometry": {"type": "Point", "coordinates": ["9.293635142689112", "47.40491725"]}}, {"type": "Feature", "properties": {"identifier": "0fc6da08-c482-4e32-ab3c-3b2a0948ddf3", "name": "Eisstock Spass im Atzm\u00e4nnig", "description": "<p>Eisstockschiessen ist eine gelungene Abwechslung. Dieser Eissport wird mit einem runden Eisstock und einer sogenannten Daube gespielt. Die Daube wird in einem Abstand von 10 bis 15 Metern auf dem Eis platziert. Das Ziel des Spiel ist, die Eisst&ouml;cke m&ouml;glichst nahe an die Daube zu &laquo;legen&raquo;.</p><p>Bei uns kann auch auf die &laquo;Latt'n&raquo; gespielt werden. Das Ziel ist dabei, eine m&ouml;glichst hohe Punktzahl zu erreichen, indem die Latte mit dem Stock getroffen und gedreht wird. Beliebt ist dies besonders bei Gruppen und Familien.</p><p class=\"MsoNormal\">Anreise mit den &ouml;ffentlichen Verkehrsmitteln:<br>Bus 630 von Eschenbach (Dorftreff) nach Hintergoldingen (Atzm&auml;nnig Schutt)</p>", "url": "https://www.atzmaennig.ch/", "image": "https://sgbtpimtsoch.sos-ch-dk-2.exoscale-cdn.com/catalog/1/7/0/f/170faa07290af24b98322e960740fd7d6f7537e6_Eisstock_Gruppe_Abend.jpg", "openstreetmap_id": "node/726611392"}, "geometry": {"type": "Point", "coordinates": ["8.990249633789064", "47.28228291955602"]}}, {"type": "Feature", "properties": {"identifier": "0fda1a19-601e-42ad-947f-4037c829acd0", "name": "Rhein-Route Highlights (5 Tage / 4 N\u00e4chte) | Saison 1 Kategorie B", "description": "<p class=\"MsoNormal\">Die Rhein-Route umspannt den Osten der Schweiz in einem weiten Bogen. Auf dieser Reise entdecken Sie die Highlights dieser Route und radeln vom weiten Bodensee, wo Obstg&auml;rten, Schl&ouml;sser und fr&ouml;hliches Touristengeschnatter die Gestade des gr&uuml;n und silbern schimmernden &laquo;schw&auml;bischen Meeres&raquo; zieren bis nach Basel.</p><p class=\"MsoNormal\">Saison 1: vom 21. M&auml;rz bis 24. April 2026 und vom 26. September bis 18. Oktober 2026</p><p class=\"MsoNormal\">Kategorie B: ab CHF 955.00</p><p class=\"MsoNormal\">Der genaue Reiseverlauf ist&nbsp;<a href=\"https://shop.st.gallen-bodensee.ch/de/products/rheinroute-highlights-5-tage-4-naechte-saison-1-kategorie-b\" target=\"_blank\" rel=\"noopener\">hier</a> ersichtlich.&nbsp;</p>", "url": "https://www.eurotrek.ch", "image": "https://sgbtpimtsoch.sos-ch-dk-2.exoscale-cdn.com/catalog/b/2/4/8/b248c8038209dd2da38f07c626ad5a68090c64b0_Rheinroute_Dig_Marktplatz.jpg", "openstreetmap_id": "node/1349145879"}, "geometry": {"type": "Point", "coordinates": ["9.505248", "47.4780562"]}}, {"type": "Feature", "properties": {"identifier": "1008ed9f-e2c7-4d49-ba1e-cf755f8a7e0c", "name": "Purehomes", "description": "<p>Willkommen in unserer charmanten 45 m&sup2; Wohnung in St. Gallen Sankt Georgen &ndash; der perfekte R&uuml;ckzugsort f&uuml;r Ihren Aufenthalt! Diese liebevoll eingerichtete Unterkunft bietet Ihnen alles, was Sie f&uuml;r einen komfortablen Aufenthalt ben&ouml;tigen. Die voll ausgestattete K&uuml;che l&auml;dt dazu ein, Ihre Lieblingsgerichte zuzubereiten, w&auml;hrend das moderne Badezimmer mit frischen Handt&uuml;chern, Seife und Shampoo ausgestattet ist. Im gem&uuml;tlichen Schlafzimmer finden Sie erholsame N&auml;chte, und die ausziehbare Couch im Wohnbereich bietet zus&auml;tzlichen Platz f&uuml;r bis zu zwei G&auml;ste. Genie&szlig;en Sie Ihre Morgenkaffee oder entspannen Sie nach einem ereignisreichen Tag auf dem Balkon mit Blick auf die Umgebung. Der Parkplatz direkt vor der T&uuml;r macht das Ankommen und Abfahren besonders bequem. In der N&auml;he erwartet Sie ein wundersch&ouml;ner See, ideal f&uuml;r entspannte Spazierg&auml;nge oder sportliche Aktivit&auml;ten. Zudem profitieren Sie von Highspeed-Internet und einem Netflix-Zugang, sodass Sie auch w&auml;hrend Ihres Aufenthalts unterhalten werden. F&uuml;r zus&auml;tzlichen Komfort bieten wir optionale Reinigungsdienste an. Bei uns finden Sie alles, was Sie f&uuml;r einen unvergesslichen Aufenthalt ben&ouml;tigen &ndash; wir freuen uns auf Ihren Besuch!</p>", "url": "https://www.airbnb.ch/rooms/1506305295211640543?guests=1&adults=1&s=67&unique_share_id=81599b66-d425-4744-b8e2-9d38ab7ffa07", "image": "https://sgbtpimtsoch.sos-ch-dk-2.exoscale-cdn.com/catalog/0/f/c/d/0fcd47cda63cfc63761650047309ab660add7016_St._Gallen_web__40_von_101_.jpg", "openstreetmap_id": "way/309829866"}, "geometry": {"type": "Point", "coordinates": ["9.3979202", "47.4147397"]}}, {"type": "Feature", "properties": {"identifier": "100fcc79-3d2e-4f46-8c73-424a95248cfd", "name": "Appenzeller Brauchtumsmuseum", "description": "Das Innere besticht aufgrund des Bauk\u00f6rpers, durch die heimelige Atmosph\u00e4re und durch die verwinkelten, niedrigen R\u00e4ume mit den schr\u00e4gen Holzb\u00f6den. Es bietet Einblick in die b\u00e4uerliche Kultur des Appenzellerlandes, das damit verbundene Handwerk und das im Talkessel von Urn\u00e4sch tief in der Bev\u00f6lkerung verwurzelte und bis heute lebendige Brauchtum. Im Mittelpunkt stehen die Silvesterchl\u00e4use, die Alpfahrt, das Sennenleben, die Bauernmalerei, das Wohnen und die Streichmusik. Auch althergebrachtes Handwerk hat seinen Platz.", "url": "http://www.museum-urnaesch.ch/", "image": "https://sgbtpimtsoch.sos-ch-dk-2.exoscale-cdn.com/catalog/d/9/3/b/d93be5dc2cb8e125c7690904e265c281694e6367_16108_1060_komprimiert.jpg", "openstreetmap_id": "node/299122250"}, "geometry": {"type": "Point", "coordinates": ["9.282804", "47.317324"]}}, {"type": "Feature", "properties": {"identifier": "10856a89-b261-49b6-b1c2-f4a405d2fabc", "name": "LABHART Chronometrie & Goldschmiede", "description": "LABHART Chronometrie & Goldschmiede seit 1886, Inhaber Romano Prader in Sankt Gallen.\n\nEntdecken Sie zeitlose Eleganz bei LABHART Chronometrie & Goldschmiede, dem traditionsreichsten Fachgesch\u00e4ft in Sankt Gallen seit 1886. Tauchen Sie ein in eine Welt exklusiver Markenuhren, edler Schmuckst\u00fccke und hochwertiger Trauringe. Unser umfangreiches Sortiment umfasst renommierte Manufakturmarken wie Patek Philippe, Omega und Breitling.\n\nLassen Sie sich von unserem fachkundigen Team pers\u00f6nlich beraten und entdecken Sie die Vielfalt unserer beeindruckenden Uhrenkollektion. Unsere Schmuckauswahl spiegelt h\u00f6chste Handwerkskunst wider, von namhaften Marken wie Marco Bicego, J\u00f6rg Heinz bis hin zu Niessing. Unter unserer Eigenmarke Labhart Princesse\u00ae kreiert unser erfahrener Goldschmiedemeister einzigartige Schmuckst\u00fccke von zeitloser Sch\u00f6nheit.\nF\u00fcr Individualisten bieten wir die M\u00f6glichkeit, massgeschneiderte Schmuckst\u00fccke nach Ihren W\u00fcnschen und Vorstellungen anzufertigen. In unserem umfangreichen Trauring-Sortiment pr\u00e4sentieren wir Top-Marken wie Furrer Jacot, Gerstner, Niessing und Siara. Oder lassen Sie Ihrer Kreativit\u00e4t freien Lauf und gestalten Sie Ihre Eheringe selbst in unserem einzigartigen Trauring-Workshop \u2013 hier sind fast alle W\u00fcnsche m\u00f6glich! Unser erfahrener Goldschmiedemeister steht Ihnen dabei beratend zur Seite.\nGeniessen Sie auch nach dem Kauf exzellenten Service in unserem hauseigenen Uhren- und Goldschmiedeatelier. Egal ob es um eine umfassende Reparatur Ihrer Uhr oder einen kleinen Reinigungsservice f\u00fcr Ihr Schmuckst\u00fcck geht \u2013 wir sind stets f\u00fcr Sie und Ihre Lieblingsst\u00fccke da, um ihre Sch\u00f6nheit zu bewahren. Tauchen Sie ein in die Welt von zeitlosem Luxus und exquisiter Handwerkskunst bei LABHART in Sankt Gallen.\n", "url": "https://www.chronometrie.ch/", "image": "https://sgbtpimtsoch.sos-ch-dk-2.exoscale-cdn.com/catalog/e/d/1/9/ed190f8302a360e65e7d15ec83efa6a136facd74_Labhart_Er__ffnung_klein.jpg", "openstreetmap_id": "node/5839480825"}, "geometry": {"type": "Point", "coordinates": ["9.376726400000052", "47.4247173"]}}, {"type": "Feature", "properties": {"identifier": "10efec41-b6a2-470f-b3e1-0f796b205dfa", "name": "Stellplatz Haus Ziel", "description": "Der Stellplatz am Natur Haus Ziel l\u00e4dt ein, den Blick \u00fcber das Tal schweifen zu lassen: Die Appenzeller- & Vorarlberger Alpen sind zum Greifen nahe! Die G\u00e4ste k\u00f6nnen auf dem Stellplatz verweilen oder einen Spaziergang in die nahe gelegene Altstadt von Altst\u00e4tten oder dem Vita Parcours unternehmen. F\u00fcr Aktive bietet sich auch eine Rundfahrt mit dem E-Bike \u00fcber den St. Anton an.", "url": "https://www.hausziel.ch/stellplatz-camping/", "image": "https://sgbtpimtsoch.sos-ch-dk-2.exoscale-cdn.com/catalog/2/1/a/6/21a63ea87910c32cdb2cb149f391cd837bb326aa_Eingang___1.jpg", "openstreetmap_id": "node/6451346157"}, "geometry": {"type": "Point", "coordinates": ["9.53469", "47.38879"]}}, {"type": "Feature", "properties": {"identifier": "122b13cd-fc7e-4655-9287-83d139d3f53d", "name": "Atzm\u00e4nnig-Beef", "description": "<p>Die Mischpakete an Fleisch, welche auf dem Hof angeboten werden kommen von ca. f\u00fcnf Monate alten K\u00e4lber und ca. zw\u00f6lf Monate alten Jungrindern. Diese konnten ihr ganzes Leben bei der Mutter soviel Milch trinken wie sie wollten. Je nach Jahreszeit fressen sie auch Gras, Heu und Silage. Die \"multikulti\" Herde besteht aus Mutterk\u00fchen der verschiedensten Rassen und ein Limousinstier, der f\u00fcr den Nachwuchs sorgt. Die Tiere geniessen ihr Leben im Naherholungsgebiet Atzm\u00e4nnig, auf der Alpweide hintere M\u00fcsliegg oder im Sommer auf der M\u00fcrtschenalp.&nbsp;</p><p>In der <a href=\"https://goldingertal.dev.cms.tso.ch/de/map/details/sunne-metzg-f10e731e-36e7-444c-98c5-bb5774702894.html\" target=\"_blank\">Sunne Metzg</a> in Hintergoldingen wird das Fleisch verarbeitet und nach ihren W\u00fcnschen verpackt.&nbsp;</p>", "image": "https://sgbtpimtsoch.sos-ch-dk-2.exoscale-cdn.com/catalog/3/a/0/c/3a0c04df449f1dbb415696246d63dd96af825c83_Atzm__nnig_Beef_1.jpg", "openstreetmap_id": "way/271931588"}, "geometry": {"type": "Point", "coordinates": ["8.982611188431074", "47.288796399999995"]}}, {"type": "Feature", "properties": {"identifier": "12e92662-d78e-4683-9704-ca38d32f746e", "name": "Restaurant Brauwerk", "description": "Herzst\u00fcck des Restaurant Brauwerk ist das klassische Sudwerk im Erdgeschoss mit einer Braukapazit\u00e4t von 500 Litern. \n\u200b\nDie Craft-Beer-Spielwiese - mitten in St.Gallen - verwirklicht nicht nur die Vision von einer modernen Brauhausgastronomie, sondern bietet auch jede Menge Platz f\u00fcr Bierkultur, Kulinarik, verr\u00fcckte Ideen und Begegnungen.\n\nZum Angebot geh\u00f6ren klassische Fleischgerichte sowie Brauwerkspezialit\u00e4ten. Nat\u00fcrlich sind auch f\u00fcr Vegetarier verschiedene Leckereien dabei. Ziel der Brauwerk K\u00fcche ist es, Bier und Food Pairing neu zu interpretieren.", "url": "http://www.restaurantbrauwerk.ch", "image": "https://sgbtpimtsoch.sos-ch-dk-2.exoscale-cdn.com/catalog/8/b/3/2/8b328bfdea98d921337878d799fdf7315c52780c_Restaurant_Brauwerk_DanielAmmann_01.jpg", "openstreetmap_id": "node/616127619"}, "geometry": {"type": "Point", "coordinates": ["9.37171", "47.42479"]}}, {"type": "Feature", "properties": {"identifier": "132058da-9ea2-4cb8-aa4c-d83d09051397", "name": "Appenzeller T\u00f6fflitour - by TOPAZ", "description": "<div class=\"object-block object-block-103 mb-section\"><p>Erleben Sie das unvergleichliche &bdquo;T&ouml;fflibuebe- &amp; meitle-Feeling&ldquo; neu. Ob als nostalgisches Comeback oder Premiere auf dem Mofa: Schnappen Sie sich Ihre Gruppe und tuckern Sie gem&uuml;tlich in den Feierabend. Auf verkehrsarmen Panoramastrasssen geniessen Sie die herrliche Abendstimmung, den Blick auf den imposanten Alpstein und das Gef&uuml;hl grenzenloser Freiheit.</p><h3>Die Tour im &Uuml;berblick</h3><ul><li><strong data-path-to-node=\"7,0,0\" data-index-in-node=\"0\">Strecke (ca. 44 km):</strong> Teufen &ndash; B&uuml;hler &ndash; Trogen &ndash; St. Anton &ndash; Oberegg &ndash; Rehetobel &ndash; Speicherschwendi &ndash; Speicher &ndash; Teufen.</li><li><strong>Dauer:</strong> 5 Stunden (jeweils von 10:00 bis 15:00 Uhr, reine Fahrzeit ca. 1.5 Stunden).</li><li><strong>Gruppe:</strong>&nbsp;2 bis 16 Personen (Gr&ouml;ssere Gruppen auf Anfrage).</li><li><strong>Navigaton:</strong>&nbsp;Einfaches Roadbook mit Bild und Text direkt am Lenker.</li></ul><h3>Leistungen &ndash; inklusive</h3><ul><li>Miet-T&ouml;ffli (klimaneutral via&nbsp;<em>myclimate</em>) inkl. Benzin.</li><li>Helm mit Hygieneunterzieher &amp; Regenponcho bei Bedarf.</li><li>Detaillierter Streckenbeschrieb &amp; Notfall-Pikett mit Ersatzt&ouml;ffli.</li></ul><h3>Wichtige Informationen</h3><ul><li><strong>Wetter:</strong>&nbsp;Wir fahren bei fast jedem Wetter (ausser Schnee). Bitte tragen Sie wetterfeste Kleidung und festes Schuhwerk.</li><li><strong>Sicherheit:</strong>&nbsp;Helme sind mit Visier ausgestattet. Es gelten die Schweizer Verkehrsregeln; die Haftung liegt bei den Lenkern.</li><li><strong>Klimaschutz:</strong>&nbsp;Seit 2018 kompensieren wir unsere Emissionen &uuml;ber die Stiftung&nbsp;<em>myclimate</em>&nbsp;(F&ouml;rderprogramm Agroforst).</li><li><strong>Treffpunkt:</strong>&nbsp;Hauptstrasse 59, 9053 Teufen AR.</li></ul><p><strong>Buchungshinweis:</strong> Unser B&uuml;ro ist Mo&ndash;Fr (09:00&ndash;17:00 Uhr) besetzt. Buchungen f&uuml;r das Wochenende k&ouml;nnen nur bis Freitag, 17:00 Uhr entgegengenommen werden.</p></div>", "url": "https://zeitreisen.ch", "image": "https://sgbtpimtsoch.sos-ch-dk-2.exoscale-cdn.com/catalog/8/d/8/5/8d85e3eb9244e4a71c32a30bb3624fd47978c4ee_T__ffli_Tour.jpg", "openstreetmap_id": "way/317842895"}, "geometry": {"type": "Point", "coordinates": ["9.37338709831238", "47.38963444745751"]}}, {"type": "Feature", "properties": {"identifier": "132a8c17-153e-480f-b1d8-8352dcaf19b7", "name": "Feuerstelle Bergstation", "description": "<p>Diese sch&ouml;ne Feuerstelle liegt direkt oberhalb der Bergstation des Sesselliftes sch&ouml;n im Schatten.&nbsp;</p>\n<p>Sie bietet Holz und Sitzgelegenheiten und der erste Posten des <a href=\"https://goldingertal.ch/de/map/details/spatz-maenni-erlebnisweg-3d2479a9-bb3d-4d45-8a0e-ad85c6e01032.html\" target=\"_blank\" rel=\"noopener\">Spatzm&auml;nniweges</a> befindet sich ebenfalls an diesem Ort.&nbsp;</p>", "image": "https://sgbtpimtsoch.sos-ch-dk-2.exoscale-cdn.com/catalog/e/c/a/d/ecadf69609284c22029ffce73736c66f7c3f12fb_Carina_Scheuringer_Goldingertal_Atzmaennig_HR_81.jpg", "openstreetmap_id": "node/5283577927"}, "geometry": {"type": "Point", "coordinates": ["9.011047482490541", "47.279480152374894"]}}, {"type": "Feature", "properties": {"identifier": "137b7fb7-d649-4da7-acbd-e93f85c3304d", "name": "Sportbahnen Atzm\u00e4nnig AG", "description": "<p>Die Sportbahnen Atzm&auml;nnig AG in Goldingen ist ein vielseitiges Ausflugsziel f&uuml;r die ganze Familie. Umgeben von idyllischer Natur bieten sie ganzj&auml;hrig abwechlungsreiche Freizeit- und Sportm&ouml;glichkeiten.&nbsp;</p><p>Im Sommer locken Attraktionen wie die beliebte Rodelbahn, der Seilpark, Wanderwege sowie ein Kulturangebot. Im Winter verwandelt sich der Atzm&auml;nnig in ein famili&auml;res Skigebiet mit Skipisten, Schlittelpisten, Schneeschuhtrails und der Winterarena f&uuml;r Beginner.</p><p>Erg&auml;nzt wird das Angebot durch verschiedene &Uuml;bernachtungsm&ouml;glichkeiten und gem&uuml;tliche Restaurants. Zudem stehen attraktive Gruppenangebote f&uuml;r Schulen, Vereine und Firmen zur Verf&uuml;gung. Weitere Informationen zu allen Angeboten und Aktivi&auml;ten sind auf der Webseite der Sportbahnen Atzm&auml;nnig AG zu finden.</p><p>Ob Aktion, Erholung oder Naturgenuss - die Sportbahnen Atzm&auml;nnig AG verbinden Bewegung, Erlebnis und Entspannung in einer einzigartigen Berglandschaft.&nbsp;</p><p class=\"MsoNormal\">Anreise mit den &ouml;ffentlichen Verkehrsmitteln:<br>Bus 630 von Eschenbach (Dorftreff) nach Hintergoldingen (Atzm&auml;nnig Schutt)</p>", "url": "https://www.atzmaennig.ch/", "image": "https://sgbtpimtsoch.sos-ch-dk-2.exoscale-cdn.com/catalog/7/3/d/5/73d5841d80961b0b4de6e31d27957f5021524356_202506_spielplatz_talstation_atzmaennig_goldingertal_atzmaennig_71__16_.jpg", "openstreetmap_id": "way/45492419"}, "geometry": {"type": "Point", "coordinates": ["8.996053934097292", "47.28470266227095"]}}, {"type": "Feature", "properties": {"identifier": "137ca756-8aa8-4349-81cc-04a093c98b1f", "name": "Lidl Sportpark Bergholz", "description": "<p>Das grossz&uuml;gige und moderne Hallenbad ist ganzj&auml;hrig ge&ouml;ffnet, w&auml;hrend im Sommer die Freib&auml;der Bergholz und Weierwiese zum Baden einladen. Ein moderner und gem&uuml;tlicher Wellnessbereich sorgt ebenso wie wohltuende Massage- und Kosmetikbehandlungen f&uuml;r Erholung. Im Lidl Sportpark Bergholz werden ausserdem verschiedene Aqua-Training-, Schwimm- und Eislaufkurse angeboten, und im Badeshop wird die aktuellste Bademode pr&auml;sentiert. Im Winter l&auml;dt die Eisfl&auml;che zum Schlittschuhlaufen ein, und von April bis Juni l&auml;sst der Mini-Flitzer Indoor R&auml;dlipark Kinderherzen h&ouml;herschlagen. Das famili&auml;re Fussballstadion begeistert sowohl kleine als auch grosse Stars. Dar&uuml;ber hinaus bietet das Areal einen Skatepark, eine Boulder-Anlage, diverse Fussballpl&auml;tze und einen grossz&uuml;gigen Kinderspielplatz. Nach der sportlichen Bet&auml;tigung oder f&uuml;r besondere Anl&auml;sse wie Seminare und Tagungen bietet das moderne Restaurant mit Indoor-Spielplatz ein attraktives Verpflegungsangebot. Der Bergholz-Sportpark ist schweizweit der erste Minergie-zertifizierte Sportpark. So wird beispielsweise die Abw&auml;rme aus der Eishalle genutzt, um das Freibad zu temperieren, sodass den G&auml;sten bis Mitte September ein angenehmer Badespass garantiert ist. Komm vorbei, lass den Alltag hinter Dir und geniesse die Zeit im Lidl Sportpark Bergholz.</p>", "url": "https://www.bergholzwil.ch/", "image": "https://sgbtpimtsoch.sos-ch-dk-2.exoscale-cdn.com/catalog/a/d/3/b/ad3bfa460cb43a545de4ba51727116d0b5917fcd_DJI_0024.JPG", "openstreetmap_id": "node/9653790444"}, "geometry": {"type": "Point", "coordinates": ["9.037220478057863", "47.45770705610449"]}}, {"type": "Feature", "properties": {"identifier": "14837aff-3b6c-4bf7-83b1-f7985e72c61a", "name": "Apartment Dufour", "description": "Wo sich die H\u00fcgel des Appenzellerlandes, die Rheintalebene und die Bodenseelandschaft begegnen, liegt das historische St\u00e4dtchen Rheineck. Und hier, zwischen dem \u00e4ltesten Siedlungsteil, dem Fahr und den dichtgef\u00fcgten Gassen der fr\u00fcheren Stadtmauern, begr\u00fcsst das Hotel Hecht seine G\u00e4ste. \n\nIm Hotel Hecht steht ein h\u00fcbsches 3-Zimmer-Apartment (klimatisiert) zur Verf\u00fcgung, welches f\u00fcr einen k\u00fcrzeren oder l\u00e4ngeren Urlaub in der Gegend vermietet wird. Zum Hotel Hecht mit 14 Zimmern (klimatisiert) geh\u00f6ren im Erdgeschoss ein Restaurant mit 60 Pl\u00e4tzen und eine Sonnenterrasse f\u00fcr 60 Personen. Das Restaurant mit Terrasse und die Smokers-Lounge sind \u00f6ffentlich. \n\nDie Unterkunft: Das 3-Zimmer-Apartment befindet sich im 1. Stock des Hotel Hecht und hat zwei Schlafzimmer, ein kleines Wohnzimmer, eine kleine K\u00fcche und ein Bad mit WC. Alle drei Zimmer sind klimatisiert und mit grossem TV ausgestattet. Zudem haben die G\u00e4ste alle Annehmlichkeiten eines Hotels und Restaurants im Haus. \n\nZugang f\u00fcr G\u00e4ste: Die G\u00e4ste ben\u00fctzen den Hoteleingang. Das Apartment im 1. Stock (kein Lift) ist privat. Am Sonntag und Montag ist das Restaurant geschlossen. Die Rezeption ist t\u00e4glich besetzt. \n\nWeitere wichtige Hinweise: Bei Aufenthalten ab 4 Tagen gibt es w\u00f6chentlich einen W\u00e4schewechsel und f\u00fcr Fr. 12.00 (anstatt Fr. 18.00) darf im Hotel gefr\u00fchst\u00fcckt werden.", "url": "https://hotelhecht-rheineck.ch/", "image": "https://sgbtpimtsoch.sos-ch-dk-2.exoscale-cdn.com/catalog/9/6/9/6/96966dedb360f8f4a5216816dc992d225d9546c6_TDS00020013459833615_sized_800_0.jpg", "openstreetmap_id": "6515922667"}, "geometry": {"type": "Point", "coordinates": ["9.5918208", "47.4647847"]}}, {"type": "Feature", "properties": {"identifier": "14c71dd5-60b0-4821-8e63-a20f039b382b", "name": "Hotel Balga", "description": "Das Natur- und Bikehotel Balga, ein kleines aber schickes Pl\u00e4tzchen, mitten im Dorfkern von Balgach. Abseits urbaner Hektik. Hier, auf dem Land, ist die Natur unser Lebenselixier. Die Weinberge sind unser Zuhause. Unsere Passion f\u00fcrs Biken echt. Deshalb sind wir auch ein zertifiziertes 3-Sterne Bikehotel und setzen alles daran, dass ihr euch bei uns wohlf\u00fchlt. Ganz nah an der Natur \u2013 und zwar das ganze Jahr hindurch.\n\nUnsere Zimmer sind modern und gem\u00fctlich zugleich. Zeitlos und schlicht \u2013 mit dem h\u00f6chsten Schlafkomfort f\u00fcr unsere G\u00e4ste. Eine umfangreiche Bike-Infrastruktur mit Fahrrad-Waschanlage, E-Bikeladestation, Ersatzteile-Shop, Waschmaschine und Tumbler sowie ein 24-Stunden-Check-in und kostenlose Parkpl\u00e4tze machen den Aufenthalt bei uns im\nBalga bequem und einfach. Und dank verschiedenster Zimmerkategorien seid ihr als Paar, Familie, allein oder mit Freunden bestens versorgt.\n\nIm hoteleigenen Restaurant Hedwig servieren wir zum Fr\u00fchst\u00fcck ein Buffet aus regionalen Leckereien, mittags gibt es hausgemachte Men\u00fc's und abends naturnahe Gerichte zum Teilen \u2013 passend zur Saison und zum gemeinsamen Geniessen.", "url": "https://hotel-balga.ch/", "image": "https://sgbtpimtsoch.sos-ch-dk-2.exoscale-cdn.com/catalog/d/1/f/e/d1fe9726f53ac4f664e30f65d3d4aebbfbc79ddc_Hotel_Balga_9140_web__2.jpg", "openstreetmap_id": "node/10805137528"}, "geometry": {"type": "Point", "coordinates": ["9.607920000000036", "47.40694"]}}, {"type": "Feature", "properties": {"identifier": "157db61d-6c1b-4f45-bea1-5c472fee5756", "name": "Widnau"}}, {"type": "Feature", "properties": {"identifier": "162e063e-bc0d-4d07-8713-ea901f8b2c4c", "name": "Besichtigung The Square \u2013 Universit\u00e4t St.\u202fGallen", "description": "<p>Erleben Sie die moderne Lern- und Begegnungswelt der HSG: The Square verbindet Innovation, Wirtschaft und Architektur auf einzigartige Weise.Die Besichtigung ist ideal f&uuml;r Gruppen, die Inspiration, Wissen und spannende Einblicke in die Universit&auml;t suchen.</p>", "image": "https://sgbtpimtsoch.sos-ch-dk-2.exoscale-cdn.com/catalog/a/4/2/0/a4204b713a4c0e4299e26455aa199db3fb6bb425_Keystory_2023_Square_Uni_St.Gallen_3__1_.jpg"}, "geometry": {"type": "Point", "coordinates": ["9.3748118", "47.4333248"]}}, {"type": "Feature", "properties": {"identifier": "163d7d58-8e20-4d29-b342-055596816940", "name": "Rundwanderung Neuhaus - Neuh\u00fcslertobel", "description": "<p>Gestartet wird vis-&agrave;-vis der alten Holzbr&uuml;cke. Der Fussweg f&uuml;hrt entlang einer Wasserleitung, mit der heute noch Strom aus Wasserkraft produziert wird. &Uuml;ber aufgeh&auml;ngte Stege und luftige Br&uuml;cken gelangt man ans Ende des Tobels, wo sich ein kleiner Stausee befindet. Durch einen kurzen, aber steilen Aufstieg erreicht man das \"Chasteli\". Von dort f&uuml;hrt ein kurzer Fussmarsch wieder nach Neuhaus zur&uuml;ck.</p><p>Die gesamte Rundwanderung ist ca. 2km lang und dauert etwa 1 Stunde.</p><p class=\"MsoNormal\">Anreise mit den &ouml;ffentlichen Verkehrsmitteln:<br>Bus 622 oder 631 von Eschenbach (Dorftreff) nach Neuhaus (Ochsen)</p><p class=\"MsoNormal\">Die genaue Route sowie die GPX Daten sind unter diesem <a href=\"https://schweizmobil.ch/de/tour/2438034\">Link</a>&nbsp;ersichtlich.</p>", "image": "https://sgbtpimtsoch.sos-ch-dk-2.exoscale-cdn.com/catalog/c/9/4/d/c94d74f7c5fcc5ed010a09e6fc54ab926f08d261_DSC08064.JPG", "openstreetmap_id": "way/1089863661"}, "geometry": {"type": "Point", "coordinates": ["8.95117521286011", "47.24398897772313"]}}, {"type": "Feature", "properties": {"identifier": "17ce3992-8d1a-4d9a-9d77-5f6cb9638ee2", "name": "Winter Teamerlebnis Schneeschuhtour hoch \u00fcber dem Walensee", "description": "<p class=\"MsoNormal\">Bei dieser Schneeschuhtour erlebst du die verschneite Landschaft am Kerenzerberg - fernab vom Trubel &ndash; Schritt f&uuml;r Schritt, ganz im eigenen Rhythmus.</p><p class=\"MsoNormal\">Abseits pr&auml;parierter Wege f&uuml;hrt dich dein Guide durch unber&uuml;hrte Winterlandschaften, vorbei an glitzernden Schneefeldern und verschneiten W&auml;ldern. Mit Schneeschuhen an den F&uuml;ssen wird selbst tiefer Pulverschnee m&uuml;helos begehbar &ndash; ideal f&uuml;r Einsteiger ebenso wie f&uuml;r erfahrene Winterliebhaber.</p><p class=\"MsoNormal\"><strong>Was dich erwartet:</strong></p><ul style=\"margin-top: 0cm;\" type=\"disc\"><li class=\"MsoNormal\" style=\"mso-list: l0 level1 lfo1; tab-stops: list 36.0pt;\">Naturerlebnis in absoluter Ruhe</li><li class=\"MsoNormal\" style=\"mso-list: l0 level1 lfo1; tab-stops: list 36.0pt;\">Sanfte Bewegung an der frischen Bergluft</li><li class=\"MsoNormal\" style=\"mso-list: l0 level1 lfo1; tab-stops: list 36.0pt;\">Faszinierende Ausblicke auf die Winterlandschaft</li><li class=\"MsoNormal\" style=\"mso-list: l0 level1 lfo1; tab-stops: list 36.0pt;\">Spannende Einblicke in Natur, Tierwelt und Region</li></ul><p class=\"MsoNormal\">Ob als entschleunigendes Naturerlebnis, aktiver Teamevent oder besonderes Gruppenerlebnis &ndash; diese Tour verbindet Bewegung, Achtsamkeit und die Magie des Winters.</p><p class=\"MsoNormal\"><strong>Jetzt eintauchen in die Stille des Winters &ndash; und die verschneite Welt auf leisen Sohlen entdecken.</strong></p><p class=\"MsoNormal\">&nbsp;</p>", "url": "https://www.rafters.ch/winterevents/schneeschuhtouren/index.html", "image": "https://sgbtpimtsoch.sos-ch-dk-2.exoscale-cdn.com/catalog/1/9/6/2/1962f1222da7a7e64d4cb301786b79000eecae51_Teamevent_Winter_.jpg", "openstreetmap_id": "node/9041170563"}, "geometry": {"type": "Point", "coordinates": ["9.1246868", "47.1040405"]}}, {"type": "Feature", "properties": {"identifier": "182d93a2-39d1-4904-aebd-27855c9bce90", "name": "APODRO Drogerie Eschenbach", "description": "<p>Fachpersonen beraten sie gerne kompetent und individuell bei Fragen rund um Ihre Gesundheit und Sch\u00f6nheit. Neben dem klassischen Sortiment einer Drogerie finden sie bei uns zudem kreative Geschenkideen und Papeterie Artikel. Zus\u00e4tzlich k\u00f6nnen Sie hier in Zusammenarbeit mit unserer APODRO Apotheke s\u00e4mtliche Arzt- und Spitalrezepte einl\u00f6sen. </p><p><span style=\"font-weight: bold;\">Angebot:</span></p><ul><li>Drogerie</li><li>Papeterie Artikel</li><li>Verkaufsstelle Goldig\u00e4 Taler</li><li>Einl\u00f6sen vom Goldig\u00e4 Taler<br><br></li></ul><p>In der APODRO Drogerie kann der Goldig\u00e4 Taler eingel\u00f6st sowie gekauft werden.</p>", "url": "https://www.apodro.ch/%C3%BCber-uns/apodro-standorte/eschenbach/", "image": "https://sgbtpimtsoch.sos-ch-dk-2.exoscale-cdn.com/catalog/b/3/1/8/b318a1ad534eb3c51f57aa93107524faac36dce5_1718909944663__1_.jpg", "openstreetmap_id": "node/475204285"}, "geometry": {"type": "Point", "coordinates": ["8.9223042", "47.2409953"]}}, {"type": "Feature", "properties": {"identifier": "1872d1ad-bdf5-4fda-8d42-522dedca40cf", "name": "Alpwirtschaft H\u00fcttenberg", "description": "<p>Der H\u00fcttenberg liegt auf 1058 m.\u00fc.M. und ist von der Bergstation Atzm\u00e4nnig in ca. 35 Minuten oder vom Parkplatz Oberricken (Walde ) in knapp 25 Minuten zu erreichen. </p><p>Von der Sonnenterrasse bietet sich eine 180 Grad Panoramasicht vom Appenzellerland, Toggenburg \u00fcber die Glarnerberge bis weit in die Zentralschweiz.<br></p>", "url": "https://www.huettenberg-walde.ch/", "image": "https://sgbtpimtsoch.sos-ch-dk-2.exoscale-cdn.com/catalog/f/7/e/4/f7e453f70ec630062756dda65054238cdee89d3f_20230617_102204__1_.jpg", "openstreetmap_id": "node/11264506237"}, "geometry": {"type": "Point", "coordinates": ["9.023240804672243", "47.27748204385754"]}}, {"type": "Feature", "properties": {"identifier": "19025f40-bd6d-475b-b6c5-8fae6ca5a7fe", "name": "Goldinger Rundwanderung \u00fcber den Tweralpspitz", "description": "<p style=\"--tw-border-spacing-x: 0; --tw-border-spacing-y: 0; --tw-translate-x: 0; --tw-translate-y: 0; --tw-rotate: 0; --tw-skew-x: 0; --tw-skew-y: 0; --tw-scale-x: 1; --tw-scale-y: 1; --tw-scroll-snap-strictness: proximity; --tw-ring-offset-width: 0px; --tw-ring-offset-color: #fff; --tw-ring-color: rgb(59 130 246 / .5); --tw-ring-offset-shadow: 0 0 #0000; --tw-ring-shadow: 0 0 #0000; --tw-shadow: 0 0 #0000; --tw-shadow-colored: 0 0 #0000; padding-top: 0px;\">Der erste Teil der Wanderung folgt dem Frechspatz M&auml;nni Erlebnisweg, der in Zusammenarbeit mit dem bekannten Kinderliedmacher Andrew Bond entstanden ist. Wer den Aufstieg auf den Oberatzm&auml;nnig nicht auf sich nehmen will,&nbsp;l&auml;sst sich von der Sesselbahn bequem auf den Berg tragen. Hier erwartet Sie das Bergrestaurant Harz mit der sch&ouml;nen Aussicht auf die Linthebene und den Obersee hinunter.</p><p style=\"--tw-border-spacing-x: 0; --tw-border-spacing-y: 0; --tw-translate-x: 0; --tw-translate-y: 0; --tw-rotate: 0; --tw-skew-x: 0; --tw-skew-y: 0; --tw-scale-x: 1; --tw-scale-y: 1; --tw-scroll-snap-strictness: proximity; --tw-ring-offset-width: 0px; --tw-ring-offset-color: #fff; --tw-ring-color: rgb(59 130 246 / .5); --tw-ring-offset-shadow: 0 0 #0000; --tw-ring-shadow: 0 0 #0000; --tw-shadow: 0 0 #0000; --tw-shadow-colored: 0 0 #0000; padding-top: 0px;\">Wer m&ouml;chte, macht einen Abstecher zum <a href=\"https://goldingertal.ch/de/map/details/alpwirtschaft-huettenberg-1872d1ad-bdf5-4fda-8d42-522dedca40cf.html\">Restaurant H&uuml;ttenberg</a> hinunter. Hier geniessen Sie nebst einem w&auml;hrschaften Essen auch einen grandiosen Ausblick &uuml;ber die Linthebene. Ansonsten f&uuml;hrt der Weg auf der Grath&ouml;he &uuml;ber die Schwammegg zum Hinterrotstein.&nbsp;Wenig sp&auml;ter verzweigt sich der Weg: Rechts &uuml;ber Rotstein und Tweralpspitz zur Chr&uuml;zegg. Da und dort verweisen Tafeln des <a href=\"https://goldingertal.ch/de/map/details/geoweg-chruezegg-6ef26262-0aea-4b3f-b5fc-e2737d0efc8c.html\">Geowegs</a> auf die geologischen Besonderheiten des Gebietes. Bald ist das <a href=\"https://goldingertal.ch/de/map/details/berggasthaus-chruezegg-e289de46-edee-4602-8063-033c9ba4dac6.html\">Berggasthaus Chr&uuml;zegg</a> erreicht. Hier l&auml;dt eine grosse, sonnige Aussichtsterrasse zur Rast. Die Rundsicht ist atemberaubend: vorne bis weit &uuml;ber das Goldingertal zum Z&uuml;richsee, rechts auf die Gipfel des T&ouml;ssberglandes, nach hinten bis hinauf zum Bodensee und links auf den S&auml;ntis und die Churfirsten. Zu den Spezialit&auml;ten des Hauses geh&ouml;ren der hausgemachte K&auml;se, der nur hier erh&auml;ltlich ist, sowie das Mineralwasser und die Limonade aus der eigenen Quelle.</p><p style=\"--tw-border-spacing-x: 0; --tw-border-spacing-y: 0; --tw-translate-x: 0; --tw-translate-y: 0; --tw-rotate: 0; --tw-skew-x: 0; --tw-skew-y: 0; --tw-scale-x: 1; --tw-scale-y: 1; --tw-scroll-snap-strictness: proximity; --tw-ring-offset-width: 0px; --tw-ring-offset-color: #fff; --tw-ring-color: rgb(59 130 246 / .5); --tw-ring-offset-shadow: 0 0 #0000; --tw-ring-shadow: 0 0 #0000; --tw-shadow: 0 0 #0000; --tw-shadow-colored: 0 0 #0000; padding-top: 0px;\">&Uuml;brigens: Wer nicht die ganze Wanderung &uuml;ber die Chr&uuml;zegg unter die F&uuml;sse nehmen will, macht sich bereits bei der Oberen Tweralp auf den R&uuml;ckweg nach Schutt. Auf halbem Weg, wo die asphaltierte Strasse beginnt, treffen Sie dann auf das <a href=\"https://goldingertal.ch/de/map/details/restaurant-alp-altschwand-f93d6e26-251d-4c65-babb-771f3b4b2b91.html\">Restaurant Alp Altschwand</a>.&nbsp;Hier&nbsp;erwartet Sie eine gutb&uuml;rgerliche K&uuml;che mit saisonalen Men&uuml;s.</p><p style=\"--tw-border-spacing-x: 0; --tw-border-spacing-y: 0; --tw-translate-x: 0; --tw-translate-y: 0; --tw-rotate: 0; --tw-skew-x: 0; --tw-skew-y: 0; --tw-scale-x: 1; --tw-scale-y: 1; --tw-scroll-snap-strictness: proximity; --tw-ring-offset-width: 0px; --tw-ring-offset-color: #fff; --tw-ring-color: rgb(59 130 246 / .5); --tw-ring-offset-shadow: 0 0 #0000; --tw-ring-shadow: 0 0 #0000; --tw-shadow: 0 0 #0000; --tw-shadow-colored: 0 0 #0000; margin-bottom: 0px;\">F&uuml;r die G&auml;ste auf der Chr&uuml;zegg geht die Route nach der Pause weiter Richtung Chabis und Oberchamm, wo sie ziemlich steil hinunter f&uuml;hrt. Beim Bach angekommen geht es gem&auml;chlich zur&uuml;ck zur Talstation der Sportbahnen Atzm&auml;nnig.</p><p class=\"MsoNormal\">Anreise mit den &ouml;ffentlichen Verkehrsmitteln:<br>Bus 630 von Eschenbach (Dorftreff) nach Hintergoldingen (Atzm&auml;nnig Schutt)</p><p class=\"MsoNormal\">Die genaue Route sowie die GPX Daten sind unter diesem <a href=\"https://schweizmobil.ch/de/tour/5219512\">Link</a>&nbsp;ersichtlich.</p>", "url": "https://www.atzmaennig.ch/", "image": "https://sgbtpimtsoch.sos-ch-dk-2.exoscale-cdn.com/catalog/c/f/8/6/cf865d8c7662f35062648781dc0808a3f511cc70_Wanderweg_Chr__zegg_Blick_Vrenelisg__rtli.JPG", "openstreetmap_id": "node/726611392"}, "geometry": {"type": "Point", "coordinates": ["8.996230959892275", "47.28469859947765"]}}, {"type": "Feature", "properties": {"identifier": "1939feb9-f820-40c4-a545-b7dff23845d4", "name": "Olma Messen St.Gallen", "description": "Ob f\u00fcr eine Tagung mit 100 Personen, f\u00fcr ein Bankett mit 1000 G\u00e4sten, f\u00fcr einen Kongress mit 1500 oder eine GV mit 4000 Teilnehmern \u2013 Die Olma Messen St.Gallen bieten die passenden R\u00e4ume mit modernster Infrastruktur und Veranstaltungstechnik \u2013 erstklassiges Catering inklusive. Die Hallen sind sehr beliebt als Locations f\u00fcr Events, Konzerte oder Musical-Produktionen. J\u00e4hrlich zieht das Team der Olma Messen St.Gallen bei \u00fcber 100 Veranstaltungen die Strippen hinter den Kulissen und schafft echte Erlebnisse und wertvolle Begegnungen f\u00fcr zehntausende von Menschen.\n\nDas flexible Raumangebot von modularen Tagungsr\u00e4umen bis zu Hallen\nf\u00fcr Grossanl\u00e4sse mit den jeweiligen ad\u00e4quaten Foyers erm\u00f6glicht individuelle Settings von Kongressen und Events. Die zentrale Lage im Herzen der Stadt St.Gallen, die bequeme Anbindung an den \u00d6V, der direkte Autobahnanschluss, ein attraktives Parkplatzangebot und Hotelkapazit\u00e4ten geh\u00f6ren ebenfalls dazu.", "url": "https://www.olma-messen.ch/veranstalten/kongress-und-tagung/", "image": "https://sgbtpimtsoch.sos-ch-dk-2.exoscale-cdn.com/catalog/a/7/3/c/a73ca0a9436603ff413fb8992bb84a83bd1cb8d8_CongressEvents_13.jpg", "openstreetmap_id": "way/268684903"}, "geometry": {"type": "Point", "coordinates": ["9.385859900000014", "47.4335726"]}}, {"type": "Feature", "properties": {"identifier": "19a0ad43-e705-4f0e-b335-d5716329677c", "name": "NOMOL First- & Secondhand", "description": "<p class=\"MsoNormal\">In dem kleinen, feinen Laden finden Besucher:innen sorgf&auml;ltig ausgew&auml;hlte First- und Secondhand-Kleider, Accessoires und Taschen &ndash; darunter viele hochwertige Markenst&uuml;cke zu erschwinglichen Preisen. Jedes einzelne Teil wird von Hand gepr&uuml;ft und mit Bedacht ausgew&auml;hlt. Die pers&ouml;nliche Beratung rundet das Einkaufserlebnis ab und macht den Besuch zu etwas Besonderem.</p>", "url": "https://www.nomol-secondhand.ch/", "image": "https://sgbtpimtsoch.sos-ch-dk-2.exoscale-cdn.com/catalog/d/e/7/9/de791ac110de5f378e4765454870ed4de9f2dae0_20250924_nomol_laden_innen.jpg", "openstreetmap_id": "node/11159809659"}, "geometry": {"type": "Point", "coordinates": ["9.374043", "47.421742"]}}, {"type": "Feature", "properties": {"identifier": "19bc535d-d42d-444a-907e-9063d0a7826d", "name": "B\u00e4ckerei F\u00fcger Handmade St.Gallen", "description": "Die B\u00e4ckerinnen und B\u00e4cker verarbeiten die optimal gereiften Teige direkt vor den Augen der G\u00e4sten zu frischen Broten, Br\u00f6tchen, Z\u00f6pfen und nat\u00fcrlich Gipfeli.\n\nIn der Handmade Chocolaterie kann auch mitverfolgt werden, wie die verschiedenen Schokospezialit\u00e4ten entstehen. Angeboten werden auch frische Fr\u00fchst\u00fccksgerichte, nahrhafte Zn\u00fcni-Verpflegungen und feine Mittagsgerichte. Die Lounges oder auch die einladende Dachterrasse mit fantastischem Weitblick laden zum Schlemmen und Verweilen ein.", "url": "https://fueger-handmade.ch/stgallen/", "image": "https://sgbtpimtsoch.sos-ch-dk-2.exoscale-cdn.com/catalog/e/9/8/d/e98dfc43e486c3c46b52ba3760b6ba2f8dee88d1_DSC_0798.JPG", "openstreetmap_id": "way/28636733"}, "geometry": {"type": "Point", "coordinates": ["9.354676008224489", "47.420008188794"]}}, {"type": "Feature", "properties": {"identifier": "19d5863c-c7bd-4505-b550-77680e6a7656", "name": "Napoleonmuseum Arenenberg", "description": "Historisches Herzst\u00fcck des Arenenbergs ist das Napoleonmuseum im Schloss. Hier k\u00f6nnen die sorgf\u00e4ltig restaurierten, original ausgestatteten Wohnr\u00e4ume von K\u00f6nigin Hortense und der kaiserlichen Familie Napoleons III. besichtigt werden. Prachtvolle Zeltsalons, private R\u00fcckzugsr\u00e4ume, Zofenzimmer und kostbare Gem\u00e4lde aber auch ein handbestickter Kinderthron sind hier zu sehen. Umgeben ist das Schlossgut von einem Landschaftspark und vom Arenenberger Schul- und Gutsbetrieb, zu dem auch die Rebh\u00e4nge des eigenen Weinguts geh\u00f6ren.", "url": "https://napoleonmuseum.tg.ch", "image": "https://sgbtpimtsoch.sos-ch-dk-2.exoscale-cdn.com/catalog/b/d/8/2/bd82745f947502bee24b225d7dce3d72bbbde248_20210810_145909_resized.jpg", "openstreetmap_id": "node/1129328125"}, "geometry": {"type": "Point", "coordinates": ["9.0592034", "47.6726822"]}}, {"type": "Feature", "properties": {"identifier": "1a5e29ab-0d20-420b-9dbf-fc0783715fa2", "name": "Schienenerlebnisse", "description": "<p>Wir stellen Ihnen gerne ein Gesamtpaket unter der Ber&uuml;cksichtigung Ihrer W&uuml;nsche zusammen. Ob private oder gesch&auml;ftliche Anl&auml;sse &ndash; mit unserem Fachwissen und unserer Kreativit&auml;t beraten wir Sie ganz individuell und mit Liebe zum Detail.</p><p>Sie haben die M&ouml;glichkeit, aus bereits bestehenden Event-Beispielen auszuw&auml;hlen, diese je nach Wunsch individuell anzupassen oder f&uuml;r sich einen ganz eigenen Event zu gestalten. Mit dem untenstehenden Button gelangen Sie zu auserlesenen Event-Beispielen.</p>", "image": "https://sgbtpimtsoch.sos-ch-dk-2.exoscale-cdn.com/catalog/1/5/4/7/1547d935631eadac006cde3acfc2241be4ca9378_00_Titelbild_edited_1536x863.jpg", "openstreetmap_id": "node/158773000"}, "geometry": {"type": "Point", "coordinates": ["8.894150753920062", "47.55586341460734"]}}, {"type": "Feature", "properties": {"identifier": "1a81cde3-a416-40a9-b34f-435170e6dd08", "name": "Eintritt Chocolarium", "description": "<p data-v-20c93902=\"\" class=\"rich-text-paragraph\" piano-view-event=\"false\" style=\"margin-bottom: 1rem;\"><span class=\"text-space-pre-line rich-text-text\" data-abstract-init=\"body text\" style=\"\">Auf der Tour durch das Chocolarium erf\u00e4hrt man auf spielerische Weise viel Wissenswertes \u00fcber Schokolade und wie das Gl\u00fcck hineinkommt.</span></p><p data-v-20c93902=\"\" class=\"rich-text-paragraph\" piano-view-event=\"false\" style=\"margin-bottom: 1rem;\"><span class=\"text-space-pre-line rich-text-text\" data-abstract-init=\"body text\" style=\"\">Von der Glasgalerie aus beobachtet man, wie die beliebten Produkte von Munz und Minor hergestellt werden. Im Gl\u00fccksraum warten f\u00fcnf Schokoladenbrunnen darauf, verkostet zu werden, und am Ende des Tours kann man eine eigene Schokoladentafel nach Herzenslust verzieren. Abgerundet wird der Besuch mit einer Tasse Kaffee und einem Snack im Minor Caf\u00e9. F\u00fcr ein geeignetes Mitbringsel bietet der Shop eine grosse Auswahl an Schoggiprodukten frisch ab Fabrik.</span></p><p data-v-20c93902=\"\" class=\"rich-text-paragraph\" piano-view-event=\"false\" style=\"margin-bottom: 1rem;\"><span class=\"text-space-pre-line rich-text-text\" data-abstract-init=\"body text\" style=\"\"></span></p><p data-v-20c93902=\"\" class=\"rich-text-paragraph\" piano-view-event=\"false\" style=\"margin-bottom: 1rem;\"><span class=\"text-space-pre-line rich-text-text\" data-abstract-init=\"body text\" style=\"\">Chocolarium - das beliebte Ausflugsziel in der Ostschweiz heisst herzlich willkommen!</span></p><p data-v-20c93902=\"\" class=\"rich-text-paragraph\" piano-view-event=\"false\" style=\"margin-bottom: 1rem;\"><span class=\"text-space-pre-line font-weight-bold rich-text-text\" data-abstract-init=\"body text\" style=\"\">Das erwartet Sie:</span></p><ul><li style=\"margin-bottom: 1rem; color: rgb(15, 15, 15); font-family: Inter, -apple-system, BlinkMacSystemFont, &quot;Segoe UI&quot;, Roboto, &quot;Helvetica Neue&quot;, Arial, &quot;Noto Sans&quot;, sans-serif, &quot;Apple Color Emoji&quot;, &quot;Segoe UI Emoji&quot;, &quot;Segoe UI Symbol&quot;, &quot;Noto Color Emoji&quot;; font-size: 17px; letter-spacing: -0.05px;\"><span style=\"color: rgb(103, 118, 138); font-family: Lato, &quot;Helvetica Neue&quot;, Helvetica, Arial, sans-serif; font-size: 13px;\">Interaktiver Erlebnis-Rundgang</span></li><li style=\"margin-bottom: 1rem;\">Einblick in die Live-Produktion (Dienstag bis Freitag)</li><li style=\"margin-bottom: 1rem; color: rgb(15, 15, 15); font-family: Inter, -apple-system, BlinkMacSystemFont, &quot;Segoe UI&quot;, Roboto, &quot;Helvetica Neue&quot;, Arial, &quot;Noto Sans&quot;, sans-serif, &quot;Apple Color Emoji&quot;, &quot;Segoe UI Emoji&quot;, &quot;Segoe UI Symbol&quot;, &quot;Noto Color Emoji&quot;; font-size: 17px; letter-spacing: -0.05px;\"><span style=\"color: rgb(103, 118, 138); font-family: Lato, &quot;Helvetica Neue&quot;, Helvetica, Arial, sans-serif; font-size: 13px;\">Treffen mit unserer Show-Confiseurin</span></li><li style=\"margin-bottom: 1rem; color: rgb(15, 15, 15); font-family: Inter, -apple-system, BlinkMacSystemFont, &quot;Segoe UI&quot;, Roboto, &quot;Helvetica Neue&quot;, Arial, &quot;Noto Sans&quot;, sans-serif, &quot;Apple Color Emoji&quot;, &quot;Segoe UI Emoji&quot;, &quot;Segoe UI Symbol&quot;, &quot;Noto Color Emoji&quot;; font-size: 17px; letter-spacing: -0.05px;\"><span style=\"color: rgb(103, 118, 138); font-family: Lato, &quot;Helvetica Neue&quot;, Helvetica, Arial, sans-serif; font-size: 13px;\">Naschen erw\u00fcnscht!</span></li></ul><p data-v-20c93902=\"\" class=\"rich-text-paragraph\" piano-view-event=\"false\" style=\"margin-bottom: 1rem;\"><span class=\"text-space-pre-line font-weight-bold rich-text-text\" data-abstract-init=\"body text\" style=\"\">Personen</span><span class=\"text-space-pre-line rich-text-text\" data-abstract-init=\"body text\" style=\"\">: 1-30</span></p><p data-v-20c93902=\"\" class=\"rich-text-paragraph\" piano-view-event=\"false\" style=\"margin-bottom: 1rem;\"><span class=\"text-space-pre-line font-weight-bold rich-text-text\" data-abstract-init=\"body text\">Sprache</span><span class=\"text-space-pre-line rich-text-text\" data-abstract-init=\"body text\">: Deutsch &amp; Englisch</span></p><div><span class=\"text-space-pre-line rich-text-text\" data-abstract-init=\"body text\" style=\"white-space-collapse: preserve-breaks;\"><br></span></div><p data-v-20c93902=\"\" class=\"rich-text-paragraph\" piano-view-event=\"false\" style=\"margin-bottom: 1rem;\"><span class=\"text-space-pre-line rich-text-text\" data-abstract-init=\"body text\" style=\"\"><br></span></p>", "image": "https://sgbtpimtsoch.sos-ch-dk-2.exoscale-cdn.com/catalog/b/1/b/0/b1b012277430e713ab93a6b42fe405a879090ff5_Mischerei_Kinder_low__1_.jpg", "openstreetmap_id": "way/196358285"}, "geometry": {"type": "Point", "coordinates": ["9.164934160728885", "47.4130675"]}}, {"type": "Feature", "properties": {"identifier": "1b66cbd1-d873-476a-bbb0-4d74c9454313", "name": "Park (outdoor)"}}, {"type": "Feature", "properties": {"identifier": "1b95a540-fa27-4257-bf34-4040d34532a5", "name": "Restaurant - Hotel de Charme R\u00f6merhof", "description": "Das Boutiquehotel R\u00f6merhof in Arbon verbindet historischen Charme mit modernem Komfort. Elf individuell eingerichtete Zimmer, ein von Gault Millau ausgezeichnetes Gourmetrestaurant und zwei historische Banketts\u00e4le schaffen den idealen Rahmen f\u00fcr besondere Anl\u00e4sse, Tagungen und genussvolle Aufenthalte.\n\nDie sonnige Terrasse \u00fcber den alten Stadtmauern sowie die exklusive Davidoff Cigar Lounge bieten Raum f\u00fcr Entspannung. Dank der zentralen Lage im historischen Dorfkern von Arbon und der unmittelbaren N\u00e4he zum Bodensee ist der R\u00f6merhof sowohl f\u00fcr private Aufenthalte als auch f\u00fcr gesch\u00e4ftliche Anl\u00e4sse bestens geeignet.\n\nDer R\u00f6merhof steht f\u00fcr Geschichte, Eleganz, kulinarische H\u00f6hepunkte und herzliche Gastfreundschaft.", "url": "https://www.roemerhof-arbon.ch/", "image": "https://sgbtpimtsoch.sos-ch-dk-2.exoscale-cdn.com/catalog/5/d/1/7/5d17659dbbd2c3a3db90db9e2cd7f4a0a0fe2f63_Aussenansicht.jpg", "openstreetmap_id": "way/191210237"}, "geometry": {"type": "Point", "coordinates": ["9.43359", "47.51638"]}}, {"type": "Feature", "properties": {"identifier": "1c718eb7-a16e-4f2e-9307-f66fe59a49b5", "name": "Bier von Frau zu Frau", "description": "<p>Erlebe in Begleitung mit unserer Bier-Sommeli&egrave;re die reiche Welt der Biere von einer v&ouml;llig neuen Seite. Erhalte einen interessanten Einblick in die Geschichte und Herstellung des Biers und degustiere unter kundiger Begleitung die verschiedensten Bierstile. Erfahre, wie die Biere richtig ausgeschenkt werden und welche Bierstile mit welchen Speisen besonders gut harmonieren.</p>", "url": "http://www.schuetzengarten.ch", "image": "https://sgbtpimtsoch.sos-ch-dk-2.exoscale-cdn.com/catalog/7/8/b/2/78b219e8816e9543a8d9afc83fcda7a291f91471_Schuega_29_0134__2.jpg", "openstreetmap_id": "node/7193106970"}, "geometry": {"type": "Point", "coordinates": ["9.37906", "47.42968"]}}, {"type": "Feature", "properties": {"identifier": "1d9734b5-41b6-483b-a644-bc4779443bb2", "name": "Xundsy | Gesund sein \u2013 Gesund bleiben", "description": "<p>Heutzutage ist es wichtig, den K\u00f6rper bei der Ausleitung von Schadstoffen zu unterst\u00fctzen. Die Ents\u00e4uerung und Entschlackung mit dem Body Detox\u00ae Elektrolyse Fussbad hat sich deshalb bew\u00e4hrt, weil tausende von spezialisierten Schweissdr\u00fcsen an den F\u00fcssen eine \u00fcberdurchschnittliche Ausleitung erm\u00f6glichen. </p><p><span style=\"font-weight: bold;\">Angebot:</span> </p><ul><li>Body Detox\u00ae Elektrolyse Fussbad - eine Anwendung dauert zwischen 20-30 Minuten und wird mittels verschiedenen Programmen individuell auf den Klienten abgestimmt. Dabei k\u00f6nnen Lymph-Fluss und Durchblutung auf angenehme und sp\u00fcrbare sanfte Art angeregt werden. </li><li>Stoffwechselkur - mit diesem mehrfach erprobten Programm haben mittlerweile \u00fcber 500\u2018000 Menschen in Deutschland, \u00d6sterreich und Schweiz erfolgreich und nachhaltig abgenommen. </li><li>Darmkur - ich begleite vor, w\u00e4hrend und auch nach einer Darmkur.</li><li>PLUS NEU - Kristallmatte von VITORI\u00ae! Entdecke die Gesundheit und Entspannung auf Knopfdruck Die VITORI\u00ae Kristallmatte verf\u00fcgt \u00fcber 13 verschiedene Magnetfeldprogramme und kann auch manuell eingestellt werden. Unter anderem ist auch die Schumann-Frequenz einprogrammiert. Dabei handelt es um den Herzschlag der Erde. Diese Resonanz geht mit vielf\u00e4ltigen Vorteilen f\u00fcr Gesundheit und Wohlbefinden einher.<br><br></li></ul><p><span style=\"font-weight: bold;\">Vermietung:</span> </p><ul><li>Body Detox\u00ae Elektrolyse Fussbad </li><li>VITORI\u00ae Kristallmatte<br></li></ul>", "url": "https://www.xundsy.ch/", "image": "https://sgbtpimtsoch.sos-ch-dk-2.exoscale-cdn.com/catalog/d/5/8/9/d58942b819ba992b83cbb377dc4c300dc7ab3a6b_Raum_Gibswil.jpg", "openstreetmap_id": "way/987155176"}, "geometry": {"type": "Point", "coordinates": ["8.915291594020218", "47.3146929"]}}, {"type": "Feature", "properties": {"identifier": "1dc530e5-6599-423b-b55d-972b17e35bcb", "name": "Simon Enzler", "description": "<p>Simon Enzler ist seit Mitte der 90er Jahre auf den B\u00fchnen, die die Welt bedeuten, zuhause. Eines seiner Markenzeichen ist sein markanter Appenzeller Dialekt. Die Moderation der Sendung&nbsp;<span style=\"font-family: Arial, sans-serif; font-size: 10pt;\">\u00ab</span>Comedy im Casino<span style=\"font-family: Arial, sans-serif; font-size: 10pt;\">\u00bb</span>&nbsp;des Schweizer Fernsehens machte ihn einem breiten Schweizer Publikum bekannt.</p>", "url": "https://www.simonenzler.ch/index.php", "image": "https://sgbtpimtsoch.sos-ch-dk-2.exoscale-cdn.com/catalog/c/f/2/f/cf2f74869a7f4e083f76167ce9485ce1f19ef511_simon_enzler.jpg", "openstreetmap_id": "way/1112993660"}, "geometry": {"type": "Point", "coordinates": ["9.3454725", "47.3797849"]}}, {"type": "Feature", "properties": {"identifier": "1e3a42ba-2d41-417e-94d7-51bf152448e9", "name": "Restaurant & Bistro Sauceria", "description": "Die Sauceria ist in der gastronomisch neu belebten Engelgasse in der St. Galler Altstadt zu finden. Ob im trendigen Restaurant, coolen Bistro oder im grossen Aussenrestaurant \u2013 alle Saucenkreationen werden zu Vegi, Pasta, Fleisch und Fisch serviert. Dazu gibt es noch Eva\u2019s B\u00fcrli-Brot zum Tunken. Alles von der K\u00fcchenchefin Arjeta und ihrem K\u00fcchenteam selbst gemacht. Dazu verw\u00f6hnt Rafael mit seinem Serviceteam die G\u00e4ste mit seinem Graham Blend No 5 Special Drink oder einer guten Flasche Wein. Nicht zu Unrecht sagen viele der G\u00e4ste: \u201ewahrscheinlich das Restaurant mit den besten Saucen der Stadt\u201c. ", "url": "http://www.sauceria.ch", "image": "https://sgbtpimtsoch.sos-ch-dk-2.exoscale-cdn.com/catalog/e/1/f/a/e1fa37a698b03542ee782d03cd7905c4b5ae0423_8.jpg", "openstreetmap_id": "node/445420081"}, "geometry": {"type": "Point", "coordinates": ["9.37448", "47.42667"]}}, {"type": "Feature", "properties": {"identifier": "1e5b3eef-de61-4187-af61-fb59f3a80dd6", "name": "Aatalweiher", "description": "<p>F\u00fcr die 1833 erstellte Spinnerei am Ausgang des Tobels am Uznaberg wurde die Wasserkraft des Aabachs genutzt. 1864 erfolgte in Anbetracht der betrieblichen Entwicklung f\u00fcr die zus\u00e4tzliche Wasserkraftgewinnung die Anlegung des Aatalweihers in Neuhaus. Nach mehr als 170 Jahren Bestand stellte die Spinnerei am Uznaberg im Fr\u00fchling 2005 ihren Betrieb endg\u00fcltig ein. Heute l\u00e4dt der See zum baden, grillen und verweilen ein.<br></p>", "image": "https://sgbtpimtsoch.sos-ch-dk-2.exoscale-cdn.com/catalog/9/d/3/0/9d3015524ed7b27eaa1a58e0e51dcfc199cce907_Aatalweiher.jpg", "openstreetmap_id": "Industriestrasse 1"}, "geometry": {"type": "Point", "coordinates": ["8.951432704925539", "47.23986597996092"]}}, {"type": "Feature", "properties": {"identifier": "1edfc826-6125-4cb8-836b-d40bb0d74325", "name": "Domus Leuchten und M\u00f6bel AG", "description": "Das Einrichtungshaus bietet eine Auslese an zeitlosen Klassikern sowie aktuellen Designm\u00f6beln und -leuchten. Mit Material- und Farbmustern, Projektbeispielen und Kunst schafft Domus die Basis f\u00fcr die ganz pers\u00f6nliche Einrichtung.\n\nEs geht aber um viel mehr, als nur M\u00f6bel und Leuchten. Domus hat sich der Planung von Lebens- und Arbeitsr\u00e4umen verschrieben. Die Einrichtung und das Licht sind ein Teil davon. So setzen die \nInnenarchitekt:innen von Domus in Zusammenarbeit mit Partnern ganze Umbauprojekte inklusive Bauleitung f\u00fcr Privatpersonen und Unternehmen um. Die Produktberatung in der Ausstellung, die Einrichtungsplanung und Farbberatungen durch ausgebildete Farbexpert:innen runden das Angebot ab. \n\nIn der Showk\u00fcche, die von der M\u00f6belmanufaktur in Heerbrugg geplant und produziert wurde, finden Kochkurse in Zusammenarbeit mit Pro Table statt.", "url": "https://domusag.ch/", "image": "https://sgbtpimtsoch.sos-ch-dk-2.exoscale-cdn.com/catalog/c/3/4/1/c341d02dce8fa89a8d2d2aa8f150e20b9330f010_K20230705_Domus_Aussenansicht_1__2.jpg", "openstreetmap_id": "way/145447357"}, "geometry": {"type": "Point", "coordinates": ["9.369658328121401", "47.420616213738"]}}, {"type": "Feature", "properties": {"identifier": "1fbe4914-69d7-463b-a390-ffdb8a1e7009", "name": "Alpenrhein-Express", "description": "<p class=\"rich-text-paragraph\" data-v-36b7bf38=\"\"><span class=\"text-space-pre-line rich-text-text\" data-abstract-init=\"body text\">Der Alpenrhein-Express bietet eine komfortable Zugverbindung im Stundentakt von St.Gallen nach Chur &ndash; ideal f&uuml;r Pendler, Ausfl&uuml;gler und Bahnreisende. Als Erg&auml;nzung zum IR13 (Z&uuml;rich&ndash;St.Gallen&ndash;Sargans) verkehrt der Alpenrhein-Express zuverl&auml;ssig durch das malerische Rheintal. In St.Gallen werden die Z&uuml;ge nahtlos als S81 bis nach Herisau weitergef&uuml;hrt. Die Verbindung schafft eine attraktive Achse zwischen dem Appenzellerland und Graub&uuml;nden &ndash; perfekt, um die Region entspannt mit dem Zug zu entdecken und zu geniessen.</span></p><div class=\"row rich-text-layout\" data-v-36b7bf38=\"\" data-v-4885b7fc=\"\"><div class=\"col-12 col-md-6 two-column\" data-v-4885b7fc=\"\"><section class=\"rich-text-embedded-entry-block rich-text-layout-item\" data-v-4885b7fc=\"\" data-v-576e64ba=\"\"><div id=\"1niYN6XV9pwNnMatv2i8VV\" class=\"cta-button\" data-v-7d416423=\"\" data-v-576e64ba=\"\"></div></section></div></div>", "url": "http://www.alpenrhein-express.ch/", "image": "https://sgbtpimtsoch.sos-ch-dk-2.exoscale-cdn.com/catalog/7/c/a/a/7caab60715f9cd77a0f733fd440bb09f0723bc50_55352503806_42c2975d79_o__2.jpg", "openstreetmap_id": "way/117850188"}, "geometry": {"type": "Point", "coordinates": ["9.371109902858736", "47.42292551304705"]}}, {"type": "Feature", "properties": {"identifier": "20147f3c-0fc4-4749-80ac-778e64c0f09f", "name": "Villa Donkey - Ferien- und Erlebnisdorf in Degersheim (SG)", "description": "Dieses \"Glamping\"-Village bietet Familien, Abenteuerlustigen, Goldgr\u00e4bern, Geniessern, Wanderern, Schulen, Jungwacht, Blauring und Pfadfindern alles, was ihren Aufenthalt zu einem einmaligen Erlebnis macht. \n\nOb in der Welt der Indianer inklusive \u00dcbernachtung im Tipi, die spezielle farbenfrohe Atmosph\u00e4re einer mongolischen Jurte oder das heimelige Ambiente eines Alpenchalets \u2013 es bietet f\u00fcr jede und jeden das passende Abenteuer. Die Villa Donkey bietet auch Einzel- und Doppelzimmer sowie verschiedene Ferienwohnungen an.\n", "url": "http://www.villadonkey.ch/", "image": "https://sgbtpimtsoch.sos-ch-dk-2.exoscale-cdn.com/catalog/f/3/c/9/f3c9271b8af13b99f8efe62b0276d50e905bb76e_Villa_Donkey_Village.jpg", "openstreetmap_id": "way/308584207"}, "geometry": {"type": "Point", "coordinates": ["9.1930596", "47.3704296"]}}, {"type": "Feature", "properties": {"identifier": "20c3ffdc-6ea0-4a68-ac14-f220f3b4cf8e", "name": "Augschta-Markt", "description": "<p>Der wohl beliebteste Markt mit den meisten St&auml;nden ist der August-Jahrmarkt. Am \"Augschta-Markt\" gibt es auch eine Kilbi mit Bahnen sowie musikalische Unterhaltung bis in die Abendstunden.</p>", "url": "https://www.altstaetten.ch/marktstadt", "image": "https://sgbtpimtsoch.sos-ch-dk-2.exoscale-cdn.com/catalog/3/6/f/8/36f890af417582e4c9b0e6e47674f88d5eb1e7e6_medium__Augschta_Markt_Altst__tten_7.jpg"}, "geometry": {"type": "Point", "coordinates": ["9.5400518", "47.378043"]}}, {"type": "Feature", "properties": {"identifier": "212c1c37-b6e8-4036-9e0b-a9e177ce4ed2", "name": "Bistro St.Gallen", "description": "In gem\u00fctlicher und stilvoller Atmosph\u00e4re lassen sich k\u00f6stliche Gerichte von fr\u00fch bis sp\u00e4t geniessen: Vom ausgewogenen Fr\u00fchst\u00fccksbuffet \u00fcber internationale Speisen bis hin zu liebevoll kreierten K\u00f6stlichkeiten aus der hauseigenen Patisserie. Im Bistro St.Gallen finden die G\u00e4ste zu jeder Tageszeit den passenden Gaumenschmaus.", "url": "https://www.bistro-sg.ch", "image": "https://sgbtpimtsoch.sos-ch-dk-2.exoscale-cdn.com/catalog/1/3/d/d/13dd61e190da10350f69b3f3f6b7c08d93cc5815_01_Key_Visual_Bistro_St.Gallen_HighRes.jpg", "openstreetmap_id": "145470788"}, "geometry": {"type": "Point", "coordinates": ["9.374426514160193", "47.4213691"]}}, {"type": "Feature", "properties": {"identifier": "217c1997-5929-41db-a18c-2afae3f9ea4a", "name": "Farner Bike Route", "description": "<p>Ausgangspunkt dieser Tour ist das St\u00e4dtchen Uznach, wo es eine grosse Storchenkolonie gibt. Gut m\u00f6glich, dass man schon auf den ersten Metern eines der weiss-schwarzen Tiere zu sehen bekommt. So leicht wie die V\u00f6gel bew\u00e4ltigt man den Anstieg auf den Oberricken mit dem Bike nicht: Zwischen Ernetschwil und Bildhus \u00fcberwindet man auf 2,5 Kilometern eine H\u00f6hendifferenz von fast 300 Metern. </p><p>Der Weg f\u00fchrt weiter durch die Hochmoore auf dem Ricken, die sich in der Bl\u00fctezeit (Mai/Juni) von ihrer pr\u00e4chtigsten Seite zeigen. Vom Dorf Ricken geht es nochmals 150 Meter aufw\u00e4rts zum Oberricken. Auf den nun folgenden vier Kilometern kann man talw\u00e4rts fahrend auf Asphalt, Kies und Wiesen wieder Kr\u00e4fte sammeln. </p><p>Die braucht man f\u00fcr den Anstieg auf den 1157 Meter hohen Farner. Dort wartet eine sch\u00f6ne Aussicht auf Linthebene, Z\u00fcrichsee und Alpen. Die Abfahrt nach Goldingen ist der technisch anspruchsvollste Teil dieser Tour. Auf der restlichen Strecke bis zum Ziel in Uznach rollt man auf Nebenstrassen und Feldwegen gem\u00fctlich hinab.<br></p>", "image": "https://sgbtpimtsoch.sos-ch-dk-2.exoscale-cdn.com/catalog/e/d/d/3/edd350dbc404b80cecad033d6abe1b98035e01ea_Mountainbike.jpg", "openstreetmap_id": "node/7128146833"}, "geometry": {"type": "Point", "coordinates": ["8.981580734252931", "47.223677663098755"]}}, {"type": "Feature", "properties": {"identifier": "2187a364-faed-4b93-983a-6c8bf2cde3ca", "name": "Stadtf\u00fchrungen Gossau", "description": "<p class=\"icmsPContent icms-wysiwyg-first\">Die Stadtf&uuml;hrungen vermitteln viel Interessantes aus der Geschichte von Gossau. Die orts- und geschichtskundigen Guides berichten von &laquo;unsichtbaren&raquo; B&auml;chen, pr&auml;genden Geb&auml;uden oder von der besonderen Bedeutung von Wandmalereien in Gossau .&nbsp;</p><p class=\"icmsPContent\">Angeboten werden zwei verschiedene F&uuml;hrungen von rund zwei Stunden Dauer:</p><ul><li><em>F&uuml;hrung zu Fuss:</em>&nbsp;Ausgehend vom Andreaspark werden auf einem Spaziergang verschiedene Stationen&nbsp;im Zentrum von Gossau aufgesucht.&nbsp;</li></ul><ul><li><em>F&uuml;hrung mit dem Velo:</em> Von den Sportanlagen Buechenwald f&uuml;hrt die Tour&nbsp;im Gegenuhrzeigersinn&nbsp;um Gossau und endet am Standort des ersten&nbsp;Freibades . Geeignet f&uuml;r sportliche Bio-Velofahrer und f&uuml;r Personen mit E-Bike.</li></ul>", "url": "https://www.stadtgossau.ch/fuehrungen", "image": "https://sgbtpimtsoch.sos-ch-dk-2.exoscale-cdn.com/catalog/a/0/2/9/a029abb89c437e3753c1b4a7faf67e4056902e00_Stadtf__hrungen_Imagebilder_01.png", "openstreetmap_id": "relation/1683889"}, "geometry": {"type": "Point", "coordinates": ["9.249359", "47.4155906"]}}, {"type": "Feature", "properties": {"identifier": "2195c246-9561-480f-8bb6-eb20d302bddf", "name": "Gasthaus Traube Buchs", "description": "Hier dreht sich alles um die G\u00e4ste. Um ihn, es, sie, euch, dich. Die G\u00e4ste werden mit Genuss auf dem Teller und aus dem Weinglas verw\u00f6hnt, mit Einfachem und Sch\u00f6nem, mit herzlichen Begegnungen und allerhand K\u00f6stlichem, serviert in den denkmalgesch\u00fctzten R\u00e4umlichkeiten. . Im angrenzenden neuen Boutique-Hotel trifft ein vergn\u00fcgtes Spiel mit Materialien auf Schlichtheit und Design. Hier sitzt jedes Detail. Der Garten als verbindendes Element mit mehreren kleinen, lauschigen Pl\u00e4tzen ist ein Ort zum Entdecken mitten in der Stadt. Hier verschmelzen die Tradition des Gasthauses mit dem modernen Hotel zu einer Oase der entspannten Begegnung und des ungetr\u00fcbten Genusses f\u00fcr alle Sinne.", "url": "https://gasthaus-traube.ch/de/", "image": "https://sgbtpimtsoch.sos-ch-dk-2.exoscale-cdn.com/catalog/4/1/0/8/4108a3325353eb91f5dd42cc9a9f489d3626663d_GasthausTraube_Hotelzimmer_23_06_05.jpg", "openstreetmap_id": "node/11160283450"}, "geometry": {"type": "Point", "coordinates": ["9.4694649", "47.1654743"]}}, {"type": "Feature", "properties": {"identifier": "221b96e5-7e16-4b19-92f9-c1e757d84950", "name": "Neuhaus nach Uznaberg", "description": "<p>Auf dem sch&ouml;nen Wanderweg mit Start beim Skicenter Neuhaus f&uuml;hrt die kurze jedoch sehr sch&ouml;ne Wanderung Richtung Bauwil, hinab zum Aabach und entland des Baches durch den sch&ouml;nen Burgerwald bis nach Uznaberg.</p><p>Dauer ca. 50min. / Distanz ca. 2.8km</p><p>Anreise mit den &ouml;ffentlichen Verkehrsmitteln:&nbsp;<br>Bus 622 von Eschenbach (Dorftreff) nach Neuhaus (B&auml;ckerei Morger)<br>Zur&uuml;ck: Bus 631 Uznaberg (Uznabergstr.) nach Neuhaus (Ochsen)<br>Bus 622 Neuhaus (Ochsen) nach Eschenbach (Dorftreff)</p><p>Die genaue Route sowie die GPX Daten sind unter diesem <a href=\"https://schweizmobil.ch/de/tour/2431804\">Link</a>&nbsp;ersichtlich.</p>", "image": "https://sgbtpimtsoch.sos-ch-dk-2.exoscale-cdn.com/catalog/c/6/9/6/c6969f2bb59d71b4eec373db150d4f94a385b321_Neuhaus_nach_Uznaberg.jpg", "openstreetmap_id": "node/32000652"}, "geometry": {"type": "Point", "coordinates": ["8.948042392730715", "47.243070500099414"]}}, {"type": "Feature", "properties": {"identifier": "224014c6-b385-4b0d-a9f7-f21c1e24f3ae", "name": "Restaurant Artisans", "description": "<p>Die K&uuml;che ist mediterran und franz&ouml;sisch inspiriert - voller Aromen, die an Sonne, W&auml;rme und Leichtigkeit erinnern. Jeder Teller im Restaurant Artisans erz&auml;hlt ein St&uuml;ck der Geschichte der Gastgeber, ihrer Herkunft und ihrer Reise.</p><p>Das Restaurant ist bewusst klein und pers&ouml;nlich und bietet mit 22 Pl&auml;tzen ein Ort f&uuml;r N&auml;he, Atmosph&auml;re und echte Begegnungen.</p>", "url": "https://restaurantartisans.ch", "image": "https://sgbtpimtsoch.sos-ch-dk-2.exoscale-cdn.com/catalog/a/0/4/a/a04a2fea572b95fa3490f013813edf0ae3a93c15_20260219_FotografieManufaktur_5_small.jpg", "openstreetmap_id": "node/4092518593"}, "geometry": {"type": "Point", "coordinates": ["9.3755663", "47.4231633"]}}, {"type": "Feature", "properties": {"identifier": "2366a85f-26f5-4058-901a-9386e560acf5", "name": "Wandern im Atzm\u00e4nnig - Route 6b", "description": "<p>Diese Wanderung f&uuml;hrt von der Atzm&auml;nnig Talstation hoch &uuml;ber Oberchamm Richtung Chr&uuml;zegg. Von dort aus ist es ebenfalls gut m&ouml;glich, ins Toggenburg weiterzuwandern. Zum Beispiel nach Libingen in ca. 1 &frac12; Std. Oder durch das Steintal nach Wattwil in ca. 2 Std. Nach Lichtensteig &uuml;ber den Alplispitz in ca. 2 &frac12; Std. oder nach Krinau in ca. 1 &frac12; Std.</p><p>Wanderzeiten ab Chr&uuml;zegg.</p><p>Anreise mit den &ouml;ffentlichen Verkehrsmitteln:<br>Bus 630 von Eschenbach (Dorftreff) nach Hintergoldingen (Atzm&auml;nnig Schutt)</p>", "url": "https://www.atzmaennig.ch/", "image": "https://sgbtpimtsoch.sos-ch-dk-2.exoscale-cdn.com/catalog/d/6/3/8/d638aa550ef208b3cec46470dd3e62b78ffb04a7_Aussicht_Chr__zegg_CW.jpg", "openstreetmap_id": "way/231502473"}, "geometry": {"type": "Point", "coordinates": ["8.99582862854004", "47.28467311689759"]}}, {"type": "Feature", "properties": {"identifier": "238aec76-22c6-4c60-b36e-e7a8efd723af", "name": "Hotel Flawil", "description": "<p>12 Zimmer mit total 22 Betten und eine Suite bieten den Gesch&auml;fts- und Privatreisenden 3 Sterne Komfort auf h&ouml;chstem Niveau. Die Zimmer sind gem&uuml;tlich-funktional eingerichtet und erf&uuml;llen die W&uuml;nsche von Gesch&auml;ftsreisenden von heute. Daneben verf&uuml;gen das Hotel &uuml;ber sieben Appartements / Studios zur Langzeitvermietung. Eine Offerte kann hier angefragt werden.&nbsp;</p>", "url": "http://www.hotelflawil.ch/", "image": "https://sgbtpimtsoch.sos-ch-dk-2.exoscale-cdn.com/catalog/c/7/2/e/c72e71c3c3d59c6e500432f3282699caa20708a4_Hotel_Fasse__2_.jpg", "openstreetmap_id": "way/503331913"}, "geometry": {"type": "Point", "coordinates": ["9.187135", "47.4139972"]}}, {"type": "Feature", "properties": {"identifier": "23bee9d7-87f7-474e-a5f6-8e48d363981d", "name": "Bleiche Hotel", "description": "<p>Das Bleiche Hotel in Wald ZH mit seinen 25 aussergew\u00f6hnlichen Einzel- und Doppelzimmern ist ein Mix aus Moderne und traditionsreicher Industriekultur. Die stilvolle Wellness- und Saunaabteilung des Bleiche Bad rundet mit verschiedenen Massage- und Kosmetikanwendungen das exklusive Angebot ab. </p><p>Im Angebot stehen Superior, Kubus, Deluxe Zimmer und diverse Arrangement.</p>", "url": "https://bleiche.ch/hotel/", "image": "https://sgbtpimtsoch.sos-ch-dk-2.exoscale-cdn.com/catalog/1/5/e/1/15e166b8736f4cb83fcb5e7e3424a0533064ab8f_Aussenaufnahme_10_a__3_.jpg", "openstreetmap_id": "node/10879455964"}, "geometry": {"type": "Point", "coordinates": ["8.9105813", "47.2760573"]}}, {"type": "Feature", "properties": {"identifier": "23caef9a-15f1-4be1-b750-5cbeadc72cdf", "name": "Outdoor-Raclette", "description": "<p>Das Outdoor-Raclette wird vor Ort betreut.</p><p><strong>Tipps und Hinweise: </strong></p><p>Das Outdoor-Raclette kann im Goldingertal oder Grenzgebiet organisiert werden. Attraktive Orte daf\u00fcr sind z. B. die Feuerstelle bei b\u00e4umig-kreativ, Bauernhof Nauen (Goldingen) usw. Der Raclettek\u00e4se ist hausgemacht von der K\u00e4serei Sutter in Goldingen. Auf Wunsch k\u00f6nnen Gruppenspiele (Gold-Trophy) oder Motorsagen- Show-Drechseln angeboten werden.</p><p><strong>Preise / Inbegriffene Leistungen:</strong>\u00a0</p><ul><li>Raclette (Nature, Knoblauch, Chili, etc.)</li><li>Preis pro Person: CHF 30.00 * / CHF 40.00 (mit Wurst/Speck) *</li><li>ausserhalb Goldingertal : CHF 1.50/km</li><li>Getr\u00e4nke (Gl\u00fchwein, Teemoscht, Mineral, etc.) sind nach Absprache und separat zu bezahlen</li><li>Barfeuerf\u00e4sser k\u00f6nnen dazugemietet werden</li></ul><p></p><p><strong>Durchf\u00fchrung:</strong>\u00a0</p><ul><li>Datum nach Absprache</li><li>Bei schlechter Witterung kann evtl. ein Zelt / Unterstand organisiert werden</li><li>Dauer ca. 2 h / jede weitere Stunde: CHF 90.00</li></ul><p></p><p>Gruppengr\u00f6sse</p><ul><li>min. keine Beschr\u00e4nkung, *Mindestpreis CHF 400.00</li><li>max. 30 Personen</li></ul>", "url": "https://www.baeumig-kreativ.ch/", "image": "https://sgbtpimtsoch.sos-ch-dk-2.exoscale-cdn.com/catalog/8/8/7/2/8872e4e06afc9f758c826841f5eca5992f7cad97_Raclette1.jpg", "openstreetmap_id": "way/273800582"}, "geometry": {"type": "Point", "coordinates": ["8.94809321105501", "47.25248635"]}}, {"type": "Feature", "properties": {"identifier": "23d5aa4b-d45a-43aa-8326-c8c119cf85d4", "name": "Hotel Sch\u00e4fli", "description": "Ob Gesch\u00e4ftsreise, Urlaub oder Wochenendtrip \u2013 die G\u00e4ste geniessen hier alle Annehmlichkeiten f\u00fcr einen gelungenen Aufenthalt zu einem hervorragenden Preis-Leistungs-Verh\u00e4ltnis.\n\nDie geschmackvollen, modern designten Zimmer bieten eine warme, freundliche Atmosph\u00e4re und stilvolle Behaglichkeit. Ganz im Sinne eines zukunftsweisenden Hotelkonzepts wurde zugunsten tieferer Preise bewusst auf Rezeption und Restaurant verzichtet. So verl\u00e4uft der Check-in-Prozess unkompliziert \u00fcber einen Automaten, und f\u00fcr eine kleine St\u00e4rkung zwischendurch stehen Snacks sowie warme und kalte Getr\u00e4nke in der gem\u00fctlichen Lounge bereit. Auch spontane G\u00e4ste sind jederzeit ohne Reservation herzlich willkommen.", "url": "https://www.schaefli-uzwil.ch/", "image": "https://sgbtpimtsoch.sos-ch-dk-2.exoscale-cdn.com/catalog/a/6/0/8/a608320709ba4cfaadb59231a8b655791034357d_180723_UZE1803_20413.jpg", "openstreetmap_id": "way/195805902"}, "geometry": {"type": "Point", "coordinates": ["9.136344194412233", "47.44038851073989"]}}, {"type": "Feature", "properties": {"identifier": "240be461-0d0f-4c59-90a3-197613e63711", "name": "Outdoor-Omeletten", "description": "<p>Die Omeletten werden selbst zusammengestellt und auf dem Feuerfass gebrutzelt. Das Angebot wird vor Ort betreut.</p><p><strong>Tipps und Hinweise:</strong></p><p>Die Outdoor-Omeletten k\u00f6nnen im Goldingertal oder Grenzgebiet organisiert werden. Attraktive Orte daf\u00fcr sind z. B. die Feuerstelle bei b\u00e4umig-kreativ, Bauernhof Nauen (Goldingen) usw. Auf Wunsch k\u00f6nnen Gruppenspiele (Gold-Trophy) oder Motorsagen- Show-Drechseln angeboten werden.</p><p><strong>Preise / Inbegriffene Leistungen:</strong></p><ul><li>Omeletten (verschiedene Zutaten Fleisch und Gem\u00fcse)</li><li>Preis pro Person: CHF 35.00 *</li><li>ausserhalb Goldingertal : CHF 1.50/km</li><li>Getr\u00e4nke sind nach Absprache und separat zu bezahlen</li><li>Barfeuerf\u00e4sser k\u00f6nnen dazugemietet werden</li></ul><p></p><p><strong>Durchf\u00fchrung:</strong>\u00a0</p><ul><li>Datum nach Absprache</li><li>Bei schlechter Witterung kann evtl. ein Zelt / Unterstand organisiert werden</li><li>Dauer ca. 2 h / jede weitere Stunde: CHF 90.00</li><li>Gruppengr\u00f6sse min. keine Beschr\u00e4nkung, *Mindestpreis CHF 400.00, max. 30 Personen</li></ul>", "url": "https://www.baeumigkreativ.ch/", "image": "https://sgbtpimtsoch.sos-ch-dk-2.exoscale-cdn.com/catalog/f/6/8/a/f68ae0f3f1befb301d4f8a6ac4f82e0016649d3c_Omeletten.jpeg", "openstreetmap_id": "way/273800582"}, "geometry": {"type": "Point", "coordinates": ["8.94809321105501", "47.25248635"]}}, {"type": "Feature", "properties": {"identifier": "24283f41-f13d-4d58-ab05-cfa1bd1958ca", "name": "Hotel Caf\u00e9 Mozart", "description": "<p data-start=\"0\" data-end=\"231\">Das Hotel Caf&eacute; Mozart liegt direkt am Bodensee.&nbsp;</p><p data-start=\"233\" data-end=\"629\">Neben feinen Kaffeespezialit&auml;ten und hausgemachten Kuchen erwartet die G&auml;ste eine erlesene Auswahl an Weinen im Offenausschank sowie kleine, salzige Alternativen f&uuml;r den genussvollen Ap&eacute;ro. Ob f&uuml;r den entspannten Nachmittagskaffee, ein Gesch&auml;ftstreffen oder einen stilvollen Sonntagsbrunch &ndash; das Caf&eacute; im Hotel Mozart bietet den passenden Rahmen mit pers&ouml;nlichem Service und hoher Qualit&auml;t.</p>", "url": "https://mozart-rorschach.ch", "image": "https://sgbtpimtsoch.sos-ch-dk-2.exoscale-cdn.com/catalog/1/9/5/b/195b9ce8394d1ccc333aab772802901855092616_001_Hotel_Mozart_Rorschach___Allgemein.jpg", "openstreetmap_id": "way/327977307"}, "geometry": {"type": "Point", "coordinates": ["9.4910594", "47.479093"]}}, {"type": "Feature", "properties": {"identifier": "250dc50f-2722-417e-a199-f7774069247c", "name": "Textilweg St.Gallen ", "description": "<p>Imposante Geb\u00e4ude mit Namen wie \u00abHaus Oceanic\u00bb, \u00abHaus Pacific\u00bb oder \u00abHaus Washington\u00bb zeugen vom ehemaligen Reichtum und Wohlhaben der Stadt St.Gallen. In der Stickereib\u00f6rse liefen die F\u00e4den der erfolgreichen textilen Gesch\u00e4ftst\u00e4tigkeit zusammen. Fabrikanten und Kaufleute, Sticker und Veredler trafen sich und tauschten Informationen \u00fcber Marktlage und Modestr\u00f6mungen, Auftr\u00e4ge oder auch Besitzrechte an Waren aus. Das Lagerhaus symbolisiert \u2013 zusammen mit dem Bahnhof und der Hauptpost \u2013 die Bedeutung St.Gallens als Wirtschaftsstandort und als Warenumschlagplatz. Die grossz\u00fcgig dimensionierten Geb\u00e4ude von Hauptpost und Bahnhof widerspiegeln zudem das beachtliche Exportvolumen und die rege Reiset\u00e4tigkeit St.Gallens um 1900. Auch etwas ausserhalb der Altstadt stehen bedeutende Geb\u00e4ude. Eines ist der&nbsp;<a href=\"https://troeckneturm.ch/de/home\" target=\"_blank\" rel=\"noopener\" style=\"\">Tr\u00f6ckneturm</a>&nbsp;im heutigen Lachenquatier mit Dokumentationsstelle zur Geschichte der Stadt St.Gallen und zur Geschichte der wichtigsten Zweige der St.Galler Textilindustrie. Und auch die ehemalige F\u00e4rberei Sittertal bekr\u00e4ftigen die Wichtigkeit der Textilindustrie.</p><p>Bestaune die herausragenden Geb\u00e4ude auf dem Textilweg, scanne Sie die gestickten QR-Codes und h\u00f6re hier mehr \u00fcber Geschichte, Architektur und die heutige Nutzung an. Die Erl\u00e4uterungen zu den Geb\u00e4uden auf dem Textilweg sind auch in Englisch verf\u00fcgbar. Der Textilweg l\u00e4sst sich in der Stadt St.Gallen und/oder in St.Gallen West entdecken.&nbsp;</p>", "image": "https://sgbtpimtsoch.sos-ch-dk-2.exoscale-cdn.com/catalog/1/8/4/7/1847db93fe4a617ca0aa3499ddcd714a2ec2814f_medium__Textilweg_Broderbrunnen_2.jpg"}}, {"type": "Feature", "properties": {"identifier": "25e451b6-85a3-4a8d-8c10-8bf1cb2b0e7c", "name": "focacceria St.Gallen", "description": "<p>Die einmaligen Variationen an Antipasti, die grosse Auswahl an Pasta, Salaten, Suppen &amp; Desserts machen es m&ouml;glich, f&uuml;r jeden Geschmack das Richtige zu finden. Entgegen dem allgemeinen Trend von industriell hergestellten Convenience-Produkten wird zu 100% auf handveredelte K&ouml;stlichkeiten gesetzt. S&auml;mtliche Gerichte auf der Karte sind mit viel Liebe hausgemacht. Die Rohstoffe werden von Lieferanten aus der Region bezogen. Eine hochstehende Kaffeekultur, Bier aus der Region &amp; eine auserlesene Auswahl an Weinen erg&auml;nzen das kulinarische Angebot. Das Hauptaugenmerk liegt auf den Weinen aus Italien.</p>", "url": "https://focacceria.ch/", "image": "https://sgbtpimtsoch.sos-ch-dk-2.exoscale-cdn.com/catalog/2/4/7/a/247ac013d8e01a58d60a8c725c60b060576aad02_Terrasse_Foca.JPG", "openstreetmap_id": "way/311104328"}, "geometry": {"type": "Point", "coordinates": ["9.375253998051948", "47.427058450000004"]}}, {"type": "Feature", "properties": {"identifier": "26420bfb-e95b-4649-a3e8-db52c4fdd68d", "name": "Outdoor-Fondue", "description": "<p>Das Outdoor-Fondue wird vor Ort zubereitet und betreut.</p><p><strong>Tipps und Hinweise:</strong></p><p>Das Outdoor-Fondue kann im Goldingertal oder Grenzgebiet organisiert werden. Attraktive Orte daf\u00fcr sind z. B. die Feuerstelle bei <a href=\"https://goldingertal.ch/de/map/details/baeumig-kreativ-8ed21150-b746-4cab-a88c-7b776a9b0071.html\" rel=\"noopener noreferrer\" target=\"_blank\">b\u00e4umig-kreativ</a>, Bauernhof Nauen (Goldingen) usw. Das Fondue ist hausgemacht von der K\u00e4serei Sutter in Goldingen. Auf Wunsch k\u00f6nnen Gruppenspiele (Gold-Trophy) oder Motorsagen- Show-Drechseln angeboten werden.</p><p><strong> Preise / Inbegriffene Leistungen:</strong>\u00a0</p><ul><li>Fondue vom Holzfeuer, mind. 2 Sorten gleichzeitig</li><li>Brot, Sch\u00fcrzen, lange Fonduegabeln, Holz/Kohle; Vorbereitung und Betreuung von Feuer und Fondue</li><li>Preis pro Person: CHF 29.00*</li><li>ausserhalb Goldingertal: CHF 1.50/km</li><li>Getr\u00e4nke (Gl\u00fchwein, Teemoscht, Mineral, etc.) sind nach Absprache und separat zu bezahlen</li><li>Barfeuerf\u00e4sser k\u00f6nnen dazugemietet werden</li></ul><p></p><p><strong>Durchf\u00fchrung:</strong></p><ul><li>Datum nach Absprache</li><li>Bei schlechter Witterung kann evtl. ein Zelt / Unterstand organisiert werden</li><li>Dauer ca. 2 h / jede weitere Stunde: CHF 90.00\u00a0</li><li>Gruppengr\u00f6sse min. keine Beschr\u00e4nkung, *Mindestpreis CHF 400.00, max. 50 Personen</li></ul>", "url": "https://www.baeumigkreativ.ch/", "image": "https://sgbtpimtsoch.sos-ch-dk-2.exoscale-cdn.com/catalog/9/3/8/7/938785db3f98d2afe73d260db904bd646705516d_Fondue.jpg", "openstreetmap_id": "way/273800582"}, "geometry": {"type": "Point", "coordinates": ["8.94809321105501", "47.25248635"]}}, {"type": "Feature", "properties": {"identifier": "26447794-f542-4869-a21b-64d9fa2d947b", "name": "Tr\u00f6ckneturm", "description": "Geschichte:\nDie Geschichte des Tr\u00f6ckneturms ist eng mit der Burg Waldegg verflochten, zu deren L\u00e4ndereien das grosse Areal mit den Burgweihern bis hinunter nach Sch\u00f6nenwegen geh\u00f6rte. Das stattliche Anwesen, fast 300 Jahre im Besitz des Klosters St.Gallen, war nach der Helvetischen Revolution an den Kanton gefallen. 1825 ersteigerte der St.Galler Kaufmann Johann Jakob T\u00e4schler (1786-1830) das Areal und errichtete einen Fabrikanbau an die Burg, in dem er eine Rotf\u00e4rberei betrieb - damals gerade gross in Mode. Er war es auch, der 1828 beim so genannten \u00abAlten Weiher\u00bb ein \u00abTr\u00f6cknehaus\u00bb errichten liess. Es war eine durchdachte Konstruktion, innen beheizbar, so dass die Stoffbahnen je nach Wetter aussen oder innen aufgezogen und getrocknet werden konnten.\n\nHeutige Nutzung:\nDank der neuen Eigent\u00fcmerschaft f\u00fcr das Areal Sittertal, zu dem auch das Burgweiherareal geh\u00f6rte, konnte der Tr\u00f6ckneturm 1997 in eine Stiftung \u00fcberf\u00fchrt werden, welche dieses einzigartige Objekt textile Vergangenheit zu einem Begegnungsort umbaute, museal erg\u00e4nzt mit einer Dauerausstellung zu den Themen \"Wirtschafts- und Sozialgeschichte der Stadt St.Gallen\", \"Die Sitterlandschaft als Wirtschaftslandschaft\" und \"Die Geschichte der St.Galler Textilindustrie\". Der Turm kann heute auch f\u00fcr gesellschaftliche Anl\u00e4sse gemietet werden.", "url": "http://www.troeckneturm.ch", "image": "https://sgbtpimtsoch.sos-ch-dk-2.exoscale-cdn.com/catalog/d/f/0/d/df0d7cc7e6d62e963181dafd2d87ef2f801b89e8_Textilweg_520.jpg", "openstreetmap_id": "way/30264397"}, "geometry": {"type": "Point", "coordinates": ["9.348409400000037", "47.4159719"]}}, {"type": "Feature", "properties": {"identifier": "2648119c-93c1-44ae-b165-976e0cd22a20", "name": "Bodensee", "description": "<p>Der Bodensee im Dreil&auml;ndereck Schweiz/Deutschland/&Ouml;sterreich ist mit einer L&auml;nge von 64km und einer maximalen Breite von 12km der drittgr&ouml;sste Binnensee Europas. Auf dem Bodensee verkehren veschiedene Kursschiffe und bieten ein attraktives Angebot.&nbsp;</p>\n<p>Zahllose Wassersportm&ouml;glichkeiten, Wanderwege und vor allem Skating- und Radwege bietet die Ferien- und Ausflugsregion. Ein beliebter Klassiker ist der Bodensee-Radweg, der rund um den See f&uuml;hrt.</p>", "image": "https://sgbtpimtsoch.sos-ch-dk-2.exoscale-cdn.com/catalog/a/9/d/1/a9d1096a81d8861f682ab1674a89327f45b38726_medium__Sonnenuntergang_Aussicht_Bodensee.jpg", "openstreetmap_id": "1683867"}, "geometry": {"type": "Point", "coordinates": ["9.496307373046877", "47.48613919859396"]}}, {"type": "Feature", "properties": {"identifier": "2682e0fc-47b0-40cc-a3cd-13eeeb850d15", "name": "Freibad B\u00f6den Flawil", "description": "Das Freibad B\u00f6den in Flawil bietet mit einem frisch renovierten Kinderplanschbecken, ein Nicht-Schwimmer-Becken, einem Sprungturm bis 5 Meter sowie einem grossz\u00fcgigen 25m-Schwimmbecken alles f\u00fcr den Badespass in der warmen Jahreszeit. Doch nicht nur Schwimmende kommen auf ihre Kosten: Ob Beachvolleyball, Tischtennis, ein k\u00fchles Getr\u00e4nk oder eine feine Bratwurst \u2013 auch an Land gibt es ein vielf\u00e4ltiges Angebot f\u00fcr Sportbegeisterte und Geniesserinnen und Geniesser.", "url": "https://flawil.ch", "image": "https://sgbtpimtsoch.sos-ch-dk-2.exoscale-cdn.com/catalog/e/7/f/c/e7fc030bf522bcd9bb501b846665db9eb0e3057d_Freibad_Haupteingang.jpg", "openstreetmap_id": "node/2067065067"}, "geometry": {"type": "Point", "coordinates": ["9.1914323", "47.4044996"]}}, {"type": "Feature", "properties": {"identifier": "26931348-f2d5-4550-85ed-f265c8bde9a8", "name": "St.Galler Bauernmarkt", "description": "So abwechslungsreich wie sich jeder Marktstand gestaltet, so vielf\u00e4ltig sind die Bauernbetriebe der Marktfahrerfamilien. Regionales Gem\u00fcse, Obst, Kr\u00e4uter, Milchprodukte oder Blumen - hier gibt es jeweils freitags Neues und Altbew\u00e4hrtes zu entdecken und probieren.  ", "url": "https://bauernmarkt-sg.ch/", "image": "https://sgbtpimtsoch.sos-ch-dk-2.exoscale-cdn.com/catalog/d/8/e/d/d8ed6d3f25137cc616e3a1efa5af841bb2d11825_Photokleinformat_3_2_Bauernmarkt_St.Gallen_5.jpg", "openstreetmap_id": "node/137896218"}, "geometry": {"type": "Point", "coordinates": ["9.3750971", "47.4260286"]}}, {"type": "Feature", "properties": {"identifier": "282080c8-bc5e-4e7d-ad90-f100139e7990", "name": "Textil-Shop in der Tourist Information", "description": "Weltweit ist St.Gallen als Textilstadt bekannt, grosse Designer wie Chanel, Christian Dior, Giorgio Armani und andere verarbeiten Spitzen aus St.Gallen, und kaum eine bedeutende Modenschau in Paris, Mailand oder New York verzichtet auf die Pr\u00e4sentation der entsprechenden Haute Couture. Getragen werden die Kreationen von zahlreichen Prominenten, darunter Michelle Obama, Adele, Madonna und Charl\u00e8ne, F\u00fcrstin von Monaco. \n\nOb ein St\u00fcck St.Galler Spitze am Handgelenk, wundersch\u00f6ne Stickereimotive oder samtene Armstulpen - im Textil-Shop in der Tourist Information St.Gallen findet sich eine einmalige Auswahl.", "url": "http://www.st.gallen-bodensee.ch", "image": "https://sgbtpimtsoch.sos-ch-dk-2.exoscale-cdn.com/catalog/9/7/f/5/97f5e5b525093eb109d6ef70f31e52814460cacc_20230117_stgallen_bodensee_tourismus_textilshop.png", "openstreetmap_id": "4092518490"}, "geometry": {"type": "Point", "coordinates": ["9.375731348991396", "47.423151396262"]}}, {"type": "Feature", "properties": {"identifier": "2873c818-4f7c-4143-8246-febaa423c601", "name": "Areal Bildst\u00f6ckli", "description": "<p>Inmitten des gemeindeeigenen Rebbergs eingebettet, pr\u00e4sentiert sich die Arena Bildst\u00f6ckli. Auf dem eingerichteten Spielplatz k\u00f6nnen sich Kinder verweilen, w\u00e4hrend sich auf dem arenaf\u00f6rmigen Platz die Erwachsenen treffen. </p><p>Die Arena Bildst\u00f6ckli bietet mehr als ein stimmungsvolles Ambiente. Das Areal wird auch als Festort f\u00fcr verschiedene kulturelle Anl\u00e4sse der Gemeinde genutzt. So finden beispielsweise die 1. August-Feier, das Rebenfest oder Musikkonzerte der Musikgesellschaften in der Arena Bildst\u00f6ckli statt.<br></p>", "image": "https://sgbtpimtsoch.sos-ch-dk-2.exoscale-cdn.com/catalog/4/f/5/f/4f5fe61475b038bee865b9dc2ba9571ecffbaf28_Arena_Bildst__ckli___Foto_von_Andreas_Steiger_Fr__hling_2014__002_.jpg", "openstreetmap_id": "node/7128127640"}, "geometry": {"type": "Point", "coordinates": ["8.924471139907839", "47.24231299835728"]}}, {"type": "Feature", "properties": {"identifier": "28893a4d-d5c2-4a90-9d28-a8c68a546887", "name": "Spielplatz Schulhaus B\u00fcrg", "description": "<p>Der neu gebaute Spielplatz beim Kindergartenpavillion und dem Schulhaus B\u00fcrg mit Rutsche, Schaukel und Pingpongtisch bietet allen Kindern etwas. Der angrenzende Pausenplatz mit Basketballkorb l\u00e4dt zu einem Basketballspiel ein. Ben\u00fctzung lediglich ausserhalb der Schulzeiten.</p><p></p><p><strong>Ausstattung:</strong></p><ul><li>0\u20135 Jahre</li><li>5\u201312 Jahre</li><li>Barrierefrei</li><li>Rauchfrei</li></ul>", "image": "https://sgbtpimtsoch.sos-ch-dk-2.exoscale-cdn.com/catalog/c/1/e/8/c1e846088f5f994c945e95f272bd7dcf5ce9818e_Spielplatz_Schulhaus_B__rg_2022.JPG", "openstreetmap_id": "way/273895510"}, "geometry": {"type": "Point", "coordinates": ["8.943375307174732", "47.248785600000005"]}}, {"type": "Feature", "properties": {"identifier": "28c40e6b-5cf4-42fe-a343-4dfd35df79c1", "name": "PADL Bodensee", "description": "Mit PADL Bodensee erleben Sie abenteuerliche Stunden am und auf dem Wasser, die jedes Paddelherz h\u00f6her schlagen lassen. Erfahrene Kursleiterinnen und Kursleiter begleiten Ihre Gruppe auf dem idyllischen Gew\u00e4sser und sorgen f\u00fcr ein unvergessliches Erlebnis.", "url": "https://padl-bodensee.ch/de/", "image": "https://sgbtpimtsoch.sos-ch-dk-2.exoscale-cdn.com/catalog/e/6/d/e/e6de5d81517025f8084581d9124959c00a35c819_PADL_Bodensee_PADL_Festival_2022_Wake_up_Paddle_1.jpg", "openstreetmap_id": "node/6377781393"}, "geometry": {"type": "Point", "coordinates": ["9.3799292", "47.5644513"]}}, {"type": "Feature", "properties": {"identifier": "292dca50-53a2-43b9-a4a4-f797c4844d13", "name": "Garnhandw\u00e4rch", "description": "<p class=\"MsoNormal\">Im &bdquo;Flickw&auml;rch&rdquo; widmet sich Katja Frefel der Textilreparatur. Ob sichtbar oder unsichtbar: Lieblingsst&uuml;cke werden sorgf&auml;ltig gerettet, kreativ erneuert und zu Unikaten verwandelt. So entstehen neue Werte, und Ressourcen werden geschont. Wer selbst Hand anlegen m&ouml;chte, kann in einem der Kurse das Flicken von Kleidungsst&uuml;cken erlernen.</p><p class=\"MsoNormal\">Katja Frefel zeigt an Veranstaltungen den Weg des Flachses &ndash; einer der &auml;ltesten Kulturpflanzen &ndash; vom zarten Pfl&auml;nzchen bis zum fertigen Leinen. Die Teilnehmenden erleben dabei die Geschichte, die Nachhaltigkeit und die vielseitigen Eigenschaften des Materials.</p>", "url": "https://www.garnhandwaerch.ch/", "image": "https://sgbtpimtsoch.sos-ch-dk-2.exoscale-cdn.com/catalog/3/c/f/2/3cf2f4300fc65301933f084bc9f6dc993aa3b2b1_20251001_garnhandwaerch_titelbild.jpg", "openstreetmap_id": "way/789625610"}, "geometry": {"type": "Point", "coordinates": ["9.364393", "47.418072"]}}, {"type": "Feature", "properties": {"identifier": "29fde06b-b5bb-4f6e-8280-92c50d658b04", "name": "B\u00e4ckerei Morger", "description": "<p>Die B&auml;ckerei Morger in Neuhaus und in Eschenbach bietet nebst den verschiedenen Broten und Kleingeb&auml;ck auch regionale Produkte aus dem Lebensmittelladen an. Denn in Neuhaus ist die B&auml;ckerei zus&auml;tzlich eine Postagentur und ein Lebensmittelladen.&nbsp;</p><p><span style=\"font-weight: bold;\">Angebot:</span></p><ul><li>Brot, div. Spezialbrote, Gipfeli, Zopf</li><li>Nussgipfel, W&auml;hen, Kleingeb&auml;ck, Torten Patisserie</li><li>Sandwiches, Canap&eacute;s, Bircherm&uuml;esli</li><li>Kaffee zum Mitnehmen</li><li>Partybrote (mit diversen F&uuml;llungen)</li><li>Partyservice (Ap&eacute;ro- und Dessertbuffet)</li></ul><p>Filiale Eschenbach:<br>Mo-Fr 06.00 - 12.15 und 14.00 - 18.30 Uhr<br>Sa 06.00 - 13.00 Uhr<br>So 06.30 - 12.00 Uhr<br>Tel. 055 282 11 44<br><br>Filiale Uznach:<br>Mo-Fr 06.00 - 12.30 Uhr<br>Sa-So 06.30 - 11.30 Uhr<br>Tel. 077 538 20 18</p>", "url": "https://www.baeckerei-morger.ch/#", "image": "https://sgbtpimtsoch.sos-ch-dk-2.exoscale-cdn.com/catalog/a/6/d/b/a6dbda7acc59097fa6922bc0845f8de70849dd9e_Morger.jpg", "openstreetmap_id": "node/659837458"}, "geometry": {"type": "Point", "coordinates": ["8.9471241", "47.2428859"]}}, {"type": "Feature", "properties": {"identifier": "2a24b658-8951-4014-b23e-f979039477c2", "name": "Schneeschuh Touren", "description": "<p>Erkunden Sie die herrlich verschneite Voralpen-Landschaft mit Schneeschuhen. Im Atzm&auml;nnig-Gebiet sind zwei Schneeschuh-Trails markiert, welche individuell begehbar und auch f&uuml;r Anf&auml;nger gut machbar sind.</p><p>Der Start ist jeweils bei der Bergstation Atzm&auml;nnig.</p><p><span style=\"font-weight: bold;\">Route 1: Chr&uuml;zegg</span><br>Atzm&auml;nnig Bergstation - Chr&uuml;zegg - Atzm&auml;nnig Talstation<br>Distanz: 7km, Laufzeit: 3-4 Stunden</p><p><span style=\"font-weight: bold;\">Route 2: Altschwand</span><br>Atzm&auml;nnig Bergstation - Altschwand - Atzm&auml;nnig Talstation<br>Distanz: 3.5km, Laufzeit: 1.5 bis 2 Stunden</p><p>An beiden Touren liegen mindestens je zwei Restaurants. Schneeschuhe k&ouml;nnen bei der Talstation Atzm&auml;nnig gemietet werden.</p><p>Es werden auch gef&uuml;hrte Touren angeboten wie die Vollmond-Schneeschuh-Tour.</p><p class=\"MsoNormal\">Anreise mit den &ouml;ffentlichen Verkehrsmitteln:<br>Bus 630 von Eschenbach (Dorftreff) nach Hintergoldingen (Atzm&auml;nnig Schutt)</p>", "url": "https://www.atzmaennig.ch/de/winter/winterangebote/schneeschuhtrail/?gad_source=1&gclid=Cj0KCQjw05i4BhDiARIsAB_2wfC_DDWVt_KfyfCe-R8ZmATYoNbhEMg4Y1rTeI_tNQp_Vfkb2zIEagcaAjrGEALw_wcB", "image": "https://sgbtpimtsoch.sos-ch-dk-2.exoscale-cdn.com/catalog/3/b/6/9/3b6989e84d26c23e64bc1126e645916c0d6d62e9_2024_schneeschuh9.jpg", "openstreetmap_id": "way/231502473"}, "geometry": {"type": "Point", "coordinates": ["8.99704973589569", "47.28537835"]}}, {"type": "Feature", "properties": {"identifier": "2a2d8f52-cd61-4dcf-bc8f-90419180612c", "name": "Destillerie Brunner", "description": "Basierend auf der Idee eines Gins mit Bibergeschmack wurde im Jahre 2019 die Firma gegr\u00fcndet, destilliert wird jedoch nach wie vor, wie vor hundert Jahren. Die Destillerie Brunner produziert als Lohn- und Gewerbebrennerei in St. Gallen mittels traditionellem und handwerklich bew\u00e4hrtem Verfahren einmalige und charakterstarke Spirituosen. Die Variet\u00e4t reicht von Gin, Vodka, Lik\u00f6re, Obst-und Fruchtbr\u00e4nde bis hin zu klassischen Schn\u00e4psen. Meist entstehen Produkte die an St.Galler Spezialit\u00e4ten, die Geschichte oder geographische Highlights angelehnt sind. So beispielsweise der Bibergin, der Spitzengin oder auch der S\u00e4ntisgin. Ein besonderer Genuss: die Bibergin Truffes. Zu finden sind die Produkte in ausgew\u00e4hlten Lokalit\u00e4ten und Verkaufsstellen und im Online-Shop.", "url": "https://www.destillerie-brunner.com/", "image": "https://sgbtpimtsoch.sos-ch-dk-2.exoscale-cdn.com/catalog/a/6/4/a/a64a731c86f00b3c4a2b8ff45703f74559c86c1d_MBP_0975.jpg", "openstreetmap_id": "node/7193109903"}, "geometry": {"type": "Point", "coordinates": ["9.3655093", "47.4132147"]}}, {"type": "Feature", "properties": {"identifier": "2a33e6ea-716d-4a05-9d24-e1bd3f58fffd", "name": "Cafe\u0301 Bar Blumenmarkt", "description": "<p>Im Herzen der Stadt &ndash; wie der Name sagt, gleich am Blumenmarkt &ndash; befindet sich die gem&uuml;tliche Caf&eacute; Bar. Morgens werden Granola und Bircherm&uuml;esli serviert, mittags werden Stammg&auml;ste und Reisende mit Salaten, Suppen, Quiches aber auch mit Cakes und Brownies verw&ouml;hnt. Abends verwandelt sich die Blumenmarkt Caf&eacute; Bar zum lokalen Treffpunkt f&uuml;r Nachtschw&auml;rmer mit feinen Beats, kreativen Drinks und tollen Antipasti. Samstags und sonntags stehen leckere Brunchgerichte zur Auswahl.&nbsp;</p>", "url": "http://www.blumenmarktbar.ch", "image": "https://sgbtpimtsoch.sos-ch-dk-2.exoscale-cdn.com/catalog/f/f/1/9/ff191c5d1b558280a8e8f400f77a06f89d2018fa_R0015688b2.jpg", "openstreetmap_id": "node/4092576490"}, "geometry": {"type": "Point", "coordinates": ["9.3747487", "47.4258812"]}}, {"type": "Feature", "properties": {"identifier": "2b8be17d-54ba-454d-beb6-8540c254d8e9", "name": "Landi Goldingen", "description": "<p><span style=\"font-weight: bold;\">Angebot:</span></p><ul><li>Lebensmittelladen mit frischem Brot</li><li>integrierte Poststelle</li><li>Heiz\u00f6l- und Treibstoffservice</li><li>Futtermittel</li><li>Getr\u00e4nkelieferung</li><li>Swisslos Partner Verkauf Goldschatz Wein</li></ul>", "image": "https://sgbtpimtsoch.sos-ch-dk-2.exoscale-cdn.com/catalog/5/d/7/9/5d79ade4411f8ce85a5a3f4fdb9cb5abcbf3875d_Goldingertal_Atzmaennig_HR_439_carina.jpg", "openstreetmap_id": "way/270254267"}, "geometry": {"type": "Point", "coordinates": ["8.960201541906883", "47.2642988"]}}, {"type": "Feature", "properties": {"identifier": "2b94672a-5722-46c9-91f2-25d3e35d3fb6", "name": "Skatepark Eschenbach", "description": "<p>Der vor kurzem neu gebaute Skatepark bei den Fussballfeldern an der Rapperswilerstrasse ist klein und \u00fcberschaubar, hat aber trotzdem einiges zu bieten. Rampen links sowie rechts, einige Schanzen und andere Hindernisse im Zentrum des Platzes. Auch einige Rails am Rande garantieren f\u00fcr Spass.</p><p></p><p><strong>Ausstattung:</strong></p><ul><li>0\u20135 Jahre</li><li>5\u201312 Jahre</li><li>Barrierefrei</li><li>Rauchfrei</li></ul>", "image": "https://sgbtpimtsoch.sos-ch-dk-2.exoscale-cdn.com/catalog/e/1/5/5/e155a99eb52bd88cce2f7a0bdb59ae87daa0020b_Skateranlage_2021_LarsG__beli_01.jpg", "openstreetmap_id": "node/7126452312"}, "geometry": {"type": "Point", "coordinates": ["8.91793727874756", "47.23658748829896"]}}, {"type": "Feature", "properties": {"identifier": "2bcd23e0-72f4-4beb-8822-01c016deb130", "name": "NIOS AG", "description": "Die NIOS AG bieten Unternehmen mit besonders schu\u0308tzenswerten Daten moderne Cloud-Infrastrukturen und IT-Lo\u0308sungen an. \nDurch Expertise in den Bereichen Private und Public Cloud, ausgezeichnetem Know-how, langja\u0308hriger Erfahrung und den Einsatz ausgewa\u0308hlter Produkte entwickelt die NIOS AG Arbeitsumgebungen, welche ho\u0308chste Anspru\u0308che an Sicherheit, gesetzliche Vorgaben und innovative Technologien vereinen.\n\nDer Name NIOS, der seinen Ursprung im Irischen hat, steht fu\u0308r \u00abmehr\u00bb und \u00abweiter\u00bb. Dies zeigt sich auch in der  Zusammenarbeit mit der Kundschaft: \"Wir denken immer ein Stu\u0308ck weiter und bieten Ihnen mehr als das U\u0308bliche.\"", "url": "https://nios.ch/", "image": "https://sgbtpimtsoch.sos-ch-dk-2.exoscale-cdn.com/catalog/3/4/6/6/3466129709211248b9b37533d81db4af5471b56c_NIOS_Logo__1_.jpg", "openstreetmap_id": "node/4953101621"}, "geometry": {"type": "Point", "coordinates": ["8.6948008", "47.5158925"]}}, {"type": "Feature", "properties": {"identifier": "2e5d1a4e-7bc2-4eeb-be0b-679833412f2c", "name": "Hirschen Wald - Gasthaus & B\u00e4ckerei", "description": "<p>Etwas mehr als tausend Meter &uuml;ber Meer, umgeben von Wiesen und W&auml;ldern, hier steht der Hirschen Wald. Ein stattliches Gasthaus im freundlichen Appenzellerland. Eine selbstverst&auml;ndliche fr&ouml;hliche Gastlichkeit, eine gepflegte K&uuml;che, um die sich die Besitzer selber k&uuml;mmern. Das alles geh&ouml;rt im Hirschen Wald zur Tradition. Die zwei gem&uuml;tlichen Gaststuben, das 250 Jahre alte Wandbuffet, der alte Holzbackofen, sie wissen davon zu berichten. Hier lassen sich die Feste feiern, wie sie fallen. Die Hotelzimmer im Hirschen, geschmackvoll eingerichtet, sind hell und komfortabel. Jedes hat Dusche/WC, TV und Wifi. In jedem ist es l&auml;ndlich still. Und aus den Fenstern sieht jeder Gast sein eigenes St&uuml;ckchen Appenzell. Im alten Backofen wird auch heute noch fast t&auml;glich gebacken. Seit drei Generationen duftet es im Hirschen nach frischem Brot und nach den kleinen, weit herum bekannten Geb&auml;cken. Sie werden nach sorgsam geh&uuml;teten Familienrezepten hergestellt. Buchst&auml;blich an der Haust&uuml;re des Hirschen ziehen Wanderwege vorbei. Sie f&uuml;hren &uuml;ber H&uuml;gel, durch W&auml;lder, querfeldein. Und mehr als das, sie f&uuml;hren unmerklich aus der Hetze, dem Stress heraus, an einem schattigen Baum, an einem abgelegenen Geh&ouml;ft vorbei, immer weiter in die Stille. Es ist nicht weit zum Bodensee, zum St&auml;dtchen Appenzell, oder hinauf in den Alpstein. Auch St. Gallen, mit seinen Museen, seinen Kinos, seinem Theater, ist leicht zu erreichen. Die Familie Mettler freut sich, die G&auml;ste in ihrem Haus zu begr&uuml;ssen.</p>", "url": "https://www.hirschenwald.ch", "image": "https://sgbtpimtsoch.sos-ch-dk-2.exoscale-cdn.com/catalog/6/3/6/d/636d93c04553dc6e4f6c68aea2fbba8cff0a605b_Key_HirschenWald_2022_FullHD.jpg", "openstreetmap_id": "node/10743463642"}, "geometry": {"type": "Point", "coordinates": ["9.504600763320925", "47.41903548921606"]}}, {"type": "Feature", "properties": {"identifier": "2e756ad1-4cf3-454c-85df-55cc23b70a8a", "name": "Winter Arena \"Spatzenland\"", "description": "<p>Unmittelbar neben der Brustenegg-H&uuml;tte im Atzm&auml;nnig, an sonniger Lage, befindet sich die Winter Arena &laquo;Spatzenland&raquo;. B&ouml;gli, F&auml;hnli, ein 24 Meter langes F&ouml;rderband und viele weitere spassige Hilfsmittel bieten die unterschiedlichsten M&ouml;glichkeiten, den Schneesport spielerisch zu erlernen und anforderungsgerecht zu gestalten. Das perfekte Einstiegsgel&auml;nde f&uuml;r alle Beginner, egal ob Kind oder Erwachsen.</p><p class=\"MsoNormal\">Anreise mit den &ouml;ffentlichen Verkehrsmitteln:<br>Bus 630 von Eschenbach (Dorftreff) nach Hintergoldingen (Atzm&auml;nnig Schutt)</p>", "url": "https://www.atzmaennig.ch/", "image": "https://sgbtpimtsoch.sos-ch-dk-2.exoscale-cdn.com/catalog/4/e/4/a/4e4a590837e2bbf93841ba395cc87d40f76167c1_2024_winter_arena_atzm__nnig_02.jpg", "openstreetmap_id": "way/196376534"}, "geometry": {"type": "Point", "coordinates": ["8.993768692016603", "47.282770133484036"]}}, {"type": "Feature", "properties": {"identifier": "2e9977b7-dd99-4dc8-bdf1-28e7491aaea5", "name": "Einstein Bar", "description": "\u00abClubatmosph\u00e4re im englischen Stil\u00bb ist die wohl passendste\nUmschreibung f\u00fcr die Stimmung, die in der Einstein Bar herrscht. Hier treffen sich Menschen aus St.Gallen und der ganzen Welt.\n\nUnterschiedlichste Cocktails, rund 100 Whiskys und Spitzenweine, Bier vom Fass oder k\u00f6stliche Eigenkreationen lassen kaum einen Wunsch offen.", "url": "https://www.einstein.ch/de/essen-trinken/einstein-bar", "image": "https://sgbtpimtsoch.sos-ch-dk-2.exoscale-cdn.com/catalog/6/8/2/8/6828e270e6fc8c5d6501f9c6c7e23025a9c0d7bb__02_Key_Visual_Bar_LowRes.jpg", "openstreetmap_id": "445628383"}, "geometry": {"type": "Point", "coordinates": ["9.3754457", "47.4214519"]}}, {"type": "Feature", "properties": {"identifier": "2f206b67-0327-454f-9ba4-50a61d6f144e", "name": "Hobby-Drechsler Sepp R\u00fcegg", "description": "<p>Im Atelier von Sepp R\u00fcegg gibt es viel zu bewundern. Aus diversen Holzarten wie Fichte, Eiche, Nussbaum etc. stellt Sepp wundersch\u00f6ne Unikate her.&nbsp;</p><p><span style=\"font-weight: bold;\">Angebot:</span></p><ul><li>Kerzenst\u00e4nder</li><li>Teller und Schalen</li><li>Kugelschreiber</li><li>Brief\u00f6ffner</li><li>Deko-Fr\u00fcchte, Holz-Pilze</li><li>Weink\u00fchler und vieles mehr<br><br></li></ul><p>Vorbeischauen lohnt sich! Einfach einen Termin vereinbaren und Sepp \u00f6ffnet seine T\u00fcren.&nbsp;</p>", "image": "https://sgbtpimtsoch.sos-ch-dk-2.exoscale-cdn.com/catalog/8/b/f/1/8bf12783a03cf497e0aacd43390936867300d5ae_007.jpg", "openstreetmap_id": "way/1091572007"}, "geometry": {"type": "Point", "coordinates": ["8.944361830207608", "47.24908395"]}}, {"type": "Feature", "properties": {"identifier": "2f36417e-6a42-43b9-bdea-13c9f018bfcc", "name": "Hotel NewStar", "description": "Das Hotel NewStar verbindet Qualit\u00e4t und professionellen Service mit einem attraktiven Preis. Die 57 Zimmer bieten mit angemessenen Wohn- und Arbeitsbereichen eine stilvolle Atmosph\u00e4re f\u00fcr G\u00e4ste auf Gesch\u00e4ftsreise.\n\nMit modernen Sitzungs- und Konferenzr\u00e4umen ist das Hotel Newstar auch f\u00fcr Business-Meetings, Tagungen oder Workshops f\u00fcr bis zu 80 Personen geeignet. Die G\u00e4ste profitieren von einem idealen Standort mit optimaler Verkehrsanbindung und Parkm\u00f6glichkeiten direkt vor dem Haus.", "url": "http://newstar.ch", "image": "https://sgbtpimtsoch.sos-ch-dk-2.exoscale-cdn.com/catalog/4/0/b/5/40b526975463037adb03e1a21db0cd23196650c2_NewStar_aussen.jpg", "openstreetmap_id": "node/4231981291"}, "geometry": {"type": "Point", "coordinates": ["9.311135899999954", "47.4077003"]}}, {"type": "Feature", "properties": {"identifier": "2f76b934-6330-4e42-bf56-d5a0511cfd34", "name": "Feuerstelle Schlotterschlucht", "description": "<p>Auf dem Weg Richtung Tal befindet sich die Feuerstelle \"Schlotterschlucht mit Holz und Grillrost. Ideal um eine Pause einzulegen und die herrliche Aussicht zu geniessen.&nbsp;</p>", "image": "https://sgbtpimtsoch.sos-ch-dk-2.exoscale-cdn.com/catalog/b/1/9/b/b19b4a5bdf10af458a72fc6ed49449d2188061c0_feuerstelle_schlotterschlucht_klein.jpg", "openstreetmap_id": "node/5283577927"}, "geometry": {"type": "Point", "coordinates": ["8.996729850769045", "47.27819528344357"]}}, {"type": "Feature", "properties": {"identifier": "2f87ea07-88d0-45ff-a6c7-d48bdbfdce9b", "name": "Wandern im Atzm\u00e4nnig - Route 2", "description": "<p>Diese Rundwanderung startet bei der Talstation Atzm&auml;nnig, von der aus mit der Sesselbahn (&Ouml;ffnungszeiten beachten) die H&ouml;henmeter &uuml;berwunden werden k&ouml;nnen. Von der Bergstation geht es durch den Wald talw&auml;rts in ca. 35 Minuten zum&nbsp;<a href=\"https://goldingertal.ch/de/map/details/alpwirtschaft-huettenberg-1872d1ad-bdf5-4fda-8d42-522dedca40cf.html\" target=\"_blank\" rel=\"noopener\">Bergrestaurant H&uuml;ttenberg</a> (Holzwegweiser beachten). Auf dem R&uuml;ckweg f&uuml;hrt der Weg &uuml;ber den Vorderen Rotstein und die Schwammegg zur Bergstation.&nbsp;</p><p>Wanderzeit: ca. 1 1/4 Std.&nbsp;&nbsp;</p><p>Anreise mit den &ouml;ffentlichen Verkehrsmitteln:<br>Bus 630 von Eschenbach (Dorftreff) nach Hintergoldingen (Atzm&auml;nnig Schutt)</p>", "url": "https://www.atzmaennig.ch/", "image": "https://sgbtpimtsoch.sos-ch-dk-2.exoscale-cdn.com/catalog/d/9/8/c/d98c22bd903fd0d453967f36e2aad647e4386fff_Goldingertal_Atzmaennig_HR_144_Carina_Scheuringer.jpg", "openstreetmap_id": "way/231502473"}, "geometry": {"type": "Point", "coordinates": ["8.995796442031862", "47.2848150544246"]}}, {"type": "Feature", "properties": {"identifier": "2f8fa983-f223-48f4-a1d8-4bfed0a5ceef", "name": "Wildpark Peter und Paul", "description": "<p>Der Wildpark Peter und Paul liegt in der Stadt St.Gallen auf einer Kuppe bei Rotmonten. Eingebettet in eine abwechslungsreiche Naturlandschaft l&auml;dt er zur Erholung und zum Spazieren ein. Von verschiedenen Standorten im Park er&ouml;ffnen sich sch&ouml;ne Aussichten auf den Kanton Thurgau, den Bodensee, S&uuml;ddeutschland, Vorarlberg und in den Alpstein. Das Restaurant Peter und Paul rundet das attraktive Freizeit- und Informationsangebot kulinarisch ab. Die Wildtiergehege f&uuml;gen sich nahtlos ins Gel&auml;nde ein. Die Rot-, Sika- und Damhirsche, G&auml;msen, Steinb&ouml;cke, Murmeltiere, Wildschweine, Luchse und Wildkatzen sind in naturnaher Umgebung zu sehen. Wahrzeichen des Wildparks sind die Steinbockfelsen.&nbsp;</p>", "url": "http://www.wildpark-peterundpaul.ch/", "image": "https://sgbtpimtsoch.sos-ch-dk-2.exoscale-cdn.com/catalog/6/0/4/e/604e1f4f5f68c7083d157ed76746889ee690d3a3_Computerformat_4_3_PeterPaul_13.jpg", "openstreetmap_id": "way/25750594"}, "geometry": {"type": "Point", "coordinates": ["9.387323856353762", "47.449690492502604"]}}, {"type": "Feature", "properties": {"identifier": "30bcbeb1-602a-4219-8868-0b51386dc52c", "name": "Rodeln im Atzm\u00e4nnig", "description": "<p>Mit der Sesselbahn gelangen Sie bequem zum Start und geht von da an nur noch steil bergab. Sie rasen auf 700m durch Tunnels, &uuml;ber Bach&uuml;bergange und in erh&ouml;hte Steilkurven &ndash; bis zum Ziel, das sich 126m weiter unten befindet.</p><p>Sp&uuml;ren Sie den Rausch der Geschwindigkeit und geben Sie Vollgas. Aber keine Angst, denn der Rodel l&auml;sst sich nicht nur leicht beschleunigen, sondern auch innert k&uuml;rzester Zeit wieder bremsen.</p><p>Unten bei der Talstation gibt es weitere Attraktivit&auml;ten um den Tag ausklingen zu lassen.</p><p class=\"MsoNormal\">Anreise mit den &ouml;ffentlichen Verkehrsmitteln:<br>Bus 630 von Eschenbach (Dorftreff) nach Hintergoldingen (Atzm&auml;nnig Schutt)</p>", "url": "https://www.atzmaennig.ch/de/sommer/sommerangebote/rodelbahn/", "image": "https://sgbtpimtsoch.sos-ch-dk-2.exoscale-cdn.com/catalog/3/8/c/c/38cc311c7babeea95f49982dbec07d8fb6363a55_Rodelbahn5__1_.jpg", "openstreetmap_id": "way/911466485"}, "geometry": {"type": "Point", "coordinates": ["8.995742797851564", "47.28479013960538"]}}, {"type": "Feature", "properties": {"identifier": "30ea25fc-7d10-4461-a95f-e2a3c320a8ab", "name": "Wandern im Atzm\u00e4nnig - Route 4", "description": "<p>Diese sch&ouml;ne Wanderung startet bei der Talstation Atzm&auml;nnig, von der aus mit der Sesselbahn (&Ouml;ffnungszeiten beachten) die H&ouml;henmeter &uuml;berwunden werden k&ouml;nnen. Oben gehen Sie Richtung Chr&uuml;zegg via Schwammegg-Rotstein-Tweralpspitz-Tweralph&uuml;tte. Bei der H&uuml;tte ca. 200m weiter unterhalb den Wegweiser beachten, dann Richtung Restaurant Altschwand gehen und wieder zur&uuml;ck zur Talstation Schutt.</p><p>Wanderzeit: ca. 2 1/4 Std.&nbsp;</p><p>Der Weg f&uuml;hrt an verschiedenen Feuerstellen vorbei.&nbsp;</p><p>Anreise mit den &ouml;ffentlichen Verkehrsmitteln:<br>Bus 630 von Eschenbach (Dorftreff) nach Hintergoldingen (Atzm&auml;nnig Schutt)</p>", "url": "https://www.atzmaennig.ch/", "image": "https://sgbtpimtsoch.sos-ch-dk-2.exoscale-cdn.com/catalog/4/1/5/1/4151b7b4bbb20bb5bd43aa64ad0504e950d0712b_Carina_Scheruinger_Goldingertal_Atzmaennig_HR_259.jpg", "openstreetmap_id": "way/231502473"}, "geometry": {"type": "Point", "coordinates": ["8.995640873908998", "47.28477865998415"]}}, {"type": "Feature", "properties": {"identifier": "3111282f-ea8a-4af4-834e-3a0086e2843a", "name": "flon", "description": "Im Jugendkulturraum flon finden Konzerte, Partys, Theater, Ausstellungen und vieles mehr statt. Gef\u00fchrt wird der Jugendkulturraum von einer Betriebsgruppe, bestehend aus Jugendlichen und jungen Erwachsenen zwischen 16 und 26 Jahren. Sie plant und organisiert Veranstaltungen mit der Unterst\u00fctzung von Mitarbeitenden der Offenen Jugendarbeit Zentrum St.Gallen. Der Jugendkulturraum dient als Plattform, um sich einem gr\u00f6sseren Publikum zu pr\u00e4sentieren. Der Raum steht zudem f\u00fcr verschiedene Produktionsformen wie Tanztraining, Theaterproben oder B\u00fchnenbildgestaltung zur Verf\u00fcgung. Jugendliche, die eine Idee zur Durchf\u00fchrung von Projekten oder Aktionen haben, werden von den Mitarbeitenden der Offenen Jugendarbeit Zentrum fachlich unterst\u00fctzt und begleitet. Dabei helfen sie bei der Suche nach Finanzierungsm\u00f6glichkeiten, der Einhaltung rechtlicher Bedingungen und bei der Vermittlung von Kontakten zu Bands etc.", "url": "https://www.flon-sg.ch/", "image": "https://sgbtpimtsoch.sos-ch-dk-2.exoscale-cdn.com/catalog/b/0/c/f/b0cfd19e7bfd3dce92b9dd755245d2401a0dddb6_CD4CAA3A_B1EF_4791_9920_0DA62C439469.jpeg", "openstreetmap_id": "node/3210786054"}, "geometry": {"type": "Point", "coordinates": ["9.3674668", "47.4198138"]}}, {"type": "Feature", "properties": {"identifier": "3124fca2-5548-4a32-822c-1948511fbbc5", "name": "Schlafen im Zirkuswagen", "description": "<p>In zwei gem\u00fctlichen Zirkuswagen k\u00f6nnen bis zu je 4 Personen gem\u00fctliche Ferientage geniessen. Die W\u00e4gen sind das ganze Jahr \u00fcber buchbar. Kinder d\u00fcrfen mit auf die F\u00fcttertour. Die Verpflegung gibts im Hofst\u00fcble. </p><p><span style=\"font-weight: bold;\">Neu ab Mai:</span> </p><ul><li>haben wir auch noch eine Kinderpauschale zum Kinderbuch \"Konrad Kupferhals\", bei diesem Angebot stehen die Kinder und die kleine Kupferhalsziege Konrad im Mittelpunkt</li><li>Angebot Romatik pur...<br></li></ul>", "url": "http://www.rueegg4you.ch/", "image": "https://sgbtpimtsoch.sos-ch-dk-2.exoscale-cdn.com/catalog/e/f/6/a/ef6a2ce7641052ef1ce196bdf985256ac1f6b03b_IMG_20210428_143507.jpg", "openstreetmap_id": "node/5503373556"}, "geometry": {"type": "Point", "coordinates": ["8.895497918128969", "47.24265532084563"]}}, {"type": "Feature", "properties": {"identifier": "312fbe5c-d523-4470-8608-742d86c3054f", "name": "S\u00e4ntispark B\u00e4derwelt", "description": "<p class=\"MsoNormal\">Das ganzj&auml;hrig ge&ouml;ffnete Badeparadies verf&uuml;gt &uuml;ber verschiedene Rutschen, B&auml;der, eine grosse Saunalandschaft sowie zahlreiche Sport- und Spielm&ouml;glichkeiten.&nbsp;</p><p class=\"MsoNormal\">Besonders beeindruckend ist die Rutschenwelt mit zw&ouml;lf spektakul&auml;ren Wasserrutschen, die durch Licht- und Soundshows erg&auml;nzt werden. Besuchende k&ouml;nnen zwischen drei Virtual-Reality-Erlebnissen auf der Rutsche Wildbach w&auml;hlen, Kristalle auf der Kristalljagd sammeln oder sich bei einem Wettrennen auf der Super-G messen.</p><p class=\"MsoNormal\">F&uuml;r die j&uuml;ngsten G&auml;ste gibt es die Kinderbadewelt mit spannenden Attraktionen wie der geheimnisvollen H&ouml;hlenrutsche und der Himmelsrutsche. Die Breitrutsche bietet Spass f&uuml;r mehrere Kinder gleichzeitig, und eine faszinierende Fischprojektion sorgt f&uuml;r ein unvergessliches Familienerlebnis.&nbsp;</p><p>Auch ausserhalb der B&auml;derwelt wird einem nicht langweilig: Erholung bietet der Wellnessbereich mit grosser Saunawelt, Private Spa, R&ouml;misch-Irischem Bad und vielf&auml;ltigem Massage-Angebot. F&uuml;r Spass ganz ohne Wasser sorgen Sport- und Spielangebote: Wie w&auml;re es mit einer Runde Minigolf, einer Partie Billard, einer Bowlingrunde oder einem Squash-Duell? Im S&auml;ntispark kommen auch Sportfans auf ihre Kosten.</p>", "url": "https://saentispark-freizeit.ch/", "image": "https://sgbtpimtsoch.sos-ch-dk-2.exoscale-cdn.com/catalog/0/1/4/8/014824ff7ab6344ab3f0ef7fe328073566b1f51a_Kinderbadewelt__4.jpg", "openstreetmap_id": "way/38750523"}, "geometry": {"type": "Point", "coordinates": ["9.3156002", "47.4187031"]}}, {"type": "Feature", "properties": {"identifier": "3176f684-0c75-4118-81ff-c16fe5cd2d2f", "name": "Hubertinger Bio-Weide-Beef", "description": "<p>Die Hubertinger Angus-Weide-Rinder d\u00fcrfen ein Alter von ca. 18-24 Monaten erreichen. Das Futter f\u00fcr die Rinder ist im Sommer die Weide und im Winter Heu und Silage aus eigenem Anbau. Zus\u00e4tze wie Leistungsf\u00f6rderer (Hormone), Medikamente (Antibiotika) oder \u00e4hnliches werden dem Futter nicht beigemischt. </p><p><span style=\"font-weight: bold;\">Angebot:</span> </p><ul><li>Mischpakete \u00e0 10kg / 5kg CHF 33.-/kg<br><br></li></ul><p><span style=\"font-weight: bold;\">Im 10kg Mischpaket enthalten:</span> </p><ul><li>Voressen (ca. 1,2kg) </li><li>Braten (ca. 1,5kg) </li><li>Siedfleisch (ca. 1.5kg) </li><li>Gehacktes (ca. 2.0kg) </li><li>Geschnetzeltes (ca. 1.0kg)</li><li> Pl\u00e4tzli \u00e0 la Minute (ca. 1.0kg) </li><li>Gulasch (ca. 0.4kg) </li><li>Filet oder Huft (ca. 0.5kg) </li><li>Hohr\u00fcckensteak (ca. 0.3kg) </li><li>Entrec\u00f4te (ca. 0.6kg) </li></ul><p><br>Auf Anfrage auch Einzelportionen erh\u00e4ltlich! </p><p><span style=\"font-weight: bold;\">Zu empfehlen sind auch:</span><span style=\"font-weight: 700;\"><br></span>Mostbr\u00f6ckli, Buuresch\u00fcblig, Hamburger, Grill-Sch\u00fcblig, Chili-Sch\u00fcblig.</p><p><span style=\"font-weight: bold;\">Erreichbarkeit:</span> <br>Der Hubertingerhof liegt an einem kleinen Str\u00e4sschen (Veloweg, Wanderweg) vom Dorf Goldingen nach Laupen/Diemberg. </p><p><span style=\"font-weight: bold;\">Und sonst noch:</span></p><ul><li>Teilnahme bei <a href=\"https://www.schweizerbauern.ch/bauernhof-erleben/auf-dem-bauernhof/stallvisite/\" target=\"_blank\">stallvisite.ch</a> - Bauernh\u00f6fe \u00f6ffnen ihre Stallt\u00fcren f\u00fcr die Bev\u00f6lkerung</li><li>Partyraum zu vermieten </li><li>3 einfache Stellpl\u00e4tze</li></ul>", "image": "https://sgbtpimtsoch.sos-ch-dk-2.exoscale-cdn.com/catalog/4/2/0/8/42082d2d8d153a82cc13597ee15b7eb668aa450a_Hubertingerhof_Hauptbild.jpg", "openstreetmap_id": "node/11266103951"}, "geometry": {"type": "Point", "coordinates": ["8.9439967", "47.2609884"]}}, {"type": "Feature", "properties": {"identifier": "32a2d570-784c-42cd-9a6b-d7616e3bd1e5", "name": "Schloss Wartegg", "description": "<p>Das Schloss Wartegg vereint historische Architektur, moderne Hotellerie und gelebte Regionalit&auml;t. Als erstes Swiss Historic Hotel der Ostschweiz empf&auml;ngt es G&auml;ste mit herzlicher Gastfreundschaft und einem Sinn f&uuml;r Qualit&auml;t &ndash; sichtbar etwa in der biologischen K&uuml;che, der bewussten Materialwahl oder der Zusammenarbeit mit regionalen Partnern.</p><p>Die 25 individuell gestalteten Zimmer bieten Ruhe und Charakter. Im Textilzimmer (Romantikzimmer) verweisen edle Stoffe aus der Kollektion von <a href=\"https://fischbacher1819.com/\" target=\"_blank\" rel=\"noopener\">Christian Fischbacher</a> auf die textile Kompetenz der Ostschweiz. Der Blick &uuml;ber den Englischen Park zum Bodensee oder in die Appenzeller H&uuml;gel unterstreicht die besondere Lage. Ob f&uuml;r einen erholsamen Aufenthalt oder ein kreatives Seminar: Das Schloss Wartegg ist ein Ort, an dem Sorgfalt sp&uuml;rbar wird.</p>", "url": "http://www.wartegg.ch/", "image": "https://sgbtpimtsoch.sos-ch-dk-2.exoscale-cdn.com/catalog/0/b/1/6/0b16bf7e84d3bf3d16c1f8250eb0f5d3d6a237cf_Luftaufnahme_mit_See__4_.jpg", "openstreetmap_id": "way/186554885"}, "geometry": {"type": "Point", "coordinates": ["9.5301308", "47.4784585"]}}, {"type": "Feature", "properties": {"identifier": "32dca0a6-1a69-4a9a-bb32-e443ff3656f8", "name": "Coiffeur Schnitt|werk", "description": "<p>Im modernen Coiffeursalon von Kathrin wird das Wohlbefinden des Kunden gross geschrieben. Ob die Haare nur gestylt werden sollen oder mit einem neuen Schnitt versehen, Kathrin wird den Wunsch erf\u00fcllen.&nbsp;</p><p>Wenn Kathrin nicht in ihrem Coiffeursalon anzutreffen ist, widmet sie sich dem zweiten Standbein der Fotografie. Sie liebt es Familien, Baby und Hochzeitsfotos f\u00fcr unvergessliche Erinnerungen zu machen.&nbsp;</p>", "url": "https://www.schnitt-werk.ch/", "image": "https://sgbtpimtsoch.sos-ch-dk-2.exoscale-cdn.com/catalog/9/a/9/3/9a938f587abe7be0aa38833ef20db3e19f4d2c33_KathrinDietziker_Schnittwerk_03.jpg", "openstreetmap_id": "way/270254329"}, "geometry": {"type": "Point", "coordinates": ["8.966785820384615", "47.261727"]}}, {"type": "Feature", "properties": {"identifier": "33304efc-562f-458a-9f35-0a03e7b672e4", "name": "Ski- & Snowboard-Center Neuhaus", "description": "<p>Das Hauptaugenmerk ist, den Wintersport f\u00fcr Familien erschwinglich zu machen, dies auf diversen Ebenen (vern\u00fcnftiges Preissortiment, Kinder-System-Programm, verg\u00fcnstigte Tageskarten, etc.). </p><p>Im Ski- &amp; Snowboard-Center finden Sie aber auch alles f\u00fcr den Wandersport, denn seit \u00fcber 10 Jahren ist das Gesch\u00e4ft das ganze Jahr ge\u00f6ffnet! Ein Familienbetrieb der f\u00fcr Familien da ist! </p><p><span style=\"font-weight: bold;\">Angebot im Winter:</span></p><ul><li>Ski- und Snowboard-Artikel</li><li>Kinder-System-Programm</li><li>Ski- &amp; Snowboard-Service</li><li>Wintersportbekleidung f\u00fcr Erwachsene und Kinder</li><li>Schneeschuhe</li><li>verg\u00fcnstigte Tageskarten </li></ul><p><span style=\"font-weight: bold;\"><br></span></p><p><span style=\"font-weight: bold;\">Angebot im Sommer:</span></p><ul><li>Freizeit\u2013 und Wanderschuhe f\u00fcr Kinder und Erwachsene</li><li>Rucks\u00e4cke f\u00fcr Kinder und Erwachsene</li><li>Freizeit\u2013 und Wanderbekleidung f\u00fcr Erwachsene und Kinder</li><li>\u00dcbersommerungs-Service f\u00fcr Ihre Ski\u2013 oder Snowboardausr\u00fcstung </li><li>Retournierungsm\u00f6glichkeit f\u00fcr Winter-Kinder-System-Ausr\u00fcstung - (idealerweise bis Anfangs Juli)</li></ul>", "url": "https://skicenter.ch/", "image": "https://sgbtpimtsoch.sos-ch-dk-2.exoscale-cdn.com/catalog/a/8/1/3/a8135224863f53d1246c9970b9d9c71c265ee7ff_IMG_5475.jpg", "openstreetmap_id": "node/8993365007"}, "geometry": {"type": "Point", "coordinates": ["8.9481335", "47.2431951"]}}, {"type": "Feature", "properties": {"identifier": "33741721-55e5-4770-9722-b3565e2eb019", "name": "Landgasthaus B\u00e4ren Grub", "description": "Fein, klein und pers\u00f6nlich, unter diesem Motto werden die G\u00e4ste im Landgasthaus B\u00e4ren empfangen und verw\u00f6hnt. Sei es mit erlesenen Gerichten aus der mit Hauben und von Michelin gelobten K\u00fcche, ein feines Gl\u00e4schen Wein aus dem mit \u00fcber 160 Sorten best\u00fccktem Weinkeller, oder als Hotelgast in einem der konventionell eingerichteten Hotelzimmer. Gut gelegen an der Hauptstrasse St.Gallen - Heiden und mit Aussicht auf den Bodensee ist das Landgasthaus B\u00e4ren mit dem Postauto und KFZ gut erreichbar. S\u00f6nd Willkomm im B\u00e4ren Grub AR!", "url": "http://www.baeren-grub.ch", "image": "https://sgbtpimtsoch.sos-ch-dk-2.exoscale-cdn.com/catalog/4/b/e/b/4beb7bf6cdf58da018f229aaf320b98e5fa64ad4_restaurant_baeren_17.jpg", "openstreetmap_id": "node/7254716693"}, "geometry": {"type": "Point", "coordinates": ["9.4973513", "47.442959"]}}, {"type": "Feature", "properties": {"identifier": "337c9aca-1396-4e7c-a2ba-e50a9e6921b0", "name": "Hotel Dom", "description": "Rund 55 Menschen mit einer Beeintr\u00e4chtigung finden im Hotel Dom einen Ausbildungs- oder Arbeitsplatz und sind in allen Bereichen t\u00e4tig. Das in der Region einzigartige Konzept geniesst hohe Beachtung von G\u00e4sten und Einheimischen gleichermassen. Das Hotel ist aussen eher n\u00fcchtern gestaltet, besticht aber mit seinem farbigen Innern. Es liegt mitten in der Altstadt, unmittelbar beim Stiftsbezirk St.Gallen. \n\nDas Hotel Dom verf\u00fcgt \u00fcber helle Einzel-, Doppel- und Dreibettzimmer und bietet auch einen Tagungsraum sowie ein Besprechungszimmer. Zudem bieten das Hotel f\u00fcnf frisch renovierte Studios an. Diese befinden sich in unmittelbarer N\u00e4he des Hauptbahnhofs St.Gallen. Die Studios sind ausgestattet mit Kochnische, Klimaanlage und  Bad mit Dusche/WC. \n\nF\u00fcr Langzeit-Aufenthalte werden Wochen- und Monatspreise angeboten.", "url": "http://www.hoteldom.ch/", "image": "https://sgbtpimtsoch.sos-ch-dk-2.exoscale-cdn.com/catalog/2/0/4/5/2045ab284c5ed9774226add4029ad5afcf129af8_hotel_dom_zimmer_2019_255_R.jpg", "openstreetmap_id": "way/242696325"}, "geometry": {"type": "Point", "coordinates": ["9.3751", "47.42282"]}}, {"type": "Feature", "properties": {"identifier": "338221d4-0e8f-4de6-b1a6-94a88a14cb81", "name": "S\u00e4ntispark Sport & Spiel", "description": "<p>Den Kopf frei kriegen und dabei erst noch Spass haben &ndash; das geht am besten in guter Gesellschaft. Ob sportliche H&ouml;chstleistungen oder jede Menge Action mit Freunden und Familie: Im vielseitigsten Vergn&uuml;gungspark in der Ostschweiz ein leichtes Spiel. Das Angebot reicht von Billard, Bowling, Badminton bis Squash.</p>", "url": "https://saentispark-freizeit.ch/sport-spiel/", "image": "https://sgbtpimtsoch.sos-ch-dk-2.exoscale-cdn.com/catalog/5/e/8/2/5e827c564d35ef43b3c3a54625dc0ea2ea440401_Bowling.jpg", "openstreetmap_id": "way/38750523"}, "geometry": {"type": "Point", "coordinates": ["9.31539", "47.41882"]}}, {"type": "Feature", "properties": {"identifier": "33949ea5-177d-4669-bacc-ecd23d1c47fb", "name": "Bergrestaurant Atzm\u00e4nnig Harz", "description": "<p>Das gem\u00fctliche Bergrestaurant Atzm\u00e4nnig Harz liegt etwa 5 Gehminuten von der Bergstation entfernt direkt an der Wanderroute und Skipiste. Mit rustikalen Speisen, feinem Kaffee oder Desserts l\u00e4dt es zu einer Pause ein. Dabei k\u00f6nnen Sie im Restaurant sowie auf der grossen Terrasse die Sonne und das wunderbare Panorama von den Churfirsten bis ins Berner Oberland geniessen. </p><p>Jeden Sonntag auf Voranmeldung (von Mai bis Oktober) wird ein reichhaltiges Fr\u00fchst\u00fccksbuffet angboten.<br></p>", "url": "https://www.bergrestaurant-atzmaennig.ch/", "image": "https://sgbtpimtsoch.sos-ch-dk-2.exoscale-cdn.com/catalog/e/0/1/f/e01f04613e60d0126cf17c4b844bb4ff9f4e0363_goldingen_bergrestaurant_harz_atzmaennig.jpg", "openstreetmap_id": "node/5283577927"}, "geometry": {"type": "Point", "coordinates": ["9.007952213287355", "47.27846099255573"]}}, {"type": "Feature", "properties": {"identifier": "34168062-f20f-47d3-b1f9-cada8dd6dae0", "name": "Gastwirtschaft zum Dornhof", "description": "<p>Seit vielen Jahren geh&ouml;rt die Gastwirtschaft Dornhof als beliebter Treffpunkt f&uuml;r Einheimische und G&auml;ste aus nah und fern zu einem festen Bestandteil von Steinebrunn. Die G&auml;ste geniessen hier ein kleines aber feines Angebot aus der saisonalen K&uuml;che mit frischen Produkten aus der Region - mit Blick auf Romanshorn und den Bodensee. In der gem&uuml;tlich eingerichteten Gaststube und bei sch&ouml;nem Wetter im Garten l&auml;sst es sich herrlich entspannen. Ein in die Gaststube integrierter Geschenkladen sorgt immer f&uuml;r eine gem&uuml;tliche Atmosph&auml;re und f&uuml;r die passende saisonale Dekoration. Auch die kleinen G&auml;ste kommen nicht zu kurz: Die Kinder k&ouml;nnen im Segelboot-Sandkasten spielen oder sich an den Tieren erfreuen! F&uuml;r Durchreisende oder f&uuml;r einen Kurzurlaub am nahen Bodensee bietet der Dornhof zwei gem&uuml;tliche G&auml;stezimmer im famili&auml;ren Rahmen an.</p>", "url": "https://www.dornhof-tg.ch/", "image": "https://sgbtpimtsoch.sos-ch-dk-2.exoscale-cdn.com/catalog/4/b/a/5/4ba54ba934109fabb5d7193fa308dc399a1ddc6b_P9200007.JPG", "openstreetmap_id": "way/424081691"}, "geometry": {"type": "Point", "coordinates": ["9.342720997314753", "47.53592705"]}}, {"type": "Feature", "properties": {"identifier": "348329bc-30c3-4732-a8ce-89aeba69335c", "name": "Roman Rutishauser - Weingut am Steinig Tisch", "description": "<p>Das Weingut am Steinig Tisch ist ein Familienbetrieb mit Selbstkelterung in dritter Generation. In den vorz&uuml;glichen Lagen des Buchbergs mit dem milden Klima, gedeiht in extremer Steillage auf kargem-tonigem Boden ausdruckstarkes Traubengut. Im Einklang mit der Natur und durch gezielte F&ouml;rderung der Biodiversit&auml;t werden 8 unterschiedliche Rebsorten kultiviert. Daraus entstehen im Weinkeller 14 verschiedene, erstklassige Qualit&auml;tsweine h&ouml;chster G&uuml;te. Diese sind Online aber auch direkt ab Gut zu beziehen. Die herrliche Landschaft der Rebbaugemeinde l&auml;dt zum Verweilen. Die \"Steinig Tisch Treppe\" f&uuml;hrt durch das Weingut zum &bdquo;Steinig Tisch&ldquo;. Auf der Terrasse des Restaurants geniessen die G&auml;ste bei einem Glas heimischem Wein die Rundsicht &uuml;ber Talschaft, Reben und Bodensee.</p>", "url": "http://www.rutishauser-weingut.ch/", "image": "https://sgbtpimtsoch.sos-ch-dk-2.exoscale-cdn.com/catalog/a/2/9/7/a2979c6ba2289880c67d7fb89c95817ab6ec0d94_Weingut_am_Steinig_Tisch_Okt19__2__2.jpg", "openstreetmap_id": "node/2618272370"}, "geometry": {"type": "Point", "coordinates": ["9.5656852", "47.4677944"]}}, {"type": "Feature", "properties": {"identifier": "3489056f-1185-4c2b-a42a-543bb40d897b", "name": "Berggasthaus Nestel", "description": "<p>Das Berggasthaus Nestel ist modern und doch rustikal, im panoramareichen Toggenburg oberhalb von Ebnat-Kappel. Hier l&auml;sst sich die Region nicht nur zu Fuss erleben, sondern auch mit dem Gaumen geniessen. Regionale Spezialit&auml;ten werden neu interpretiert und kombiniert. So finden sich beispielsweise das regionale Mostbr&ouml;ckli kombiniert mit leicht w&uuml;rzigem K&auml;se in unserem Cordon-Bleu, das Schnitzel sowie ein saftiges Steak gibt es ebenso sowie ein Entercote und ein Pouletbr&uuml;stli und f&uuml;r die Vegis ein Gem&uuml;seschnitzel. Diese Variationen k&ouml;nnen mit Gem&uuml;se, Frittes, Teigwaren oder Salaten kombiniert werden. Zu jeder Jahreszeit gibt es Spezielles zum Beispiel im Herbst, Wild aus heimischer Jagd. Desserts sind alle hausgemacht inklusive alle Glacesorten welche zu herrlichen Coupe Variationen verarbeitet werden. Der Schlorzifladen oder eine Fruchtw&auml;ihe geh&ouml;ren ebenso dazu. Der Aufenthalt muss abends nicht zu Ende sein: vier gem&uuml;tliche Zimmer, ein Holzfass im Freien, die gem&uuml;tliche 2 1/2 Zimmerwohnung und das sch&ouml;ne Massenlager laden zum Verweilen ein.</p>", "url": "http://www.berggasthaus-nestel.ch", "image": "https://sgbtpimtsoch.sos-ch-dk-2.exoscale-cdn.com/catalog/8/2/1/f/821f7a6034466415639fd1fb39234c6de65b6c31_Berggasthause_Nestel3.jpg", "openstreetmap_id": "node/1189827083"}, "geometry": {"type": "Point", "coordinates": ["9.11408700000004", "47.2364493"]}}, {"type": "Feature", "properties": {"identifier": "356fd147-5673-4de1-a03e-26021ed65c4c", "name": "B\u00e4renstobe", "description": "Die B\u00e4renstobe verbindet auf einzigartige Weise Tradition und Moderne. In den historischen R\u00e4umen des bereits 1751 urkundlich erw\u00e4hnten Gasthauses erleben die G\u00e4ste gehobenes Fine-Dining. Executive Chef Carsten Kypke kreiert von Donnerstag bis Samstag ein Degustationsmen\u00fc mit vier bis sechs G\u00e4ngen, das regionale Spitzenprodukte mit den vielf\u00e4ltigsten Geschm\u00e4ckern dieser Welt vereint. Die Appenzeller Wurzeln bilden zwar die Grundlage, doch moderne Ans\u00e4tze und frische Zutaten schaffen in der B\u00e4renstobe g\u00e4nzlich neue Geschmackserlebnisse. Das kulinarische Angebot wird seit kurzem durch eine passende Getr\u00e4nke- oder Weinbegleitung mit auserlesenen Tropfen aus dem eindrucksvollen Weinkeller abgerundet.", "url": "https://appenzellerhuus.ch/de/hotels/hotels/huus-baeren/kulinarik/baerenstobe/", "image": "https://sgbtpimtsoch.sos-ch-dk-2.exoscale-cdn.com/catalog/e/7/5/c/e75cfa6ea5f7ab7f8bf17dab9f6a79f97049837b_2024_10_10_Appenzellerhuus_Fenjaphotography_10__2.jpg", "openstreetmap_id": "way/197583924"}, "geometry": {"type": "Point", "coordinates": ["9.34668", "47.32863"]}}, {"type": "Feature", "properties": {"identifier": "35a0f17a-3d0f-40b7-a7c4-4e28b4bce805", "name": "Caf\u00e9 Restaurant Drahtseilb\u00e4hnli", "description": "Der Familienbetrieb verwendet deshalb nur qualitativ hochwertige Produkte. Die fein ausgelesenen Spezialit\u00e4ten stammen von Kleinbetrieben aus der Region. Der pers\u00f6nliche Austausch mit G\u00e4sten und die Gastfreundlichkeit erzeugen ein famili\u00e4res Ambiente zum Wohlf\u00fchlen.\nGegen\u00fcber und direkt bei der Talstation der M\u00fchleggbahn hat das drahtseilb\u00e4hnli einen kleinen Laden er\u00f6ffnet mit Take away, hausgemachten Produkten und Geschenken.", "url": "http://www.drahtseilbaehnli.ch/", "image": "https://sgbtpimtsoch.sos-ch-dk-2.exoscale-cdn.com/catalog/7/2/c/3/72c3e12a330b8036220056ae373124e0f91d4a4c_20190502_113957.jpg", "openstreetmap_id": "node/2552296132"}, "geometry": {"type": "Point", "coordinates": ["9.3772255", "47.4223143"]}}, {"type": "Feature", "properties": {"identifier": "3609f3f0-86ce-47b4-b24c-f1508d30e805", "name": "PinChu China Restaurant", "description": "Authentische chinesische Spezialit\u00e4ten in der Altstadt von St.Gallen mit Mittagsbuffet und Speisen \u00e0 la Carte", "url": "https://pinchu.ch", "image": "https://sgbtpimtsoch.sos-ch-dk-2.exoscale-cdn.com/catalog/7/7/5/c/775ceba3283b75b19d2a48fc08ab1eaefa78753e_Bild1.jpg", "openstreetmap_id": "node/2502478826"}, "geometry": {"type": "Point", "coordinates": ["9.3750858", "47.4229504"]}}, {"type": "Feature", "properties": {"identifier": "3614d6c1-c20d-4651-a252-707886dc4ae8", "name": "\u00d6ffentliche Stadtf\u00fchrungen in Rorschach", "description": "Kommen Sie mit auf einem Rundgang durch die Hafenstadt an der s\u00fcdlichsten Bucht des Bodensees! Wir f\u00fchren Sie zu pr\u00e4chtigen Herrschaftsh\u00e4usern, in abgelegene Hinterh\u00f6fe, zu alten Fabrikgeb\u00e4uden, zu Waschpl\u00e4tzen und Badeanstalten an der Seeuferpromenade und erz\u00e4hlen Ihnen Geschichten von weitgereisten Handelsherren, \u00e4btischen Kornhausverwaltern, italienischen Fabrikarbeiterinnen und k\u00f6niglichen Sommerg\u00e4sten in \"Rorschach-les-Bains\". \n", "url": "https://st.gallen-bodensee.ch/de/", "image": "https://sgbtpimtsoch.sos-ch-dk-2.exoscale-cdn.com/catalog/0/e/e/5/0ee5bfe544880c189212d995e834eafb3fdadb7f_SF_Rorschach_0_Seepromenade.jpg", "openstreetmap_id": "way/179748654"}, "geometry": {"type": "Point", "coordinates": ["9.492734", "47.478602"]}}, {"type": "Feature", "properties": {"identifier": "3633c28d-08f4-42c1-87e9-8a1cb001ad08", "name": "Rhein-Route Highlights (5 Tage / 4 N\u00e4chte) | Saison 2 Kategorie A", "description": "<p>Die Rhein-Route umspannt den Osten der Schweiz in einem weiten Bogen. Auf dieser Reise entdecken Sie die Highlights dieser Route und radeln vom weiten Bodensee, wo Obstg&auml;rten, Schl&ouml;sser und fr&ouml;hliches Touristengeschnatter die Gestade des gr&uuml;n und silbern schimmernden &laquo;schw&auml;bischen Meeres&raquo; zieren bis nach Basel.</p><p>Saison 2: vom 25. April bis 25. September 2026</p><p class=\"MsoNormal\">Kategorie A: ab CHF 1055.00</p><p>Der genaue Reiseverlauf ist&nbsp;<a href=\"https://shop.st.gallen-bodensee.ch/de/products/rheinroute-highlights-5-tage-4-naechte-saison-2-kategorie-a\" target=\"_blank\" rel=\"noopener\">hier</a> ersichtlich.</p>", "url": "https://www.eurotrek.ch", "image": "https://sgbtpimtsoch.sos-ch-dk-2.exoscale-cdn.com/catalog/6/6/e/6/66e68bbc96b0f8b1017bcca6a525b0f407c4e312_Rheinroute_Dig_Marktplatz.jpg", "openstreetmap_id": "node/1349145879"}, "geometry": {"type": "Point", "coordinates": ["9.505248", "47.4780562"]}}, {"type": "Feature", "properties": {"identifier": "36fc51fe-f77b-4066-aa01-9c5f908d1641", "name": "Restaurant M\u00fcrtschen", "description": "<p>Als Teil des Pflegezentrums Eschenbach ist das Restaurant M\u00fcrtschen ein beliebter Treffpunkt f\u00fcr die Bewohnerinnen und Bewohner sowie auch externe G\u00e4ste. Geniessen Sie t\u00e4glich saisonale K\u00f6stlichkeiten, gesch\u00e4tzte Klassiker oder einfach Kaffee und Dessert im Herzen von Eschenbach.&nbsp;</p><p>Bei sch\u00f6nem Wetter, wird ebenfalls auf der Terrasse bedient.&nbsp;</p><p>Die Cafeteria bietet 44 Pl\u00e4tze. Auch Gruppen sind willkommen.&nbsp;<br></p>", "url": "https://pflegezentrum-eschenbach.ch/restaurant-muertschen/", "image": "https://sgbtpimtsoch.sos-ch-dk-2.exoscale-cdn.com/catalog/5/9/7/4/5974c4ce8775f6f3d9f36718b5fb8bb285e083d8_PZEschenbach_HausM__rtschen_7.jpg", "openstreetmap_id": "way/397556582"}, "geometry": {"type": "Point", "coordinates": ["8.919250958742332", "47.2390026"]}}, {"type": "Feature", "properties": {"identifier": "37088b43-0321-44a6-8828-8d03e86e0ff4", "name": "Veranda Arbon", "description": "Und das mit mediterranem Ambiente \u2013 viel Meer braucht man nicht zum Gl\u00fccklichsein!\n\nDie Gastgeber setzen setzen auf eine kleine aber feine Auswahl an frischer, fantasievoller und saisonaler Kost. Dazu geh\u00f6rt eine gelungene Auswahl an hausgemachten Bagels und Salatbowls. Sommerliche Drinks mit und ohne Alkohol d\u00fcrfen nat\u00fcrlich auch nicht fehlen.\n\nAm Wochenende kommen die G\u00e4ste in den Genuss des Veranda-Breakfasts mit Bircherm\u00fcesli, Smoothie, Bagel oder Gipfeli. ", "url": "https://verandaarbon.ch/", "image": "https://sgbtpimtsoch.sos-ch-dk-2.exoscale-cdn.com/catalog/b/0/4/4/b044d86e6e65a891fb4dca65643db47e9b163136_Arbon_Veranda_Strandbar_Popup_2.jpg", "openstreetmap_id": "way/190558484"}, "geometry": {"type": "Point", "coordinates": ["9.433926459971161", "47.5116386"]}}, {"type": "Feature", "properties": {"identifier": "371207fb-bed6-440f-a75c-0bb2f181748f", "name": "Firmenmuseum Schneider Busbetriebe in Ermenswil", "description": "<p>In den Sommermonaten kann die Museumsbesichtigung mit einer Oldtimer-Busfahrt erg\u00e4nzt werden.<br></p>", "image": "https://sgbtpimtsoch.sos-ch-dk-2.exoscale-cdn.com/catalog/a/3/2/2/a3221297ca9a7958303cbf5995cd9606b6797416_2024_Schneider_Museum_Busse_geschm__ckt_MG_5857.JPG", "openstreetmap_id": "way/383760599"}, "geometry": {"type": "Point", "coordinates": ["8.884280920028688", "47.244716840520816"]}}, {"type": "Feature", "properties": {"identifier": "37aff33b-624f-4314-87cf-1fcc6a15a3f3", "name": "H\u00fcppi Dachbau AG", "description": "<p>Das abwechslungsreiche Aufgabengebiet sorgt f\u00fcr eine spannende Vielfalt im Alltag.</p><p>Im Team der H\u00fcppi Dachbau AG finden sich ausserdem zahlreiche Hobbyk\u00fcnstler, die ihre Kreativit\u00e4t entfalten und eine Reihe von einzigartigen Holzspielzeugen herstellen. Diese kunstvollen Werke k\u00f6nnen vor Ort bewundert und auch erworben werden.<br></p>", "url": "https://www.hueppi-dachbau.ch/", "image": "https://sgbtpimtsoch.sos-ch-dk-2.exoscale-cdn.com/catalog/7/9/5/2/79524d18460cbc1bdb3b982e59d89291cb23e821_2020_diverse_holzkreationen.jpg", "openstreetmap_id": "way/272111704"}, "geometry": {"type": "Point", "coordinates": ["8.968346144573896", "47.270816100000005"]}}, {"type": "Feature", "properties": {"identifier": "37d17cdf-dc9b-40d3-9311-e880ed4a9c74", "name": "Bett am Weiher", "description": "Bei der Renovierung des Hauses wurde grossen Wert darauf gelegt, die typischen Merkmale wieder freizulegen. Gleichzeitig wurde dem heutigen Komfortbed\u00fcrfnis Rechnung getragen.\n\nAlte Balken, Treppen, B\u00f6den und T\u00fcren ergeben mit modernen B\u00e4dern, Lampen und der K\u00fcche wundervolle Kombinationen. Das B&B verf\u00fcgt \u00fcber f\u00fcnf stilvolle und grosse Doppelzimmer, jedes mit Dusche und Toilette ausgestattet. Die Zimmer k\u00f6nnen auch einzeln belegt werden.\nIm Fr\u00fchst\u00fccksraum wird t\u00e4glich ein vollwertiges Buffet bereitgestellt.\n\nDas \"Bett am Weiher\" wird wie ein Minihotel ohne Reception gef\u00fchrt.  Unsere G\u00e4ste erhalten nach der Reservierung einen Schl\u00fcsselcode. Mittels diesem Code kann man den Schl\u00fcssel an der Digibox beim Eingang beziehen.\n\nDer gem\u00fctliche Essraum und der Aufenthaltsraum laden zum Verweilen ein. Dort kann man sich ungest\u00f6rt unterhalten oder ein Buch lesen. Zudem stehen verschiedene Gesellschaftsspiele zur Verf\u00fcgung. Der gem\u00fctliche Gartensitzplatz bietet eine wundersch\u00f6ne Aussicht auf den Stadtweiher.", "url": "http://www.bettamweiher.ch", "image": "https://sgbtpimtsoch.sos-ch-dk-2.exoscale-cdn.com/catalog/e/b/b/e/ebbe0ef4bb62ec5f44ea1b7972d419e204e0396b_Bett_am_Weiher.jpg", "openstreetmap_id": "node/7595877018"}, "geometry": {"type": "Point", "coordinates": ["9.04915", "47.46719"]}}, {"type": "Feature", "properties": {"identifier": "38121dd8-470f-48bf-b4de-ab145a39cebb", "name": "Atzm\u00e4nnig-Schnee", "description": "<p>Der landwirtschaftliche Betrieb befindet sich 1 Km vor den Sportbahnen Atzm\u00e4nnig und umfasst ca. 28 K\u00fche (Raus-Label), 40 Rinder, 20 Mastk\u00e4lber (IP-Suisse-Label) und 50 H\u00fchner. 21 ha landwirtschaftliche Nutzfl\u00e4che befindet sich in der Bergzone 2 und 19 ha befinden sich in der Bergzone 3 (gleich unterhalb der Chr\u00fczegg). Zus\u00e4tzlich geh\u00f6ren 23 ha Wald zum Betrieb. Einige Fl\u00e4chen werden mit \u00d6ko-Qualit\u00e4t bewirtschaftet, z.B. Magerwiesen, Hecken, extensiv genutzte Weiden mit Strukturvielfalt, extensiv genutzte Wiesen, Obstgarten und Krauts\u00e4ume entlang der Waldr\u00e4nder. </p><p>Im L\u00e4deli werden Eier und Atzm\u00e4nnig-Schnee (Weichk\u00e4se) verkauft. Fleisch-Mischpakete und Holz k\u00f6nnen telefonisch bestellt werden. </p><p>Ab November werden ebenfalls Tannen\u00e4ste verkauft.</p>", "image": "https://sgbtpimtsoch.sos-ch-dk-2.exoscale-cdn.com/catalog/3/b/3/2/3b32e3e5471a2f1933344851abe5bbf9cbc53363_rossfallen_350.jpg", "openstreetmap_id": "way/271923960"}, "geometry": {"type": "Point", "coordinates": ["8.988395200481534", "47.28928595"]}}, {"type": "Feature", "properties": {"identifier": "383f2764-3449-4c3e-abe9-b54b61f0e5ac", "name": "St.Gallen-Bodensee Tourismus", "image": "https://sgbtpimtsoch.sos-ch-dk-2.exoscale-cdn.com/catalog/a/a/3/0/aa30e266d1678de31746e99eaadbdb36e76682ec_standort_sgbt.jpg"}}, {"type": "Feature", "properties": {"identifier": "3882c0bc-0cff-4b96-80c0-014360c2666c", "name": "Hof Nauen - Landwirtschaft mit Tradition", "description": "<p>Die Mutterkuhhaltung und die Bewirtschaftung der Wiesen und Weiden bilden einen wichtigen Teil des Betriebs. Daneben geh&ouml;ren auch die Holzverarbeitung, die Kastanien und die Produktion eigener Hofprodukte zum vielseitigen Hofalltag.&nbsp;</p><p>Einen Teil des eigenen Rindfleisches vermarktet die Familie Riget direkt ab Hof als SwissPrime Beef Mischpakete auf Bestellung. Auch die eigenen Kastanien bieten sie saisonal direkt ab Hof oder bei diversen Partnern an.&nbsp;</p><p>Sie legen Wert auf eine nachhaltige Bewirtschaftung, regionale Kreisl&auml;ufe und einen sorgf&auml;ltigen Umgang mit Natur und Ressourcen. Ihr Hof ist nicht nur Arbeitsplatz sondern ein St&uuml;ck Heimat, dass die Familie mit viel Herzblut bewirtschaftet und weiterentwickelt.&nbsp;</p>", "image": "https://sgbtpimtsoch.sos-ch-dk-2.exoscale-cdn.com/catalog/c/3/c/3/c3c35ed90c5dd1d3a2be7ec758bd35b73544ca3d_IMG20250504111045.jpg", "openstreetmap_id": "node/13098941817"}, "geometry": {"type": "Point", "coordinates": ["8.962343931198122", "47.25060837505299"]}}, {"type": "Feature", "properties": {"identifier": "38a352b2-a78a-497d-8134-ec8bfabcf3cc", "name": "PKZ St.Gallen", "description": "Nicht nur regelm\u00e4ssige Fashion-Events der Extraklasse begeistern die Kunden \u2013 es stehen zudem auch Top Stylisten f\u00fcr ein Personal Shopping zur Verf\u00fcgung, die mit ihrer Expertise bei der Suche nach den richtigen Outfits helfen. \n\nBereits im Jahr 1881, noch vor der Erfindung des ersten Druckknopfs, gr\u00fcndete Paul Kehl das Modehaus Paul Kehl Z\u00fcrich. PKZ ist somit das \u00e4lteste Modehaus der Schweiz. Bis heute ist es in Familienbesitz und beweist seine Fashion-Expertise immer wieder aufs Neue. Bis 1974 betrieb PKZ sogar zwei eigene Fabriken in der Schweiz und exportierte seine angesehene Herrenkollektion nach ganz Europa. \n\nIm Jahre 2014 wurden die Gesch\u00e4fte Feldpausch, Burger und Blue Dog auf die heutigen Gesch\u00e4fte PKZ MEN und PKZ WOMEN konsolidiert. Gleichzeitig mit dem Namenswechsel er\u00f6ffnete PKZ im gleichen Jahr das mit \u00fcber 3000 Quadratmetern gr\u00f6sste Damenmodehaus der Schweiz an der Bahnhofstrasse in Z\u00fcrich.", "url": "https://www.pkz.ch/de/", "image": "https://sgbtpimtsoch.sos-ch-dk-2.exoscale-cdn.com/catalog/d/9/7/8/d9781ebd9d01163c6491a57ef352d78f9497337f_Haus_PKZ_SG_ZS.jpg", "openstreetmap_id": "node/4348354369"}, "geometry": {"type": "Point", "coordinates": ["9.377226", "47.424802"]}}, {"type": "Feature", "properties": {"identifier": "38c6a0a1-eb98-4b52-bb26-f10cbadad4e0", "name": "Meter \u2013 Offenes Flickatelier in der Textilwerkstatt", "description": "<p>M\u00f6chten Sie endlich die Hosen k\u00fcrzen, die Socken stopfen, das Kleid einnehmen oder das Loch im Lieblingspulli flicken? Dann sind Sie hier genau richtig! Ob Flickarbeiten, K\u00fcrzungen, \u00c4nderungen oder kleine kreative Ideen: In diesem offenen N\u00e4h-Atelier geht es ums Selbermachen. Alle sind willkommen, unabh\u00e4ngig von Vorkenntnissen oder Erfahrung.</p><p>Der Kurs findet alle zwei Wochen statt. Eine Anmeldung ist nicht notwendig. Wer spontan kommt, ist ebenso willkommen wie alle, die gerne im Voraus planen. Die Teilnahme erfolgt auf Kollektenbasis. Einfach vorbeikommen und ausprobieren!</p>", "url": "https://meter-sg.ch/", "image": "https://sgbtpimtsoch.sos-ch-dk-2.exoscale-cdn.com/catalog/4/a/d/8/4ad86283e8c718f7370c1ecd959c773e14d28063_Download.jpg", "openstreetmap_id": "node/10090620327"}, "geometry": {"type": "Point", "coordinates": ["9.354015", "47.419932"]}}, {"type": "Feature", "properties": {"identifier": "390452d5-969e-414e-849c-fe08f7298283", "name": "Feierliche Vernissage Weihnachtsbaum auf dem Klosterplatz", "description": "<p class=\"MsoNormal\">Matthias Fl\u00fcckiger erz\u00e4hlt eine stimmungsvolle\nWeihnachtsgeschichte. Die Chlausbl\u00e4ser der Polizeimusik St.Gallen und der Chor\nVoice Up umrahmen die Vernissage musikalisch.<o:p></o:p></p>", "image": "https://sgbtpimtsoch.sos-ch-dk-2.exoscale-cdn.com/catalog/2/9/4/f/294f1b5fc56f48ca4c2f1cc16c8d0c1cef3d3abb_medium__Christbaum_Weihnachten_10__1_.jpg"}, "geometry": {"type": "Point", "coordinates": ["9.3771709", "47.4235488"]}}, {"type": "Feature", "properties": {"identifier": "394a2e9b-ec7a-48a8-8d1c-47a74693d60b", "name": "Begegnungsplatz Kellen", "description": "Der Begegnungsplatz Kellen ist seit seiner Er\u00f6ffnung im Jahr 2011 eine weit \u00fcber die Gemeindegrenzen hinaus bekannte Attraktion f\u00fcr Kinder und Familien.\n\nDer Begegnungsplatz Kellen besteht aus zehn Spielinseln, einer Boccia-Bahn und zwei \u00f6ffentlichen Grillstellen.\n\nDie regionalen Sport- und Erholungsanlagen Kellen mit ihren zus\u00e4tzlichen \u00f6ffentlichen Angeboten liegen in unmittelbarer Nachbarschaft.", "url": "https://www.goldach.ch/begegnungsplatzkellen/2397", "image": "https://sgbtpimtsoch.sos-ch-dk-2.exoscale-cdn.com/catalog/3/a/4/5/3a453b5365c47273bda9117d58265e2b4e0229cb_Begegnungsplatz_Kellen.jpg", "openstreetmap_id": "way/144475168"}, "geometry": {"type": "Point", "coordinates": ["9.458869800000002", "47.4775408"]}}, {"type": "Feature", "properties": {"identifier": "396d21ed-f3e6-4962-b02b-7964a58b1cca", "name": "Glasritz - Geschenke", "description": "<p>Hier werden einzigartige Geschenke f\u00fcr Hochzeit, Geburtstag, Muttertag, Weihnachten und vieles mehr gefunden. </p><p>Die pers\u00f6nlichen W\u00fcnsche und Ideen nimmt Irene gerne auf oder unterst\u00fctzt mit einer individuellen Beratung, das passende Sujet zu finden. Die Geschenke werden mit viel Liebe und Sorgfalt personalisiert.<br></p>", "url": "https://glasritz-geschenke.jimdofree.com/", "image": "https://sgbtpimtsoch.sos-ch-dk-2.exoscale-cdn.com/catalog/d/a/1/1/da11d76c9ef2643840e033906eb98ef08384a299_glas_ritzen_3.jpg", "openstreetmap_id": "way/273895515"}, "geometry": {"type": "Point", "coordinates": ["8.943466503930878", "47.24979"]}}, {"type": "Feature", "properties": {"identifier": "3989d366-2383-4915-a528-437234083f3d", "name": "Bio Hof Bl\u00f6chlinger", "description": "<p>Am Eingang vom Dorf Goldingen, auf dem Weg von B\u00fcrg Richtung Atzm\u00e4nnig, liegt der Bio Hof Bl\u00f6chlinger. Auf dem Hof leben Rinder, H\u00fchner und Masth\u00fchner. Der Obstgarten mit verschiedenen Obstb\u00e4umen liefert ein vielseitiges Angebot an \u00c4pfeln, Birnen, Kirschen, Zwetschgen, Esskastanien und Pflaumen. </p><p>An der Strasse vor dem Haus, vis-\u00e0-vis der K\u00e4serei Pfister, steht das Hofl\u00e4deli/Verkaufswagen. Darin werden die Bio Produkte zur Selbstbedienung angeboten. Die Bio Eier sind das ganze Jahr erh\u00e4ltlich. Das Bio Obst und S\u00fcssmost wird saisonal angeboten. Bio Poulet direkt ab Hof gibt es 2-3-mal pro Jahr und kann bestellt/reserviert werden. Bezahlt wird bequem per Twint oder mit Bargeld in die Kasse.<br></p>", "image": "https://sgbtpimtsoch.sos-ch-dk-2.exoscale-cdn.com/catalog/0/d/3/6/0d3601c843e3d0774450035a8bf2465ddd72c360_Bio_Hof_Bl__chlinger___Hauptbild_Verkaufwagen.jpg", "openstreetmap_id": "way/270254363"}, "geometry": {"type": "Point", "coordinates": ["8.967090735787309", "47.26098575"]}}, {"type": "Feature", "properties": {"identifier": "398b87c0-0f1b-4c6a-9e32-62e653499a33", "name": "g'nuss", "description": "<p>Herzlich Willkomen im g'nuss!&nbsp;</p><p id=\"u9070-6\">Seit 2012 setzt g&rsquo;nuss mit <span id=\"u9070-2\">feiner Patisserie, Sandwiches, Gelato und Schokolade-Kreationen</span> kulinarische Akzente. Als leidenschaftlicher Patisseur &uuml;berrascht Inhaber Stefan Bischof gerne mit neuen Ideen.</p><p>Bei g&rsquo;nuss wird Patisserie nach dem B-Concept hergestellt. Diese revolution&auml;re Methode erm&ouml;glicht es, die&nbsp;<span id=\"u9070-12\">Patisserie-Kreationen mit weniger Fett, weniger Zucker und weniger Kalorien</span> herzustellen. Sie hat gleichzeitig einen intensiveren Geschmack, eine leichtere Konsistenz und ist erst noch besser verdaulich. Dabei ist alles hausgemacht, mit hochwertigen Zutaten m&ouml;glichst aus der Region. Am Samstag gibt es einen vielf&auml;lltigen, internationalen Brunch.</p><p>Wir freuen uns auf Euch!</p><p>&nbsp;</p>", "url": "https://gnuss.info", "image": "https://sgbtpimtsoch.sos-ch-dk-2.exoscale-cdn.com/catalog/4/c/4/1/4c41060dcdc930e27841e14bf75e51037f668deb_fruitspati.jpg", "openstreetmap_id": "node/4092472207"}, "geometry": {"type": "Point", "coordinates": ["9.380205273628237", "47.42442912256757"]}}, {"type": "Feature", "properties": {"identifier": "39fbf514-8f4c-475c-badc-e5c3e3ec815e", "name": "Kristallh\u00f6hle Kobelwald", "description": "Sie zieht allj\u00e4hrlich tausende von Besuchern in ihren Bann. Die H\u00f6hlenatmosph\u00e4re, die Tropfsteine, vorbei an funkelnden Calcit-Kristallen, das rauschende Wasser sowie die Ton- und Lichtverh\u00e4ltnisse \u00fcben auf j\u00fcngere und \u00e4ltere Besucher eine grosse Faszination aus. Als begehbare, wasserf\u00fchrende H\u00f6hle mit einem grossen Kristall-Vorkommen ist sie einmalig in der Schweiz.", "url": "http://www.kristallhoehle.ch", "image": "https://sgbtpimtsoch.sos-ch-dk-2.exoscale-cdn.com/catalog/5/2/3/3/5233e154ce810f722254e5a45104325e68761867_K_H__hle2__2.jpg", "openstreetmap_id": "node/653930472"}, "geometry": {"type": "Point", "coordinates": ["9.534201620600687", "47.322854221093124"]}}, {"type": "Feature", "properties": {"identifier": "3b5a8353-d4a9-4231-9394-f01691f91454", "name": "Balgach"}}, {"type": "Feature", "properties": {"identifier": "3b6cb1c9-0af9-4fa0-91aa-b509bbc330d2", "name": "Gasthaus zum Ochsen", "description": "<p>Bereits in 6. Generation und der Chef kocht pers\u00f6nlich mit marktfrischen, saisonalen Zutaten aus der Region. \n\nDas Gasthaus liegt direkt am Jakobsweg und ist ein idealer Ausgangspunkt f\u00fcr Ausfl\u00fcge ins Neuh\u00fcsler- und Aabachtobel. Restaurant und Gaststube sind rollstuhlg\u00e4ngig. Es bietet verschiedene R\u00e4umlichkeiten f\u00fcr Bankette, Sitzungen, Familien- und Vereinsanl\u00e4sse und bewirtschaftet f\u00fcnf einfache G\u00e4stezimmer.\n\nAus der K\u00fcche gibt es diverse Fitnessteller und Salate im Sommer, regionale Wildgerichte im Herbst, Metzgete im Oktober, Kn\u00f6pfli- und R\u00f6stivariationen im Winter und Spargelgerichte im Fr\u00fchling.</p><p>Die G\u00e4stezimmer verf\u00fcgen \u00fcber Dusche/WC/F\u00f6hn/TV/WLAN.</p>", "url": "https://www.ochsenneuhaus.ch/", "image": "https://sgbtpimtsoch.sos-ch-dk-2.exoscale-cdn.com/catalog/8/4/8/3/848385549233453125f7eaa5af9d118ffcdb61dc_Gasthaus_zum_Ochsen.jpg", "openstreetmap_id": "way/281466781"}, "geometry": {"type": "Point", "coordinates": ["8.947250097249128", "47.243179"]}}, {"type": "Feature", "properties": {"identifier": "3bab97f1-dcb9-4d2a-89e0-bba1b5f10d48", "name": "Archehof R\u00fcegg", "description": "<p>Es ist einer der letzten 3 ProSpecieRara Archeh&ouml;fe und ist ein Schauhof f&uuml;r vom Aussterben bedrohte Nutztiere. F&uuml;r diese betreibt der Archehof eine Erhaltungszucht, auch fast vergessene Obstb&auml;ume stehen mit auf dem Hof. In diesem Rahmen haben Besucher die M&ouml;glichkeit auf dem Hof anhand von Infotafeln einiges &uuml;ber die Tiere zu erfahren oder den Hofbetrieb z.B. als Gesch&auml;fts- Gruppenausflug usw. f&uuml;r eine F&uuml;hrung ggf. auch mit Ap&eacute;ro oder Essen zu besuchen. Das Programm kann individuell zusammengestellt werden mit unterschiedlichen Themen oder spielerisch als Bauernhofolympiade.<br><br><span style=\"font-weight: bold;\"> Der Arche-Hof bietet aber noch viel mehr</span></p>\n<ul>\n<li>Schlafen im Zirkuswagen</li>\n<li>Hotpots</li>\n<li>Gruppenanl&auml;sse und div. Caterings auch f&uuml;r Hochzeiten</li>\n<li>Kindernachmittage und Kindergeburtstage</li>\n<li>Programme f&uuml;r Kinder bis zur Oberstufe</li>\n<li>Elternrunde</li>\n<li>Sommerlager<br><br></li>\n</ul>\n<p><span style=\"font-weight: bold;\">Angebot Hofladen</span></p>\n<ul>\n<li>Konfis, Eingemachtes, Honig, Sirup, Lik&ouml;re</li>\n<li>Wurst- oder Rauchwaren, Bauernspeck, Wollschwein-Spezialit&auml;ten</li>\n<li>Frischfleisch (Natura Beef, Wollschwein oder Gitzi) auf Bestellung</li>\n<li>Ziegenmilch und Ziegenk&auml;se</li>\n<li>Freilandeier, Wachteleier</li>\n<li>Guetzli, Holzofenbrote und Butterz&ouml;pfe</li>\n<li>Alpakawolle und Duvets mit Alpakawollf&uuml;llung</li>\n<li>Geschenkk&ouml;rbe</li>\n</ul>\n<p>Neben unseren eigenen, sehr vielf&auml;ltigen Produkten, findet man noch allerlei Geschenkideen in unseren \"Rent a box\" Angeboten, ein Platz wo man die M&ouml;glichkeit hat sich eine Box zu mieten, in dieser seine eigenen Produkte auszustellen, welche dann durch uns verkauft werden. Den K&auml;se haben wir bei uns haupts&auml;chlich aus dem Goldingertal, Molkereiprodukte von der Familie Neff aus Wald, Gem&uuml;se immer am Samstag frisch vom Auhof, Donnerstag, Freitag und Samstag frische Backwaren aus dem Steinbackofen.</p>\n<p><strong>Wochenm&auml;rkte / M&auml;rkte</strong></p>\n<ul>\n<li>Donnerstags - R&uuml;ti ZH</li>\n<li>Freitag Vormittag - Uster</li>\n<li>Freitag Nachmittag - Siebnen</li>\n<li>Samstag - St&auml;fa</li>\n</ul>\n<p>Des weiteren ist der Archehof auf diversen anderen M&auml;rkten anzutreffen.&nbsp;</p>", "url": "http://www.rueegg4you.ch", "image": "https://sgbtpimtsoch.sos-ch-dk-2.exoscale-cdn.com/catalog/a/7/0/e/a70e3b9f96278ad6a7e27050e9537702b4532fcd_Hof.jpg", "openstreetmap_id": "node/5503373556"}, "geometry": {"type": "Point", "coordinates": ["8.89548182487488", "47.24264819683947"]}}, {"type": "Feature", "properties": {"identifier": "3bbae94f-d4e6-4e41-a705-117a5297c409", "name": "B\u00e4ckerei F\u00fcger Handmade M\u00f6rschwil", "description": "Inspiriert von der sch\u00f6nen Naturkulisse der Bodensee-Region wurde die B\u00e4ckerei-Konditorei-Confiserie und der Gastrobetrieb in den letzten Jahren st\u00e4ndig ausgebaut und den Bed\u00fcrfnissen der Kunden und G\u00e4ste angepasst.\n\nAus \u00fcber 160 Jahren Backkompetenz wurde die Philosophie in allen f\u00fcnf Generationen weitergegeben. Nat\u00fcrlichkeit, Gesundheit, Nachhaltigkeit und Best\u00e4ndigkeit \u2013 So wird heute noch jeden Tag der Brotteig nach dem hauseigenen Rezept von Grossvater Beda und Vater Beda hergestellt.", "url": "https://shop.st.gallen-bodensee.ch/de/map/6si2mPYzVjPEDT1txLO7rB?hideMap=yes&search=f%C3%BCger", "image": "https://sgbtpimtsoch.sos-ch-dk-2.exoscale-cdn.com/catalog/1/5/d/8/15d81966903176a8ec8795aa3f2fa9f896cb9819_Terrasse_bild.jpg", "openstreetmap_id": "node/745742088"}, "geometry": {"type": "Point", "coordinates": ["9.4236445", "47.4681741"]}}, {"type": "Feature", "properties": {"identifier": "3beb7c1f-9b35-4cae-adbd-82987275e9e1", "name": "Pilgerherberge St.Gallen", "description": "Die Herberge liegt am Rand der Altstadt St.Gallen, direkt am Jakobsweg, dem Kolumbansweg und an der Via Francisca, drei der bedeutendsten Pilgerwege, die durch die Schweiz f\u00fchren. Die Pilgerherberge Sankt Gallen wird von einem engagierten Team ehrenamtlicher Hospitaleras und Hospitaleros gef\u00fchrt \u2013 viele von ihnen sind selbst erfahrene Pilgerinnen und Pilger. Sie sorgen mit viel Engagement und Gastfreundschaft daf\u00fcr, dass sich die Pilger willkommen f\u00fchlen. Die Tradition der Pilgerherbergen geht auf Kl\u00f6ster, Hospit\u00e4ler und Hospize zur\u00fcck, die seit Jahrhunderten Pilgernde auf ihrem Weg unterst\u00fctzen. Die Pilgerherberge St.Gallen setzt diese Tradition fort und bietet eine einfache, aber gem\u00fctliche Unterkunft f\u00fcr alle, die auf Pilgerwegen unterwegs sind.", "url": "https://pilgerherberge-sg.ch/reservation/", "image": "https://sgbtpimtsoch.sos-ch-dk-2.exoscale-cdn.com/catalog/4/1/4/2/41428b5bfc5473fd74a9d488bd9572dce986142e_pilgerherberge_st.gallen.jpg", "openstreetmap_id": "node/11299979042"}, "geometry": {"type": "Point", "coordinates": ["9.3830486", "47.4249312"]}}, {"type": "Feature", "properties": {"identifier": "3c57da83-c0c2-4983-8269-9a14399cd3cd", "name": "Restaurant Landhaus Rheineck", "description": "Die sorgf\u00e4ltig restaurierte Gaststube aus dem Jahr 1582 bietet eine stimmige Kulisse aus alt und neu. Im Saal k\u00f6nnen bis zu 80 Personen das charmante und liebevoll gestaltete Ambiente des Landhauses geniessen. Die K\u00fcche ist saisonal, regional und modern - authentisch, frisch und von konstanter Qualit\u00e4t.\nLass dich von uns zu unvergesslichen Momenten einladen - im Landhaus Rheineck, wo Genuss eine Heimat findet.", "url": "http://www.landhaus-rheineck.ch", "image": "https://sgbtpimtsoch.sos-ch-dk-2.exoscale-cdn.com/catalog/f/0/6/6/f06636c2929f53e02470058fcfeb792e1625f037_Restaurant__1___3.jpg", "openstreetmap_id": "node/2534668178"}, "geometry": {"type": "Point", "coordinates": ["9.58161", "47.46204"]}}, {"type": "Feature", "properties": {"identifier": "3c584570-9dbc-42f9-88ae-13c0fa4cb2d0", "name": "Restaurant Helvetia", "description": "<div class=\"elementor-element elementor-element-cca429e elementor-widget elementor-widget-text-editor\" data-id=\"cca429e\" data-element_type=\"widget\" data-e-type=\"widget\" data-widget_type=\"text-editor.default\"><div class=\"elementor-widget-container\"><p data-start=\"0\" data-end=\"738\"><strong>Regionalit&auml;t / Saisonalit&auml;t / Authentizit&auml;t</strong></p><p data-start=\"0\" data-end=\"738\">Unsere kulinarische Reise beginnt dort, wo unsere Wurzeln liegen; in den Feldern, W&auml;ldern, G&auml;rten und Gew&auml;ssern unserer Region. Wir legen grossen Wert darauf, m&ouml;glichst regionale Zutaten zu verwenden. Unsere Speisekarte spiegelt die Jahreszeiten wieder &ndash; diese saisonale Vielfalt garantiert nicht nur un&uuml;bertroffene Frische, sondern auch eine st&auml;ndige Inspiration in unserer K&uuml;che.</p><p data-start=\"0\" data-end=\"738\">Was die Saison uns darbietet, veredeln wir: Alles, was nicht sofort zur Anwendung kommt, wird bei uns sorgf&auml;ltig eingemacht oder durch traditionelle Fermentation haltbar gemacht. Dieses Handwerk erlaubt es uns, die tiefen Aromen der Saison zu bewahren und unsere Speisekammer kontinuierlich mit einzigartigen, ganzj&auml;hrig verf&uuml;gbaren Spezialit&auml;ten zu f&uuml;llen.</p><p data-start=\"740\" data-end=\"857\" data-is-last-node=\"\" data-is-only-node=\"\">Im Mittelpunkt unserer Kreationen steht das Gem&uuml;se. Es ist nicht nur eine Beilage, sondern der Star auf jedem Teller.</p></div></div>", "url": "https://www.restauranthelvetia.ch/", "image": "https://sgbtpimtsoch.sos-ch-dk-2.exoscale-cdn.com/catalog/4/3/0/f/430f765e44e0bcac39138a3dd20313e8390f60f2_154A1576.jpg", "openstreetmap_id": "node/13710462130"}, "geometry": {"type": "Point", "coordinates": ["9.35666", "47.4188136"]}}, {"type": "Feature", "properties": {"identifier": "3c88e077-8576-4944-a23d-3fb36da2d575", "name": "Aabachtal - Neuh\u00fcslertobel", "description": "<p>Der Aabach entspringt an den H&auml;ngen der Chr&uuml;zegg und m&uuml;ndet bei Schmerikon in den Z&uuml;richsee. Die wildromantische Schlucht befindet sich zwischen der Holzbr&uuml;cke in Neuhaus und dem Stauwehr im Tobel. Die imposanten steilen Nagelfluhw&auml;nde und die Sch&ouml;nheit des Tobels macht es zu einem wahren Naturparadies, welches kreatives Schaffen mit Steinen und das Grillieren an kleinen Feuerstellen Jung und Alt erfreut.</p><p>Anreise mit den &ouml;ffentlichen Verkehrsmitteln:<br>Bus 622 oder 631 von Eschenbach (Dorftreff) nach Neuhaus (Ochsen)</p>", "image": "https://sgbtpimtsoch.sos-ch-dk-2.exoscale-cdn.com/catalog/8/5/8/2/8582330a0f525ee93605525546c3bddf43a5f263_IMG_3301.JPG", "openstreetmap_id": "way/47657927"}, "geometry": {"type": "Point", "coordinates": ["8.9529597", "47.2449693"]}}, {"type": "Feature", "properties": {"identifier": "3c9a7be0-e6e9-405a-a633-da80de1fb273", "name": "T\u00f6pfer-Kurs ", "description": "<p>Judith Hartmanns Leidenschaft ist Ton und im T\u00f6pfer-Kurs f\u00fchrt Sie die Teilnehmerinnen und Teilnehmer gerne in die verschiedenen Techniken ein. Der Fantasie sind keine Grenzen gesetzt, es entstehen eigene, sch\u00f6ne Meisterwerke. </p><p><span style=\"font-weight: bold;\">Preise / inbegriffene Leistungen:</span>&nbsp;</p><ul><li>Erstellen von eigenen Kunstwerken aus Ton </li><li>Anleitung, Materialbenutzung, Farben </li><li>Exkl. Ton (Kilopreis CHF 3.50) und brennen (Rohbrand CHF 9.00, Glasurbrand CHF 13.00), wird nach Verbrauch verrechnet </li><li>Getr\u00e4nke<br><br></li></ul><p><span style=\"font-weight: bold;\">Preis pro Person (2 Stunden):</span></p><ul><li>Erwachsene CHF 30.00 </li><li>Kinder CHF 20.00<br><br></li></ul><p><span style=\"font-weight: bold;\">Tipps und Hinweise:</span></p><ul><li>Geeignet f\u00fcr Anf\u00e4nger und Fortgeschrittene</li><li>Kurse im Atelier von Hartmann Herzen oder an einem Ort nach Absprache</li><li>Die Kunstwerke werden anschliessend gebrannt und k\u00f6nnen 2-3 Wochen sp\u00e4ter abgeholt werden</li><li>Auch ideal f\u00fcr Hochzeitspaare, um ein eigenes Herz zu erstellen oder Kindergeburtstage mit t\u00f6pfern, Kuchen oder Geburtstagstorte<br><br></li></ul><p><span style=\"font-weight: bold;\"> Durchf\u00fchrung:</span></p><ul><li>Nach Vereinbarung </li><li>Dauer ca. 2 Stunden </li><li>Anmeldung erforderlich (Absage, resp. Verschiebung bis 2 Tage im Voraus m\u00f6glich </li><li>Gruppengr\u00f6sse max. 6 Personen (gr\u00f6ssere Gruppen auf Anfrage)<br></li></ul>", "url": "https://www.hartmann-herzen.ch/", "image": "https://sgbtpimtsoch.sos-ch-dk-2.exoscale-cdn.com/catalog/5/5/0/a/550a361325e4b53de79cb552b755bc30ef580531_Hartmann_Herzen_auf_Holzbrett20170603_145659.jpg", "openstreetmap_id": "way/1087979067"}, "geometry": {"type": "Point", "coordinates": ["8.92822737259629", "47.2405773"]}}, {"type": "Feature", "properties": {"identifier": "3d2479a9-bb3d-4d45-8a0e-ad85c6e01032", "name": "Spatz M\u00e4nni Erlebnisweg", "description": "<p>Frechspatz M&auml;nni ist klug, mutig und manchmal ganz sch&ouml;n frech. Auf dem Erlebnisweg k&ouml;nnen Kinder die Geschichte von M&auml;nni erleben und ihn auf seinen Abenteuern begleiten. Der Weg f&uuml;hrt von der Bergstation der Sesselbahn zur&uuml;ck zur Talstation und an der <a href=\"https://goldingertal.ch/de/map/details/feuerstelle-schlotterschlucht-2f76b934-6330-4e42-bf56-d5a0511cfd34.html\" target=\"_blank\" rel=\"noopener\">Feuerstelle \"Schlotterschlucht\"</a> vorbei. Der Erlebnisweg ist f&uuml;r Kinder von ca. zwei bis zehn Jahren ausgelegt.&nbsp;<br><br>Beachten Sie bitte, dass die Wege nicht Kinderwagentauglich sind. Bei der Talstation k&ouml;nnen Kinder-R&uuml;ckentragen f&uuml;r CHF 8.00 ausgeliehen werden. <br><br>Bei der Spatz M&auml;nni Safari k&ouml;nnen Sie mit etwas Gl&uuml;ck eine &Uuml;bernachtung im PODhouse f&uuml;r die ganze Familie gewinnen. <a href=\"https://www.atzmaennig.ch/en/summer/summer-specials/spatz-maenni-adventure-trail/?search_highlighter=spatz\" target=\"_blank\" rel=\"noopener\">Hier</a> erfahren Sie mehr.<br><br>Anreise mit den &ouml;ffentlichen Verkehrsmitteln:<br>Bus 630 von Eschenbach (Dorftreff) nach Hintergoldingen (Atzm&auml;nnig Schutt)</p>", "url": "https://www.atzmaennig.ch/en/summer/summer-specials/spatz-maenni-adventure-trail/?search_highlighter=spatz+m%C3%A4nni", "image": "https://sgbtpimtsoch.sos-ch-dk-2.exoscale-cdn.com/catalog/d/f/d/4/dfd4aa25919991d4879d88be57708ad7e45218c4_P_7_Kr__nungsplatz2_klein.jpg", "openstreetmap_id": "way/911466485"}, "geometry": {"type": "Point", "coordinates": ["8.995270729064943", "47.2843825184805"]}}, {"type": "Feature", "properties": {"identifier": "3d3622c8-f94b-4ccc-b062-a46b203dbba9", "name": "Tru-Bistro", "description": "<p>Das Tru-Bistro direkt neben der Landi See in Neuhaus ist ein Treffpunkt f\u00fcr jedermann. Sei es f\u00fcr Zn\u00fcni, z'Mittag oder bereits schon am morgen fr\u00fch ab 5.00 Uhr.&nbsp;</p><p>Immer wieder organisiert das Tru-Bistro spezielle Events die Info dazu l\u00e4sst sich auf der eigenen Homepage finden.&nbsp;</p>", "url": "https://www.tru-bistro.ch/Home.htm", "image": "https://sgbtpimtsoch.sos-ch-dk-2.exoscale-cdn.com/catalog/8/1/d/b/81dba265591b06d5dd2bfd25813bc7d82a529de6_Tru_Bistro.jpg", "openstreetmap_id": "node/4397072090"}, "geometry": {"type": "Point", "coordinates": ["8.9509159", "47.2374663"]}}, {"type": "Feature", "properties": {"identifier": "3e85cf3a-594c-498e-b9ba-c8c5ff457761", "name": "Brasserie Lok", "description": "<p>Die Vergangenheit des Industriebaus lebt in den Schienen, den fahrbaren Sitzb&auml;nken und der offenen Raumgestaltung weiter. In der Brasserie Lok wird der Esprit de Paris nach St.Gallen gebracht. Weltbekannte Gerichte wie das Entrec&ocirc;te Caf&eacute; de Paris, der knackig-frische Salade Ni&ccedil;oise, die wunderbar schmackhafte Bouillabaisse und bretonische Austern regen die kulinarische Fantasie an. Und das Sortiment an feinsten Bordeauxweinen rundet jedes Gericht perfekt ab. Im Salon und im Bistro werden diese franz&ouml;sischen K&ouml;stlichkeiten und edlen Tropfen serviert. Die Bar l&auml;dt den ganzen Tag zum Verweilen ein &ndash; mit dem Morgenkaffee oder einem Glas Champagner. Dabei kann auch das imposante John Armleder Kunstwerk bewundert werden.</p>", "url": "http://www.brasserielok.ch", "image": "https://sgbtpimtsoch.sos-ch-dk-2.exoscale-cdn.com/catalog/4/8/d/2/48d267578ec7b98f3f440f82cb605118fa0fc375_Kulturzentrum_Lokremise_2021_2.jpg", "openstreetmap_id": "node/959680098"}, "geometry": {"type": "Point", "coordinates": ["9.36609420000002", "47.4215912"]}}, {"type": "Feature", "properties": {"identifier": "3f139259-eb9b-4168-92ee-f978fe0a83ac", "name": "Restaurant Schloss Weinstein", "description": "<p data-start=\"279\" data-end=\"585\">Schloss Weinstein ist heute ein Ort, an dem Genuss, Geschichte und eine einzigartige Lage zusammenkommen. Hoch &uuml;ber den Rebbergen oberhalb von Marbach gelegen, bietet das Schloss einen beeindruckenden Ausblick &uuml;ber das Rheintal und l&auml;dt dazu ein, kulinarisch und landschaftlich eine Auszeit zu geniessen.</p><p data-start=\"587\" data-end=\"876\">Die Geschichte des Schlosses reicht bis ins Jahr 1375 zur&uuml;ck und pr&auml;gt bis heute die besondere Atmosph&auml;re dieses Ortes. In der heutigen Schloss-Wirtschaft wird gutb&uuml;rgerliche, saisonale K&uuml;che mit regionalem Bezug serviert &ndash; sei es im Restaurant oder auf der Sonnenterrasse mit Weitblick.</p><p data-start=\"878\" data-end=\"1183\">Ein besonderer Schwerpunkt liegt auf Hochzeiten und Veranstaltungen: Von der zivilen Trauung &uuml;ber freie Zeremonien im Rebberg bis hin zu Ap&eacute;ro, Festessen und Feierlichkeiten im Festsaal oder in der rustikalen Schloss-Scheune bietet Schloss Weinstein vielseitige M&ouml;glichkeiten f&uuml;r unvergessliche Anl&auml;sse.</p><p data-start=\"1185\" data-end=\"1377\">Dank der idyllischen Lage eignet sich das Schloss zudem ideal als Ausflugsziel in der Region &ndash; sei es f&uuml;r einen genussvollen Zwischenhalt, eine Feier oder einen besonderen Moment mit Aussicht.</p>", "url": "https://www.schloss-weinstein.ch", "image": "https://sgbtpimtsoch.sos-ch-dk-2.exoscale-cdn.com/catalog/2/4/2/5/2425a28192578493628a42ef7df097fc58e7d886_05_Weinstein.jpg", "openstreetmap_id": "way/122595467"}, "geometry": {"type": "Point", "coordinates": ["9.570926427841188", "47.39708191047987"]}}, {"type": "Feature", "properties": {"identifier": "3f2378b0-4e73-4dd1-93c9-54a75f005b33", "name": "Gut Goldschmied", "description": "<p>1927 legte der Goldschmied Fritz Gut senior in St. Gallen den Grundstein f&uuml;r ein leistungsf&auml;higes Fachgesch&auml;ft mit eigenem Goldschmiede- und Uhrmacheratelier.</p><p>Schmuckkreationen mit Diamanten, Farbedelsteinen und edel schimmernden Kulturperlen sind die Spezialit&auml;ten des Hauses.</p>", "url": "http://www.gut-goldschmied.ch/", "image": "https://sgbtpimtsoch.sos-ch-dk-2.exoscale-cdn.com/catalog/9/8/7/c/987cbcad613477334f02669344641caa6f0727d6_FrontDez2025S.JPG", "openstreetmap_id": "way/310025495"}, "geometry": {"type": "Point", "coordinates": ["9.37641629999996", "47.42582880000001"]}}, {"type": "Feature", "properties": {"identifier": "3f46186c-7afe-4e63-8f31-7a35924f6ad7", "name": "Gallus Pub", "description": "<p><strong>Unsere Highlights:</strong></p><ul><li><strong>Karaoke:</strong>&nbsp;Von Mittwoch bis Samstag kannst du deine Stimme auf zwei Stockwerken zum Besten geben. Keine Sorge, es geht nicht darum, perfekt zu sein, sondern einfach Spass zu haben! Du singst gerne, aber lieber f&uuml;r dich? Dann kannst du den 2. OG auch privat mieten.</li><li><strong>Pub Quiz:</strong>&nbsp;Jeden Freitag ab 20:00 Uhr testet ihr euer Wissen in verschiedenen Runden. Jede Woche gibt es ein neues Thema und einen neuen Champion.</li><li><strong>Getr&auml;nke:</strong>&nbsp;Geniesst frisches Guinness, Smithwicks, Gallus Old Style Ale und unsere leckeren Cocktails. F&uuml;r Whisky-Liebhaber haben wir erlesene Sorten aus Schottland und Irland im Angebot.</li></ul><p>Wir freuen uns darauf, euch bald bei uns begr&uuml;ssen zu k&ouml;nnen! Lasst uns gemeinsam unvergessliche Abende feiern.&nbsp;</p>", "url": "https://gallus-pub.ch", "image": "https://sgbtpimtsoch.sos-ch-dk-2.exoscale-cdn.com/catalog/b/f/2/f/bf2f80d8e1016ded9934d77ca3a524a779c4002f_Gallus_Bild.jpg", "openstreetmap_id": "node/4092636989"}, "geometry": {"type": "Point", "coordinates": ["9.3752929", "47.4268503"]}}, {"type": "Feature", "properties": {"identifier": "3f47a958-270b-433e-8a28-063d5ea9f9cf", "name": "swissvid\u00ae Videoproduktion \u2013 Begleitung f\u00fcr Gruppenreisen", "description": "<p>swissvid&reg; bietet hochwertige Video- und Fotoproduktionen wie Reisevideos, Erinnerungen an Events oder Vlog-Produktionen, die besondere Erlebnisse in bleibende Erinnerungen verwandeln. Reisegruppen und Privatpersonen werden dabei diskret und authentisch auf ihren Reisen begleitet, w&auml;hrend emotionale Momente und einzigartige Eindr&uuml;cke festgehalten werden.</p><p>Dar&uuml;ber hinaus realisiert swissvid&reg; wirkungsvolle Imagefilme und visuelle Inhalte f&uuml;r touristische Betriebe &ndash; von Hotels &uuml;ber Destinationen bis hin zu Erlebnisanbietern.</p><p>Sichere deine pers&ouml;nliche Erinnerung oder pr&auml;sentiere dein Angebot professionell &ndash; swissvid&reg; freut sich deine Anfrage.&nbsp;</p>", "url": "https://swissvid.ch", "image": "https://sgbtpimtsoch.sos-ch-dk-2.exoscale-cdn.com/catalog/7/f/0/a/7f0a89b6705ae0fc27146105631a5913c0fa510f_Thumbnail_swissvid_Tourismus__2.JPG", "openstreetmap_id": "way/441910319"}, "geometry": {"type": "Point", "coordinates": ["9.3290721", "47.5915626"]}}, {"type": "Feature", "properties": {"identifier": "3f8582c6-4295-499e-b716-a0b11a9be4ac", "name": "Musigbar Mariaberg", "description": "Das historische Lokal liegt zentral in der am Bodensee gelegenen Stadt Rorschach. Die Musigbar-Mariaberg ist nicht nur f\u00fcr Live-Konzerte und Events bekannt - obwohl - die erstklassigen musikalischen Acts werfen hohe Wellen: Fast jedes Wochenende wird ein DJ oder eine Band pr\u00e4sentiert, welche die Balken zuverl\u00e4ssig zum Biegen bringen. In der Smoker's Lounge finden Geniesser eine gem\u00fctliche-gediegene Oase.", "url": "http://www.musigbar-mariaberg.ch", "image": "https://sgbtpimtsoch.sos-ch-dk-2.exoscale-cdn.com/catalog/e/0/6/2/e062f794ba586924aac9d441b0f9fdd876e08f12_IMG_20200626_211957.jpg", "openstreetmap_id": "node/3340097422"}, "geometry": {"type": "Point", "coordinates": ["9.4938401", "47.4780466"]}}, {"type": "Feature", "properties": {"identifier": "3f9a2f0e-8460-40c6-b5f2-84d30dad3cb2", "name": "E-Bike-Miete", "description": "<p class=\"rich-text-paragraph\" data-v-d66dbd6c=\"\"><span class=\"text-space-pre-line rich-text-text\" data-abstract-init=\"body text\">G&ouml;nn dir einen Tag voller Weitblick. Mit unseren Miet-E-Bikes von RAYMON gleitest du m&uuml;helos durch die idyllische Appenzeller Kulisse. Der Tag beginnt bei in Teufen &ndash; wohin die Reise geht, entscheidet deine Intuition. Wie w&auml;re es mit einer Pause im Gasthaus Leimensteig? Zwischen Alpenpanorama und S&auml;ntisblick schmeckt das Mittagessen doppelt so gut. Ein kleines Abenteuer, das den Kopf frei macht.</span></p>", "url": "https://www.zeitreisen.ch", "image": "https://sgbtpimtsoch.sos-ch-dk-2.exoscale-cdn.com/catalog/6/2/a/1/62a19718548a499825a2020a1d286711a7cf5ada_Mountainbike.jpg", "openstreetmap_id": "node/456718166"}, "geometry": {"type": "Point", "coordinates": ["9.3734114", "47.3896451"]}}, {"type": "Feature", "properties": {"identifier": "3ffe9ea2-ec32-4317-9c04-8f5245a1c8cd", "name": "HERMANN Bier - Brauerei & Lokal", "description": "Im Hochparterre erwartet die G\u00e4ste ein gem\u00fctliches Lokal mit Holz-Bar. Hier gibt es vor Ort gebraute Biere wie auch Gastbiere - frisch gezapft ab bis zu 14 Zapfhahnen - zu geniessen. Im hinteren Teil des Lokals ist Platz f\u00fcr Degustationen. Ein kleines aber feines Speiseangebot rundet das Angebot ab. \n\nIm Untergeschoss der Lokalit\u00e4t befindet sich die Brauanlage. Sie besteht aus einem Maisch- und einem L\u00e4uterbottich sowie vier G\u00e4rtanks. An einem Brautag entstehen so 500 Liter Bierw\u00fcrze. \n\nHERMANN Bier legt Wert auf biologische Erzeugnisse. Deshalb bestehen die Biere in Sachen Getreide ausschliesslich aus Bio-Malz. Wenn immer m\u00f6glich wird auf Hopfen aus lokalem Anbau zur\u00fcckgegriffen.", "url": "https://hermannbier.ch/", "image": "https://sgbtpimtsoch.sos-ch-dk-2.exoscale-cdn.com/catalog/9/e/4/6/9e46c5e4471a6652561de4f64d5f7a83e4e5c55a_HERMANN_Bier_Made_in_SG_1500x1000px__2.jpg", "openstreetmap_id": "node/4092471499"}, "geometry": {"type": "Point", "coordinates": ["9.381051", "47.424613"]}}, {"type": "Feature", "properties": {"identifier": "400bc32f-cc8a-4712-a5ca-30c913497620", "name": "Ausstellungssaal im Stiftsbezirk", "description": "<p>Die Ausstellung \"Das Wunder der &Uuml;berlieferung &ndash; Der St.Galler Klosterplan und Europa im fr&uuml;hen Mittelalter\" befasst sich mit der einmaligen &Uuml;berlieferungsdichte von Dokumenten des Fr&uuml;hmittelalters in St.Gallen. Dabei stehen die Rechtsdokumente, die im Stiftsarchiv St.Gallen erhalten geblieben sind, im Vordergrund, darunter auch zwei Verbr&uuml;derungsb&uuml;cher und das einzige &uuml;berlieferte Professbuch der Karolingerzeit. Wechselausstellungen mit thematisch ausgew&auml;hlten Urkunden geben Einblicke in die Lebenswelten des fr&uuml;hen Mittelalters. Der ber&uuml;hmte St.Galler Klosterplan kann nach einer einf&uuml;hrenden Multivision einige Sekunden im Original betrachtet werden. Das wertvolle Dokument muss aus konservatorischen Gr&uuml;nden vor zu starker Lichtexposition gesch&uuml;tzt werden.</p>", "url": "https://www.stiftsbezirk.ch/de/aktuelle-ausstellungen/ausstellungssaal", "image": "https://sgbtpimtsoch.sos-ch-dk-2.exoscale-cdn.com/catalog/1/a/a/d/1aad49794ebb7bab57c9b1f4b68cd940a0449faa_klosterplan__1__klein.jpg", "openstreetmap_id": "way/131608042"}, "geometry": {"type": "Point", "coordinates": ["9.3778712", "47.4240379"]}}, {"type": "Feature", "properties": {"identifier": "40eb36bf-f138-470d-8914-95a295fd37d3", "name": "Erlebnis-Braukurs", "description": "<p>Nach einer Begr&uuml;ssung und einem kleinen Imbiss wirst du in die reiche Welt der Sch&uuml;tzengarten-Biere eingeweiht und erf&auml;hrst wichtige Fakten und Geschichten rund ums Brauen und das Thema Bier im Allgemeinen. Beim Brauen legst du selbst Hand an (Einmaischen, R&uuml;hren, Rasten, L&auml;utern). W&auml;hrend dem W&uuml;rzekochen und der Hopfengabe wird dir ein Brauer-Essen serviert. Dann geht es &uuml;ber zum zweiten Teil mit den Produktionsschritten im Whirlpool, der Hefebeigabe und Abf&uuml;llung ins G&auml;rfass. Der Sommelier f&uuml;hrt dich in die Aromakunde ein und gibt Erl&auml;uterungen zu Speisen ab, welche ganz besonders gut zu den verschiedensten Bierstilen passen. Der Anlass wird mit einer kleinen Vesperplatte kulinarisch abgerundet.</p><p>F&uuml;nf Wochen sp&auml;ter kannst du ca. drei Flaschen &agrave; 33cl deines eigenen Bieres im Getr&auml;nkemarkt St. Gallen abholen.</p>", "url": "https://www.schuetzengarten.ch/", "image": "https://sgbtpimtsoch.sos-ch-dk-2.exoscale-cdn.com/catalog/5/5/9/e/559e8db0851812b4c2ef0de2246e707f93b381e6_Schuega_26_0023.jpg", "openstreetmap_id": "way/108114659"}, "geometry": {"type": "Point", "coordinates": ["9.3792971", "47.4299863"]}}, {"type": "Feature", "properties": {"identifier": "41338c8c-ee09-4a81-9c51-50e5678dac0a", "name": "Kobler Treuhand", "description": "<p>Bei Kobler Treuhand wird umfassend beraten und informiert. Egal welche Fragen auftauchen die Firma hilft und \u00fcbernimmt auch den Schreibservice.&nbsp;<br></p>", "url": "https://www.koblertreuhand.ch/", "image": "https://sgbtpimtsoch.sos-ch-dk-2.exoscale-cdn.com/catalog/3/f/f/4/3ff407454adc83cca1cbdfb43a5abbe361149448_gewerbe.png", "openstreetmap_id": "way/270254298"}, "geometry": {"type": "Point", "coordinates": ["8.962331507447063", "47.26349595"]}}, {"type": "Feature", "properties": {"identifier": "439488c8-e14b-4bda-9b38-52145a44d9ca", "name": "Fonduerucksack K\u00fcndig Feinkost AG", "description": "<p class=\"MsoNormal\"><span class=\"text-space-pre-line rich-text-text\" data-abstract-init=\"body text\" style=\"\">Die Genussregion St.Gallen-Bodensee wartet mit sch\u00f6nen Pl\u00e4tzen und Aussichtspunkten auf. Der Fonduerucksack beinhaltet alles, was das Herz begehrt \u2013 von der leckeren Fondue-Hausmischung der K\u00fcndig Feinkost AG mit Brot, \u00fcber den s\u00fcffigen Weisswein bis zu s\u00e4mtlichem Zubeh\u00f6r und sch\u00f6ner Tischdecke. Der Fonduerucksack ist f\u00fcr 2 oder 4 Personen buchbar. Weitere Spezialit\u00e4ten k\u00f6nnen direkt vor Ort in den 2 Filialen (St.Gallen &amp; Rorschach) bei K\u00fcndig Feinkost bezogen werden. Zwischen </span><span class=\"text-space-pre-line font-weight-bold rich-text-text\" data-abstract-init=\"body text\" style=\"\">November bis Januar</span><span class=\"text-space-pre-line rich-text-text\" data-abstract-init=\"body text\" style=\"\"> bietet K\u00fcndig Feinkost neben dem klassischen Fondue auch eine Variante mit Tr\u00fcffel an. Diese kann direkt bei der Buchung ausgew\u00e4hlt werden (unter \u00abTickettyp\u00bb&nbsp;seht Ihr die beiden Varianten \u00abFondue Klassisch\u00bb&nbsp;und \u00abFondue Tr\u00fcffel\u00bb).</span></p><p data-v-ea7a0822=\"\" class=\"rich-text-paragraph\" piano-view-event=\"false\" style=\"margin-bottom: 1rem;\"><span class=\"text-space-pre-line font-weight-bold rich-text-text\" data-abstract-init=\"body text\" style=\"white-space-collapse: preserve-breaks; font-weight: 700 !important;\">So funktioniert's:</span></p><p data-v-ea7a0822=\"\" class=\"rich-text-paragraph\" piano-view-event=\"false\" style=\"margin-bottom: 1rem;\"><span class=\"text-space-pre-line font-weight-bold rich-text-text\" data-abstract-init=\"body text\" style=\"white-space-collapse: preserve-breaks; font-weight: 700 !important;\"></span></p><p style=\"list-style-type: none; margin-bottom: 0.25rem; padding-left: 2.375rem; position: relative;\"><span class=\"text-space-pre-line rich-text-text\" data-abstract-init=\"body text\" style=\"\">Beziehe den Fonduerucksack w\u00e4hrend den&nbsp;</span><a class=\"rich-text-hyperlink\" href=\"https://kuendigfeinkost.ch/standorte/\" target=\"_blank\" data-abstract-init=\"action link\" style=\"transition: color 0.2s; word-break: break-word;\">\u00d6ffnungszeiten</a><span class=\"text-space-pre-line rich-text-text\" data-abstract-init=\"body text\" style=\"\">&nbsp;am gebuchten Standort&nbsp;der&nbsp;K\u00fcndig Feinkost AG.</span></p><p style=\"list-style-type: none; margin-bottom: 0.25rem; padding-left: 2.375rem; position: relative;\"><span class=\"text-space-pre-line rich-text-text\" data-abstract-init=\"body text\" style=\"white-space-collapse: preserve-breaks;\">Suche dir sich einen gem\u00fctlichen Ort im Freien, bereite das Fondue zu (eine Anleitung dazu finden Sie im Rucksack) und geniesse das leckere Fondue.</span></p><p style=\"list-style-type: none; margin-bottom: 0.25rem; padding-left: 2.375rem; position: relative;\"><span class=\"text-space-pre-line rich-text-text\" data-abstract-init=\"body text\" style=\"white-space-collapse: preserve-breaks;\">Retourniere anschliessend den Rucksack inklusive dem schmutzigen Geschirr und Abfall w\u00e4hrend den \u00d6ffnungszeiten&nbsp;bei der K\u00fcndig Feinkost AG.&nbsp;</span></p><p style=\"list-style-type: none; margin-bottom: 0.25rem; padding-left: 2.375rem; position: relative;\"><span class=\"text-space-pre-line rich-text-text\" data-abstract-init=\"body text\" style=\"white-space-collapse: preserve-breaks;\"><br></span>Standorte:</p><ul data-v-ea7a0822=\"\" class=\"rich-text-unordered-list\" piano-view-event=\"false\" style=\"margin-bottom: 1rem;\"><span class=\"text-space-pre-line rich-text-text\" data-abstract-init=\"body text\" style=\"\">\n</span><li class=\"rich-text-list-item\" style=\"list-style-type: none; margin-bottom: 0.25rem; padding-left: 2.375rem; position: relative;\"><span class=\"text-space-pre-line rich-text-text\" data-abstract-init=\"body text\" style=\"\">K\u00fcndig Feinkost AG, Webergasse 19, 9000 St.Gallen, Telefonnummer: +41 71 841 17 75</span></li><span class=\"text-space-pre-line rich-text-text\" data-abstract-init=\"body text\" style=\"\">\n</span><li class=\"rich-text-list-item\" style=\"list-style-type: none; margin-bottom: 0.25rem; padding-left: 2.375rem; position: relative;\"><span class=\"text-space-pre-line rich-text-text\" data-abstract-init=\"body text\" style=\"\">K\u00fcndig Feinkost AG, Am Marktplatz 6, 9400 Rorschach, Telefonnummer: +41 71 841 17 75</span></li><li class=\"rich-text-list-item\" style=\"list-style-type: none; margin-bottom: 0.25rem; padding-left: 2.375rem; position: relative;\"><span class=\"text-space-pre-line rich-text-text\" data-abstract-init=\"body text\" style=\"\"><br></span></li></ul><p class=\"MsoNormal\"><b>Bedingungen</b></p><p class=\"MsoNormal\">Vor Ort ist ein Pfand von CHF 50.\u2013 zu bezahlen. Nach\nMaterialr\u00fcckgabe wird das Pfand zur\u00fcckerstattet.<o:p></o:p></p><p class=\"MsoNormal\"><b>Inkludierte Leistungen<o:p></o:p></b></p><ul style=\"margin-top:0cm\" type=\"disc\">\n <li class=\"MsoNormal\">Fonduemischung<o:p></o:p></li>\n <li class=\"MsoNormal\">Caquelon\n     und R\u00e9chaud<o:p></o:p></li>\n <li class=\"MsoNormal\">Brot\n     und Weisswein<o:p></o:p></li>\n <li class=\"MsoNormal\">Tischdecke,\n     Gabeln und Gl\u00e4ser<o:p></o:p></li>\n <li class=\"MsoNormal\">Gebrauchsanleitung</li>\n</ul><p class=\"MsoNormal\"><b><br></b></p><p class=\"MsoNormal\"><br></p>", "url": "https://kuendigfeinkost.ch", "image": "https://sgbtpimtsoch.sos-ch-dk-2.exoscale-cdn.com/catalog/9/2/a/a/92aa9ccdbd33ef38cd02bd807537a358d54cbf2c_medium__20240711_fonduerucksack_drei_weieren_st_gallen_2.jpg", "openstreetmap_id": "node/4092655390"}, "geometry": {"type": "Point", "coordinates": ["9.3752516", "47.4228622"]}}, {"type": "Feature", "properties": {"identifier": "44bc3066-f9e7-438c-9ace-13fa7b5dba48", "name": "Restaurant Roots", "description": "<p>Im Restaurant Roots kannst du dir unsere hochwertige, unkomplizierte K&uuml;che mit nachhaltigen Produkten in hoher Qualit&auml;t schmecken lassen. Stehst du auf Klassiker der Schweizer K&uuml;che oder darf es doch lieber etwas mit Mediterranem Flair sein? Ob heiss oder kalt, ob s&uuml;ss oder salzig, ob klassisch oder modern, ob Gourmetk&uuml;che oder Streetfood - teilen l&auml;sst sich bei uns fast alles - insbesondere nat&uuml;rlich die Chicken Wings in verschiedenen Variationen oder eine knusprige Pinsa!</p>", "url": "https://saentispark.revierhotels.com/de/gastronomie", "image": "https://sgbtpimtsoch.sos-ch-dk-2.exoscale-cdn.com/catalog/7/2/9/2/7292152c1e2dfec996d82a895d4ad1c95ba34c35_Kuva_46.jpg", "openstreetmap_id": "way/768586847"}, "geometry": {"type": "Point", "coordinates": ["9.3142862", "47.4175016"]}}, {"type": "Feature", "properties": {"identifier": "45007375-0566-40a6-b325-2c593a1cbe10", "name": "K\u00e4serei Sutter", "description": "<p>Das Ch\u00e4sl\u00e4deli der K\u00e4serei Sutter in Goldingen ist weit herum bekannt. T\u00e4glich findet man eine grosse Auswahl an feinstem K\u00e4se. Viele verschiedene K\u00e4sespezialit\u00e4ten werden in der K\u00e4serei gleich nebenan t\u00e4glich produziert. </p><p><span style=\"font-weight: bold;\">Angebot<span style=\"color: rgb(103, 118, 138); font-family: Lato, &quot;Helvetica Neue&quot;, Helvetica, Arial, sans-serif; font-size: 13px; font-style: normal; font-variant-ligatures: normal; font-variant-caps: normal; letter-spacing: normal; orphans: 2; text-align: start; text-indent: 0px; text-transform: none; widows: 2; word-spacing: 0px; -webkit-text-stroke-width: 0px; white-space: normal; background-color: rgb(255, 255, 255); text-decoration-thickness: initial; text-decoration-style: initial; text-decoration-color: initial; float: none; display: inline !important;\">t</span>:</span></p><ul><li>Tilsiter (mild, mittel, rezent)</li><li>Pfeffer-, Chili-, Curry-, Knoblauch-, B\u00e4rlauchk\u00e4se</li><li>Egliger Mutschli, Juchzerli (Weichk\u00e4se), Mozzarella</li><li>Goldinger Bergk\u00e4se, Speerk\u00e4se, Altlandenburger </li><li>im Ch\u00e4sl\u00e4deli ebenfalls erh\u00e4ltlich, jedoch nicht aus Eigenproduktion diverse weitere K\u00e4sesorten wie Emmentaler, Greyerzer, Olivenk\u00e4se.... </li><li>Raclette-K\u00e4se diverse Sorten</li><li>hausgemachtes Fondue</li><li>Molke-Drink (Mango, Apfel, Blutorgange)</li><li>Joghurt<br><br></li></ul><p>Ausserdem kann an der Sutter's Ch\u00e4s-Box (Verkaufsautomat) w\u00e4hrend 24h eingekauft werden.<br></p>", "image": "https://sgbtpimtsoch.sos-ch-dk-2.exoscale-cdn.com/catalog/e/e/2/5/ee2593426896eb3c2368c8ca58e800b7e516a00d_202506_kaeserei_sutter_egligen_goldingertal_atzmaennig__5_carina.jpg", "openstreetmap_id": "way/270254277"}, "geometry": {"type": "Point", "coordinates": ["8.961262918406593", "47.264756000000006"]}}, {"type": "Feature", "properties": {"identifier": "46e21fd0-3bd2-4c4a-92e1-5c5fba0343dd", "name": "Hotel M\u00fcnchwilen", "description": "Das Angebot des 4-Sterne-Garni Hotels M\u00fcnchwilen im Hinterthurgau (bei Wil SG) richtet sich vor allem an Gesch\u00e4ftsreisende, G\u00e4ste auf der Durchreise sowie Radfahrer, die das Tannzapfenland, das Z\u00fcrcher Oberland oder die Region Wil - Frauenfeld erkunden wollen und daf\u00fcr eine gepflegte Unterkunft suchen.\n\nZentral gelegen mit unter 45 km zu den Flugh\u00e4fen Z\u00fcrich (ZRH) und St.Gallen - Altenrhein (ACH) verf\u00fcgt M\u00fcnchwilen \u00fcber eine Anbindung zur A1 (20min ab Winterthur und St.Gallen) und ist durch die Frauenfeld-Wil Bahn an das \u00d6V-Netz angeschlossen.\n\nDas Hotel verf\u00fcgt \u00fcber 53 Zimmer und 2 Juniorsuiten mit 112 Betten. Reisende sch\u00e4tzen vor allem den herzlichen und pers\u00f6nlichen Empfang und das k\u00f6stliche Fr\u00fchst\u00fccksbuffet. Dies \u00fcberrascht und \u00fcbersteigt die Erwartungshaltung der Businessreisenden. Das gem\u00fctliche und helle Hotel ist dank des freundlichen Personals auch bei Paaren, Familien, Sportlern und allein reisenden Frauen beliebt.\n\nDas Hotel-M\u00fcnchwilen Team freut sich auf Ihre Reservation.", "url": "https://www.hotel-muenchwilen.ch", "image": "https://sgbtpimtsoch.sos-ch-dk-2.exoscale-cdn.com/catalog/a/4/9/e/a49ef5a2a5a7a86afd7329593cbc3e4290cb4c10_2020_04_23__MG_4645.jpg", "openstreetmap_id": "way/310479238"}, "geometry": {"type": "Point", "coordinates": ["8.998994894621362", "47.477991849999995"]}}, {"type": "Feature", "properties": {"identifier": "47095835-5dd2-4bc0-9d07-e35c059bdace", "name": "Stadtrestaurant swan21", "description": "Mediterrane K\u00fcche gepaart mit Schweizer Klassikern bilden das Angebot an Gaumenfreuden des Stadtrestaurant swan21, das weit \u00fcber die Grenzen von Wil bekannt und beliebt ist.\n\nLassen Sie sich von den saisonal wechselnden Gerichten verw\u00f6hnen, runden Sie das kulinarische Erlebnis mit einem feinen Tropfen aus unserer reichhaltigen Weinkarte ab und geniessen Sie einen angenehmen Aufenthalt mit Ihren G\u00e4sten. ", "url": "https://www.hotel-schwanen.ch/restaurants", "image": "https://sgbtpimtsoch.sos-ch-dk-2.exoscale-cdn.com/catalog/0/2/f/0/02f094afb15e0bbcc945314af1080dea8085f64a_IMG_E6969.JPG", "openstreetmap_id": "node/4153502772"}, "geometry": {"type": "Point", "coordinates": ["9.0432072", "47.46438"]}}, {"type": "Feature", "properties": {"identifier": "47e9ef34-08af-4ade-91cb-be3a667cf253", "name": "Witzig, genial, anregend - zu Besuch im Lozzi Museum", "description": "<p>Ein Museum f\u00fcr Kinder, Jugendliche und Erwachsene. Ein attraktives Ausflugsziel f\u00fcr Schulreisen, Vereine, Wandergruppen oder als geselliges Rahmenprogramm f\u00fcr Kundenanl\u00e4sse von Unternehmen oder von privaten Anl\u00e4ssen wie Hochzeiten, Geburtstage usw. </p><p>Das Lozzi Museum kann von Gruppen auf Anfrage auch ausserhalb der \u00d6ffnungszeiten besucht werden. </p><p><span style=\"font-weight: bold;\">Kosten pauschal bis:</span></p><ul><li>10 Besucher|innen CHF 120.00 </li><li>jede weitere Person CHF 12.00 </li><li>Aufsichtsperson CHF 100.00<br><br></li></ul><p><span style=\"font-weight: bold;\">Schulen:</span> </p><ul><li>Pauschal CHF 250.00 </li><li>inkl. 2 Begleitpersonen </li><li>maximal 25 Sch\u00fcler|innen<br><br></li></ul><p><span style=\"font-weight: bold;\">Eintrittspreise:</span> </p><ul><li>Erwachsene CHF 12.00 </li><li>Senioren und Studierende CHF 10.00 </li><li>Kinder / Jugendliche (6-16) CHF 7<span style=\"color: rgb(103, 118, 138); font-family: Lato, &quot;Helvetica Neue&quot;, Helvetica, Arial, sans-serif; font-size: 13px; font-style: normal; font-variant-ligatures: normal; font-variant-caps: normal; font-weight: 400; letter-spacing: normal; orphans: 2; text-align: start; text-indent: 0px; text-transform: none; widows: 2; word-spacing: 0px; -webkit-text-stroke-width: 0px; white-space: normal; background-color: rgb(255, 255, 255); text-decoration-thickness: initial; text-decoration-style: initial; text-decoration-color: initial; display: inline !important; float: none;\"><span>.00</span></span></li></ul>", "url": "https://lozzi-museum.ch/", "image": "https://sgbtpimtsoch.sos-ch-dk-2.exoscale-cdn.com/catalog/c/b/8/3/cb83ccac711b3e83bcb6c0ffe6776fa0268cc745_Flyer_Bildseite_2024.jpg", "openstreetmap_id": "way/254388659"}, "geometry": {"type": "Point", "coordinates": ["8.908520593563356", "47.27391455"]}}, {"type": "Feature", "properties": {"identifier": "4819bff3-517b-411f-acd1-d4cdc1a121e9", "name": "Pumptrack Flawil", "description": "<p>Ob BMX-Velo, Mountainbike, Kickboard oder Rollerskates, die M&ouml;glichkeiten auf dem Pumptrack Flawil sind vielf&auml;ltig. Der Track beim Oberstufenzentrum in Flawil ist t&auml;glich ge&ouml;ffnet und steht kostenlos zur Verf&uuml;gung. Schaffst du es, einmal durch den Track zu fahren, ohne in die Pedale treten oder angeben zu m&uuml;ssen?</p>\n<p>Ausserhalb der Ferien und Wochenenden wird gebeten, auf die Schulzeiten R&uuml;cksicht zu nehmen.</p>\n<p>Es wird empfohlen, stets einen Helm sowie angemessene Schutzausr&uuml;stung zu tragen. Die Verantwortung liegt bei den Benutzerinnen und Benutzern des Pumptracks.</p>", "url": "https://flawil.ch", "image": "https://sgbtpimtsoch.sos-ch-dk-2.exoscale-cdn.com/catalog/c/8/e/5/c8e544626c7190599c24dcc2ec5d16e81068a898_Pump_Track_Titel_30062025.jpg", "openstreetmap_id": "way/196782066"}, "geometry": {"type": "Point", "coordinates": ["9.195202589035036", "47.40984416071856"]}}, {"type": "Feature", "properties": {"identifier": "4835902d-f39e-4a22-87db-004294aa641e", "name": "Landwirtschaft - verbindet", "description": "<p>Der Anfang Juli 2023 er&ouml;ffnete Erlebnisweg entf&uuml;hrt die Besucher in vergangene Zeiten und in die Geschichte vom \"Chrinneschagi\". Zudem k&ouml;nnen aktuelle Themen rund um die Landwirtschaft entdeckt werden. Zwischen dem Chrinnehof und der Farneralp erwarten euch zehn Erlebnisstationen zum Entdecken, Erfahren und Geniessen.<br><br>&laquo;Chrinneschagi&raquo; ist der Urgrossvater von Andreas Kindlimann und begleitet auf dem neuen Erlebnisweg &laquo;Landwirtschaft-verbindet.ch&raquo;. Er nimmt Familien, Schulklassen und alle Wissbegierigen mit auf den Weg zu den zehn Erlebnisstationen. Mit seinem reichen Wissen aus alter Zeit und Informationen zu unterschiedlichen Themen wie Greifv&ouml;gel, Milchviehhaltung, Naturgewalten oder Wald weiss \"Chrinneschagi\" einiges zu erz&auml;hlen.</p><p>Der Erlebnisweg soll Spass bieten, aber auch Wissen vermitteln. Zur Landwirtschaft, und Vergangenheit aber auch zu kritischen Themen, wie die Lebensmittelverschwendung in der Schweiz. Wie wird die Schweiz in 10, 20 oder 30 Jahren aussehen? Der Weg ist f&uuml;r Jung und Alt geeignet. Neben Spass und Wissensvermittlung kann man bei drei Feuerstellen, Schaukeln und Holzliegen geniessen und vor allem eine traumhafte Aussicht erleben.</p><p>Der Start des Weges befindet sich gleich oberhalb des TCS-Parkplatz Chrinnen nach der H&ouml;henklinik Wald. Von dort aus geht es bergauf zur Farneralp, vorbei an Erlebnisstationen und einigen Feuerstellen. Auf dem Hof der Familie Kindlimann endet der Weg. Wer alle Fragen auf dem Weg richtig beantwortet hat, erh&auml;lt einen Code und kann im Schuppen beim Brunnen ein Geschenk abholen.</p><p>Im <a href=\"https://goldingertal.ch/de/map/details/chrinnehof-a71936fe-b3bd-4b0d-b14b-2b3e520ff5c3.html\" target=\"_blank\" rel=\"noopener\">Hofkeller</a> nebenan gibt es zudem feine hausgemachte Glac&eacute; und weitere K&ouml;stlichkeiten und Selbstgemachtes. Ausserdem ist es erlaubt einen Blick in den Stall zu werfen.</p><p>Reine Wanderzeit betr&auml;gt ca. 1.25 Stunden. Der Weg ist nur bedingt Kinderwagentauglich.</p><p class=\"MsoNormal\">Anreise mit den &ouml;ffentlichen Verkehrsmitteln:<br>Bus 631 von Eschenbach (Dorftreff) nach R&uuml;ti (Bahnhof)<br>Bus 885 von R&uuml;ti (Bahnhof) nach Wald (Bahnhof)<br>Bus 892 von Wald (Bahnhof) nach Wald (Rehazentrum)</p>", "image": "https://sgbtpimtsoch.sos-ch-dk-2.exoscale-cdn.com/catalog/6/f/7/a/6f7a45696ea502b010449e0e4244b1408780184d_Erlebnisweg_Landwirtschaft_verbindet_300dpi.jpg", "openstreetmap_id": "node/10211838342"}, "geometry": {"type": "Point", "coordinates": ["8.9475591", "47.2808356"]}}, {"type": "Feature", "properties": {"identifier": "484e765d-8ea6-4f54-a294-6f260af0410e", "name": "Bleichibeiz", "description": "<p>Was aus der Begeisterung f\u00fcr alte Fabrikr\u00e4ume entstand, hat sich als ein modern designtes Resort f\u00fcr Seminare, Bankette und Wellnessurlaube etabliert. Die Bleichibeiz, die sich mitten in Wald befindet, ist ein beliebtes Ziel bei Geniessern. </p><p><span style=\"font-weight: bold;\">Angebot:</span></p><ul><li>frische regionale K\u00fcche auf h\u00f6chstem Niveau</li><li>Semin\u00e4rr\u00e4ume f\u00fcr kleinere Meetings und grosse Anl\u00e4sse</li><li>Hotel mit 25 aussergew\u00f6hnlichen Zimmern</li><li>Entspannen und geniessen im BleicheBad und BleicheFit<br><br></li></ul><p><span style=\"font-weight: bold;\">Platzangebot:</span></p><ul><li>Restaurant 90 Pl\u00e4tze </li><li>Saal 80 Pl\u00e4tze </li><li>Seminarr\u00e4ume </li><li>Garten</li></ul>", "url": "https://bleiche.ch/beiz/", "image": "https://sgbtpimtsoch.sos-ch-dk-2.exoscale-cdn.com/catalog/6/4/6/4/6464d041db6e5660bbe5fe1b6859dac7dd918a93_Gartenbeiz_1_a.jpg", "openstreetmap_id": "node/10879455964"}, "geometry": {"type": "Point", "coordinates": ["8.9105813", "47.2760573"]}}, {"type": "Feature", "properties": {"identifier": "48c1d90b-c7fe-42a0-8003-369fe9fd10b8", "name": "Ferienwohnung \"Haus zur Rose\"", "description": "<p>Das 1811 erbaute \"Haus zur Rose\" wurde 2015/16 komplett saniert und vermietet eine Ferienwohnung (95 m2) mit einer voll ausgestatteten K&uuml;che in modernem Design (mit Induktionskochfeld, Dampfabzug, Backofen, Geschirrsp&uuml;lmaschine, K&uuml;hlschrank, Tiefk&uuml;hler und einer Waschmaschine mit integriertem Tumbler), 3 Schlafzimmer (1 Doppelbett, zwei Einzelbetten und einem bequemen Schlafsofa), 1 Badezimmer mit Dusche/WC, 1 Wohnzimmer (mit Sofa, grossem Esstisch und TV), 1 Lese-/Arbeitszimmer (mit einem wundersch&ouml;nen antiken Sekret&auml;r sowie Spielen f&uuml;r unsere kleinen G&auml;ste).</p><p>Der Gartensitzplatz (zur Mitbenutzung) ist ausgestattet mit einer Outdoork&uuml;che sowie Sitz- und Liegem&ouml;beln, Brunnen, Trampolin und Schaukel - ein Ort zum Verweilen und Sonne tanken!</p><p>Die Umgebung l&auml;dt zu Spazierg&auml;ngen und Wanderungen ein. Kulturelle Highlights sind bequem erreichbar und auch kulinarische H&ouml;henfl&uuml;ge gibt es ganz in der N&auml;he zu entdecken.</p><p>Das Tram (Appenzeller Bahn) f&auml;hrt alle 15/30 Minuten nach St.Gallen. Zum Bahnhof St.Gallen dauert die Fahrt knapp 20 Minuten. Mit dem Auto sind sie in 10 Minuten im Zentrum von St.Gallen oder auf der Autobahn.</p><p>Die Ferienwohnung verf&uuml;gt &uuml;ber einen kostenlosen Privatparkplatz.</p>", "url": "https://haus-zur-rose.ch", "image": "https://sgbtpimtsoch.sos-ch-dk-2.exoscale-cdn.com/catalog/0/f/b/7/0fb7a123c92621f0f9ade6ac70bfb56c791c106f_Haus_zur_Rose_Ferienwohnung_01.JPG", "openstreetmap_id": "way/162590658"}, "geometry": {"type": "Point", "coordinates": ["9.4404281", "47.4117892"]}}, {"type": "Feature", "properties": {"identifier": "4963b867-7bac-4932-959d-91a810ccf229", "name": "St. Galler City Game - by TOPAZ", "description": "Nehmen Sie Ihr Team mit auf die Spuren von Gallus, entdecken Sie das Weltkulturerbe der einzigartigen Altstadt, seien Sie kreativ und l\u00f6sen Sie R\u00e4tsel und lustige Teamaufgaben. Auch ein guter Orientierungssinn ist gefragt, Kommunikation und einige \u00fcberraschende F\u00e4higkeiten sorgen daf\u00fcr, dass die einzelnen Teams die Siegpunkte gewinnen. Eine typisch lokale kulinarische \u00dcberraschung ist inklusive.", "url": "https://zeitreisen.ch", "image": "https://sgbtpimtsoch.sos-ch-dk-2.exoscale-cdn.com/catalog/1/f/1/4/1f1414212640e244e31bbd311f9dca2cc2e51918_TOPAZ_event_SG_city_game_2.jpg", "openstreetmap_id": "node/12304079695"}, "geometry": {"type": "Point", "coordinates": ["9.3734114", "47.3896451"]}}, {"type": "Feature", "properties": {"identifier": "49eb6439-ab3f-4d0a-a22d-a0cdfa8ee6fc", "name": "Einstein Gourmet", "description": "<p>&Uuml;ber den D&auml;chern St.Gallens, im 5. Stock mit Blick &uuml;ber die Stadt, freuen sich die K&uuml;chenchefs Sebastian Zier und Richard Schmidtkonz im 18 Punkte GaultMillau und zwei Sterne Michelin ausgezeichnetem Einstein Gourmet auf ihre G&auml;ste. Die erstklassigen Produkte, die mit viel Liebe zum Detail zubereitet werden, &uuml;berraschen mit verschiedenen Geschmacksskomponenten.<em> </em><span style=\"font-family: 'Arial',sans-serif; mso-fareast-language: EN-US;\">Durch den Abend begleitet Sie unser Wine Director und Head Sommelier Loris Lenzo, gemeinsam mit Restaurantmanager Daniel B&ouml;lle, der Sie fachkundig zu den Weinen ber&auml;t, die perfekt mit den Gerichten harmonieren.</span></p>", "url": "https://www.einstein.ch/de/essen-trinken/einstein-gourmet", "image": "https://sgbtpimtsoch.sos-ch-dk-2.exoscale-cdn.com/catalog/f/f/6/1/ff613f786dd2bb50ed36e0dfd8bc52a7f0fef186__01_Key_Visual_Einstein_Gourmet_HighRes.jpg", "openstreetmap_id": "445628383"}, "geometry": {"type": "Point", "coordinates": ["9.3754457", "47.4214519"]}}, {"type": "Feature", "properties": {"identifier": "49f38306-da59-4b52-91c9-fc68e8cc53c9", "name": "Feuerstelle T\u00f6ssscheide", "description": "<p>Diese Feuerstelle liegt direkt bei der T\u00f6ssscheide. Holz ist vor Ort vorhanden und die Sitzgelegenheit bietet sich an, sich an diesem sch\u00f6nen Ort zu verweilen. Eine Reservation der Feuerstelle ist nicht m\u00f6glich. </p><p></p><p>Wer sich gerne abk\u00fchlen m\u00f6chte, kann dies in der T\u00f6ss machen, bevor es von hier auf verschiedenen Routen weiter gehen kann.</p>", "image": "https://sgbtpimtsoch.sos-ch-dk-2.exoscale-cdn.com/catalog/c/1/9/b/c19bac96ba28f5fc51939d82e8d308b59bcd9eea_01_T__ssscheidi2klein.JPG", "openstreetmap_id": "T\u00f6ssscheide"}, "geometry": {"type": "Point", "coordinates": ["8.960541486740114", "47.31224955346231"]}}, {"type": "Feature", "properties": {"identifier": "4b5f424c-994a-4be8-acc0-7a8a9a78733a", "name": "Tourismusb\u00fcro Altst\u00e4tten ", "description": "<p>Das Tourismusb\u00fcro Altst\u00e4tten ber\u00e4t gerne bei der Unterkunftssuche und erteilt Tipps zu Sehensw\u00fcrdigkeiten und Kulturangeboten in Altst\u00e4tten und der Region.<br></p>", "url": "https://www.altstaetten.ch/tourismusbuero", "image": "https://sgbtpimtsoch.sos-ch-dk-2.exoscale-cdn.com/catalog/a/d/8/a/ad8aee45a956510f7a2bc34faa0c236df384c663_medium__Marktgasse_Altst__tten_01.jpg", "openstreetmap_id": "way/193024767"}, "geometry": {"type": "Point", "coordinates": ["9.538301449999999", "47.37821685"]}}, {"type": "Feature", "properties": {"identifier": "4c724441-b461-4883-9b0c-e9f1382b624a", "name": "Romantische Vollmondfahrt auf den S\u00e4ntis", "description": "<p>Das Bergpanorama im stimmungsvollen Mondschein geniessen. An jedem Vollmondabend findet auf dem Gipfel ein festliches Vollmondbuffet statt, begleitet von musikalischer Unterhaltung.</p><p>Die genauen Daten sind im Eventkalender auf der Webseite der S&auml;ntis-Schwebebahn AG zu finden: <a href=\"https://saentisbahn.ch/erlebnis/agenda/event-kalender/\">https://saentisbahn.ch/erlebnis/agenda/event-kalender/</a></p><p>Bergfahrten erfolgen von 18.00 bis 19:30 Uhr,&nbsp;<br>Talfahrten starten ab 21.00 bis 23.00 Uhr.</p><p class=\"MsoNormal\"><strong>Wichtige Information: Die S&auml;ntis-Schwebebahn ist infolge Erneuerung der Bahn vom 1. Mai bis Sp&auml;therbst 2026 eingestellt.</strong></p><p class=\"MsoNormal\"><strong>Das &laquo;S&auml;ntis &ndash; das Hotel&raquo; und die Restaurationsbetriebe auf der Schw&auml;galp sind durchgehend f&uuml;r Sie ge&ouml;ffnet.</strong></p>", "url": "https://saentisbahn.ch/", "image": "https://sgbtpimtsoch.sos-ch-dk-2.exoscale-cdn.com/catalog/3/f/3/d/3f3d347af0cb68bdbe452d569a571d9587c4f8b3_Vollmond_Pano.jpg", "openstreetmap_id": "node/26864510"}, "geometry": {"type": "Point", "coordinates": ["9.3432366", "47.2493844"]}}, {"type": "Feature", "properties": {"identifier": "4cfd61f5-bf0d-428e-b396-4a7f2d7ff4b4", "name": "Creativ-Werken", "description": "<p>Bei den verschiedenen Kursen erhalten Sie Material und Tipps, um ihrer Kreativit&auml;t freien Lauf zu lassen.</p>\n<p><strong>Tipps und Hinweise</strong><br>Die Kurse sind perfekt geeignet f&uuml;r Firmen, Familie und Freunde und lassen sich gut mit einer Wanderung oder einem Ausflug zum Atzm&auml;nnig kombinieren.&nbsp;</p>\n<p><strong>Versch. Kurse / Preise / Inbegriffene Leistungen</strong></p>\n<ul>\n<li>Drahtblumen - Kurs inkl. Material 2 &frac12; Std.: CHF 95.00</li>\n<li>Papierherz - Kurs inkl. Material 2 &frac12; Std.: CHF 95.00</li>\n<li>Trockenblumen Loop - Kurs inkl. Material 3 Std.: CHF 110.00</li>\n<li>Herz geht immer - Kurs inkl. Material 3 Std.: CHF 110.00</li>\n<li>Oh du verr&uuml;cktes Huhn - Betonkurs &nbsp;inkl. Material 3 Std.: CHF 110.00</li>\n<li>Offener Betonkurs inkl. Grundmaterial 2 x 2 Std.: CHF 150.00</li>\n<li>Kugel zum Bepflanzen - Betonkurs inkl. Grundmaterial 3 Std.: CHF 110 / Bepflanzung separat CHF 42.00</li>\n<li>Polterabend oder Poltertag m&ouml;glich auf Anfrage</li>\n<li>Getr&auml;nke</li>\n</ul>\n<p><strong>Exklusiv; nach Absprache und Zusatzkosten</strong></p>\n<ul>\n<li>Ap&eacute;ro</li>\n<li>Zus&auml;tzliches Material</li>\n</ul>\n<p><strong>Durchf&uuml;hrung</strong></p>\n<ul>\n<li>T&auml;glich</li>\n<li>Finden in Regis.Creativ.Art-Werkstatt oder an einem Ort nach Absprache statt</li>\n<li>Anmeldung erforderlich (Absage, resp. Verschiebung bis 10 Tage im Voraus)</li>\n<li>Gruppengr&ouml;sse von mind. 5, max. 10 Personen / bei 2 Personen je CHF 100.00</li>\n</ul>", "url": "http://regiscreativart.ch/Willkommen/", "image": "https://sgbtpimtsoch.sos-ch-dk-2.exoscale-cdn.com/catalog/e/2/c/5/e2c54839f3ec8de5c9638e0860d211ff41be1192_IMG_20250618_WA0019.jpg", "openstreetmap_id": "way/271931651"}, "geometry": {"type": "Point", "coordinates": ["9.0011941", "47.2909976"]}}, {"type": "Feature", "properties": {"identifier": "4d892d18-fe3b-4ae1-b01b-e699152de696", "name": "Louis de Saint-Gall", "description": "<p>Seine Grosse Liebe gilt dem swingenden, bluesigen alten Jazz, s\u00fcffige Standards und mitreissende Musik. Tendenz: Back to the Roots mit einem einfachen groovigen Stil.</p>", "url": "https://www.louisdesaintgall.ch/", "image": "https://sgbtpimtsoch.sos-ch-dk-2.exoscale-cdn.com/catalog/b/5/b/9/b5b99c769825a12c6bf75cc99cda1bb4c7edd940_louis_de_saint_gall.jpg", "openstreetmap_id": "way/292312533"}, "geometry": {"type": "Point", "coordinates": ["9.183779780047317", "47.39547365"]}}, {"type": "Feature", "properties": {"identifier": "4df18f6d-d6b3-4fb0-a95a-b924115ab6c0", "name": "SelinS Lounge", "description": "In Staad, nur wenige Minuten vom Flughafen Altenrhein entfernt, entsteht ein Ort, an dem Ruhe, Stil und Qualit\u00e4t zuhause sind. Keine Hektik, kein Trubel stattdessen gepflegte Drinks, edle Kleinigkeiten wie Kaviar, Austern und feines Tatar, in einer Umgebung voller W\u00e4rme und Seele serviert.\n\nDie SelinS Lounge vereint modernes, elegantes Design mit sanftem Licht, diskreter Musik und einem Hauch von Geheimnis.\nHier trifft regionale Verbundenheit auf internationales Flair \u2013 perfekt f\u00fcr Business-Ap\u00e9ros, stilvolle Begegnungen oder einen genussvollen Abend unter Freunden.\n\nEin Platz, an dem jeder Moment ein wenig leuchtet und der Genuss die Hauptrolle spielt.", "url": "https://selins.ch", "image": "https://sgbtpimtsoch.sos-ch-dk-2.exoscale-cdn.com/catalog/e/b/7/6/eb7615015a777fbb22946a91ece65b4aa4aa965f_DSC_5297.JPG", "openstreetmap_id": "way/263941688"}, "geometry": {"type": "Point", "coordinates": ["9.550192952156069", "47.48462361612617"]}}, {"type": "Feature", "properties": {"identifier": "4e02c0aa-c250-43e5-b416-fbc01c427047", "name": "Rebberg am Gupfen", "description": "Die Ausrichtung des neugeschaffenen Rebhanges ist nach S\u00fcden gerichtet und liegt zwischen 600 \u2013 640m \u00fcber Meer. Der ausserordentlichen Lage des Gupfen ist es zu verdanken, dass auf dieser H\u00f6he noch hervorragende Weine heranreifen k\u00f6nnen. Da tr\u00e4gt sicher die extreme S\u00fcdlage und der F\u00f6hneinfluss des Rheintals zum guten Gelingen der Weine bei.", "url": "https://www.rebberg-walzenhausen.ch/", "image": "https://sgbtpimtsoch.sos-ch-dk-2.exoscale-cdn.com/catalog/f/5/6/b/f56b178f2ce46c4310ebd9123f0d415332f4185c_Unbenannt_1_0001_Rebberg_am_Gupfen__2.jpg", "openstreetmap_id": "way/199117513"}, "geometry": {"type": "Point", "coordinates": ["9.607726335525514", "47.44813065927152"]}}, {"type": "Feature", "properties": {"identifier": "4e0b00d6-ae10-4351-8ff0-500835a49ac8", "name": "Hofladen Schmucki", "description": "<p>In der Mettlen arbeiten alle Hand in Hand. Ebenfalls wird ein Verkaufsautomat / Verkaufswagen betrieben. </p><p><span style=\"font-weight: bold;\">Die Spezialit\u00e4ten des Hofladens sind:</span> </p><ul><li>Eier</li><li>Milch</li><li>Kartoffeln</li><li>\u00c4pfel sowie saisonales Obst und Gem\u00fcse</li><li>Apfelsaft</li></ul><p>Chappler Gsch\u00e4nkt\u00e4schli und Kistli<br><br>All das wird \"Frisch vom Puur\" im Hofladen Schmucki in St. Gallenkappel oder in dem 24h Verkaufsautomaten angeboten.</p>", "url": "https://www.hofladenschmucki.ch/", "image": "https://sgbtpimtsoch.sos-ch-dk-2.exoscale-cdn.com/catalog/a/e/c/b/aecbe6964ad1ec71df4695ecf7b70c6708f44b05_Hof_Sicht_von_oben.jpg", "openstreetmap_id": "way/852468907"}, "geometry": {"type": "Point", "coordinates": ["8.98486375808716", "47.24953848063659"]}}, {"type": "Feature", "properties": {"identifier": "4ea1f9d6-4676-458b-bc1e-4b433780bc97", "name": "Hotel one66", "description": "Das Hotel one66 ist die perfekte Adresse f\u00fcr Gesch\u00e4ftsleute, Messebesucher, Sportvereine und Reisende, die St.Gallen und Umgebung entdecken m\u00f6chten.\nEs liegt in unmittelbarer N\u00e4he des Autobahnanschlusses A1 St.Gallen-Winkeln. In direkter Umgebung befinden sich das Fussballstadion kybunpark, die Shopping Arena oder die Sportanlage Gr\u00fcndenmoos. Das Stadtzentrum von St.Gallen ist \u2013 sowohl mit Auto als auch mit \u00f6V \u2013 ebenfalls sehr gut erreichbar. \n\nDas Hotel bietet 83 hochwertig ausgestattete Zimmer mit 166 Komfortbetten und modernster Infrastruktur, ein 24 Stunden Self Check-In f\u00fcr Nachtschw\u00e4rmer, eine Bar, die zum Verweilen einl\u00e4dt und ein Fr\u00fchst\u00fccksbuffet, das keine W\u00fcnsche offen l\u00e4sst.", "url": "http://www.hotel-one66.ch/", "image": "https://sgbtpimtsoch.sos-ch-dk-2.exoscale-cdn.com/catalog/e/f/9/c/ef9cc6bebca6b4023df87f9e22044435227437e9_Panorama__2.jpg", "openstreetmap_id": "node/4234030595"}, "geometry": {"type": "Point", "coordinates": ["9.30877899999996", "47.40802499999999"]}}, {"type": "Feature", "properties": {"identifier": "4f0fe72a-e6f3-4c45-a953-757a32111f2e", "name": "Einblicke ins Rega-Zentrum St.Gallen", "description": "<p>Beim Besuch des Rega-Zentrums in St.Gallen erhalten Sie spannende Einblicke in Rettungseins&auml;tze, Technik und Organisation.</p><p>Von modernen Helikoptern bis zu lebensrettenden Strategien - dieses Erlebnis kombiniert Bildung, Action, und Inspiration und ist perfekt f&uuml;r Firmen, Vereine oder Schulgruppen.</p><p>Nach dem Rundgang k&ouml;nnen sie den Tag mit einem gemeinsamen Snack oder einem Ap&eacute;ro ausklingen lassen. - individuell buchbar.</p><p>&nbsp;</p><p><strong>Hinweis zur Verf&uuml;gbarkeit</strong></p><p>F&uuml;r F&uuml;hrungen auf der Rega-Basis St.Gallen sind im Jahr 2026 nur noch limitierte Termine verf&uuml;gbar.</p><p>F&uuml;hrungen im Rega-Zentrum Kloten sind ab 2027 wieder m&ouml;glich.</p><p>Termine k&ouml;nnen auf Anfrage gepr&uuml;ft werden.</p><p style=\"margin: 0in; font-family: Calibri; font-size: 11.0pt;\">&nbsp;</p><p>&nbsp;</p>", "image": "https://sgbtpimtsoch.sos-ch-dk-2.exoscale-cdn.com/catalog/b/0/5/1/b0512f5c65586b38af867e9ca233e1dc4620506b_Rega_AW109_Landung_Wiese_Sommer.jpg"}, "geometry": {"type": "Point", "coordinates": ["9.2900891", "47.4055948"]}}, {"type": "Feature", "properties": {"identifier": "4fa42c79-b2aa-4d2c-8237-b12ce0e442e9", "name": "Hotel Profis - Business Hotel + Bar", "description": "Das renovierte Businesshotel, mit moderner komfortabler Ausstattung, bietet jedes Wohnmodell: gem\u00fctliche Zimmer f\u00fcr einen kurzen Aufenthalt und wohnliche Studios f\u00fcr l\u00e4ngere Aufenthalte. \n\nNach einem anstrengenden Arbeitstag, l\u00e4dt die ebenfalls renovierte Profis Bar f\u00fcr einen entspannten Ausklang ein. Das Hotel liegt nahe am  einzigartigen Naturschutzgebiet \u00abAlter Rhein\u00bb und auch an der Autobahn sowie der \u00f6sterreichischen Grenze. ", "url": "http://www.hotelprofis.ch/", "image": "https://sgbtpimtsoch.sos-ch-dk-2.exoscale-cdn.com/catalog/2/5/5/a/255adcd8b2e1130954db67a520333a9f66b87477_HotelProfis_Zimmer_Deluxe_2022__1.jpg", "openstreetmap_id": "node/7274123107"}, "geometry": {"type": "Point", "coordinates": ["9.6528448", "47.3862623"]}}, {"type": "Feature", "properties": {"identifier": "4fd2bfb2-0efb-4f8b-82c1-4703e2266365", "name": "Bier-Ap\u00e9ro in der Brauerei Sch\u00fctzengarten", "description": "<p>W&auml;hrend dieses Bier-Ap&eacute;ros in der Brauerei Sch&uuml;tzengarten erfahren die Teilnehmer mehr &uuml;ber die Biergeschichte, speziell die Geschichte von Sch&uuml;tzengarten und die des Bieres in St.Gallen. Denn das Bierbrauen hat eine lange Tradition. Bereits auf dem St.Galler Klosterplan aus dem Jahre 820 wurden drei Brauereien vermerkt. Sch&uuml;tzengarten f&uuml;hrt diese Tradition konsequent fort, weshalb das Unternehmen mit seiner reichen Geschichte bis heute unabh&auml;ngig geblieben ist. Den Teilnehmern wird hier auch die Gelegenheit geboten, die ausgezeichneten Biere von Sch&uuml;tzengarten zu degustieren.</p>", "url": "http://www.schuetzengarten.ch", "image": "https://sgbtpimtsoch.sos-ch-dk-2.exoscale-cdn.com/catalog/6/1/f/5/61f51bc65b29358a14558fe62c620847154dfb3d_Schuega_30_0035__2.jpg", "openstreetmap_id": "https://www.openstreetmap.org/way/108114659"}, "geometry": {"type": "Point", "coordinates": ["9.37906", "47.42968"]}}, {"type": "Feature", "properties": {"identifier": "4fef06a2-4fa9-4d5d-9599-9a9081cd79c7", "name": "Goldach Lido Beach", "description": "Ein gem\u00fctlicher Ort mit mehreren Grillpl\u00e4tzen l\u00e4dt zum Verweilen ein. Der weite Kiesstrand ist ideal f\u00fcr den Einstieg mit dem SUP. In Gehdistanz befindet sich der Parkplatz Hafen. Auch in der N\u00e4he ist Sepp\u2019s Glace-Stand, der perfekt f\u00fcr eine k\u00fchlende Zwischenverpflegung sorgt.\n", "image": "https://sgbtpimtsoch.sos-ch-dk-2.exoscale-cdn.com/catalog/4/2/4/b/424b3e84f2ea229398bad507d9701bed2b27a61c_ES_Lido_Beach_Goldach_quer_1.jpeg", "openstreetmap_id": "way/120916246"}, "geometry": {"type": "Point", "coordinates": ["9.4767792", "47.4874462"]}}, {"type": "Feature", "properties": {"identifier": "500ea802-6c6d-429e-b02b-94fd01811f4a", "name": "Segelerlebnis Bodensee", "description": "Ob eine stimmungsvolle Abendfahrt mit Sundowner, ein action-reicher Segelt\u00f6rn bei idealem Wind, eine entspannte Ausfahrt mit Badestopp oder ein Ausflug mit anschliessendem Nachtessen in einem Restaurant \u2013 es erwartet dich eine vielf\u00e4ltige Auswahl an Segelangeboten, die jeweils von Donnerstagabend bis Sonntagnachmittag buchbar sind.\n\nDie SPERANZA, ein wundersch\u00f6ner, klassischer Zweimaster, bietet neben dem Skipper Platz f\u00fcr Gruppen von bis zu 10 Personen. Du hast die M\u00f6glichkeit, Einzelpl\u00e4tze zu reservieren oder das gesamte Schiff exklusiv f\u00fcr eine eigene Gruppe zu buchen.\n\nStart- und Zielort aller T\u00f6rns ist Rorschach. Der Hafen ist nur 3 Gehminuten vom Bahnhof entfernt.", "url": "https://segelerlebnis-bodensee.ch/", "image": "https://sgbtpimtsoch.sos-ch-dk-2.exoscale-cdn.com/catalog/4/b/9/1/4b91ee16ac467cf0e850cc101937e40a0ef56712_Segelerlebnis_bodensee.jpg", "openstreetmap_id": "node/2895102741"}, "geometry": {"type": "Point", "coordinates": ["9.501210451126099", "47.478406210965126"]}}, {"type": "Feature", "properties": {"identifier": "5010e92e-be42-41d5-b7cd-b8d5d82519b2", "name": "Ludotrail Rheineck", "description": "<p>Mit einem vielf&auml;ltigen Spieleparcours im Freien mit&nbsp; abwechslungsreichen Spieleposten vor Gesch&auml;ften, entlang von Sehensw&uuml;rdigkeiten und auf sch&ouml;nen Pl&auml;tzen kann Rheineck spielerisch erkundet werden.</p><p>Im Angebot sind 16 individuell gestaltete, thematisch zum Standort passende Spiele. Sie wurden speziell f&uuml;r Rheineck entwickelt und k&ouml;nnen in beliebiger Anzahl und Reihenfolge gespielt werden.&nbsp;</p><p>Die Spiele eignen sich f&uuml;r Erwachsene, Jugendliche und Familien mit Kindern ab 6/7 Jahren. Ideal f&uuml;r den Firmenevent, die Vereinsreise, f&uuml;r Schulklassen, den Familienausflug und als Freizeitangebot gemeinsam mit Freundinnen und Kollegen.</p><p>So funktioniert&rsquo;s: Nach Buchung des Tickets, wird vor Ort ein Spiele-Set ausgeliehen. Es beinhaltet einen Rucksack mit Spielmaterialbox, Spielregelnbuch und Postenplan.<br>Der Spieleparcours ist ganzj&auml;hrig spielbar.</p><p>Alle Informationen sind <a href=\"https://www.ludotrail.ch/alle-trails/spiel-dich-durch-rheineck\" target=\"_blank\" rel=\"noopener\">hier</a> ersichtlich.&nbsp;</p><p>Ausgabe- und R&uuml;cknahmestellen Spiele-Sets:<br>gegen Vorweisung des Tickets</p><p>Dienstag bis Samstag:<br>Hotel Hecht<br>Hauptstrasse 51<br>9424 Rheineck</p><p>Sonntag, Montag und Feiertage:<br>B&auml;ckerei Schwyter<br>Bahnhofstrasse 35<br>9424 Rheineck</p><p>Gutscheine f&uuml;r den Ludotrail sind&nbsp;<a href=\"https://shop.e-guma.ch/ludotrail/de/gutscheine/50456/gutschein-ludotrail-rheineck\" target=\"_blank\" rel=\"noopener\">hier</a> erh&auml;ltlich.&nbsp;</p>", "url": "https://www.ludotrail.ch/", "image": "https://sgbtpimtsoch.sos-ch-dk-2.exoscale-cdn.com/catalog/0/b/7/a/0b7a557d91fa0b851456ce1a5158f0a0279bcd48_medium__20260804_ludotrail_rheineck_1.jpg", "openstreetmap_id": "relation/1683925"}, "geometry": {"type": "Point", "coordinates": ["9.590699672698976", "47.46719739433739"]}}, {"type": "Feature", "properties": {"identifier": "503aad9a-929c-43bd-a8e5-7a554889c350", "name": "Day Spa im Einstein St.Gallen", "description": "<p data-v-360ed6ae=\"\" class=\"rich-text-paragraph\" piano-view-event=\"false\" style=\"margin-bottom: 1rem;\"><span class=\"text-space-pre-line rich-text-text\" data-abstract-init=\"body text\" style=\"\">Geniessen Sie Fitness und Wellness mit einem Aufenthalt im well come FIT Einstein (Behandlungen separat buchbar) und st\u00e4rken Sie sich danach oder zuvor im Bistro St.Gallen. Wir servieren Ihnen gerne unser Fr\u00fchst\u00fcck bis 10.30 Uhr oder ein 2-Gang Men\u00fc zum Mittag- oder Abendessen.</span></p><p data-v-360ed6ae=\"\" class=\"rich-text-paragraph\" piano-view-event=\"false\" style=\"margin-bottom: 1rem;\"><span class=\"text-space-pre-line rich-text-text\" data-abstract-init=\"body text\" style=\"\">Das Ticket ist nur einmalig und an einem Tag g\u00fcltig.</span></p>", "url": "https://www.bistro-sg.ch", "image": "https://sgbtpimtsoch.sos-ch-dk-2.exoscale-cdn.com/catalog/b/e/c/1/bec19c9d559340776335d8c12e8557c8ec9a1f01_Day_Spa.jpg", "openstreetmap_id": "way/145470788"}, "geometry": {"type": "Point", "coordinates": ["9.3754457", "47.4214519"]}}, {"type": "Feature", "properties": {"identifier": "5096e31e-0983-4d73-b6d9-65259ec30274", "name": "Panorama-S\u00e4li 1"}}, {"type": "Feature", "properties": {"identifier": "5119ec84-ac0c-4eb3-8797-00d9283d4c2b", "name": "Grabenhalle", "description": "Fr\u00fcher f\u00fcr St.Gallen besetzt, heute f\u00fcr die Kultur genutzt. Fest in der st\u00e4dtischen Kulturlandschaft verwurzelt, bietet die Grabenhalle Platz f\u00fcr Konzerte, Theater, Tanz, Lesungen, Filme und experimentelle Projekte f\u00fcr bis zu 450 Besucher. Externe und interne Veranstalter:innen nutzen die Halle als B\u00fchne f\u00fcr verschiedenste kulturelle Anl\u00e4sse, so entsteht ein vielf\u00e4ltiges Programm f\u00fcr ein vielf\u00e4ltiges Publikum.", "url": "http://www.grabenhalle.ch/", "image": "https://sgbtpimtsoch.sos-ch-dk-2.exoscale-cdn.com/catalog/9/e/9/7/9e9768d3d3788436571863141000134d56086437_Konzert_RoyalRepublic_Foto.jpg", "openstreetmap_id": "way/308388008"}, "geometry": {"type": "Point", "coordinates": ["9.37417060000007", "47.42734670000001"]}}, {"type": "Feature", "properties": {"identifier": "51f7a6e6-b45a-469b-bff7-fb4e052ddee2", "name": "Stadt-Krimi", "description": "<p class=\"isSelectedEnd\">THE SAME erschafft seit 15 Jahren interaktive Krimi-Erlebnisse, bei denen G&auml;ste selbst zu Ermittler werden. Ob Stadt-Krimi, Krimi-Dinner, Teambuilding oder Corporate Event &ndash; jedes Erlebnis verbindet Spannung, Storytelling, Humor und echte Emotionen.</p><p class=\"isSelectedEnd\">Die Teilnehmenden l&ouml;sen gemeinsam Kriminalf&auml;lle, verfolgen Hinweise, verh&ouml;ren Verd&auml;chtige und tauchen mitten in cineastische Geschichten ein. Professionelle Schauspieler, &uuml;berraschende Wendungen und individuell entwickelte Storylines sorgen daf&uuml;r, dass jedes Event einzigartig wird.</p><p class=\"isSelectedEnd\">Besonders beliebt sind die immersiven Stadt-Krimis in St.Gallen und der ganzen Schweiz, bei denen die Stadt selbst zum Tatort wird. Teams entdecken versteckte Orte, l&ouml;sen R&auml;tsel und erleben ihre Umgebung aus einer v&ouml;llig neuen Perspektive.</p><p class=\"isSelectedEnd\">THE SAME kombiniert Live-Erlebnisse mit modernen Elementen wie digitalen Ermittlungsakten, interaktiven Missionen und innovativen Eventkonzepten. Dadurch entstehen aussergew&ouml;hnliche Erinnerungen f&uuml;r Firmen, Gruppen und Privatpersonen.</p><p class=\"isSelectedEnd\">Ideal f&uuml;r:</p><ul data-spread=\"false\"><li>Firmenanl&auml;sse</li><li>Teambuildings</li><li>Geburtstage</li><li>Polterabende</li><li>Vereinsausfl&uuml;ge</li><li>Weihnachtsfeiern</li><li>&ouml;ffentliche Events</li></ul><p>Die Events finden in Restaurants, Hotels, Innenst&auml;dten oder individuellen Wunschlocations statt und k&ouml;nnen flexibel an Gruppengr&ouml;sse, Thema und Anlass angepasst werden.</p><div class=\"fAndQwrap maTo3\"><div id=\"faq7\" class=\"panel-collapse collapse in\" role=\"tabpanel\" aria-labelledby=\"heading7\" aria-expanded=\"true\"><div class=\"accordion-content clearfix\"><p>Stadt-Krimis k&ouml;nnen auf Deutsch, Englisch und Franz&ouml;sisch gebucht werden.</p></div></div></div><div class=\"fAndQwrap maTo3\"><div class=\"card-block accordion-heading\"><div id=\"heading8\" class=\"clearfix giveMeABorder\" role=\"tab\"><p class=\"mb-0 card-title accordion-title\">&nbsp;</p></div></div></div>", "url": "https://www.stadt-krimi.ch/stadtkrimi/st-gallen-bodensee/", "image": "https://sgbtpimtsoch.sos-ch-dk-2.exoscale-cdn.com/catalog/a/7/1/c/a71c2ac01aa08c125dfb49413389c3e44d209bfd_Krimi_Dinner_Basel_April25_0082.jpg", "openstreetmap_id": "relation/1683941"}, "geometry": {"type": "Point", "coordinates": ["7.014770507812501", "47.2839190141905"]}}, {"type": "Feature", "properties": {"identifier": "526da8ff-fa3a-4ab7-afc0-1a1b1d78679c", "name": "Spielplatz Schulhaus Goldingen", "description": "<p>Nahe dem Dorfkern von Goldingen befindet sich das Schulhaus Goldingen sowie dessen Spielplatz. Die breite Auswahlm\u00f6glichkeit an Spielger\u00e4ten wie Sandkasten, Tunell, Kletterturm samt Schaukel und Rutschbahn sowie weiteres findet bei den G\u00e4sten grosse Beliebtheit. Auf der anderen Seite des Schulhauses befindet sich dessen Pausenhof mit dem roten Platz und dem Fussballfeld. Ben\u00fctzung lediglich ausserhalb der Schulzeiten.</p><p></p><p><strong>Ausstattung:</strong></p><ul><li>0\u20135 Jahre</li><li>5\u201312 Jahre</li><li>Barrierefrei</li><li>Feuerstelle</li><li>Picknick-Platz</li><li>Rauchfrei</li><li>Sandspielbereich</li></ul>", "image": "https://sgbtpimtsoch.sos-ch-dk-2.exoscale-cdn.com/catalog/1/b/7/b/1b7b3d776a79c554547eca2441abe0301cc16311_Spielplatz_Schulhaus_Goldingen_2022.JPG", "openstreetmap_id": "way/1102384264"}, "geometry": {"type": "Point", "coordinates": ["8.968212604522707", "47.26215772076795"]}}, {"type": "Feature", "properties": {"identifier": "5299bc40-e93e-46b2-af5a-50bbf320b553", "name": "open art museum", "description": "<p>Das <a href=\"https://openartmuseum.ch/\" target=\"_blank\" rel=\"noopener\">open art museum</a> zeigt Ausstellungen im Crossover zwischen Art Brut, naiver Kunst und zeitgen&ouml;ssischen Positionen. Es bringt Menschen &uuml;ber Kunst zusammen und versteht sich als offener Ort f&uuml;r Kunst ohne Grenzen, mit Fokus auf Outsider Art.</p><p>Das open art museum verf&uuml;gt &uuml;ber eine Sammlung von &uuml;ber 30&rsquo;000 Werken von mehr als 180 K&uuml;nstler*innen und steht f&uuml;r die existenzielle Bedeutung k&uuml;nstlerischen Schaffens &ndash; sowohl f&uuml;r den einzelnen Menschen als auch f&uuml;r die Gesellschaft als Ganzes.&nbsp;</p><p>Die wechselnden Ausstellungen zeigen Werke, die durch ihre Vielseitigkeit, ihre ungew&ouml;hnlichen Inhalte und ihren Erfindungsreichtum faszinieren. Zugleich erz&auml;hlen sie von gelebtem Leben, eine Kunst voller Geschichten. Die Ausstellungen zeigen, dass Kunst &uuml;berall entsteht &ndash; oft aus dem Alltag heraus, mit einfachen Mitteln und Materialien. Sie er&ouml;ffnet &uuml;berraschende Perspektiven und l&auml;dt ein, das Eigene und das Fremde neu zu entdecken.</p><p>Ein besonderer Schwerpunkt liegt auf der Vermittlung an Kinder und Jugendliche.</p>", "url": "http://www.openartmuseum.ch", "image": "https://sgbtpimtsoch.sos-ch-dk-2.exoscale-cdn.com/catalog/3/7/0/1/3701aeec89c174064102dbd376033a2c0ff63bab_Lagerhaus_Museum_St_Gallen_May_2011_ShiftN.jpg", "openstreetmap_id": "node/1245467692"}, "geometry": {"type": "Point", "coordinates": ["9.3669498", "47.4196383"]}}, {"type": "Feature", "properties": {"identifier": "529b1a61-c774-4639-907c-b330fdc8c601", "name": "Geocaching \u2013 Farneralp", "description": "<p>In der Geocaching App sind unz&auml;hlige Caches (Verstecke) zu finden. Eine abwechslungsreiche Freizeitbesch&auml;ftigung in der Natur. Geocaching ist ein Spass f&uuml;r die ganze Familie und motiviert die Jungmannschaft auf Wandertour zu gehen.</p><p><strong>Vorgehen:</strong></p><p>Geocaching App auf Smartphone herunterladen und anmelden. Auf Wanderung gehen und Cache suchen. (Ein GPS-Ger&auml;t kann z.T. hilfreich sein, in der Regel reicht aber die Karte auf dem Smartphone aus, den Cache zu finden.)</p><p>Auf der l&auml;ngeren Rundwanderung Chrinnen-Tann-Chrinnenberg-Farneralp gibt es f&uuml;nf abwechslungsreiche Caches zu entdecken.</p><p><a href=\"https://www.geocaching.com/play\" target=\"_blank\" rel=\"noopener noreferrer\">www.geocaching.com</a> internationale offizielle Seite</p><p>Anreise mit den &ouml;ffentlichen Verkehrsmitteln:<br>Bus 631 von Eschenbach (Dorftreff) nach R&uuml;ti (Bahnhof)<br>Bus 885 von R&uuml;ti (Bahnhof) nach Wald (Bahnhof)<br>Bus 892 von Wald (Bahnhof) nach Wald (Rehazentrum)</p>", "image": "https://sgbtpimtsoch.sos-ch-dk-2.exoscale-cdn.com/catalog/c/7/6/0/c760b98f54a3aecbc9357cfc35730e6f547ddcb3_202011_Wandern_Farner_TSchmuki_01.jpg", "openstreetmap_id": "node/11282934185"}, "geometry": {"type": "Point", "coordinates": ["8.9574056", "47.2848218"]}}, {"type": "Feature", "properties": {"identifier": "52ec6699-8e60-4c70-926c-16832d64e391", "name": "Blumengesch\u00e4ft L\u00f6wenzahn ", "description": "<p>Das Blumengesch\u00e4ft im Zentrum von Eschenbach bietet eine grosse Auswahl an verschiedenen Produkten. Es lohnt sich im Gesch\u00e4ft vorbei zu schauen und sich inspirieren zu lassen.</p><p>Angebot:</p><ul><li>Schnittblumen</li><li>Trauer und Gedenken</li><li>Hochzeiten und Feste</li><li>Dekorationen</li><li>Geschenke</li><li>Gutscheine</li></ul>", "url": "https://www.blumengeschaeft-loewenzahn.ch/", "image": "https://sgbtpimtsoch.sos-ch-dk-2.exoscale-cdn.com/catalog/f/6/1/d/f61d6c5725ebd899f8a3bdcfe958e5bde3a8e05e_L__wenzahn_1.jpg", "openstreetmap_id": "way/700705565"}, "geometry": {"type": "Point", "coordinates": ["8.919475868702392", "47.24121545"]}}, {"type": "Feature", "properties": {"identifier": "538cadbe-5fc0-4c20-bd38-b8fcea5fbcdd", "name": "Bibliothek Hauptpost", "description": "Die Bibliothek Hauptpost befindet sich im Postgeb\u00e4ude direkt am Bahnhof St.Gallen und bietet schnellen Zugang zu Information und Wissen. Hier kann der Durst nach Unterhaltung, nach Kultur, nach Aus- und Weiterbildung, nach wissenschaftlichen Arbeiten, aber auch Begegnung und Austausch gestillt werden. Die Kantonsbibliothek Vadiana und die Stadtbibliothek St.Gallen pr\u00e4sentieren hier rund 100'000 Medien und laden zu Veranstaltungen ein.", "url": "https://bibliosg.ch", "image": "https://sgbtpimtsoch.sos-ch-dk-2.exoscale-cdn.com/catalog/6/6/0/c/660c52664c923c74d87271e045a5f847a90ba706_Fotos_Hauptpost_Eingang___3_.JPEG", "openstreetmap_id": "relation/1626082"}, "geometry": {"type": "Point", "coordinates": ["9.370270371437075", "47.42262515669229"]}}, {"type": "Feature", "properties": {"identifier": "53b2db29-6251-40a7-bc23-14cd14a55203", "name": "MuCaf\u00e9", "description": "Das MuCaf\u00e9 l\u00e4dt zum Innehalten und Verweilen ein, zum Genuss und Gedankenaustausch. \n\nDas MuCaf\u00e9 ist stilsicher und sorgf\u00e4ltig gestaltet und mit hochwertigsten Materialien gebaut. Aus der sch\u00f6nsten Maschine, einer \u00abElektra Belle Epoque\u00bb, werden der beste Cappuccino und Espresso gezaubert. \n\nEbenso vielf\u00e4ltig wie die Kulturen verschiedener L\u00e4nder und Zeiten ist unsere Gesellschaft. Deshalb wird das MuCaf\u00e9 gemeinsam mit Menschen mit einer Beeintr\u00e4chtigung der Institution GHG Sonnenhalde Tandem betrieben. Das Team ist professionell in das Barista-Handwerk eingef\u00fchrt und freut sich auf die G\u00e4ste. \n\nOb zum morgendlichen Cappuccino mit Cornetto, mittags zum luftig-feinen Panino oder nachmittags mit einem Glas Prosecco \u2013 das HVM setzt kompromisslos auf h\u00f6chste Qualit\u00e4t.\n\nUnd: Im MuCaf\u00e9 erwartet die Besucherinnen und Besucher ein spannendes Kulturprogramm. Gestartet wird mit drei Themenreihen: \u00abFr\u00fchst\u00fccksgespr\u00e4che\u00bb, \u00abTastings & mehr\u00bb und \u00abKlangwelten\u00bb. Themen, die Zeiten, R\u00e4ume und Kulturen verbinden, Geschichte und Gegenwart \u2013 und alle Sinne ansprechen.", "url": "https://mucafe.ch/index.html", "image": "https://sgbtpimtsoch.sos-ch-dk-2.exoscale-cdn.com/catalog/c/b/1/1/cb11a53fa386e002ac7fc54defe44b492a7ecfd3_mucafe_briefmarke_2.jpg", "openstreetmap_id": "way/125066638"}, "geometry": {"type": "Point", "coordinates": ["9.383203310325818", "47.42868805"]}}, {"type": "Feature", "properties": {"identifier": "553713bf-2f0f-4780-82fe-06c1630345c7", "name": "Weinkeller"}}, {"type": "Feature", "properties": {"identifier": "561cff28-0536-4203-a406-e3cdb93257d2", "name": "Erlebnisrundfahrt mit Witzwanderweg", "description": "<p class=\"MsoNormal\"><span style=\"font-size:11.0pt;line-height:107%;\nfont-family:&quot;Aptos&quot;,sans-serif;mso-ascii-theme-font:minor-latin;mso-fareast-font-family:\nAptos;mso-fareast-theme-font:minor-latin;mso-hansi-theme-font:minor-latin;\nmso-bidi-font-family:Arial;mso-bidi-theme-font:minor-bidi;mso-ansi-language:\nDE-CH;mso-fareast-language:EN-US;mso-bidi-language:AR-SA\">Die Reise startet in\nRorschach mit der Zahnradbahn und f\u00fchrt hoch hinauf nach Heiden (794m.\u00fc.M.). In\nHeiden angekommen solltest du unbedingt die Witzkiste besuchen, dort erf\u00e4hrst du von \u00abWitzli\u00bb und seinem Freund mehr \u00fcber die Geschichte des Appenzeller\nWitzes.&nbsp;</span><span style=\"font-family: Aptos, sans-serif; font-size: 11pt;\">Anschliessend startet\ndie rund dreist\u00fcndige Wanderung auf dem Witzweg mit herrlichem Panorama auf den\nBodensee. Die typischen Appenzeller Witze kannst du neu auch mittels\nSmartphone an diversen H\u00f6rstationen entlang des Witzweges geniessen.</span><span style=\"font-family: Aptos, sans-serif; font-size: 11pt;\">&nbsp;&nbsp;</span><span style=\"font-family: Aptos, sans-serif; font-size: 11pt;\">In Walzenhausen\nreist du mit der nostalgischen Zahnradbahn bequem nach Rheineck. Die letzte\nEtappe der Erlebnisrundfahrt bildet die Schifffahrt durchs Naturschutzgebiet\nentlang dem Alten Rhein bis zum Ausgangspunkt Rorschach.</span><br></p><span style=\"font-size:11.0pt;line-height:107%;\nfont-family:&quot;Aptos&quot;,sans-serif;mso-ascii-theme-font:minor-latin;mso-fareast-font-family:\nAptos;mso-fareast-theme-font:minor-latin;mso-hansi-theme-font:minor-latin;\nmso-bidi-font-family:Arial;mso-bidi-theme-font:minor-bidi;mso-ansi-language:\nDE-CH;mso-fareast-language:EN-US;mso-bidi-language:AR-SA\">\n<!--[if !supportLineBreakNewLine]--><span style=\"font-size: 11pt; line-height: 107%;\">Die Schiff-Saison ist\nt\u00e4glich von Mitte Mai bis Anfang Oktober.</span><br>\n<!--[endif]--></span><p><br></p>", "url": "http://www.st.gallen-bodensee.ch/de/", "image": "https://sgbtpimtsoch.sos-ch-dk-2.exoscale-cdn.com/catalog/2/9/f/6/29f6793002d23255ed7e6f40f05c8e8805fd97d5_Stele_Walzenhausen_Hofstet.jpg", "openstreetmap_id": "way/179748654"}, "geometry": {"type": "Point", "coordinates": ["9.493550062179567", "47.47881214265565"]}}, {"type": "Feature", "properties": {"identifier": "56c45382-d6ab-4627-9e50-53a351308581", "name": "OFFCUT St.Gallen", "description": "<p class=\"MsoNormal\">Im OFFCUT-Materialmarkt in St.Gallen werden gebrauchte und &uuml;bersch&uuml;ssige Werkstoffe gesammelt, sortiert und zu g&uuml;nstigen Preisen weiterverkauft. Auch hochwertige Textilien und Stickereien aus der Ostschweiz sind hier zu finden. Diese Sch&auml;tze werden neben Holz, Papier, Metall, Kunststoffen und vielem mehr angeboten &ndash; ideal f&uuml;r kreative Projekte mit Nachhaltigkeitsanspruch. F&uuml;hrungen, Workshops und die Vermietung der vielseitigen R&auml;umlichkeiten machen OFFCUT auch f&uuml;r Kurse, Projektwochenauftakte, Geburtstage oder Weiterbildungen zu einem inspirierenden Ort der Wiederverwendung.</p>", "url": "http://www.offcut.ch/", "image": "https://sgbtpimtsoch.sos-ch-dk-2.exoscale-cdn.com/catalog/e/0/9/e/e09e2d4bad0e0b3319a5ab647f7102159b960cad_20250812_offcut_stgallen_eingang_rampe.jpg", "openstreetmap_id": "node/10093339139"}, "geometry": {"type": "Point", "coordinates": ["9.354078", "47.419895"]}}, {"type": "Feature", "properties": {"identifier": "56dfb632-a7f2-4006-9f21-5dab9540af21", "name": "Hofladen R\u00fceterswil", "description": "<p>Der kleine Hofladen der Familie R\u00fcegg befindet sich in R\u00fceterswil, vis-\u00e0-vis vom Dorfplatz und Kapelle. Er ist t\u00e4glich in Selbstbedienung offen. Bezahlen geht bequem mit TWINT oder mit Bargeld. </p><p>Das Angebot ist vielseitig mit Bio-Produkten vom eigenen Hof wie Eier, Rindfleisch (Beef), Kalbfleisch, S\u00fcssmost, Baumn\u00fcsse und D\u00f6rrobst. Regionale und nachhaltige Produkte aus dem konventionellen Anbau wie Sirup, Fruchtaufstrich, S\u00fcsses, Geb\u00e4ck, Honig, Sp\u00e4tzli, Eingemachtes, Tee, Geschenk-T\u00e4schli und Legehennen-Fleisch erg\u00e4nzen das vielseitige Angebot. </p><p>Auf Bestellung werden Geschenk-Boxen sowie Mischpakete vom Bio-Jungrind und Bio-Kalbfleisch gerichtet.&nbsp; &nbsp; &nbsp;<br></p>", "image": "https://sgbtpimtsoch.sos-ch-dk-2.exoscale-cdn.com/catalog/c/8/8/5/c885d139ab695c113d8e79d0b8910d3951079826_Hofladen_R__eterswil_Hauptbild.JPG", "openstreetmap_id": "way/26292246"}, "geometry": {"type": "Point", "coordinates": ["8.989487886428835", "47.25834939240205"]}}, {"type": "Feature", "properties": {"identifier": "56fb0462-3fba-44da-b407-31d3b29ce9c7", "name": "Erlebnisbauernhof Steigmatt", "description": "Die Steigmatt liegt an sehr ruhiger Lage mitten in der Rheinebene. Der Hof bietet Kindern viele Freiheiten und Erwachsenen einen gem\u00fctlichen Aufenthalt. Auf dem Hof leben zahlreiche Tiere wie K\u00fche, Rinder, K\u00e4lber, Katzen, Pfauen, der anh\u00e4ngliche Familienhund Svenno und die lustigen Esel Melik, Suleica, Balu, Killimancharo, Aladin, und nat\u00fcrlich Amadeus, das K\u00e4nguru mit Kollegen. \n\nBeim Erlebnisbauernhof gibt es die \u00dcbernachtungsm\u00f6glichkeit im Stroh mit Fr\u00fchst\u00fcck (Nachtessen auf Bestellung) plus eine gem\u00fctliche Fahrt auf dem Rheintaler Binnenkanal. Ebenfalls k\u00f6nnen zwei Doppelzimmer, ein Vierbett-Zimmer und ein Achtbett-Zimmer gebucht werden. F\u00fcr Camper stehen f\u00fcnf Stellpl\u00e4tze zur Verf\u00fcgung.&nbsp;", "url": "http://www.steigmatt.ch/", "image": "https://sgbtpimtsoch.sos-ch-dk-2.exoscale-cdn.com/catalog/1/2/2/8/12289fe8d9651a591bb5f85861d31b3b60132f12_Steigmatt_1_5.jpg", "openstreetmap_id": "way/94814429"}, "geometry": {"type": "Point", "coordinates": ["9.5821614", "47.3530297"]}}, {"type": "Feature", "properties": {"identifier": "5725588d-d138-4878-a958-a9b9fe483d73", "name": "Auhof Wagen", "description": "<p>Grosse Auswahl an Gem\u00fcse direkt vom Hof, K\u00e4setheke, Konfi, Eingemachtes u.v.m.</p><p><span style=\"font-weight: bold;\">Angebot:</span></p><ul><li>verschiedenes Gem\u00fcse</li><li>diverse Salate, u.a. im Winter N\u00fcsslisalat</li><li>grosse Auswahl an Beeren</li><li>Eier</li><li>Konfi</li><li>K\u00e4setheke</li><li>jeden Mittwoch Bauernbrot</li><li>jeden Sonntag Zopf</li><li>grosse Auswahl an weiteren Produkten und Geschenkartikeln<br></li></ul><p><br>Der Hofladen ist in Wagen an der Austrasse zwischen Wagen Dorf und Kloster Wurmsbach.<br></p><p><span style=\"font-weight: bold;\">Weitere Angebote:</span></p><ul><li>Gem\u00fcsetasche</li><li>Gem\u00fcse-Abo mit anpassbarem Inhalt</li><li>Fr\u00fcchtekiste f\u00fcr Firmen - Lieferung in der Region</li><li>Wochenm\u00e4rkte - in Rapperswil und Lachen</li><li>Blumenfelder - in Wagen und Jona&nbsp; &nbsp;</li></ul>", "url": "https://www.auhofwagen.ch/Auhof-Wagen-Frisches-vom-Land/", "image": "https://sgbtpimtsoch.sos-ch-dk-2.exoscale-cdn.com/catalog/8/3/1/e/831ec3b0c97aa634383d31a410ed03d3dcf8c471_IMG_7332.JPG", "openstreetmap_id": "way/226345663"}, "geometry": {"type": "Point", "coordinates": ["8.873155117034914", "47.225947390199956"]}}, {"type": "Feature", "properties": {"identifier": "577bb9fe-b254-4c00-8b83-9e4f26be9574", "name": "Visimo Apartments - Deluxe Studio", "description": "Das schicke 30 Quadratmeter-Studio-Appartment im Westen von St.Gallen ist ein Wohlf\u00fchlort f\u00fcr bis zu zwei Personen, das einen unvergesslichen Aufenthalt bietet. Dank der guten Verkehrsanbindung an das Bus- und Bahnnetz der Region in unmittelbarer Fussn\u00e4he sind die G\u00e4ste auch ohne Auto in wenigen Minuten in St.Gallen.\n\nEINRICHTUNG\nIn der hellen und mond\u00e4n eingerichteten Wohnung schlafen die G\u00e4ste komfortabel in einem Kingsize-Boxspringbett (180x200cm). Auf dem Balkon lassen sich sch\u00f6ne Sonnenstunden mit Blick auf das voralpine Panorama geniessen. \n\nSPEISEN UND KOCHEN\nEine kleine, aber feine Kochecke, ausgestattet mit Herd, Geschirrsp\u00fcler, Gefrierfach, Mikrowelle, Kaffeemaschine, Wasserkocher, Tellern, Gl\u00e4sern und Besteck, l\u00e4dt dazu ein, Speisen zu kochen, die auf dem kleinen Esstisch, im hellen und gem\u00fctlichem Ambiente, genossen werden k\u00f6nnen.\n\nWEITERE EINRICHTUNGEN\nEine Garderobe und Schrank bieten viel Platz f\u00fcr Kleider und Gep\u00e4ck. F\u00fcr die Unterhaltung an ruhigeren Tagen steht nicht nur kostenloses WLAN, sondern auch ein neuer Smart-TV samt Netflix-Konto und ein SunriseTV-Abo zur Verf\u00fcgung.\n\nEine Waschmaschine und ein Trockner stehen im Keller zur Mitbenutzung bereit. \n\nDas freundliche und aparte Badezimmer ist mit Handseife, Shampoo sowie frischen Handt\u00fcchern ausgestattet. \n\nAuch die vierbeinigen G\u00e4ste sind gerne willkommen.", "url": "https://www.visimo-apartments.ch/apartments-st-gallen/", "image": "https://sgbtpimtsoch.sos-ch-dk-2.exoscale-cdn.com/catalog/f/0/f/6/f0f6837d8c69dd321a158e48820d685a383ef720_317A9233_Edit.jpg", "openstreetmap_id": "309206833"}, "geometry": {"type": "Point", "coordinates": ["9.333691674080267", "47.4067184"]}}, {"type": "Feature", "properties": {"identifier": "57b09d53-c26b-4102-96bc-23dc991f67fc", "name": "Freudenberg", "description": "\u00dcber den Drei Weieren liegt der \"Hausberg\" von St.Gallen. Er ist durch verschiedene Fusswege erreichbar und bietet eine sch\u00f6ne Aussicht auf den Alpstein \u00fcber das F\u00fcrstenland bis \u00fcber den Bodensee hinaus nach Deutschland. Verschiedene Feuerstellen laden zum Verweilen und Geniessen ein. ", "image": "https://sgbtpimtsoch.sos-ch-dk-2.exoscale-cdn.com/catalog/5/c/1/a/5c1a45739a235b4ed830d8b518e9299b641e0312_Computerformat_4_3_Drei_Weieren_Aussicht_3.jpg", "openstreetmap_id": "node/4734212725"}, "geometry": {"type": "Point", "coordinates": ["9.39328", "47.42094"]}}, {"type": "Feature", "properties": {"identifier": "58086586-3daa-4fdb-b978-48083f3ec463", "name": "Restaurant Freihof", "description": "<p>Das Restaurant Freihof befindet sich an exponierter S\u00fcdhanglage umgeben von W\u00e4ldern und Wiesen mit wundervoller Sicht auf Berge und Z\u00fcrichsee. </p><p>Die G\u00e4ste werden durch spannende und ungewohnte Kombinationen \u00fcberrascht. Der Kreativit\u00e4t sind keine Grenzen gesetzt und es wird alles frisch und in h\u00f6chster Qualit\u00e4t zubereitet.</p><p>F\u00fcr Bankette, Familienfeiern und gesch\u00e4ftliche Anl\u00e4sse steht das Team vom Restaurant Freihof sehr gerne zur Verf\u00fcgung.&nbsp;</p><p> </p>", "url": "https://www.freihof-goldingen.ch/", "image": "https://sgbtpimtsoch.sos-ch-dk-2.exoscale-cdn.com/catalog/2/7/5/b/275ba3bc515543b438386109da3930e7b381c084_4__2_.jpg", "openstreetmap_id": "way/271935287"}, "geometry": {"type": "Point", "coordinates": ["8.949222469756808", "47.26371135"]}}, {"type": "Feature", "properties": {"identifier": "5852acc7-080a-411c-ac68-297ff13e0482", "name": "Media Concept Schweiz AG", "description": "<p>Media Concept ist eine Full-Service Agentur und unterst&uuml;tzt Unternehmen mit Marketingl&ouml;sungen &ndash; mitten in Eschenbach, unter dem gleichen Dach wie die Migros und Gemeindeverwaltung, im 2. Stock.<br>Angefangen bei der Beratung, &uuml;ber Kreation bis hin zur Produktion - Ein Partner f&uuml;r alles!</p><p>Besonders f&uuml;r regionale KMU, die lieber klug investieren als dick auftragen.<br>Wir helfen Ihnen, Ihre Bekanntheit zu steigern, Budgets effizient einzusetzen, Kunden zu binden, online sichtbar zu werden und neue Zielgruppen zu gewinnen. Daf&uuml;r entwickeln wir mit Ihnen die passende Marketingstrategie &ndash; und setzen sie direkt um: von Grafikdesign &uuml;ber Online-Marketing bis zu Websites, Webshops, POS-Material, Ihrem Messeauftritt und vielem mehr.</p><p>Kurz: Ideen, die rocken &ndash; und Ergebnisse, die wirken.</p>", "url": "https://mcs.swiss/start", "image": "https://sgbtpimtsoch.sos-ch-dk-2.exoscale-cdn.com/catalog/d/1/6/0/d1600d1e349f60c8ebd6d8e9d56d15c9b10de24e_Team_MCS_oRobert.jpg", "openstreetmap_id": "way/370219369"}, "geometry": {"type": "Point", "coordinates": ["8.924158342631399", "47.240870150000006"]}}, {"type": "Feature", "properties": {"identifier": "5902dd27-6dce-4047-bf1d-038637724780", "name": "Fitness Island", "description": "<p class=\"font-claude-response-body break-words whitespace-normal leading-[1.7]\"><strong>Eine ganzheitliche Insel f&uuml;r K&ouml;rper, Geist und Bewegung</strong></p><p class=\"font-claude-response-body break-words whitespace-normal leading-[1.7]\">Das Fitness Island in Bronschhofen bei Wil vereint unter einem Dach, was andernorts selten zusammenfindet: ein vollst&auml;ndiges Wellness-Spa-Universum, ein professionelles Fitnesscenter und ein vielseitiges Therapieangebot. Zentral im Dreieck zwischen Bodensee, Thurgau und Z&uuml;rich gelegen, steht die Anlage t&auml;glich von 6 bis 23 Uhr offen &ndash; und das mit einer ungew&ouml;hnlichen Garantie: Wer innerhalb der ersten halben Stunde nicht zufrieden ist, erh&auml;lt sein Geld zur&uuml;ck.</p><p class=\"font-claude-response-body break-words whitespace-normal leading-[1.7]\">Das Herzst&uuml;ck bildet die einzigartige <a href=\"https://www.thermalbad-ch.ch/\" target=\"_blank\" rel=\"noopener\">Therme</a> Totes Meer mit originalem Schlamm aus Jordanien, erg&auml;nzt durch ein Sport-Relaxbad und eine vielf&auml;ltige Saunawelt. Die heisse Feuersauna, die sanfte Biosauna, das tropische Dampfbad sowie der heilsame Salzraum bieten f&uuml;r jeden Geschmack das passende Klima. Regelm&auml;ssige Sauna-Zeremonien verw&ouml;hnen die G&auml;ste mit besonderen Ritualen und Pflegeroutinen. Abk&uuml;hlung findet sich im Kneippweg und im Abk&uuml;hlbecken, Tiefenentspannung in der Alpha-Sphere. Dachterrasse, Ruheraum und ein grossz&uuml;giger Wellness-Garten laden zum Verweilen ein.</p>", "url": "https://www.fitness-island.ch/", "image": "https://sgbtpimtsoch.sos-ch-dk-2.exoscale-cdn.com/catalog/a/3/2/6/a32649d02dcf1ab384c936cd42608256be4e5687_therme_totes_meer.jpg", "openstreetmap_id": "way/311386934"}, "geometry": {"type": "Point", "coordinates": ["9.0307174", "47.4682456"]}}, {"type": "Feature", "properties": {"identifier": "5a1139eb-1ab4-47d6-9733-07f113fb8982", "name": "Scandola Light Audio Media GmbH", "description": "Seit \u00fcber f\u00fcnf Jahrzehnten ist die Scandola Light Audio Media GmbH ein kompetenter Partner f\u00fcr Veranstaltungstechnik. Als ganzheitlicher Anbieter von Lichttechnik, Tontechnik, Beschallungsanlagen und Medientechnik unterst\u00fctzen das Team bei Veranstaltungen aller Art. Ob private Feier, B\u00fchnenshow, Firmen-Event, Generalversammlungen oder Messe\u00adstand \u2013 die Scandola Light Audio Media GmbH entwickelt mit dem Kunden ein umfassendes Veranstaltungskonzept oder liefert und installiert B\u00fchnenbeleuchtung, Projektionstechnik, Medientechnik und Tontechnik.", "url": "https://www.scandola.ch/", "image": "https://sgbtpimtsoch.sos-ch-dk-2.exoscale-cdn.com/catalog/2/c/9/d/2c9dda169e8aa6d039c5c1a72515a732e000e4fc_scandola_light_audio_media_gmbh.jpg", "openstreetmap_id": "way/309204502"}, "geometry": {"type": "Point", "coordinates": ["9.341001", "47.409759"]}}, {"type": "Feature", "properties": {"identifier": "5a97a6d2-bc7a-4e2d-bb46-eecac33eb867", "name": "Aussichtspunkt Walzenhausen", "description": "Inmitten von Walzenhausen und auf der rasanten Abfahrt in Richtung Rheineck tut sich ein wundersch\u00f6ner Aussichtspunkt auf. Hier l\u00e4sst es sich vom St.Galler Rheintal \u00fcber den Bodensee bis hin ins angrenzende Nachbarland \u00d6sterreich blicken. Auf dem B\u00e4nkli k\u00f6nnen einige Minuten verweilt werden.\n\nDer Aussichtspunkt Walzenhausen ist Teil der Velo-Rallye Bodensee. Mehr zur Velo-Sammelchallenge unter www.st.gallen-bodensee.ch/velo-rallye.", "image": "https://sgbtpimtsoch.sos-ch-dk-2.exoscale-cdn.com/catalog/6/3/9/a/639af62c2cb5344aad2f9823ea3f8fb4df6e9686_20210610__DSC2794.jpg", "openstreetmap_id": "way/199117441"}, "geometry": {"type": "Point", "coordinates": ["9.60657835006714", "47.44858057411852"]}}, {"type": "Feature", "properties": {"identifier": "5ad28e26-b8b9-4785-921e-fd726e73c899", "name": "Stadtbistro", "description": "Das Stadtbistro ist sozusagen ein zweites Wohnzimmer, ein Ort der Begegnung und des Genusses. Hier l\u00e4sst es sich wunderbar ein feines St\u00fcck Kuchen essen, die Zeitung lesen und den kleinen oder grossen Hunger stillen.\n\nAuf der kleinen, aber feinen Bistro-Karte stehen Wohlf\u00fchlgerichte wie ein w\u00e4rmender griechischer Stifado, aber auch vegetarische und vegane Kreationen. Wer mag, setzt sich an den langen Holztisch, geniesst eine Kaffeespezialit\u00e4t und dazu ein St\u00fcck Kuchen aus der Hausb\u00e4ckerei. F\u00fcrs B\u00fcro oder das Picknick gibt\u2019s alles auch als Take Away.\n\nAussergew\u00f6hnlich ist noch etwas anderes: Im Stadtbistro arbeiten Menschen mit Unterst\u00fctzungsbedarf als Mitarbeiter:innen oder Lernende im Service und in der K\u00fcche. Sie werden von Fachpersonen begleitet und k\u00f6nnen so in der Arbeitswelt Fuss fassen.", "url": "https://stadtbistro.sg/", "image": "https://sgbtpimtsoch.sos-ch-dk-2.exoscale-cdn.com/catalog/f/b/b/8/fbb895d73a7c9a5d582118772e4f5e1e7be5dd02_Hotel_Dom_Architektur_557__2.jpg", "openstreetmap_id": "node/4092716590"}, "geometry": {"type": "Point", "coordinates": ["9.37513", "47.42277"]}}, {"type": "Feature", "properties": {"identifier": "5b156cfa-c04f-4166-b8f7-08812a6d150e", "name": "Restaurant Werk 1", "description": "<p><strong><span lang=\"DE\">Der stilvolle Anlaufpunkt im Herzen von Gossau </span></strong></p><p><span lang=\"DE\">Das Restaurant Werk 1 in Gossau besticht mit professionellem Service, hochwertigen Speisen und stilvollem Ambiente. Auch modern ausgestattete Veranstaltungs-, Seminar- und Tagungsr&auml;ume stehen zur Verf&uuml;gung. An ausgew&auml;hlten Abenden kommen G&auml;ste zus&auml;tzlich in den Genuss von wechselnden Unterhaltungsangeboten.</span><em style=\"mso-bidi-font-style: normal;\"><span lang=\"DE\">&nbsp;</span></em></p><p><span lang=\"DE\">Das Werk 1 vereint gekonnt historisches Flair mit modernen Strukturen: Im geschichtstr&auml;chtigen Kaufmannsgeb&auml;ude wurde modisches Interieur mit stillvollem Design gepaart. Das elegante Restaurant, ein edel eingerichtetes, bedientes Fumoir mit Kamin und Humidor sowie ein beeindruckender Weinkeller in rustikalem Ambiente sorgen f&uuml;r das Rundum-Wohlgef&uuml;hl beim Gast. Im Sommer garantiert die grossz&uuml;gige Terrasse mit Loungem&ouml;beln gem&uuml;tliche Stunden unter freiem Himmel. Abgerundet wird ein Besuch des Werk 1 durch die hochwertige gutb&uuml;rgerliche Schweizer Grillk&uuml;che mit wechselndem saisonalen Speiseangebot.</span></p><p><strong style=\"mso-bidi-font-weight: normal;\"><span lang=\"DE\">Das passende Angebot f&uuml;r jeden Anlass</span></strong></p><p class=\"MsoNormal\"><span lang=\"DE\" style=\"mso-ansi-language: DE;\">Egal ob Bankette, Events, Hochzeiten oder Geburtstage: Die R&auml;umlichkeiten des Werk 1 bieten f&uuml;r jeden Anlass das passende Angebot. Auf Grund modernster Infrastrukturen eignen sich die Veranstaltungsr&auml;ume auch hervorragend f&uuml;r Seminare und Tagungen (halb- oder ganztags, ab 10 bis 270 Personen). Durch die bahnhofsnahe Lage des Werk 1 im Zentrum von Gossau und Parkm&ouml;glichkeiten vor Ort, ist eine einfache und unbeschwerte Anreise zu jeder Zeit m&ouml;glich.</span></p><p><strong><span lang=\"DE\">Event und Unterhaltung im Werk 1</span></strong></p><p><span lang=\"DE\">Neben dem grossz&uuml;gigen Raumangebot und einer erlesenen K&uuml;che bietet das Werk 1 seinen G&auml;sten auch k&uuml;nstlerische und kulturelle Leckerbissen: Regelm&auml;ssig werden wechselnde Veranstaltungen wie Konzerte, Kulturkreise, Lesungen und Tanzabende durchgef&uuml;hrt.&nbsp;</span></p><p class=\"MsoPlainText\">&nbsp;</p>", "url": "https://www.werk-1.ch", "image": "https://sgbtpimtsoch.sos-ch-dk-2.exoscale-cdn.com/catalog/5/1/0/b/510b0d3ad9fd361a8d262d1a03fa27b50d1306df_20140815_WERK1_108.jpg", "openstreetmap_id": "node/4470998199"}, "geometry": {"type": "Point", "coordinates": ["9.2533496", "47.4148499"]}}, {"type": "Feature", "properties": {"identifier": "5b5bfed0-a80c-4c47-90b3-8c6fa3854ef0", "name": "Baggerplausch im Hofstadl Gossau", "description": "<p>Entdecken Sie ein einzigartiges Gruppenprogramm, das l&auml;ndlichen Charme mit richtig viel Action verbindet!<br>Starten Sie gem&uuml;tlich im Hofstadl: regionale Spezialit&auml;ten, herzliche Atmosph&auml;re und der perfekte Ort, um gemeinsam anzukommen und zu geniessen. Danach heisst es: Baggern wie die Profis! Beim Baggerplausch d&uuml;rfen Ihre G&auml;ste selbst ans Steuer &ndash; ein Highlight, das garantiert f&uuml;r Staunen, Lachen und starke Team-Momente sorgt. Wer nicht baggern will, kann sich beim Bubble Soccer, Rasenm&auml;her rennen oder ferngesteuerte Autorennen austoben.</p><p>Wer sein Team richtig challengen will, kann auf dem weitl&auml;ufigen Areal alternativ eine spannende Alpolympiade veranstalten &ndash; ein actionreiches Erlebnis, das den Teamgeist st&auml;rkt.</p><p>Dieses Programm ist ideal f&uuml;r Firmen, Vereine oder Freunde, die ein unvergessliches Erlebnis suchen, das es so nicht &uuml;berall gibt &ndash; authentisch, originell und absolut unvergessen.</p>", "image": "https://sgbtpimtsoch.sos-ch-dk-2.exoscale-cdn.com/catalog/d/7/6/7/d76778ccbbfd780af24d0e79d2efbd3798325865_IMG_5189.JPG"}, "geometry": {"type": "Point", "coordinates": ["9.2419824", "47.4317173"]}}, {"type": "Feature", "properties": {"identifier": "5b63d121-437e-47ae-9057-dbfa23a644d1", "name": "Rhein-Schauen Museum und Rheinb\u00e4hnle", "description": "<p>Rhein-Schauen ist ein Museum der besonderen Art. Den Reiz macht die Kombination von Werkhof, Ausstellung und Dienstbahn aus. Informativ, unterhaltsam und abwechslungsreich. Im Werkhof Lustenau erwartet den Besucher ein interessantes Panoptikum. Technik zum Anfassen, Landschaft zum Erfahren, mehr als 120 Jahre gelebte Geschichte, aber auch Gegenwart und Zukunft spannend und verst&auml;ndlich dargestellt. Die Strecke der Bahn f&uuml;hrt vom Ausgangspunkt, dem Werkhof Lustenau, den Rhein hoch nach Wiesenrain, Sonderfahrten sind individuell auf Ihre Bed&uuml;rfnisse buchbar. Die Fahrt vom Werkhof flussabw&auml;rts f&uuml;hrt direkt ins Naturschutzgebiet zu den Schleienl&ouml;chern. Mit einer der historischen Elektrolokomotiven aus den 1940er- Jahren oder einer Dampflokomotive von 1910 bzw. 1920 erleben grosse und kleine G&auml;ste die wunderbar vielf&auml;ltige Landschaft um den Bodensee und Rhein.</p>", "url": "http://www.rheinschauen.at", "image": "https://sgbtpimtsoch.sos-ch-dk-2.exoscale-cdn.com/catalog/9/f/e/e/9feeca8f1a2d4e185f275bcc56b0ded5193dcbf5_Titelbild_Folder_2.jpg", "openstreetmap_id": "way/91088463"}, "geometry": {"type": "Point", "coordinates": ["9.66099500656128", "47.4473835748098"]}}, {"type": "Feature", "properties": {"identifier": "5c5787a0-215a-4a03-af2b-df714549a523", "name": "Lozzi Museum", "description": "<p>Vom \u201eSteinstreichler\u201c bis zur \u201eHeiligenschein-Poliermaschine\u201c. Willkommen im Wunderland der Fantasien! </p><p>\u00dcber 120, z.T. bewegliche Objekte des Metallplastikers Yvan \u201eLozzi\u201c Pestalozzi zu den Sorgen und N\u00f6ten, W\u00fcnschen und Tr\u00e4umen der Menschen. Eine unterhaltsame Ausstellung f\u00fcr Kinder, Jugendliche und Erwachsene. Ein attraktives Ausflugsziel f\u00fcr Schulreisen, Vereine, Wandergruppen oder als geselliges Rahmenprogramm f\u00fcr Kundenanl\u00e4sse von Unternehmen sowie privaten Anl\u00e4ssen wie Hochzeiten, Geburtstage usw. </p><p><span style=\"font-weight: bold;\">Gruppen:</span><span style=\"font-weight: 700;\"><br></span>Das Lozzi Museum kann auf Anfrage auch ausserhalb der \u00d6ffnungszeiten besucht werden.</p><p>\u201eSo viel Poesie, so viel Witz, so viel Genialit\u00e4t l\u00e4sst uns nur staunen. Wir freuten uns kindlich, auch wenn wir im AHV-Alter sind.\u201c</p>", "url": "https://lozzi-museum.ch/", "image": "https://sgbtpimtsoch.sos-ch-dk-2.exoscale-cdn.com/catalog/a/f/0/5/af050a438e2dceab299e378218095c532897cbcb_LOZZI_MUSEUM_2_Eingang_Museum.jpg", "openstreetmap_id": "way/254388659"}, "geometry": {"type": "Point", "coordinates": ["8.908520593563356", "47.27391455"]}}, {"type": "Feature", "properties": {"identifier": "5cd6dec5-2b83-4ba1-8d5c-5850129ccd52", "name": "Naturschutzgebiet Bannriet-Spitzm\u00e4der", "description": "Die Schollenm\u00fchle ist eine ehemalige Torffabrik. In ihrer Umgebung wurde der Torf abgebaut und in der Schollenm\u00fchle zu Torfmull und Spezialerden weiterverarbeitet. Die Schollenm\u00fchle liegt mitten im Naturschutzgebiet Bannriet-Spitzm\u00e4der. Der Torfabbau hat hier ein abwechslungsreiches Landschaftsrelief hinterlassen. Auch ausserhalb des Schollenm\u00fchle-Areals sind spannende Naturbeobachtungen m\u00f6glich. Das Schutzgebiet ist Pflanzen und Tieren vorbehalten. Ausgetieft, \u00fcberschwemmt, verlandet, abgetorft und melioriert \u2013 verschiedenste Kr\u00e4fte und Akteure haben das heutige Riet geformt. Die Vielfalt an Tieren und Pflanzen im 53 Hektaren grossen Naturschutzgebiet ist \u00fcberw\u00e4ltigend. Blumenwiesen und Buntbrachen bringen Farbe in die Rietlandschaft und sind ein Schlaraffenland f\u00fcr bl\u00fctenbesuchende Insekten. Geb\u00fcschgruppen strukturieren die Landschaft und bieten R\u00fcckzugsraum f\u00fcr Tiere.\n\nAus Anlass des 200-Jahr-Jubil\u00e4ums des Kantons St.Gallen im Jahre 2003 wurde am Rand des Naturschutzgebietes Spitzm\u00e4der auf der Gemeindegrenze zwischen Altst\u00e4tten und Oberriet ein Beobachtungsturm erstellt. Die weitr\u00e4umige Aussicht in die Rheintalebene und das begleitende Bergpanorama sowie vielf\u00e4ltige Beobachtungsm\u00f6glichkeiten der Tierwelt lohnen bei jedem Wetter einen Besuch des architektonisch gelungenen Beobachtungsturms.", "image": "https://sgbtpimtsoch.sos-ch-dk-2.exoscale-cdn.com/catalog/f/8/c/2/f8c2050747d4b86653e48c0017e8383fe57e0d51_997A1472.jpg", "openstreetmap_id": "way/445016261"}, "geometry": {"type": "Point", "coordinates": ["9.566738", "47.357694"]}}, {"type": "Feature", "properties": {"identifier": "5d373c54-9fe8-4ba0-a284-2d37565e5356", "name": "Hotel Hecht", "description": "Wo sich die H\u00fcgel des Appenzellerlandes, die Rheintalebene und die Bodenseelandschaft begegnen, liegt das historische St\u00e4dtchen Rheineck. Und hier, zwischen dem \u00e4ltesten Siedlungsteil, dem Fahr und den dichtgef\u00fcgten Gassen der fr\u00fcheren Stadtmauern, begr\u00fcsst das Hotel Hecht seine G\u00e4ste.\n\nZwei Sterne hat der Hecht, was bestens in die l\u00e4ndliche Region passt. Zum Hotel mit 14 klimatisierten Zimmern geh\u00f6ren im Erdgeschoss ein Restaurant mit 60 Pl\u00e4tzen, eine Sonnenterrasse f\u00fcr 60 und ein Seminarraum (klimatisiert) f\u00fcr 40 G\u00e4ste, sowie im 1. Stock ein Saal (klimatisiert) f\u00fcr bis zu 220 Bankettteilnehmende oder 350 Konzertbesucher mit grosser Terrasse f\u00fcr den Apero.", "url": "http://www.hotelhecht-rheineck.ch/", "image": "https://sgbtpimtsoch.sos-ch-dk-2.exoscale-cdn.com/catalog/7/2/5/4/7254e15ed77c850a8c5bca93532a929ad74d405d_CS_381718.gif", "openstreetmap_id": "node/6515922667"}, "geometry": {"type": "Point", "coordinates": ["9.5918208", "47.4647847"]}}, {"type": "Feature", "properties": {"identifier": "5e1e0e52-e277-4af2-9066-b810b88f6e1f", "name": "FotoNela", "description": "<p>Daniela Rieder ist eine einf&uuml;hlsame Fotografin aus Eschenbach SG, spezialisiert auf Neugeborene Babys - die wirklich kurze, unwiederbringliche Zeit f&uuml;r immer festzuhalten, Schwangerschafts-Bilder, Familien-Geschichten und Hochzeits-Begleitungen.&nbsp;</p><p>Mit viel Geduld und Ruhe h&auml;lt sie Momente fest, die im Alltag viel zu schnell vorbeigehen.&nbsp;</p><p>Neugeborene und werdende Mamas fotografiert sie in einem liebevoll eingerichteten, gem&uuml;tlichen Fotozimmer in entspannter Atmosph&auml;re. Familien begleitet sie am liebsten draussen in der Natur - dort, wo Bewegung und echtes Lachen entstehen d&uuml;rfen und Platz zum Austoben vorhanden ist.&nbsp;</p><p>Im Mittelpunkt stehen keine gestellten Perfektionsbilder, sondern nat&uuml;rliche, warme Erinnerungen voller Gef&uuml;hl. Ihre Bilder erz&auml;hlen Geschichten von Verbundenheit, kleinen Details und grossen Gef&uuml;hlen - Erinnerungen, die mit den Jahren immer wertvoller werden.&nbsp;</p>", "url": "https://www.fotonela.ch/", "image": "https://sgbtpimtsoch.sos-ch-dk-2.exoscale-cdn.com/catalog/a/7/1/7/a71799e9160977f538470562fb090ce839643c11_Hochzeit_1.jpg", "openstreetmap_id": "way/273800624"}, "geometry": {"type": "Point", "coordinates": ["8.930341", "47.2418258"]}}, {"type": "Feature", "properties": {"identifier": "5ea7a948-7cc5-4749-8a6d-0edc68e68875", "name": "Rafters Outdoor & Events", "description": "<p class=\"MsoNormal\" style=\"mso-margin-top-alt: auto; mso-margin-bottom-alt: auto;\"><span style=\"font-size: 12.0pt; font-family: 'Times New Roman',serif; mso-fareast-font-family: 'Times New Roman'; mso-font-kerning: 0pt; mso-ligatures: none; mso-fareast-language: DE-CH;\">Rafters Outdoor &amp; Events bietet seit &uuml;ber 25 Jahren eine breite Palette an Ideen f&uuml;r Team-Events, Firmenevents, Gruppenausfl&uuml;ge, Teambuilding und Vereinsausfl&uuml;ge in der Ostschweiz an.</span></p><p class=\"MsoNormal\" style=\"mso-margin-top-alt: auto; mso-margin-bottom-alt: auto;\"><span style=\"font-size: 12.0pt; font-family: 'Times New Roman',serif; mso-fareast-font-family: 'Times New Roman'; mso-font-kerning: 0pt; mso-ligatures: none; mso-fareast-language: DE-CH;\">Ob kreative Team-Workshops wie Eisschnitzen oder Raku Keramik brennen, Flossbauen am Bodensee oder lustige Gruppenaktivit&auml;ten Highland Games oder Bauernhof Olympiaden f&uuml;r jeden ist etwas dabei. </span></p><p class=\"MsoNormal\" style=\"mso-margin-top-alt: auto; mso-margin-bottom-alt: auto;\"><span style=\"font-size: 12.0pt; font-family: 'Times New Roman',serif; mso-fareast-font-family: 'Times New Roman'; mso-font-kerning: 0pt; mso-ligatures: none; mso-fareast-language: DE-CH;\">Sie planen einen Firmenausflug oder Junggesellenabschied oder feiern gar einen runden Geburtstag, warum die G&auml;ste nicht mit etwas speziellem &uuml;berraschen? Testen Sie die Treffsicherheit Ihrer Mitarbeiter beim Wettschiessen oder f&ouml;rdern Sie die Konzentration beim Bogenschiessen. </span></p><p class=\"MsoNormal\" style=\"mso-margin-top-alt: auto; mso-margin-bottom-alt: auto;\"><span style=\"font-size: 12.0pt; font-family: 'Times New Roman',serif; mso-fareast-font-family: 'Times New Roman'; mso-font-kerning: 0pt; mso-ligatures: none; mso-fareast-language: DE-CH;\">Bei Weihnachtsfeiern darf man durchaus auch mal etwas aktiv werden mit einer Schneeschuhtour und Fondueplausch zum Beispiel oder f&uuml;r die die es etwas abenteuerlicher m&ouml;chten mit einer Airboard-Funtour? </span></p><p class=\"MsoNormal\" style=\"mso-margin-top-alt: auto; mso-margin-bottom-alt: auto;\">&nbsp;</p>", "url": "https://www.rafters.ch", "image": "https://sgbtpimtsoch.sos-ch-dk-2.exoscale-cdn.com/catalog/d/1/7/3/d1739ba12d354218e8cf9ffdc12d1ea8ac2859b8_teamevent_bogenschiessen___Kopie.jpg", "openstreetmap_id": "way/192205060"}, "geometry": {"type": "Point", "coordinates": ["9.400177001953127", "46.98639025421126"]}}, {"type": "Feature", "properties": {"identifier": "5f301d1d-2e2f-4d36-900a-2c7e18d5fe13", "name": "Freibad Speck", "description": "Eine grosse Wiese mit diversen Spielm\u00f6glichkeiten sowie viel Platz zum Ausspannen und Geniessen laden zum Baden ein. Das Schwimmbad bietet ein grosses Nichtschwimmerbecken und auch die Kleinsten k\u00f6nnen sich im Planschbecken mit Wasserpumpe vergn\u00fcgen. Ein Spielplatz sowie ein Volleyballfeld runden das Angebot ab. \n\nEin Kiosk und ein kleines Restaurant sind Bestandteil der Badi Speck. Die Bushaltestelle Staad SG, Speck befindet sich nur wenige Meter von der Seebadi entfernt.\n", "url": "https://www.badi-info.ch/sg/staad.html", "image": "https://sgbtpimtsoch.sos-ch-dk-2.exoscale-cdn.com/catalog/8/6/7/8/8678154ec3d790960aaf275873cd7b5957bb922d_Photokleinformat_3_2_Freibad_Speck.jpg", "openstreetmap_id": "node/1735041253"}, "geometry": {"type": "Point", "coordinates": ["9.540895131644676", "47.48350050780087"]}}, {"type": "Feature", "properties": {"identifier": "5f39a40c-33aa-441c-aeb7-26b1d38bc309", "name": "Restaurant Alp Schindelberg", "description": "<p>Gut erreichbar ob zu Fuss oder mit dem Bike, mit Start im Atzm\u00e4nnig oder Goldingen, liegt auf 1156m.\u00fc.M das neu renovierte Alprestaurant Schindelberg. </p><p>Wer im Schindelberg seine wohlverdiente Pause einlegt f\u00fcr ein k\u00fchles Bier, ein gutes Glas Wein oder um sich kulinarisch verw\u00f6hnen zu lassen, ist am perfekten Ort. Der Weinkeller l\u00e4sst keine W\u00fcnsche offen. Auch die hausgemachten Cremeschnitten sind ein Highlight und immer wieder ein Besuch wert. Ob leidenschaftlicher Fleischesser, Vegetarier oder \u00fcberzeugter Veganer, unsere K\u00fcche zaubert f\u00fcr jeden das passende Men\u00fc. </p><p>Auf der Sonnenterrasse k\u00f6nnen die G\u00e4ste den Blick bis in die Glarner, Schwyzer oder sogar Berner Alpen schweifen lassen. </p><p>Geben Sie Ihrer Seele eine Auszeit und schlafen in dieser unendlichen Ruhe, lassen sie sich vom Vogelgezwitscher und sanftem Kuhglockenton wecken und geniessen nach dem Powerfr\u00fchst\u00fcck einen neuen Wandertag. </p><p>Gute K\u00fcche, Kinderspielplatz, sch\u00f6ne Aussicht, verschiedene Anl\u00e4sse, die Gaststube bietet Platz f\u00fcr bis zu 80 Personen. Auch Gruppen sind herzlich willkommen.<br></p>", "url": "https://alpschindelberg.ch/", "image": "https://sgbtpimtsoch.sos-ch-dk-2.exoscale-cdn.com/catalog/d/1/1/f/d11f800c810c09a0725900a88998bae2561987d4_1000074088.jpg", "openstreetmap_id": "node/66576861"}, "geometry": {"type": "Point", "coordinates": ["8.994004726409914", "47.31538454097332"]}}, {"type": "Feature", "properties": {"identifier": "60195f85-c9bd-4162-a484-b4859b72e41b", "name": "Galerie Paul Hafner", "description": "<p>Die Galerie Paul Hafner pr&auml;sentiert in ihren Ausstellungen Werke von regionalen, nationalen und internationalen K&uuml;nstler:innen: Zeichnungen, Malerei, Objekte, Fotoarbeiten und Installationen.</p>", "url": "https://www.paulhafner.ch", "image": "https://sgbtpimtsoch.sos-ch-dk-2.exoscale-cdn.com/catalog/8/8/1/4/8814bee2b7a0920e02cf814fc350c3b27028532c_56930F1B_76C7_486D_A97C_2B2DAEE6D845.jpeg", "openstreetmap_id": "way/314997893"}, "geometry": {"type": "Point", "coordinates": ["9.3679083", "47.4199894"]}}, {"type": "Feature", "properties": {"identifier": "601c5fe7-6a7b-4b20-bd8b-cee70c52d53b", "name": "Weiterbildungszentrum Holzweid mit HSG Alumni Haus", "description": "Die modernen Seminarr\u00e4ume bieten eine ideale Infrastruktur f\u00fcr Seminare, Workshops, Pr\u00e4sentationen und Kongresse bis 300 Personen. Die R\u00e4ume werden von der Universit\u00e4t St.Gallen f\u00fcr Weiterbildungsprogramme und andere Veranstaltungen genutzt. Auch externe Unternehmen k\u00f6nnen die R\u00e4ume tage- oder wochenweise mieten. Zum Weiterbildungszentrum Holzweid geh\u00f6rt das HSG Alumni Haus mit 54 G\u00e4stezimmern, Fitnessraum und Sauna. Am Wochenende (Freitag bis Montag) profitieren G\u00e4ste von einem verg\u00fcnstigten Zimmerpreis. F\u00fcr Gruppen werden \u00fcber das Wochenende auf Anfrage spezielle Konditionen angeboten.", "url": "http://www.wbz.unisg.ch/", "image": "https://sgbtpimtsoch.sos-ch-dk-2.exoscale-cdn.com/catalog/5/d/8/8/5d88ba558e12bc4bdb0330705a5a0cc1b5f241df_195a4f91e67a53675b7ffdb1e4fdb722a79f2d67_WBZ_Holzweid_Aussenansicht_web.jpg", "openstreetmap_id": "way/314266297"}, "geometry": {"type": "Point", "coordinates": ["9.374824762344362", "47.43792121703876"]}}, {"type": "Feature", "properties": {"identifier": "60d2a2dd-e49d-48fb-ab66-09b2c1eaaff4", "name": "Easy Listening", "description": "<div>Vier professionelle Musikerinnen und Musiker bieten professionelle Live-Unterhaltung auf h\u00f6chstem Niveau. Seit \u00fcber 20 Jahren sorgt Easy Listening an Hochzeiten, Firmenanl\u00e4ssen, Geburtstagsfeiern und Ap\u00e9ros f\u00fcr entspannte und fr\u00f6hliche Stimmung. Mit ihrer musikalischen Vielfalt begeistert die Band Jung und Alt. Neben Popmusik spielen sie Standardt\u00e4nze wie Cha Cha, Disco, Fox, Jive, Walzer, Samba, Tango und mehr. Aber auch Rock, Blues oder Jazz und nat\u00fcrlich Swing geh\u00f6ren zum Repertoire.</div>", "url": "http://easy-listening.ch/", "image": "https://sgbtpimtsoch.sos-ch-dk-2.exoscale-cdn.com/catalog/1/7/1/c/171c7e82fdcaaec471e6753b49b1bef3636e7806_easy_listening.jpg", "openstreetmap_id": "way/247106641"}, "geometry": {"type": "Point", "coordinates": ["9.077295027716824", "47.44028205"]}}, {"type": "Feature", "properties": {"identifier": "60f09dc4-9bc8-42fb-9301-c93fc01a4322", "name": "M\u00f6bel R\u00fcegg AG", "description": "<p>Es gibt endlose M\u00f6glichkeiten das Haus in ein Zuhause einzurichten. Ob mit dezenten Akzenten oder gewagten Hinguckern aus der umfangreichen Auswahl kann jeder Raum mit viel Stil und Charme ausgestattet werden.&nbsp;</p><p><span style=\"font-weight: bold;\">Angebot:</span></p><ul><li>Wohnkollektion</li><li>Bettwaren</li><li>Vorh\u00e4nge</li><li>die Boden Fachleute</li></ul>", "url": "https://www.moebel-rueegg.ch/", "image": "https://sgbtpimtsoch.sos-ch-dk-2.exoscale-cdn.com/catalog/9/b/4/8/9b4852a81fd93983b9db0f12b0300b7d28825df9_gewerbe.png", "openstreetmap_id": "way/1087745789"}, "geometry": {"type": "Point", "coordinates": ["8.920981103111224", "47.23892225"]}}, {"type": "Feature", "properties": {"identifier": "61f306c6-d7ca-46de-b83c-8d6d5ba3efa3", "name": "Ehemaliges Gasthaus \"Sternen\"", "description": "<p>Das an zentraler Lage mitten im Dorf Eschenbach stehende stattliche Haus \"zum Sternen\u00bb wurde zwischen 1712 und 1714 erbaut und gilt neben dem historischen Custorhaus als einziger Fachwerkbau im Dorf mit typischem \u00abfranz\u00f6sischem\u00bb Dachstuhl. </p><p>Die Gaststube befand sich im ersten Stock. Neben einigen Gastzimmern verf\u00fcgte das erste Haus am Platz \u00fcber den einzigen grossen Saal mit B\u00fchne. Der Saalanbau kam allerdings erst gegen Ende des 19. Jahrhunderts dazu. Er sah praktisch s\u00e4mtliche \u00f6ffentliche Anl\u00e4sse der Gemeinde und bildete so bis etwa 1975 den Mittelpunkt des gesellschaftlichen Geschehens im Dorf.<br></p>", "image": "https://sgbtpimtsoch.sos-ch-dk-2.exoscale-cdn.com/catalog/8/9/0/6/890683fc18749e7430c228b55b32802e24d83ce3_sternen.jpg", "openstreetmap_id": "node/659834775"}, "geometry": {"type": "Point", "coordinates": ["8.92208", "47.2409446"]}}, {"type": "Feature", "properties": {"identifier": "62a00f5d-ace1-4faa-81b6-1aa850e3ebe5", "name": "Goldinger Rundwanderung gross", "description": "<p>Gestartet wird im Unterdorf von Goldingen. Der Wanderweg f&uuml;hrt &uuml;ber Echeltschwil, Rappengrund, durchs sch&ouml;n romantische Neuh&auml;uslertobel. Nach der historischen Aatalbr&uuml;cke wandert man oberhalb des Aatalweiers entlang und wieder hoch Richtung St. Gallenkappel &uuml;ber das Eichholz und Bifang nach Betzikon. Vorbei beim M&uuml;lital nach R&uuml;eterswil und &uuml;ber Ruedlingen und Vorderm&uuml;li zur&uuml;ck nach Goldingen.&nbsp;</p><p>Anreise mit den &ouml;ffentlichen Verkehrsmitteln:&nbsp;<br>Bus 630 von Eschenbach (Dorftreff) nach Goldingen (Unterdorf)</p><p>Die genaue Route sowie die GPX Daten sind unter diesem&nbsp;<a href=\"https://schweizmobil.ch/de/tour/5113775\">Link</a>&nbsp;ersichtlich.</p>", "image": "https://sgbtpimtsoch.sos-ch-dk-2.exoscale-cdn.com/catalog/6/4/5/9/645924aebb512587f93ad6f43afac9a32c35477e_1715544187129.jpg", "openstreetmap_id": "node/665906493"}, "geometry": {"type": "Point", "coordinates": ["8.9669577", "47.2613437"]}}, {"type": "Feature", "properties": {"identifier": "63aa52b3-c558-420b-a199-6362a19ccae5", "name": "Starbugs Comedy", "description": "<p>F\u00e4bu, Silu &amp; Tinu haben sich von New York bis Tokio mit einer einzigartigen Mischung aus Tanz, Akrobatik und Comedy in die Herzen des Publikums gespielt. Mit hinreissender, verbl\u00fcffender Dynamik verlassen Starbugs Comedy die bekannten Sph\u00e4ren der Comedy. Die drei coolen Typen ziehen ihr Publikum so umwerfend fantasievoll, witzig und listig herein, dass es aus dem Staunen nicht mehr herausfindet.</p>", "url": "https://www.starbugs-comedy.ch/", "image": "https://sgbtpimtsoch.sos-ch-dk-2.exoscale-cdn.com/catalog/8/e/d/9/8ed9dfd11be328f1f06d40c2dc2319d68d09ad5e_starbugs_comedy.jpg", "openstreetmap_id": "way/169986940"}, "geometry": {"type": "Point", "coordinates": ["7.601284900140756", "47.488797"]}}, {"type": "Feature", "properties": {"identifier": "640c0d57-9d77-47aa-957a-ffa9c1c2db3b", "name": "Gebiet Oberholz-Farner", "description": "<p>Das \u00fcber Wald ZH erschlossene Skigebiet Oberholz-Farner ist ein kleines aber feines und familienfreundliches Wintersportgebiet. Auch in der warmen Jahreszeit lohnt sich ein Ausflug in das idyllische Oberholz. Im Gebiet Farner finden sich wunderbare Wanderrouten mit Weitblick.&nbsp; &nbsp;<br></p>", "image": "https://sgbtpimtsoch.sos-ch-dk-2.exoscale-cdn.com/catalog/1/3/6/2/1362dbeee82032fd4fedcfe3334f3a9bba850097_IMG_2174.jpg", "openstreetmap_id": "node/9272841510"}, "geometry": {"type": "Point", "coordinates": ["8.9426907", "47.2876572"]}}, {"type": "Feature", "properties": {"identifier": "64561cc7-303b-4558-a203-dea3da578712", "name": "Private Spa im Boardinghouse St.Gallen", "description": "Hier im Herzen des urbanen Lachenquartiers l\u00e4sst es sich wunderbar in die neuen Private Spas eintauchen. Das moderne und nat\u00fcrliche Ambiente begeistert und die G\u00e4ste k\u00f6nnen hier so richtig ausspannen. \n\nPrivate Spa Deluxe: Dampfbad / Sauna, Finarium / Erlebnisdusche / Whirlwanne / Liegestuhl / Lounge / Snacks / Getr\u00e4nke / Ausblick \u00fcber die Stadt\n\nPrivate Spa Superior: Dampfbad / Sauna, Finarium / Erlebnisdusche / Liegestuhl mit grosser Terrasse / Lounge / Snacks / Getr\u00e4nke / Ausblick \u00fcber die Stadt\n\nAuch f\u00fcr das leibliche Wohl wird gesorgt: Bei der Hausb\u00e4ckerei Handmade F\u00fcger k\u00f6nnen s\u00fcsse oder herzhafte H\u00e4ppchen bestellt werden.", "url": "https://boardinghouse.ch/", "image": "https://sgbtpimtsoch.sos-ch-dk-2.exoscale-cdn.com/catalog/9/a/c/c/9acceedb437add3d38eabb3c204450e957843663___berblick6_Website_SGT.png", "openstreetmap_id": "node/1346888802"}, "geometry": {"type": "Point", "coordinates": ["9.354960322380068", "47.42007005807"]}}, {"type": "Feature", "properties": {"identifier": "64646946-422a-4616-a43f-1844f1ece9d8", "name": "Cabaret Foodstories \u2013 St.Gallen", "description": "<p>Cabaret Foodstories entf&uuml;hrt in eine Welt voller Genuss, Magie, Glamour und einem Funken Wahnsinn. Das einzigartige Pop-up-Restaurant mit Grossstadt-Flair in St. Gallen verbindet ein 4-G&auml;nge-Men&uuml; und eine Show zu einem Wechselspiel aus Essen, Unterhaltung und &Uuml;berraschungen. &bull; Show und Dinner wechseln sich ab und schaffen ein mitreissendes Erlebnis &bull; Kreatives 4-G&auml;nge-Men&uuml;, abgestimmt auf die Show &bull; Internationale K&uuml;nstler:innen sorgen f&uuml;r schrille, glamour&ouml;se Momente</p>", "url": "https://foodstories-sg.ch", "image": "https://sgbtpimtsoch.sos-ch-dk-2.exoscale-cdn.com/catalog/0/9/e/e/09ee5465b83b9fd1443b0e9213826f36e6fea244_Pfefferbeere_20241109__4.jpg", "openstreetmap_id": "node/9482063916"}, "geometry": {"type": "Point", "coordinates": ["9.364310503005983", "47.41838203304496"]}}, {"type": "Feature", "properties": {"identifier": "65073e3d-6225-4569-b853-60811c612854", "name": "Gipfelrestaurant Ch\u00e4serrugg", "description": "Das Gipfelrestaurant von Herzog & de Meuron schenkt den G\u00e4sten bei jeder Wetterlage eindr\u00fcckliche Momente auf 2'262 m \u00fc. M.\n\nBereits w\u00e4hrend der Bauzeit setzte die Bergstation ein Zeichen: Aus R\u00fccksicht auf die Umwelt wurde mit Ausnahme des Krans s\u00e4mtliches Material mit der Luftseilbahn angeliefert. Nachhaltigkeit ist essenziell und auf Verwendung von regionalen und saisonalen Produkten wird grossen Wert gelegt. \n\nVom Sonnenaufgang bis zum Vollmond werden bei verschiedenen Anl\u00e4ssen Kultur, Architektur und Natur auf dem Gipfel vereint.\nMit der direkt an den Gipfel anschliessenden Hochebene Rosenboden bietet sich hier die perfekte Gelegenheit f\u00fcr eine gem\u00fctliche Gipfelwanderung. Start und Ziel des Panoramarundweges ist das Gipfelrestaurant.\n\nDas Chemin\u00e9e im Innern w\u00e4rmt nach Ausfl\u00fcgen an der frischen Bergluft und die vielf\u00e4ltige Karte bietet verschiedene Gerichte mit lokaler Verwurzelung an.", "url": "http://www.chaeserrugg.ch/", "image": "https://sgbtpimtsoch.sos-ch-dk-2.exoscale-cdn.com/catalog/1/b/c/a/1bca152d6cc891f4d5a7ce9734074eda5c254bd6_1K4A0964.jpg", "openstreetmap_id": "node/243845595"}, "geometry": {"type": "Point", "coordinates": ["9.312550800000054", "47.155184"]}}, {"type": "Feature", "properties": {"identifier": "660d4da1-21cd-4033-b4de-50ceeb876b3c", "name": "Spielplatz Bildst\u00f6ckli Eschenbach", "description": "<p>Neben dem Weinanbau existiert im Gebiet Bildst\u00f6ckli auch noch ein Kiesplatz mit einem Spielplatz. Man findet einen Sandkasten, einen Kletterturm mit Rutsche, ein Kletterger\u00fcst sowie einige Schaukeln vor. Wenn man die Treppe hinaufsteigt, kommt man zu Tischen mit B\u00e4nken. In der N\u00e4he des Spielplatzes gibt es auch ein \u00f6ffentliches WC.</p><p></p><p><strong>Ausstattung:</strong></p><ul><li>0\u20135 Jahre</li><li>5\u201312 Jahre</li><li>Picknick-Platz</li><li>\u00d6ffentliches WC</li><li>Rauchfrei</li><li>Sandspielbereich</li></ul>", "image": "https://sgbtpimtsoch.sos-ch-dk-2.exoscale-cdn.com/catalog/9/3/4/9/9349e15a49ef4cfe2b44726eff92cda523b68a34_Spielplatz_Bildst__ckli_Eschenbach_2014_2.JPG", "openstreetmap_id": "way/51734094"}, "geometry": {"type": "Point", "coordinates": ["8.92442286014557", "47.24230936812799"]}}, {"type": "Feature", "properties": {"identifier": "6678342f-5cb6-4b40-9a1f-3980ebde0513", "name": "Steiner-Beck AG", "description": "<p><span style=\"font-weight: bold;\">Das zahlreiche Angebot der B\u00e4ckerei, Conditorei und Confiserie:</span></p><ul><li>knusprige Brote</li><li>ausgezeichnete Torten</li><li>hausgemachte Pralinen</li><li>leckere Sandwiches zum Zn\u00fcni</li><li>knackige Salate zum Zmittag</li></ul><p><br><span style=\"font-weight: bold;\">Angebot im Caf\u00e9:&nbsp;</span></p><ul><li>reichhaltiges Fr\u00fchst\u00fcck</li><li>aromatischer Kaffee</li><li>t\u00e4glich abwechslungsreiche Mittagsmen\u00fcs<br></li></ul>", "url": "https://www.steiner-beck.ch/", "image": "https://sgbtpimtsoch.sos-ch-dk-2.exoscale-cdn.com/catalog/1/b/7/2/1b727c2482f41c6a1fbfba889aa303ec204d5289_Eschenbach_High__1___1_.jpg", "openstreetmap_id": "node/2845820214"}, "geometry": {"type": "Point", "coordinates": ["8.9236101", "47.2410357"]}}, {"type": "Feature", "properties": {"identifier": "668b9031-f457-4dbe-a90c-e50d867f8381", "name": "L\u00e4deli-Tour", "description": "<p>Es braucht keine grosse Stadt um auf Einkaufstour zu gehen. Im Goldingertal l&auml;sst sich eine Wander- oder Velotour ideal mit &laquo;l&auml;dele&raquo; kombinieren. Und das Beste: diese Tour ist sogar sonntagstauglich da die meisten L&auml;deli ihre Produkte in Selbstbedienung anbieten. <br>Rundtour Goldingen-Bannholz-Chrinnen <br><br>Am besten startet man in Goldingen, Egligen. Bei der Tankstelle neben <a href=\"https://goldingertal.ch/de/map/details/landi-goldingen-2b8be17d-54ba-454d-beb6-8540c254d8e9.html\" target=\"_blank\" rel=\"noopener\">Prima/Landi</a> stehen ein paar gratis Parkpl&auml;tze zur Verf&uuml;gung und die &Ouml;V-Haltestelle befindet sich gleich daneben (Postauto, VZO-Bus). In unmittelbarer N&auml;he zur Haltestelle wartet schon der erste Verkaufswagen. <a href=\"https://goldingertal.ch/de/map/details/regis-creativ-art-fc201ff5-1781-42ba-86a1-997edcd9e609.html\" target=\"_blank\" rel=\"noopener\">Regis.Creativ.Art</a> bietet Beton-Kreationen geschickt kombiniert mit Naturmaterialien. <br><br>K&auml;seliebhaber kommen bereits kurz danach, bei der <a href=\"https://goldingertal.ch/de/map/details/kaeserei-sutter-45007375-0566-40a6-b325-2c593a1cbe10.html\" target=\"_blank\" rel=\"noopener\">K&auml;serei Sutter</a>, auf Ihre Kosten. Von Montag bis Samstag ist das Ch&auml;s-L&auml;deli offen, zur &uuml;brigen Zeit steht ein Verkaufsautomat mit Fondue, Raclette und weiteren K&auml;sespezialit&auml;ten zur Verf&uuml;gung. Auch hier stehen ein paar &ouml;ffentliche Parkpl&auml;tze gratis zur Verf&uuml;gung. <br><br><span style=\"font-weight: bold;\">Hoch zum Bannholz am Keramik-L&auml;deli vorbei</span><br>Nun geht&rsquo;s die Strasse hoch Richtung <a href=\"https://goldingertal.ch/de/map/details/restaurant-bannholz-695fee29-23fd-4a14-b03d-798930bb15f4.html\" target=\"_blank\" rel=\"noopener\">Restaurant Bannholz</a>. Im Weiler Gibel befindet sich die T&ouml;pferei von <a href=\"https://goldingertal.ch/de/map/details/toepferei-von-hans-baumgartner-a312e5fa-7f5d-4eab-a286-90eee1f5df18.html\" target=\"_blank\" rel=\"noopener\">Hans Baumgartner</a>. Selbstget&ouml;pferte Schalen, Teller und Vasen sind ausgestellt. Nicht jeden Tag, aber meistens ist sein L&auml;deli im Keller von 10 - 12 Uhr und von 14 - 16 Uhr (oder nach Vereinbarung) ge&ouml;ffnet.<br><br><span style=\"font-weight: bold;\">Chrinnen und Faltigberg oberhalb Wald </span><br>Weiter f&uuml;hrt der Weg am Restaurant Bannholz vorbei, der <a href=\"https://goldingertal.ch/de/map/details/herzroute-e-bike-tour-803ca38f-ba19-48a3-8cab-5d973de6d9e4.html\" target=\"_blank\" rel=\"noopener\">Herzroute</a> folgend, via Tann nach Chrinnen. Auf den gem&uuml;tlichen B&auml;nklein entlang des Weges empfiehlt es sich zu rasten und die atemberaubende Aussicht auf Z&uuml;richsee und Linthebene zu geniessen. Beim Bauernhof <a href=\"https://goldingertal.ch/de/map/details/chrinnehof-a71936fe-b3bd-4b0d-b14b-2b3e520ff5c3.html\" target=\"_blank\" rel=\"noopener\">Chrinnehof</a> gibt es einen gem&uuml;tlichen Hofcheller (Hofl&auml;deli) in welchem es sogar Kaffee, Sirup und S&uuml;ssmost zum Sofortverzehr gibt. Ebenfalls auf dem Hof steht das <a href=\"https://goldingertal.ch/de/map/details/schmuck-huesli-7b45c791-6656-4353-ae06-70288a4270e4.html\" target=\"_blank\" rel=\"noopener\">Schmuck H&uuml;sli</a> von Regula Kindlimann. Sie designt Halsketten und Armb&auml;nder in verschiedenen Varianten, Farben und Materialien. Wer das passende St&uuml;ck nicht findet, kann bei Regula auch das eigene Schmuckst&uuml;ck kreieren. <br><br>In Richtung Faltigberg zur H&ouml;henklinik geht es weiter. Gleich daneben steht die Spezialit&auml;tenk&auml;serei Koster. Auch bei Kosters sorgt ein neuer Verkaufsautomat daf&uuml;r, dass die feinen Weichk&auml;sli rund um die Uhr ihre K&auml;ufer finden. Hier braucht es nicht mal Bargeld, der Automat akzeptiert auch Karten. <br><br><span style=\"font-weight: bold;\">Mit dem E-Bike auf der Herzroute weiter </span><br>F&uuml;r die Fortsetzung der Tour bieten sich verschiedene M&ouml;glichkeiten: Velofahrer k&ouml;nnen &uuml;bers Oberholz der Herzroute (E-Bike Route 99) folgen, welche &uuml;ber Gibswil und bis weiter nach Rapperswil f&uuml;hrt. Bei der H&ouml;henklinik f&auml;hrt auch ein &ouml;ffentlicher Bus nach Wald. Oder man wandert unterhalb der H&ouml;henklinik wieder zur&uuml;ck Richtung Bannholz. Kurz vor dem Bannholz zweigt ein sch&ouml;ner Waldweg ab, der an verschiedenen Weihern vorbei nach Diezikon f&uuml;hrt. <br><br>Die Tour bis zum Faltigberg f&uuml;hrt haupts&auml;chlich &uuml;ber asphaltierte Strassen und eignet sich daher optimal f&uuml;r Velotouren oder f&uuml;r eine &laquo;Schlecht-Wetter-Wanderung&raquo;. Distanz ca. 8.8km Dauer zu Fuss ca. 2.5 Stunden.</p><p class=\"MsoNormal\">Anreise mit den &ouml;ffentlichen Verkehrsmitteln:<br>Bus 630 von Eschenbach (Dorftreff) nach Goldingen (Egligen)</p><p class=\"MsoNormal\">Die genaue Route sowie die GPX Daten sind unter diesem&nbsp;<a href=\"https://schweizmobil.ch/de/tour/4873330?layers=wanderland%2CtrackLayer&amp;E=2714231&amp;N=1236890&amp;resolution=3.47&amp;bgLayer=pk&amp;detours=yes&amp;shooting=yes&amp;logos=yes&amp;photos=yes&amp;season=summer\">Link</a> ersichtlich.</p>", "image": "https://sgbtpimtsoch.sos-ch-dk-2.exoscale-cdn.com/catalog/8/f/b/8/8fb85bd234b9be109048255c5815fd82d06482ec_IMG_2496.JPG", "openstreetmap_id": "way/284528780"}, "geometry": {"type": "Point", "coordinates": ["8.960085511207582", "47.26404341017249"]}}, {"type": "Feature", "properties": {"identifier": "68bde23c-4024-4051-984d-33e9b5b1d9bd", "name": "Bildst\u00f6ckli Rebberg", "description": "<p>Der Rebberg z\u00e4hlt ca. 190 rote Stickelreben, 190 rote Drahtreben und rund 250 weisse Stickelreben. Total z\u00e4hlt der Rebberg also rund 630 Rebst\u00f6cke. </p><p>Der gemeindeeigene Rebberg wird von einer Gruppe freiwilliger \u00abWeinfreunde\u00bb bewirtschaftet, die rund sieben bis acht Eins\u00e4tze pro Jahr haben. Vom Rebschnitt im M\u00e4rz \u00fcbers \"Stockputzen\" im Mai/Juni. Im Juli geht es ans Aufbinden und Auslauben und gegen Ende Sommer, im August, wird der Ertrag \u00abreguliert\u00bb, ganz nach dem Motto \u00abweniger ist mehr\u00bb. Nach der Laubarbeit im September findet meist im Oktober die Traubenlese statt. </p><p>Neben den \u00abWeinfreunden\u00bb kann auf zus\u00e4tzliche Hilfestellung durch den Werkdienst der Gemeinde gez\u00e4hlt werden, die den Rebberg m\u00e4ht oder beispielsweise die Netze gegen Insekten anbringt. </p><p><span style=\"font-weight: bold;\">Weinbestellung: </span><br>Einmal im Jahr, meistens im September, findet das allj\u00e4hrliche Rebenfest statt. Dabei kann der Eschenbacher Bildst\u00f6ckli-Wein (6er-Kartons) bestellt werden. Selbstverst\u00e4ndlich kann der Wein aber auch jederzeit und direkt beim Empfang der Gemeinde Eschenbach bestellt werden: einwohneramt@eschenbach.ch | 055 286 15 05.<br></p>", "image": "https://sgbtpimtsoch.sos-ch-dk-2.exoscale-cdn.com/catalog/a/0/e/0/a0e0fb92d7feb9ccc868acb73d0053922e0622b7_Bildst__ckli_Reben.jpg", "openstreetmap_id": "node/749242263"}, "geometry": {"type": "Point", "coordinates": ["8.92417073249817", "47.24233121120119"]}}, {"type": "Feature", "properties": {"identifier": "68f8adaf-7cb4-4bce-b659-524cd9707ba2", "name": "Milchh\u00fcsli", "description": "<p>Das Milchh\u00fcsli bietet ein einzigartiges gastronomisches Erlebnis, inmitten des Naherholungsgebietes Drei Weieren, einem der sch\u00f6nsten Naturschwimmb\u00e4dern der Schweiz, umgeben von historischen Geb\u00e4uden. Die Geschichte des Milchh\u00fcsli reicht bis ins Jahr 1928 zur\u00fcck. Schon damals verk\u00f6stigte es durstige und hungrige Badeg\u00e4ste und Spazierg\u00e4nger bei den Drei Weieren. Im Milchhuesli das bei sch\u00f6nem Wetter im Sommer jeden Tag ge\u00f6ffnet hat, gibt es Glace, Backwaren, Kaffee, Getr\u00e4nke und Snacks. Besonders bekannt ist hier der Zimtkuchen.</p>", "url": "https://www.milch-huesli.ch/", "image": "https://sgbtpimtsoch.sos-ch-dk-2.exoscale-cdn.com/catalog/f/4/5/f/f45f7d4732d25ae9c6b37beb4e4ded665ebad653_medium__Herbst_Drei_Weieren_Milchh__sli.jpg", "openstreetmap_id": "way/28466553"}, "geometry": {"type": "Point", "coordinates": ["9.38662648200989", "47.42140928038666"]}}, {"type": "Feature", "properties": {"identifier": "690f7097-9175-4d53-b911-ca613a5f587e", "name": "azado Showroom St.Gallen", "description": "<p class=\"font-claude-response-body break-words whitespace-normal\" dir=\"ltr\">Bei azado dreht sich alles um das Kochen mit Feuer. Seit der Gr&uuml;ndung fertigt das Unternehmen Grills und Outdoork&uuml;chen in der Schweiz, von Hand, massiv und f&uuml;r Generationen gebaut.</p><p class=\"font-claude-response-body break-words whitespace-normal\" dir=\"ltr\">Im Showroom in St.Gallen werden diese Handwerkskunst und die Leidenschaft f&uuml;r das offene Feuer greifbar. Vom kompakten El Chiquito im A4 Format bis zur kompletten Outdoork&uuml;che stehen die Modelle zum Anschauen, Anfassen und Ausprobieren bereit. Wer mag, erlebt bei einer Showroom Tour, wie aus Stahl, Kohle und Glut ein Abend voller Genuss entsteht.</p><p class=\"font-claude-response-body break-words whitespace-normal\" dir=\"ltr\">Erg&auml;nzt wird das Erlebnis durch Chefseminare, an denen unter Anleitung am Feuer gekocht wird, sowie durch hochwertiges Zubeh&ouml;r und Grillkohle. So verbindet azado Schweizer Fertigung mit echter Grillkultur, mitten in der Stadt und nur einen Katzensprung von den Sehensw&uuml;rdigkeiten der St.Galler Altstadt entfernt.</p>", "url": "https://azado.ch", "image": "https://sgbtpimtsoch.sos-ch-dk-2.exoscale-cdn.com/catalog/b/c/5/0/bc50c1c0c56e13a40dfee5e86fe73eb990f17771_20190703_131731.jpg", "openstreetmap_id": "way/256295453"}, "geometry": {"type": "Point", "coordinates": ["9.3868797", "47.4595332"]}}, {"type": "Feature", "properties": {"identifier": "690f9331-3d89-4694-afb3-f92ba850a9d5", "name": "Jodlerclub St.Gallen Stadt", "description": "<div>Die Jodlerinnen und Jodler des Jodlerclubs St.Gallen Stadt verbindet die Begeisterung am gemeinsamen Jodeln und Singen und eine ganz besondere Freundschaft. Dies ist bei ihren Auftritten sp\u00fcrbar.</div>", "url": "https://www.jodlerclub.stadt.st.gallen.ch/", "image": "https://sgbtpimtsoch.sos-ch-dk-2.exoscale-cdn.com/catalog/e/a/e/8/eae8469da0b9026be63a33053ae81f97bc91b2c4_jodlerclub_stadt_stgallen.jpg", "openstreetmap_id": "node/4993471306"}, "geometry": {"type": "Point", "coordinates": ["9.0998828", "47.4748106"]}}, {"type": "Feature", "properties": {"identifier": "69529483-0128-4c67-acde-aeadb7948418", "name": "Eichhof Balgach", "description": "Der Hofladen und das Hofcaf\u00e9 wurden 2011 gebaut. Der Schwerpunkt des Sortiments liegt auf hofeigenem Fleisch sowie dem eigenen Wein. \n\nDas breite Angebot besteht gr\u00f6sstenteils aus eigenen Produkten, dazu geh\u00f6ren Geb\u00e4ck, Konfit\u00fcren, Eingemachtes und vieles mehr. Daneben werden einige Produkte wie frisches Gem\u00fcse und Fr\u00fcchte, Milchprodukte oder Mehl von Bauern und Lieferanten aus der Region zugekauft. \n\nIm Caf\u00e9 werden jede Woche unterschiedliche Kuchen, Torten und weitere s\u00fcsse K\u00f6stlichkeiten angeboten. Das Caf\u00e9, die Sonnenterasse und viele weitere sch\u00f6ne Orte laden zu gem\u00fctliche und erholsame Stunden auf dem Hof ein.\n\nDer Eichhof bietet f\u00fcr Gross und Klein ein Erlebnis. Diverse Tiere wie K\u00fche, Ziegen, Kaninchen, H\u00fchner, Enten, Pfauen lassen sich bestaunen. Nebst der Tierattraktion erwartet die Kinder auch unz\u00e4hlige Spieltraktoren sowie einen grossen Sandkasten.", "url": "http://eichhof-balgach.ch/", "image": "https://sgbtpimtsoch.sos-ch-dk-2.exoscale-cdn.com/catalog/e/e/5/a/ee5ae1ba69a8806e59d30fd1e0c800433e7baede_997A2777.jpg", "openstreetmap_id": "node/3787700303"}, "geometry": {"type": "Point", "coordinates": ["9.6045795", "47.3953162"]}}, {"type": "Feature", "properties": {"identifier": "695fee29-23fd-4a14-b03d-798930bb15f4", "name": "Restaurant Bannholz", "description": "<p>Das Restaurant Bannholz oberhalb Goldingen kann von zwei Seiten erreicht werden. Einerseits kann mit dem Auto oder zu Fuss ab Goldingen (gegen\u00fcber K\u00e4serei Sutter) das Restaurant erreicht werden oder ein Weg f\u00fchrt ab der Z\u00fcrcher H\u00f6henklinik in Wald zu Fuss bis zum Restaurant.</p><p>Serviert werden verschiedene Spezialit\u00e4ten, jedoch das Cordon-Bleu ist eines der bekanntesten Speisen vom Bannholz.<br></p>", "url": "https://www.bannholz.net/", "image": "https://sgbtpimtsoch.sos-ch-dk-2.exoscale-cdn.com/catalog/c/3/5/3/c35312b43c06d16f165f900400cc6b6991143a96_bannholz_klein.jpg", "openstreetmap_id": "node/953792327"}, "geometry": {"type": "Point", "coordinates": ["8.9519848", "47.2734333"]}}, {"type": "Feature", "properties": {"identifier": "69d40478-c2ec-44de-86be-6e9d16af4cde", "name": "Highland Games - lustiger Gruppenausflug mit Action und Spass", "description": "<p><strong>Erleben Sie echte schottische Abenteuer: </strong></p><p>Mit den spassigen <strong>HighlandGames</strong> k&ouml;nnen Sie Ihre G&auml;ste in die Berge Schottlands versetzen und endlich das Geheimnis l&uuml;ften, was der Schotte denn so unter seinem Rock tr&auml;gt...</p><p>Gemeinsam mit Ihrem Team k&auml;mpfen Sie um wichtige Punkte f&uuml;r den Gesamtsieg in dieser Meisterschaft. Welches Team hat die Nase vorn beim Balkenweitwurf, punktet beim&nbsp;<a title=\"Bogenschiessen als Teamevent\" href=\"https://www.rafters.ch/ausflugsideen/ostschweiz/pfeilbogenschiessen/index.html\" target=\"_blank\" rel=\"noopener\">Pfeilbogenschiessen</a> oder <a title=\"Wettschiessen testen Sie Ihre Treffsicherheit\" href=\"https://www.rafters.ch/ausflugsideen/ostschweiz/wettschiessen/index.html\" target=\"_blank\" rel=\"noopener\">Axtwerfen</a>, f&auml;ngt die meisten H&uuml;hner ein und holt die Gegner reihenweise vom Balken?</p><p><br>Ob als actionreiches Outdoor-Event oder als unterhaltsamer Programmpunkt f&uuml;r Ihren Betriebsausflug: Die Highland Games bringen Teams jeder Gr&ouml;&szlig;e ins Schwitzen, Lachen und Jubeln. Ideal f&uuml;r Unternehmen, die ein au&szlig;ergew&ouml;hnliches Event mit hohem Erlebniswert suchen.</p><p><strong>Ein Auszug aus unseren Posten:</strong><br>Die Posten bei unseren HighlandGames trainieren Ihre Lachmuskeln und f&ouml;rdern den Teamgeist<br><br><strong>Tauziehen&nbsp;</strong>- nur wer gemeinsam am Strick zieht kann hier gewinnen<br><strong>Baumstamm Weitwurf</strong> - die richtige Technik macht die Weite<br><strong>Axt werfen&nbsp;</strong>- als echter Highlander treffen Sie den Stamm sicher in der Mitte<br><strong>Balkenpolka&nbsp;</strong>- hier wird das Gleichgewicht gefordert<br><strong>Baumstamm Parcour</strong> - im Gleichschritt wertvolle Punkte holen<br><strong>wenn H&uuml;hner fliegen lernen&nbsp;</strong>- ist der Schotte am Rotieren...<br><strong>Hammerwurf</strong>&nbsp;- nicht Kraft sondern Geschicklichkeit bring hier die Punkte<br><strong>Strohsack-Weitwurf&nbsp;</strong>- mit dem richtigen Schwung gibt ordentlich was aufs Punktekonto<br><strong>Clan-Rapp</strong> - welcher Clan komponiert die beste Erkennungsmelodie</p><p>Schafft es Ihr Team bis ins Finale und kann mit dem SchottenRapp nochmals richtig Gas geben und und holt sich so den begehrten Sieg? Dieser Teamevent trainiert die Lachmuskel, befl&uuml;gelt den Geist und wird Ihren G&auml;sten mit Sicherheit noch lange in Erinnerung bleiben</p><p><strong>Event-Ort:</strong> in der ganzen Ostschweiz m&ouml;glich</p><p><strong>unsere Empfehlung:</strong> Alp Habergschw&auml;nd auf dem Kerenzerberg hoch &uuml;ber dem Walensee</p>", "url": "https://www.rafters.ch/ausflugsideen/ostschweiz/highlandgames/index.html", "image": "https://sgbtpimtsoch.sos-ch-dk-2.exoscale-cdn.com/catalog/1/8/d/7/18d7e7ad9ba3bbf57b8a4a1bfee97dec77013b3d_Firmenausflug_Ideen.jpg", "openstreetmap_id": "Highland Games lustiger Gruppenausflug mit Action und Spass"}, "geometry": {"type": "Point", "coordinates": ["9.124660491943361", "47.10397047446817"]}}, {"type": "Feature", "properties": {"identifier": "6b97bc30-9045-4644-a2d6-260e59e8cf60", "name": "Schweizerische S\u00fcdostbahn AG", "description": "<p>In modernen Z&uuml;gen transportiert die SOB j&auml;hrlich &uuml;ber 32 Millionen Fahrg&auml;ste (Pendlerinnen und Pendler und Freizeitreisende) und unterh&auml;lt ein eigenes 111 Kilometer langes Schienennetz mit zahlreichen Kunstbauten (19 Tunnels und 192 Br&uuml;cken, darunter der Sitterviadukt, die mit 99 Metern h&ouml;chste Eisenbahnbr&uuml;cke der Schweiz). Die einzigartige und farbintensive Schweizer Landschaft mit ihren Bergen, T&auml;lern und Seen, die langsam am Fenster der SOB-Z&uuml;ge vorbeizieht, beeindruckt und fasziniert Touristen und auch Einheimische. Die sch&ouml;nsten Ausflugsziele entlang der SOB-Bahnlinie eignen sich gut f&uuml;r einen Tagesausflug oder Zwischenhalt. Entdecken Sie den Voralpen-Express, Treno Gottardo, Aare Linth oder Alpenrhein-Express.</p>", "url": "http://www.sob.ch/", "image": "https://sgbtpimtsoch.sos-ch-dk-2.exoscale-cdn.com/catalog/7/7/6/d/776d2c2ac89a49af7d380bf91c01beb35c567538_55352503806_42c2975d79_o.jpg", "openstreetmap_id": "way/117850188"}, "geometry": {"type": "Point", "coordinates": ["9.3711002", "47.4229252"]}}, {"type": "Feature", "properties": {"identifier": "6bb6dbf3-673e-43ad-ac94-10881ad55812", "name": "Restaurant Alpegl\u00f6ggli", "description": "Im historischen Geb\u00e4ude von 1888 gelegen, bietet das Restaurant Alpegl\u00f6ggli in der St. Galler Altstadt regionale, saisonale K\u00fcche und herzliche Gastfreundschaft \u2013 perfekt als kulinarischer Teil des Stadterlebnisses.", "url": "https://alpegloeggli.ch/", "image": "https://sgbtpimtsoch.sos-ch-dk-2.exoscale-cdn.com/catalog/6/3/e/6/63e6190fbadbfc034d39defd54cc82dfd2214c57_IMG_2125__2.jpeg", "openstreetmap_id": "node/4092527005"}, "geometry": {"type": "Point", "coordinates": ["9.3762588", "47.4241353"]}}, {"type": "Feature", "properties": {"identifier": "6bc6ee67-6136-41e8-87ad-e05589f31e26", "name": "Metzgerei Betschart", "description": "<p>In den beiden Metzgereien in Eschenbach und Schmerikon wird ein vielf\u00e4ltiges Angebot an Fleisch- und Wurstwaren, Fisch, K\u00e4sespezialit\u00e4ten und Delikatessen geboten. </p><p>Mal ganz allt\u00e4glich, mal aussergew\u00f6hnlich und meist aus der Region. Immer frisch und von bester Qualit\u00e4t. </p><p><span style=\"font-weight: bold;\">Angebot:</span></p><ul><li>Fleisch, Fleischwaren, grosses Grill-Angebot</li><li>Spezialit\u00e4ten: Aubrigschinken, Ch\u00e4misalami, Chorizo, Schmerispeck, D\u00fcrrw\u00e4ldler</li><li>Catering f\u00fcr Ap\u00e9ro und Partyservice</li><li>K\u00e4se, Wein, Geschenkartikel</li><li>In Eschenbach t\u00e4glich zwei Mittagsmen\u00fcs zum mitnehmen<br></li></ul>", "url": "https://www.metzgerei-betschart.com/de/", "image": "https://sgbtpimtsoch.sos-ch-dk-2.exoscale-cdn.com/catalog/2/2/8/7/22870cb1cfad08676ace18e17249f20e8be011d8_Betschart_Team.jpg", "openstreetmap_id": "node/2900941134"}, "geometry": {"type": "Point", "coordinates": ["8.9237103", "47.2409224"]}}, {"type": "Feature", "properties": {"identifier": "6bf28206-9e8f-482a-a4b7-d7625c2b02a1", "name": "Wettschiessen - die Idee f\u00fcr Ihren Firmenausflug", "description": "<div class=\"paragraph\"><p>Wer hat nicht als Kind davon getr&auml;umt, ein echter Robin Hood zu sein? Jetzt ist die Zeit gekommen, diese Tr&auml;ume wahr werden zu lassen! Wir laden Sie zu einem geselligen Schiesswettkampf ein, bei dem nicht nur treffsichere Helden gesucht werden, sondern auch der Spa&szlig; und die Gemeinschaft im Mittelpunkt stehen.<br><br><strong>Der perfekte Mix aus Wettbewerb und Nostalgie</strong><br>Erinnern Sie sich noch an die Abenteuer, bei denen Pfeil und Bogen eine grosse Rolle spielten? Bei uns k&ouml;nnen Sie diese Kindheitstr&auml;ume wieder aufleben lassen &ndash; nur diesmal mit echten Herausforderungen. Unsere Schiessanlagen sind bereit, Sie in verschiedenen Disziplinen herauszufordern:<br><br><strong>Pfeil und Bogen:</strong>&nbsp;Finden Sie Ihre innere Ruhe und treffen Sie ins Schwarze!<br><strong>Armbrust:&nbsp;</strong>Pr&auml;zision und Power &ndash; der Klassiker f&uuml;r jeden Zielsportfan.<br><strong>Blasrohr:</strong> Wer h&auml;tte gedacht, dass dieser uralte Sport so viel Spass machen kann?<br><strong>Steinschleuder:</strong>&nbsp;Wie fr&uuml;her auf dem Schulhof, nur mit professionellem Zieltraining.<br><strong>B&uuml;chsenwerfen:&nbsp;</strong>Treffgenauigkeit trifft auf ein bisschen Chaos &ndash; immer ein Highlight!<br><strong>Axtzielwurf:&nbsp;</strong>F&uuml;r die wahren Abenteurer &ndash; werfen Sie sich mitten ins Geschehen.<br><br>Wer denkt, dass dies nur etwas f&uuml;r die Jungs ist, wird &uuml;berrascht sein. Unsere Erfahrung zeigt: Die Damen trumpfen oft mit einer ruhigen Hand und messerscharfer Pr&auml;zision auf. So manche Siegesserie wurde von einer Robin-Hood-Dame durchbrochen &ndash; mit Stil!<br><br><strong>Gemeinsam unvergessliche Momente erleben</strong><br>Das Beste an diesem Wettkampf? Es geht nicht nur um den Titel &bdquo;Bester Robin Hood&ldquo;, sondern auch um das Miteinander. Fachkundige Betreuung, lockere Stimmung und jede Menge Gelegenheiten zum Lachen sorgen daf&uuml;r, dass alle auf ihre Kosten kommen &ndash; egal ob Scharfsch&uuml;tze, Neuling oder einfach nur neugierig.</p></div>", "url": "https://www.rafters.ch/teamevents/vereinsausflug/index.html", "image": "https://sgbtpimtsoch.sos-ch-dk-2.exoscale-cdn.com/catalog/0/a/8/b/0a8b75f05aefee9900983ec5aaf2dace1e0d5e6f_Bogenschiessen_Teamevent.jpg", "openstreetmap_id": "node/9041170563"}, "geometry": {"type": "Point", "coordinates": ["9.124596118927004", "47.10400958858034"]}}, {"type": "Feature", "properties": {"identifier": "6c257fff-284d-4e12-871c-4df7c8511c60", "name": "Schlossgut Gr\u00fcnenstein", "description": "Es ist der Rebberg mit seiner G\u00fcte, welcher die M\u00f6glichkeiten vorgibt. Jedes Werk braucht aber einen Meister \u2013 so sind die Weine vom Schlossgut Gr\u00fcnenstein ein Ausdruck von Pers\u00f6nlichkeit und Leidenschaft. \n\nDass aussergew\u00f6hnliche Architektur und Wein zusammengeh\u00f6ren, kann auf dem Schlossgut Gr\u00fcnenstein erlebt werden. Der neu ausgebaute Torkel und das Schloss untermalen die Kulisse f\u00fcr ein Erlebnis der anderen Art. Im Torkel werden die Weine von Schloss Gr\u00fcnenstein gekeltert und im uralten Burgunderkellergew\u00f6lbe ausgebaut. Auf Anfrage k\u00f6nnen im Torkel Degustationen und Anl\u00e4sse wie Hochzeiten, Geburtstage oder Firmenanl\u00e4sse durchgef\u00fchrt werden.", "url": "https://www.gruenenstein.ch/", "image": "https://sgbtpimtsoch.sos-ch-dk-2.exoscale-cdn.com/catalog/0/3/3/2/0332c211cd83849cc6b5bc81a2b7b3014d3ef794_Schlossgut_Gruenenstein_Schlosstorkel.jpg", "openstreetmap_id": "way/39859117"}, "geometry": {"type": "Point", "coordinates": ["9.598696159423678", "47.40572958456"]}}, {"type": "Feature", "properties": {"identifier": "6c304c2f-8ca3-47ff-9077-415ce0d5fd9f", "name": "Speiserestaurant Adler", "description": "<p>Saisonal, regional, exotisch, einfach &amp; exquisit. Jeder Gast ist bei uns willkommen - Von der Jeanshose bis zur Krawatte...</p><p>Kapazit&auml;ten:</p><p>Wintergarten bis 100 Personen</p><p>Restaurant bis 60 Personen&nbsp;</p><p>Burgst&uuml;bli bis 30 Personen&nbsp;</p><p>Garten bis 200 Personen&nbsp;</p><p>Partyservice offen&nbsp;</p>", "url": "https://adler-oberriet.ch", "image": "https://sgbtpimtsoch.sos-ch-dk-2.exoscale-cdn.com/catalog/8/3/a/6/83a6b1b1571757ca9622475e1788f63134cb0a9f_IMG_2759.jpeg", "openstreetmap_id": "node/5146039644"}, "geometry": {"type": "Point", "coordinates": ["9.563205", "47.3169225"]}}, {"type": "Feature", "properties": {"identifier": "6c64002c-6e0b-4240-a0c0-281fca5079c8", "name": "Hotel Heiden", "description": "<p>Das Hotel Heiden begeistert mit seiner einzigartigen Lage hoch &uuml;ber dem Bodensee und verbindet auf harmonische Weise Tradition mit zeitgemaessem Komfort. Die 58 Zimmer und Junior-Suiten &ndash; viele mit Balkon und atemberaubender Seesicht &ndash; bieten mit Boxspringbetten und barrierefreien Regenduschen hoechsten Komfort. Liebevolle Details, inspiriert von der reichen Textilgeschichte der Region, verleihen den R&auml;umen besonderen Charme.</p>\n<p>Kulinarisch verw&ouml;hnt das Restaurant Acht mit saisonalen Koestlichkeiten und Appenzeller Klassikern aus besten regionalen Zutaten. An sonnigen Tagen l&auml;dt das Gartenrestaurant mit Lounge zum Geniessen mit Panoramablick ein.</p>\n<p>In der 1000 m&sup2; grossen Wellnesslandschaft finden Gaeste Ruhe und Erholung &ndash; vom Panorama-Schwimmbad ueber Aussen-Whirlpool bis zum vielfaeltigen Saunabereich. Massagen und Anwendungen schenken neue Energie und inneres Gleichgewicht.</p>\n<p>Auch fuer Seminare bietet das Hotel Heiden mit lichtdurchfluteten, top ausgestatteten Raeumen den perfekten Raum f&uuml;r kreative Ideen und nachhaltigen Erfolg.</p>", "url": "http://www.hotelheiden.ch/", "image": "https://sgbtpimtsoch.sos-ch-dk-2.exoscale-cdn.com/catalog/0/a/a/0/0aa0e4b113032b6c9abf5941a23d32e31005bd8f_HotelHeiden_byIlonaZuest_high_040.jpg", "openstreetmap_id": "way/199504882"}, "geometry": {"type": "Point", "coordinates": ["9.533705", "47.445726"]}}, {"type": "Feature", "properties": {"identifier": "6dd2e64a-a07a-4ee8-9128-e2d865bb70c7", "name": "Offene Weinkeller 2025", "description": "<p>Entdecken Sie die beeindruckende Vielfalt des Weinkantons St. Gallen an einem einzigartigen Ort: dem stilvollen \u00abHaus des Weins\u00bb in Berneck.<br style=\"line-height: 1rem; height: 1rem;\"><br style=\"line-height: 1rem; height: 1rem;\">Am Donnerstag, den 1. Mai 2025, sowie am Wochenende, den 3. und 4. Mai, laden wir Sie herzlich zu den \u00abOffenen Weinkellern 2025\u00bb ein.<br style=\"line-height: 1rem; height: 1rem;\">Erleben Sie eine exquisite Auswahl an St. Galler Weinen, die zur Degustation und zum Kauf bereitstehen. Lassen Sie sich von einer F\u00fchrung durch den Sortengarten und das Haus des Weins mit einem spannenden Sensorik-Parcours begeistern, der Ihre Sinne auf eine besondere Art und Weise anregt.<br style=\"line-height: 1rem; height: 1rem;\">Unsere Gastgeber:Innen freuen sich darauf, Ihnen ein feines, regionales kulinarisches Angebot zu pr\u00e4sentieren, welches ihre Geschmacksknospen verw\u00f6hnt. Auch f\u00fcr etwas S\u00fcsses zum Kaffee ist selbstverst\u00e4ndlich gesorgt. Am Samstag, den 3. Mai 2025, erwartet Sie zudem nachmittags musikalische Unterhaltung.<br style=\"line-height: 1rem; height: 1rem;\">Seien Sie dabei - wir freuen uns auf Ihren Besuch!</p>", "url": "https://hausdesweins-sg.ch/veranstaltungskalender/", "image": "https://sgbtpimtsoch.sos-ch-dk-2.exoscale-cdn.com/catalog/4/5/e/5/45e592212871b5d4b3c34f592c0ef30a2b3e4714_medium__RheinWelten_Haus_des_Weins_5.jpg"}, "geometry": {"type": "Point", "coordinates": ["9.6090914", "47.4256158"]}}, {"type": "Feature", "properties": {"identifier": "6e103d2a-5d54-4d19-85be-3e80086b9574", "name": "Restaurant 3 Linden (Dreilinden)", "description": "Im 3 Linden wird Schweizer K\u00fcche mit mediterranen Einfl\u00fcssen angeboten. Vielf\u00e4ltig mit Fleisch-, Fisch-, vegetarischen und veganen Gerichten. Die Gastgeber setzen auf auserlesene, frische Zutaten, saisonal und wenn immer m\u00f6glich regional.\n\nDer Ausblick vom Restaurant 3 Linden ist atemberaubend: Hoch \u00fcber St. Gallen schweift der Blick \u00fcber die malerische Altstadt und die sanften H\u00fcgel der Umgebung \u2013 ein Panorama wie ein Gem\u00e4lde.\n\nDas Ambiente l\u00e4dt mit  zum Verweilen ein. Ein Ort, der Genuss und Geborgenheit vereint.", "url": "https://www.3linden.ch", "image": "https://sgbtpimtsoch.sos-ch-dk-2.exoscale-cdn.com/catalog/4/1/7/a/417a262eddfcd1020e9d565457c2888bcc4eb505_DSCF1233.jpg", "openstreetmap_id": "way/125682188"}, "geometry": {"type": "Point", "coordinates": ["9.389717103032659", "47.422942899999995"]}}, {"type": "Feature", "properties": {"identifier": "6ef26262-0aea-4b3f-b5fc-e2737d0efc8c", "name": "Geoweg Chr\u00fczegg", "description": "<p>Der Geoweg zeigt auf anschauliche Weise wie die Landschaft im Gebiet Chr&uuml;zegg und Umgebung entstanden ist. Die insgesamt 50 Hinweistafeln erm&ouml;glichen interessierten Wanderern einen umfassenden Einblick in die Entstehung unserer Landschaft.</p><p>Vergletscherungen, &Uuml;berschwemmungen, Bergst&uuml;rze, ja sogar Vulkanausbr&uuml;che aus der Auvergne (Frankreich) haben Spuren in unserem Boden hinterlassen. Die vielen Hinweise auf die erdgeschichtliche Entwicklung bringen uns zum Staunen und zum Nachdenken. Sie helfen aber vor allem, die dynamische Landschaftsver&auml;nderung und deren Auswirkung auf Flora, Fauna und den Menschen zu verstehen.</p><p>Die Tafeln sind nicht mehr alle in einem sehr guten Zustand und werden laufend &uuml;berpr&uuml;ft.</p><p>Wird eine fachkundige Begleitung f&uuml;r diesen landschaftlich wertvollen Erlebnispfad gew&uuml;nscht, dann begleitet Monika Kriemler sehr gerne und steht f&uuml;r Fragen zur Verf&uuml;gung.</p><p><span style=\"font-weight: bold;\">Preise / Inbegriffene Leistungen:</span></p><ul><li>Geologische F&uuml;hrung auf dem Geoweg, mit Erkl&auml;rungen zur Entstehung der Landschaft und zur Bedeutung der Linthebene als Lebens- und Naturraum</li><li>Alpenfaltung, Molasse, Eiszeiten</li><li>Steine als Rohstoff</li><li>Industrialisierung, Linthkorrektur, Besiedlungsgeschichte</li><li>Klimageschichte, Bergsturz Atzm&auml;nnig 1816</li></ul><p><br><span style=\"font-weight: bold;\">Grosser Rundweg:<br></span>Wanderung Atzm&auml;nnig Bergstation-Chr&uuml;zegg-Atzm&auml;nnig Talstation Zeitbedarf inkl. Pausen: ca. 6 Stunden<br>Kosten: CHF 400.-/pro Gruppe exkl. Sesselbahn</p><p><span style=\"font-weight: bold;\">Kleiner Rundweg:</span><br>Wanderung Atzm&auml;nnig Bergstation zur&uuml;ck zur Talstation<br>Zeitbedarf inkl. Pausen: ca. 3 Stunden<br>Kosten: CHF 250.-/pro Gruppe exkl. Sesselbahn</p><p><span style=\"font-weight: bold;\">Sesselbahn:<br></span>Einzelpreise: Erwachsene Bergfahrt CHF 9.50, Kinder 6-16 Jahre CHF 6.00<br>Gruppenpreise ab 15 Personen: Bergfahrt CHF 7.50, Kinder CHF 5.00</p><p><span style=\"font-weight: bold;\">Tipps und Hinweise:</span></p><ul><li>Verpflegungsm&ouml;glichkeiten - Bergrestaurant Chr&uuml;zegg oder Alprestaurant Altschwand</li><li>Alternativen - Ausgangs- bzw. Endpunkt der F&uuml;hrung ab Libingen, Krinau oder Wattwil</li><li>Kombinieren Sie den Geoweg mit weiteren Attraktivit&auml;ten im Atzm&auml;nnig oder Goldingertal</li></ul><p><br><span style=\"font-weight: bold;\">Durchf&uuml;hrung und Gruppengr&ouml;sse:<br></span>auf Anfrage mit Anmeldung<br>Ideal bis 15 Personen<br>&gt; 15 Personen, zwei Begleitpersonen, Preis nach Absprache</p><p class=\"MsoNormal\">Anreise mit den &ouml;ffentlichen Verkehrsmitteln:<br>Bus 630 von Eschenbach (Dorftreff) nach Hintergoldingen (Atzm&auml;nnig Schutt)</p>", "image": "https://sgbtpimtsoch.sos-ch-dk-2.exoscale-cdn.com/catalog/a/b/c/e/abcee4cf569b6550617ad71bd516cf7bbfc40f26_Tafel_A_Detail.jpg", "openstreetmap_id": "node/726611392"}, "geometry": {"type": "Point", "coordinates": ["9.010870456695558", "47.27924662684945"]}}, {"type": "Feature", "properties": {"identifier": "6f4f7ade-46d2-4910-b607-2a7cb7a441f2", "name": "Fondue Beizli \"Neueck\"", "description": "<p>Das gem&uuml;tliche Fondue Beizli liegt mitten in der St. Galler Altstadt und ist ideal f&uuml;r entspannte Abende mit Freunden oder Gruppen. Die zentrale Lage in der Br&uuml;hlgasse macht es zu perfekten Ausgangspunkt f&uuml;r einen Stadtbummel oder einen Besuch in den nahegelegenen Museen und Boutiquen. Die traditionelle Atmosph&auml;re und die Auswahl an Schweizer Spezialit&auml;ten sorgen f&uuml;r ein authentisches St. Galler Erlebnis.</p><p><strong>Schweizer Spezialit&auml;ten</strong></p><ul><li>K&auml;sefondue</li><li>Fleischfondue</li><li>St.Galler Bratwurst mit R&ouml;sti</li><li>Cordon Bleu</li><li>hausgemachte Sp&auml;tzli</li><li>Mittagsmen&uuml;</li><li>Gruppenangebote</li></ul>", "url": "http://www.fonduebeizli.ch/", "image": "https://sgbtpimtsoch.sos-ch-dk-2.exoscale-cdn.com/catalog/1/8/1/7/18176cdd4f2f4726ca8d88cc5ba31bc82db1c316_WhatsApp_Image_2026_08_11_at_12.38.47__1_.jpeg", "openstreetmap_id": "node/445068515"}, "geometry": {"type": "Point", "coordinates": ["9.3781219", "47.4253443"]}}, {"type": "Feature", "properties": {"identifier": "70163a08-6f66-424f-ada4-1903b5e6669e", "name": "Renato Kaiser", "description": "<p>Renato Kaiser hat einen feinen Sinn f\u00fcr Komik, Sprache und Timing. Er balanciert zwischen Vernunft und Wahnsinn, zwischen Vordergrund und Hintersinn, zwischen Ernst und Witz, ohne dabei je den Halt oder die Haltung zu verlieren. Mit einer Mischung aus Satire, Spoken Word und Comedy trifft er ins Hirn, ins Herz und vor allem ins Zwerchfell.<br></p>", "image": "https://sgbtpimtsoch.sos-ch-dk-2.exoscale-cdn.com/catalog/c/0/a/9/c0a9f13947812ae4a2898cbedc08090332c8a193_renato_kaiser.jpg", "openstreetmap_id": "way/302779335"}, "geometry": {"type": "Point", "coordinates": ["9.462190311306006", "47.40698625"]}}, {"type": "Feature", "properties": {"identifier": "70a4d632-c837-40d8-b433-18d98421fa43", "name": "Theater Trouvaille", "description": "<p data-path-to-node=\"6\">Wenn du das Besondere suchst, musst du manchmal etwas genauer hinschauen. Das <strong data-path-to-node=\"6\" data-index-in-node=\"78\">Theater Trouvaille</strong> in St. Gallen ist genau so eine Entdeckung. 1997 von Arnim Halter und Regine Weingart als &laquo;Parfin de Si&egrave;cle&raquo; ins Leben gerufen, steht das Haus seit &uuml;ber 25 Jahren f&uuml;r tiefgr&uuml;ndige Inszenierungen, die dich in den Bann ziehen.</p><p data-path-to-node=\"7\">Seit der Schauspieler Matthias Fl&uuml;ckiger das Ruder &uuml;bernommen hat, weht ein frischer Wind durch die R&auml;ume. Mit dem Namenswechsel im Jahr 2022 zu &laquo;Trouvaille&raquo; &ndash; franz&ouml;sisch f&uuml;r einen gl&uuml;cklichen Fund oder eine wertvolle Entdeckung &ndash; wurde ein neues Kapitel aufgeschlagen. Das Theater hat sich von der reinen Fixierung auf die Jahrhundertwende gel&ouml;st und &ouml;ffnet sich neuen, vielschichtigen Stoffen, ohne seinen pers&ouml;nlichen und exklusiven Charakter zu verlieren.</p><p data-path-to-node=\"7\">Ein bedeutsamer Ort f&uuml;r die Theater- und Kulturszene in St.Gallen - mit Theaterst&uuml;cken, Lesungen und Musikprogrammen.</p>", "url": "https://theater-trouvaille.ch/", "image": "https://sgbtpimtsoch.sos-ch-dk-2.exoscale-cdn.com/catalog/e/7/1/3/e71325868b76cd3fe66f2095bf939b61f0c55e1a_DSC04912_fertiges_Bild.png", "openstreetmap_id": "node/5305284127"}, "geometry": {"type": "Point", "coordinates": ["9.377237000000036", "47.42173460000001"]}}, {"type": "Feature", "properties": {"identifier": "70feb490-dd63-4cf8-a868-1540d11ae717", "name": "Restaurant Atticum", "description": "<p class=\"p1\">Das Atticum Rooftop ist kein gew&ouml;hnliches Restaurant. Hoch &uuml;ber den D&auml;chern von T&uuml;bach verbindet der besondere Treffpunkt moderne K&uuml;che, urbanes Ambiente und eine grossz&uuml;gige Terrasse mit Blick &uuml;ber die Region bis zum Bodensee.</p><p class=\"p1\">Auf den Tisch kommen saisonale Gerichte, moderne Klassiker und &uuml;berraschende Kreationen. Kreative Drinks, ausgew&auml;hlte Weine und hausgemachte Desserts runden das kulinarische Erlebnis ab. Am Sonntag wird das Rooftop beim beliebten Brunch zum entspannten Treffpunkt f&uuml;r Geniesserinnen und Geniesser.</p><p class=\"p1\">Ob Lunch mit Aussicht, Dinner im Abendlicht, ein Drink auf der Terrasse oder eine Feier mit besonderem Rahmen: Das Atticum schafft Momente, die in Erinnerung bleiben. Die stilvollen und flexibel nutzbaren R&auml;umlichkeiten bieten zudem die passende Kulisse f&uuml;r Hochzeiten, Geburtstage, Firmenanl&auml;sse und individuelle Events.</p><p class=\"p1\">Zwischen St.Gallen und dem Bodensee gelegen, ist das Atticum Rooftop der perfekte Zwischenstopp f&uuml;r alle, die Genuss lieber mit Aussicht erleben.</p>", "url": "https://www.atticum.ch", "image": "https://sgbtpimtsoch.sos-ch-dk-2.exoscale-cdn.com/catalog/8/a/e/2/8ae20c794cb5aad97509f1e3d478b8537b0f8f02_19_140___Florian_Studer_Innenarchitektur___Atticum_T__bach__15.jpg", "openstreetmap_id": "way/151948247"}, "geometry": {"type": "Point", "coordinates": ["9.4490363", "47.4880269"]}}, {"type": "Feature", "properties": {"identifier": "72020c1d-bc4c-479f-9801-58bf204c1213", "name": "Textilland-Genuss-Men\u00fc", "description": "<p class=\"MsoNormal\">In einem historischen Stadtschloss im Klosterbezirk St.Gallen erleben Gruppen einen sinnlichen Abend: serviert werden traditionelle Spezialit&auml;ten wie blaue St.Galler Kartoffeln oder Ribelmais, liebevoll zubereitet mit Zutaten aus der Region. Eine Person aus dem Schl&ouml;ssli-Team f&uuml;hrt durch den Abend &ndash; unterhaltsam, kenntnisreich und anschaulich. Die stilvoll eingerichtete Gaststube, ausgezeichnet mit 14 GaultMillau-Punkten, bietet das perfekte Ambiente f&uuml;r kulinarischen Tiefgang mit kultureller Note.</p>", "url": "http://www.schloessli-sg.ch/", "image": "https://sgbtpimtsoch.sos-ch-dk-2.exoscale-cdn.com/catalog/c/5/f/3/c5f38dc7c6bd5fd13e30f8baccd30833e917f0a3_IMG20220512200940_bearbeitet.jpg", "openstreetmap_id": "node/5960912204"}, "geometry": {"type": "Point", "coordinates": ["9.379040", "47.424305"]}}, {"type": "Feature", "properties": {"identifier": "722841c2-88c2-451d-b32e-7feff9b7a1c3", "name": "Wandern im Atzm\u00e4nnig - Route 7", "description": "<p>Diese einfache Wanderung startet bei der Talstation Atzm&auml;nnig, von der aus mit der Sesselbahn (&Ouml;ffnungszeiten beachten) die H&ouml;henmeter &uuml;berwunden werden k&ouml;nnen. Von der Sesselbahn-Bergstation nach Untere Atzm&auml;nnig (Wegweiser), dann links nach St&uuml;ssel &ndash; Obere Schwendi &ndash; Marchbu &ndash; Freudental &ndash; Rinderweid &ndash; Untere Schwendi und zur Talstation Schutt.</p><p>Wanderzeit: ca. 2 Std.</p><p>Oder weiter &uuml;ber St&uuml;ssel &ndash; K&ouml;belberg (auf 1087m) nach Goldingen oder nach R&uuml;eterswil/St.Gallenkappel.</p><p>Anreise mit den &ouml;ffentlichen Verkehrsmitteln:<br>Bus 630 von Eschenbach (Dorftreff) nach Hintergoldingen (Atzm&auml;nnig Schutt)</p>", "url": "https://www.atzmaennig.ch/", "image": "https://sgbtpimtsoch.sos-ch-dk-2.exoscale-cdn.com/catalog/0/a/c/8/0ac8961a6919a6d79041eca9163f0aa3c7a7e049_alte_Webseite_Sesselbahn3.jpg", "openstreetmap_id": "way/231502473"}, "geometry": {"type": "Point", "coordinates": ["8.995780348777773", "47.28478957831892"]}}, {"type": "Feature", "properties": {"identifier": "7239a1dc-0658-4320-be22-990fa09741b2", "name": "Genuss-Erlebnis Bier und K\u00e4se", "description": "<p>Erfahrene Bier- und K&auml;se-Sommeliers f&uuml;hren dich durch die Welt der Sch&uuml;tzengarten Biere, erkl&auml;ren die Geschichte der &auml;ltesten Brauerei der Schweiz sowie die Herstellungsprozesse der verschiedensten Bierstile.&nbsp;</p><p>Im Rahmen der Degustation wirst du rund zehn verschiedene Biere probieren, die mit sorgf&auml;ltig ausgew&auml;hlten K&auml;sesorten kombiniert werden. Die Sommeliers geben wertvolle Tipps, wie die Aromen von Bier und K&auml;se ideal zur Geltung kommen und sich harmonisch erg&auml;nzen.</p><p>Lerne, wie die Biere richtig ausgeschenkt werden, um ihr volles Aroma zu entfalten. Erweitere dein Wissen &uuml;ber die Kunst der Bier- und K&auml;sekombination und lasse dich von neuen Perspektiven auf diese beiden Genussmittel inspirieren. Ein Event f&uuml;r alle, die sowohl Bier als auch K&auml;se sch&auml;tzen und sich gerne kulinarisch verw&ouml;hnen lassen.&nbsp;</p>", "url": "https://www.schuetzengarten.ch", "image": "https://sgbtpimtsoch.sos-ch-dk-2.exoscale-cdn.com/catalog/a/6/b/0/a6b00ba3427c716ce6ec169aa9c63c96915d3e19_Schuega_27_0032.jpg", "openstreetmap_id": "node/7193106970"}, "geometry": {"type": "Point", "coordinates": ["9.3792971", "47.4299863"]}}, {"type": "Feature", "properties": {"identifier": "723e687a-7f97-48c4-9710-69b137f186a3", "name": "Martha's Stickatelier", "description": "<p>Ob als Geschenk, Mitbringsel oder f\u00fcr sich selbst, Martha kann vieles an Ihrer Maschine besticken. Z. B. T-Shirts, Hemden, Jacken, Baseball-Caps und Handt\u00fccher. </p><p>Auf Wunsch werden eigens f\u00fcr Kunden individuelle Motive hergestellt. Ausserdem bietet Martha auch an Vorlagen wie Zeichnungen in einem Maschinenstickprogramm umzusetzen.&nbsp;</p>", "url": "https://www.marthas-stickatelier.ch/", "image": "https://sgbtpimtsoch.sos-ch-dk-2.exoscale-cdn.com/catalog/b/c/e/a/bcea938fb77aac102e745f2ac129ee2f7d846042_Martha_s_Stickatelier_L__tzli_mit_Storch.jpg", "openstreetmap_id": "way/273788008"}, "geometry": {"type": "Point", "coordinates": ["8.981516361236574", "47.28462225420893"]}}, {"type": "Feature", "properties": {"identifier": "72832dd3-6a59-41be-95b5-9aaa1701d148", "name": "Slipanlage H\u00f6rnlibuck", "description": "Vor oder nach dem Paddeln l\u00e4dt die kostenlose Badeanlage zum Verweilen ein. Die weitl\u00e4ufige Badi verf\u00fcgt \u00fcber Garderoben, Duschen und Toiletten, die gratis zur Verf\u00fcgung stehen. In unmittelbarer N\u00e4he der Einstiegsstelle befindet sich ein Kiosk und lauschige Verweilpl\u00e4tze.\n\nParkpl\u00e4tze befinden sich ebenfalls in unmittelbarer N\u00e4he, wobei diese w\u00e4hrend der Badesaison stark genutzt sind. Es wird empfohlen, mit dem \u00f6ffentlichen Verkehr anzureisen. Der Bahnhof Staad und Hauptbahnhof Rorschach befinden sich wenige Gehminuten von der Einstiegsstelle entfernt.\n\nIm Hafen H\u00f6rnlibuck gibt es zudem die M\u00f6glichkeit, Lagerungsgestelle f\u00fcr Kanus und Stand Up Paddles zu mieten. ", "image": "https://sgbtpimtsoch.sos-ch-dk-2.exoscale-cdn.com/catalog/9/6/6/b/966b904096bfbcf5609d58bcf9d6f8ac2e1f723c_25_Schlipf_H__rnlibuck.png", "openstreetmap_id": "way/127418873"}, "geometry": {"type": "Point", "coordinates": ["9.528142511844637", "47.48073219364529"]}}, {"type": "Feature", "properties": {"identifier": "73028659-01ae-4300-abd6-8135c20cf3e5", "name": "ArboPark: Dein Indoor-Freizeitpark", "description": "Freu dich auf \u00fcber 25 High-End-Attraktionen wie Gokart, DriftPark, Mixed Reality Playground, AR-Darts, die virtuelle Musikshow \u00abThe Voice\u00bb, interaktives Minigolf und einzigartige CUBE Challenges. Und wenn der kleine Hunger kommt, kannst du im hauseigenen Bistro auftanken.\n\n\nOb mit Freunden, der Familie oder den Kollegen \u2013 hier sind Teamwork, Geschick und K\u00f6pfchen gefragt. Und das Beste: Der ArboPark ist \u00fcberdacht, wetterfest und auch abends ge\u00f6ffnet \u2013 perfekt f\u00fcr spontane Tagesausfl\u00fcge und coole Abende voller Action. \n\n\nNur 10 Minuten vom Bahnhof Arbon entfernt und mit \u00fcber 400 Parkpl\u00e4tzen vor der T\u00fcr ist der Weg zu deinem n\u00e4chsten Abenteuer ganz nah. Also, worauf wartest du noch?", "url": "https://arbopark.ch", "image": "https://sgbtpimtsoch.sos-ch-dk-2.exoscale-cdn.com/catalog/1/3/0/0/1300e867b62f8780df688a50d1c0cd87570577cd_IMG_5384_bearb.jpg", "openstreetmap_id": "node/10578653436"}, "geometry": {"type": "Point", "coordinates": ["9.4295678", "47.5069449"]}}, {"type": "Feature", "properties": {"identifier": "73060356-35bf-47d4-a0ce-330aeedecd4a", "name": "Mama Home", "description": "Wundersch\u00f6n eingerichtete Wohnungen (wohnen wie Zuhause) mitten in der Stadt St.Gallen mit Blick auf Kathedrale und Kloster und 5 Minuten zu Fuss in die Innenstadt. Alle Wohnungen verf\u00fcgen \u00fcber eine K\u00fcche mit Backofen, K\u00fchlschrank, Sp\u00fclmaschine, Kaffeemaschine, Wasserkocher, Glaskeramikherd, Gefrierschrank, TV-Flachbildschirm, Wireless LAN, Bad, Wohnzimmer, Schlafzimmer, komplett ausgestattete K\u00fcche. Teilweise mit Parkplatz vor dem Haus. Der Housekeeper wohnt im Haus und k\u00fcmmert sich um den Service f\u00fcr die G\u00e4ste.", "url": "http://www.mama-home.ch", "image": "https://sgbtpimtsoch.sos-ch-dk-2.exoscale-cdn.com/catalog/2/4/2/5/24257432589064c1fc6d1cbc4a0a4f0ec1880194_logo_all_in.jpg", "openstreetmap_id": "way/309646633"}, "geometry": {"type": "Point", "coordinates": ["9.380558", "47.422904"]}}, {"type": "Feature", "properties": {"identifier": "730d86f1-ac7f-4d3e-b91b-5263e20fe93f", "name": "Kinok - Cinema in der Lokremise", "description": "<p>Das Kinok f&ouml;rdert das Verst&auml;ndnis f&uuml;r den Film als Kunstform und pr&auml;sentiert die Vielfalt des Filmschaffens. Alle Formate und Genres kommen zur Auff&uuml;hrung; der Schwerpunkt liegt auf formal und inhaltlich innovativen Werken. Vortr&auml;ge und musikalisch begleitete Vorf&uuml;hrungen bereichern das Programm und sorgen f&uuml;r eine lebendige und anspruchsvolle Filmkultur.</p>", "url": "https://www.kinok.ch/", "image": "https://sgbtpimtsoch.sos-ch-dk-2.exoscale-cdn.com/catalog/a/9/3/c/a93ca4dba462b0aabce20718bf131ffa87af61ab_Kulturzentrum_Lokremise_2021_2.jpg", "openstreetmap_id": "way/25496362"}, "geometry": {"type": "Point", "coordinates": ["9.365801811218263", "47.42172146849956"]}}, {"type": "Feature", "properties": {"identifier": "731f9c00-4f68-4cb1-a228-f2dd4f2457a5", "name": "Couture-Lehratelier", "description": "Kleidung aus edlen Stoffen pr\u00e4zise auf den Leib geschneidert. Minuti\u00f6s verarbeitete Einzelst\u00fccke, die so individuell sind wie ihre Tr\u00e4gerin. Schweizer Handwerk auf h\u00f6chstem Niveau, dessen Qualit\u00e4t so manche Luxusmarke in den Schatten stellt. Ein unerreichbarer Traum? Nein, dies ist die tag-t\u00e4glich gelebte Realit\u00e4t im Couture-Lehratelier des GBS St. Gallen!\n\nAm Ende des Fertigungsprozesses steht bei uns nicht irgendein St\u00fcck zusammengen\u00e4hter Stoff, sondern \u2013 textile Kultur, die wir be-leben und weiter vermitteln!", "url": "https://www.gbssg.ch/gestaltung/berufliche-grundbildung/bekleidungsgestalterin-efz-im-couture-lehratelier.html", "image": "https://sgbtpimtsoch.sos-ch-dk-2.exoscale-cdn.com/catalog/c/9/4/0/c9400dd6c0a92c3778a207fdc5ea2ef14eab17c9_FB_Post_N__hworkshop2.jpg", "openstreetmap_id": "way/404547815"}, "geometry": {"type": "Point", "coordinates": ["9.3776229", "47.4243962"]}}, {"type": "Feature", "properties": {"identifier": "7380a8fe-cb90-4cf5-b04f-4e7f8f7afe40", "name": "Storchenhof Balgach", "description": "Ein Erlebnis- und Erholungsraum f\u00fcr Natur- und Tierfreunde aus Nah und Fern. Neben K\u00fchen, G\u00e4nsen, Hunden, Katzen, Bienen, Zwergziegen und St\u00f6rchen, werden auch Pferde und Ponys gehalten.", "url": "http://www.pony-riding.ch", "image": "https://sgbtpimtsoch.sos-ch-dk-2.exoscale-cdn.com/catalog/f/5/4/8/f548cbd6ac0f4ef4a276932168b78cd28cfca156_storchenhof_1.jpg", "openstreetmap_id": "way/303881098"}, "geometry": {"type": "Point", "coordinates": ["9.614388942718508", "47.37663971975095"]}}, {"type": "Feature", "properties": {"identifier": "7389a411-daa4-449b-8759-541fc888fb70", "name": "Aare Linth", "description": "<p>Der Interregio Aare Linth verbindet die St&auml;dte Bern, Z&uuml;rich und Chur im Stundentakt. Er h&auml;lt in abwechslungsreichen Regionen mit unterschiedlichen Traditionen und geografischen Gegebenheiten. Sie alle bieten spannende Ausflugs- und Entdeckungsm&ouml;glichkeiten. Die Strecke West&ndash;Ost wird damit zur sch&ouml;nsten Verbindung von Stadt, Land und Fluss.</p>", "url": "https://www.aarelinth.ch", "image": "https://sgbtpimtsoch.sos-ch-dk-2.exoscale-cdn.com/catalog/f/4/c/c/f4ccc6c4e737c8ceeff6a009f9d0315af9904b4b_Walensee.png", "openstreetmap_id": "way/117850188"}, "geometry": {"type": "Point", "coordinates": ["9.3712797", "47.4231038"]}}, {"type": "Feature", "properties": {"identifier": "7447cf6a-62b3-4646-9320-0c4e8d25ebf4", "name": "Seerestaurant Buchhorn", "description": "<p>Mit viel Engagement wird das Seerestaurant Buchhorn im Strandbad Arbon betrieben. Neben der Speisekarte sorgen die t&auml;glich wechselnden Mittagsmen&uuml;s f&uuml;r Abwechslung auf dem Esstisch und der vielf&auml;ltigen Auswahl am Buffet kann niemand widerstehen. Zur Spezialit&auml;t des Hauses geh&ouml;ren die feinen Fischknusperli sowie der unverwechselbare Buchhorn-Burger.</p><p>Das Restaurant Buchhorn in Arbon erfrischt auch als vielseitige Anlage f&uuml;r Feste.&nbsp; Neben dem t&auml;glichen Betrieb ist das Seerestaurant Buchhorn auch die perfekte B&uuml;hne f&uuml;r gediegene, festliche Begegnungen jeglicher Art. Es gibt wenige Orte, die sich f&uuml;r ein Fest so ideal eignen wie dieses einzigartige Bijou. Direkt am See gelegen l&auml;sst es sich auf vielf&auml;ltige Weise bespielen.</p><p>Das Seerestaurant Buchhorn ist ein tolles Ausflugsziel und liegt an diversen Velo- und Wanderwegen.</p>", "url": "https://seerestaurant-buchhorn.ch/", "image": "https://sgbtpimtsoch.sos-ch-dk-2.exoscale-cdn.com/catalog/9/4/1/2/94128f14845671169368b4b74c4c164c277c3137__71A5576__2.jpg", "openstreetmap_id": "way/25650032"}, "geometry": {"type": "Point", "coordinates": ["9.4196373", "47.5254529"]}}, {"type": "Feature", "properties": {"identifier": "7451b93b-509b-40aa-af5e-4160286ce20b", "name": "Atzm\u00e4nnig Lodge", "description": "<p>Die Zimmer in der Atzm\u00e4nnig Lodge bestechen durch ihren rustikalen, gem\u00fctlichen und alpin-schicken Stil. S\u00e4mtliche Zimmer sind mit Dusche, WC und vielen Annehmlichkeiten* ausgestattet. Ob f\u00fcr den Individualgast, einen Ausflug zu zweit, eine Hochzeit, Gruppen- oder Firmenausfl\u00fcge, das Familienfest oder Familienurlaub mit Kindern, die Atzm\u00e4nnig Lodge bietet eine grosse Vielfalt an \u00dcbernachtungsm\u00f6glichkeiten.  \n\n*Haartrockner, Frottew\u00e4sche, Minibar, Kleiderschrank mit B\u00fcgel, Shampoo + Seife, Wasserflasche, Wasserkocher, Teebeutel und Kaffeepulver.</p><p>Das Restaurant bietet einen grossen, gem\u00fctlich eingerichteter Selbstbedienungsbereich mit grosser Sonnenterrasse. Der renovierte Saal eignet sich f\u00fcr Teamanl\u00e4sse, Meetings oder Versammlungen.&nbsp;</p>", "url": "https://www.atzmaennig.ch/", "image": "https://sgbtpimtsoch.sos-ch-dk-2.exoscale-cdn.com/catalog/e/e/d/3/eed39a6e58d22f5797eeb1312b8650758e1f4c5e_image00043__2.jpeg", "openstreetmap_id": "way/196376463"}, "geometry": {"type": "Point", "coordinates": ["8.996161222457888", "47.284658637716994"]}}, {"type": "Feature", "properties": {"identifier": "745e1fcd-a43d-43f3-bda0-b9e3ab1a4582", "name": "Spielgruppe Wurzelchind vom Archehof", "description": "<p>....das alles wird in der Spielgruppe auf dem Archehof erlebt. Die Wurzelchind sind ganz vieles, aber allen voran eine Spielgruppe. Hier k&ouml;nnen die Kinder ab 2 Jahren vieles entdecken und erleben.</p>", "url": "https://wurzelchindvomarchehof.ch/", "image": "https://sgbtpimtsoch.sos-ch-dk-2.exoscale-cdn.com/catalog/7/a/4/c/7a4c20957cddbc95deee6ab9601ae126a54e30dd_IMG_20240523_WA0027.jpg", "openstreetmap_id": "node/5503373556"}, "geometry": {"type": "Point", "coordinates": ["8.89548718929291", "47.242669890276396"]}}, {"type": "Feature", "properties": {"identifier": "75312758-b0b8-43c9-839a-bcb4e70985be", "name": "Schweizerische Bodensee-Schifffahrtsgesellschaft AG", "description": "Geniessen Sie die Bodenseeregion auf den F\u00e4hre oder einem der Kursschiffe. Ein Abenteuer, dass sich einfach mit den unz\u00e4hligen Ausflugszielen der Region kombinieren l\u00e4sst. Auch im Bereich Erlebnisfahrten werden \u00fcber 100 Fahrten zu 20 unterschiedlichen Themen angeboten.\nDas Restaurant direkt am Hafen in Romanshorn rundet Ihren Ausflug kulinarisch ab.", "url": "https://bodensee-schiffe.ch/", "image": "https://sgbtpimtsoch.sos-ch-dk-2.exoscale-cdn.com/catalog/0/e/8/c/0e8ce3fdf17b3a30d22dc247773cb768096a594d_sbs_schiff_ms_stgallen.jpg"}, "geometry": {"type": "Point", "coordinates": ["9.3802516", "47.564563"]}}, {"type": "Feature", "properties": {"identifier": "75aa2666-acb3-414a-8f9a-d68ddedcbc05", "name": "Alphorn-Ruedi", "description": "<p>Alphorn-Ruedi spielt mit seinem Alphorn an Festen, Feiern, Geburtstagen, Jubil\u00e4en, Hochzeiten, Gottesdiensten, Abdankungen, Beerdigungen, zum \u00dcberraschen und um Freude zu schenken.</p>", "url": "https://alphorn-ruedi.ch/", "image": "https://sgbtpimtsoch.sos-ch-dk-2.exoscale-cdn.com/catalog/d/8/e/7/d8e7a13bc1f2b1d37e637e90d80f1973ceaeb790_alphorn_trio.jpg", "openstreetmap_id": "node/5700328872"}, "geometry": {"type": "Point", "coordinates": ["9.3516652", "47.4114692"]}}, {"type": "Feature", "properties": {"identifier": "75eea95d-6144-4e3a-b9a6-dc906a1956aa", "name": "Japanische Teezeremonie", "description": "Die G\u00e4ste erleben eine japanische Teezeremonie durchgef\u00fchrt von der zertifizierten Teemeisterin Tomomi Sutter Kimura. Dabei erhalten sie zus\u00e4tzlich Informationen zum Tee (Matcha), zur Geschichte und Philosophie. In der Stille und Harmonie der etwa einst\u00fcndigen Zeremonie finden die G\u00e4ste pure Entspannung. Reservierungen sind f\u00fcr Gruppen von ca. 5 - 9 Personen m\u00f6glich. \n\nDie Teezeremonie findet \u00fcblicherweise im Square an der Universit\u00e4t St. Gallen (HSG) im Teehaus (2. OG) statt. F\u00fcr Events k\u00f6nnen auch individuelle Anpassungen get\u00e4tigt werden. Tomomi Sutter Kimura freut sich auf die Kontaktaufnahme und das Interesse. ", "url": "https://www.japanischeteezeremonie.ch/", "image": "https://sgbtpimtsoch.sos-ch-dk-2.exoscale-cdn.com/catalog/e/9/9/b/e99bba054b0803eb9597f5476bbfdb619b0a0a29_224__2.jpg", "openstreetmap_id": "way/4087314"}, "geometry": {"type": "Point", "coordinates": ["9.374803304672243", "47.433279497653"]}}, {"type": "Feature", "properties": {"identifier": "76a15616-c211-43d4-8da9-9620a4298aaf", "name": "Appenzeller Bahnen", "description": "<p class=\"MsoNormal\"><span style=\"font-size: 12.0pt; mso-fareast-font-family: Aptos; mso-fareast-theme-font: minor-latin; mso-ligatures: standardcontextual; mso-fareast-language: EN-US;\">Am 1. Juni 2006 fusionierten die Trogenerbahn, die Rorschach-Heiden-Bergbahn, die Bergbahn Rheineck-Walzenhausen sowie die ehemaligen Appenzeller Bahnen zur Appenzeller Bahnen AG. Trotz dieses jungen Alters blickt das Unternehmen auf &uuml;ber 150 Jahre Geschichte zur&uuml;ck. Mit dem Beitritt der Frauenfeld-Wil-Bahn im Juni 2021 z&auml;hlen die Appenzeller Bahnen heute zu den vier gr&ouml;ssten Meterspurbahnen der Schweiz. </span></p><p class=\"MsoNormal\"><span style=\"font-size: 12.0pt; font-family: 'Aptos',sans-serif; mso-fareast-font-family: Aptos; mso-fareast-theme-font: minor-latin; mso-bidi-font-family: Aptos; mso-ligatures: standardcontextual; mso-ansi-language: DE-CH; mso-fareast-language: EN-US; mso-bidi-language: AR-SA;\">Ob Genuss, Abenteuer, Bewegung oder Humor entlang des Streckennetztes durch vier Kantone warten vielseitige Erlebnisangebote f&uuml;r Gross und Klein. Entdecken Sie die Region auf spielerische Weise und verbinden Sie Bahnfahren mit unvergesslichen Ausfl&uuml;gen in modernen oder historischen Fahrzeugen.</span></p>", "url": "http://www.appenzellerbahnen.ch/", "image": "https://sgbtpimtsoch.sos-ch-dk-2.exoscale-cdn.com/catalog/a/f/1/4/af14dcb4785e7b747dfec99a52ebe1203323ebde_AB_Walzer_Jakobsbad.jpg", "openstreetmap_id": "way/25347220"}, "geometry": {"type": "Point", "coordinates": ["9.280592683202121", "47.39110693333469"]}}, {"type": "Feature", "properties": {"identifier": "77ff4c05-f012-456d-bdc6-6056ce3594c6", "name": "Restaurant Adler", "description": "<p>Vis-\u00e0-vis vom Migros befindet sich das gem\u00fctliche Restaurant Adler. Hier werden gut b\u00fcrgerliche Speisen, Grilladen und diverse Spezialit\u00e4ten serviert. Ebenfalls bietet das Restaurant ein Take-away Service \u00fcber den Mittag und selbstgemachte Salatsaucen zum kaufen an. </p><p>Wer lieber Abends f\u00fcr einen Jass vorbei kommt, ist ebenfalls sehr willkommen.<br></p>", "url": "https://adler-eschenbach.ch/", "image": "https://sgbtpimtsoch.sos-ch-dk-2.exoscale-cdn.com/catalog/4/9/c/d/49cdb54ba4489112bb1edd58d62cc1ee128fe3da_Adler___40.jpg", "openstreetmap_id": "node/475204306"}, "geometry": {"type": "Point", "coordinates": ["8.9232976", "47.2412135"]}}, {"type": "Feature", "properties": {"identifier": "791dbfb5-d956-4618-9224-983342347404", "name": "Medienraum Talstation Schwebebahn"}}, {"type": "Feature", "properties": {"identifier": "799046d9-8c61-46ee-8d84-4f0e325eb208", "name": "Landi See AG", "description": "<p>Im Landi-Laden Neuhaus findet sich ein vielf\u00e4ltiges, preisg\u00fcnstiges Sortiment f\u00fcr Garten, Haushalt, Handwerk, Tierhalter, Wanderv\u00f6gel und Zweiradfans. </p><p>Das grossz\u00fcgige Gartencenter mit dem breiten und immer frischen und saisongerechten Angebot l\u00e4sst keine W\u00fcnsche offen. </p><p>Ebenfalls bieten wir Leckereien von unseren lokalen Lieferanten an, welche direkt vom Hof in unsere LANDI liefern.<br></p>", "url": "https://landi.swiss/de-CH/cooperative/landi-see", "image": "https://sgbtpimtsoch.sos-ch-dk-2.exoscale-cdn.com/catalog/0/6/9/c/069c9405f9d37ab9d9ba13174d51034b063ef23a_1.jpg", "openstreetmap_id": "way/236092732"}, "geometry": {"type": "Point", "coordinates": ["8.950834892247846", "47.2380184"]}}, {"type": "Feature", "properties": {"identifier": "79db15cb-da93-4f43-99be-f01dcf967426", "name": "A.Vogel Heilpflanzen-Schaugarten und Museum", "description": "<p class=\"MsoNormal\">Alfred Vogel (1902 &ndash; 1996) zog in den 1930er-Jahren nach Teufen im Appenzellerland. Hier lebte der Naturheilkunde-Pionier, schrieb seine erfolgreichen Gesundheitsb&uuml;cher und begann, Arzneimittel aus frischen Pflanzen herzustellen.&nbsp;Heute befinden sich hier auf dem H&auml;tschen der A.Vogel Heilpflanzen-Schaugarten, das A.Vogel Museum, die A. Vogel Drogerie und der Verlag A.Vogel.</p><p class=\"MsoNormal\">&Uuml;ber 120 verschiedene Heilheilpflanzen und Kr&auml;uter wachsen im Heilpflanzen-Schaugarten auf fast 1'000 Metern &uuml;.M. umgeben vom herrlichen Panorama des Alpsteins und eingebettet in die sanften gr&uuml;nen H&uuml;gel des Appenzellerlands.</p><p class=\"MsoNormal\">Ein Besuch bei A.Vogel in Teufen eignet sich ideal als Tagesausflug, Club-Event, Firmen- oder Vereinsanlass und vieles mehr. Lass Dich vom Heilpflanzengarten inspirieren!&nbsp;</p><p class=\"MsoNormal\">Spontanbesucherinnen und -besucher k&ouml;nnen den Heilpflanzen-Schaugarten in Teufen t&auml;glich kostenlos besuchen. Das Museum und die Drogerie sind von Montag bis Freitag ge&ouml;ffnet. Gruppen wird die Reservierung einer F&uuml;hrungen inkl. Museumsrundgang empfohlen.&nbsp;</p><p class=\"MsoNormal\">Der A.Vogel Heilpflanzen-Schaugarten tr&auml;gt seit Juli 2021 die &laquo;Natur-im-Garten&raquo;-Plakette.&nbsp;</p>", "url": "https://www.avogel.ch/de/garten/teufen/", "image": "https://sgbtpimtsoch.sos-ch-dk-2.exoscale-cdn.com/catalog/c/f/7/b/cf7b2daa5abffcaa25c7be3a31704d3d35e02f83_Garten_Teufen.jpg", "openstreetmap_id": "way/317444208"}, "geometry": {"type": "Point", "coordinates": ["9.3894761", "47.3955797"]}}, {"type": "Feature", "properties": {"identifier": "7ad0c18a-3449-41d1-8c9a-fb7eace6ad0b", "name": "Treno Gottardo", "description": "<p>Ab in die Sonnenstube der Schweiz! Als sch&ouml;nste Verbindung zwischen Nord und S&uuml;d f&auml;hrt der Treno Gottardo in Kooperation mit der SBB vom Norden direkt bis nach Locarno im S&uuml;den. Auf der Fahrt &uuml;ber die legend&auml;re Gotthard-Panoramastrecke bietet sich den Fahrg&auml;sten Schweizer Geschichte und atemberaubende Aussichten. Damit wird schon der Weg zum Ziel. Unterwegs gibt es viel zu sehen.</p><p>Sehensw&uuml;rdigkeiten:</p><ul><li>Die internationale Tourismusmetropole Luzern mit zahlreichen Sehensw&uuml;rdigkeiten wie der Kapellbr&uuml;cke oder dem L&ouml;wendenkmal&nbsp;</li><li>Der Vierwaldst&auml;ttersee mit der grossen Dampfschiffflotte&nbsp;</li><li>Der Urner Hauptort Altdorf mit dem weltber&uuml;hmten Telldenkmal&nbsp;</li><li>Die 1882 er&ouml;ffnete Gotthard-Panoramastrecke mit der bekannten Kirche von Wassen, die man aus drei verschiedenen Perspektiven sehen kann&nbsp;</li><li>Die Leventina mit spektakul&auml;ren Ausflugszielen: mit einer der steilsten Standseilbahnen der Welt zum Lago Ritom und zur Strada Alta oder mit der Gondelbahn zum Lago Tremorgio&nbsp;</li><li>Die Burgen von Bellinzona, die seit dem Jahr 2000 zum UNESCO-Weltkulturerbe geh&ouml;ren&nbsp;</li><li>Locarno mit der pulsierenden Piazza Grande, dem Lago Maggiore und der bekannten Wallfahrtskirche Madonna del Sasso</li></ul>", "url": "https://www.trenogottardo.ch", "image": "https://sgbtpimtsoch.sos-ch-dk-2.exoscale-cdn.com/catalog/5/f/8/3/5f83388a1acfdb98366141949a30e86ab1c6e765_2020_09_TG_Zug_bei_Wassen_mit_Kirche_105_8A2A0322_ps.JPG", "openstreetmap_id": "way/117850188"}, "geometry": {"type": "Point", "coordinates": ["9.3712797", "47.4231038"]}}, {"type": "Feature", "properties": {"identifier": "7ae09e3b-e168-4a38-8ee6-e844aa731baf", "name": "Rohners Kafi M\u00fchlegg", "description": "<p>Rohners Kafi M&uuml;hlegg ist der Treffpunkt im Dorf f&uuml;r die Kaffeepause, ein gutb&uuml;rgerliches Mittagessen oder einfach zum gem&uuml;tlichen Beisammensein. An der Verkaufstheke wird Knuspriges aus dem Ofen, Snacks, Salate, Mittagsmen&uuml;s to go, s&uuml;sse Backwaren, Tortenst&uuml;cke und Schokoladenspezialit&auml;ten angeboten. Im stilvollen und gem&uuml;tlichen Restaurant k&ouml;nnen die G&auml;ste K&ouml;stlichkeiten aus K&uuml;che und Backstube geniessen. Die grossz&uuml;gige Sonnenterrasse, mit Blick auf den M&uuml;hleggweiher, l&auml;dt bei sch&ouml;nem Wetter zum Verweilen ein.</p>", "url": "https://rohners-genusswelt.ch", "image": "https://sgbtpimtsoch.sos-ch-dk-2.exoscale-cdn.com/catalog/8/a/1/e/8a1ef594ea99a855459ac94b04f7ee160bafb4fd_6.JPG", "openstreetmap_id": "way/125392585"}, "geometry": {"type": "Point", "coordinates": ["9.3795153", "47.4192483"]}}, {"type": "Feature", "properties": {"identifier": "7b45c791-6656-4353-ae06-70288a4270e4", "name": "Schmuck H\u00fcsli", "description": "<p>F\u00fcr Schmuckliebhaber die nie das passende St\u00fcck finden oder die f\u00fcr sich ein Unikat m\u00f6chten sind bei Regula Kindlimann genau richtig. </p><p>Hier findet jeder garantiert das passende Schmuckst\u00fcck zur Kleidung. Regula hat eine grosse Auswahl an Schmuck zum Verkauf oder es kann gleich vor Ort selbst ein Schmuckst\u00fcck kreiert werden. Jedes einzelne St\u00fcck ist mit viel Liebe und verschiedenen Materialien gemacht. </p><p><span style=\"font-weight: bold;\">Angebot:</span></p><ul><li>Grosse Auswahl an Halsketten, z.T. mit passenden Ohrringen oder Armb\u00e4ndern.</li><li>Modeschmuck selber kreieren - der eigene Hals-, Ohr- oder Armschmuck nach den pers\u00f6nlichen Vorstellungen produzieren. Mit Hilfe von Regula Kindlimann wird das Schmuckhandwerk erlernt. </li><li>Und sonst noch - der Ferienhof Wald bietet Ferien auf dem Bauernhof mit Ferienwohnungen und G\u00e4stezimmer.&nbsp;</li></ul><p><br>Das Schmuck H\u00fcsli befindet sich auf dem Hof, direkt an der Strasse von der H\u00f6henklinik Wald zum Parkplatz Chrinnen (Weg zur Farneralp). Ebenfalls auf dem Chrinnehof findet sich das Hofl\u00e4deli (Hofcheller).<br></p>", "url": "https://www.ferienhof-wald.ch/schmuckhuesli/index.html", "image": "https://sgbtpimtsoch.sos-ch-dk-2.exoscale-cdn.com/catalog/5/7/8/3/578339f4736fd0f0e5042c112f9026b36a0c30c1_Schmuck_H__sli.jpg", "openstreetmap_id": "way/196386618"}, "geometry": {"type": "Point", "coordinates": ["8.947288823683586", "47.280580099999995"]}}, {"type": "Feature", "properties": {"identifier": "7b779cc8-91e6-490e-86d4-faf9622f24fb", "name": "Appenzeller Park - Herisau", "description": "<p class=\"isSelectedEnd\">Der Appenzeller Park in Herisau bietet abwechslungsreiche Indoor-Erlebnisse f&uuml;r Familien, Kinder, Jugendliche und Erwachsene. Der 2&rsquo;300 m&sup2; grosse Indoor-Spielplatz begeistert mit zahlreichen Spielger&auml;ten und vielf&auml;ltigen M&ouml;glichkeiten zum Entdecken, Bewegen und Austoben.</p><p class=\"isSelectedEnd\">Ein besonderes Highlight sind die Erlebnisrutschen, die f&uuml;r Tempo, Spass und den einen oder anderen Adrenalinkick sorgen. Eindrucksvoll ist auch der gigantische, 800 Tonnen schwere Minenbagger, der dem Appenzeller Park eine einzigartige Kulisse verleiht.</p><p class=\"isSelectedEnd\">Im Clip &rsquo;n Climb warten kreative Kletterelemente und abwechslungsreiche Herausforderungen. Das Angebot eignet sich auch f&uuml;r G&auml;ste ohne Vorkenntnisse oder Klettererfahrung und erm&ouml;glicht schnelle Erfolgserlebnisse. Erg&auml;nzt wird es durch eine hochwertige Kletter- und Boulderhalle f&uuml;r unterschiedliche Alters- und Leistungsstufen.</p><p class=\"isSelectedEnd\">Auch beim Komfort setzt der Appenzeller Park besondere Akzente: Schallschutzdecken reduzieren den Ger&auml;uschpegel und schaffen eine angenehme Atmosph&auml;re. Das Free-Cooling-System sorgt selbst an warmen Sommertagen f&uuml;r angenehme Temperaturen und kontinuierlich frische Luft. In den separaten Bistros k&ouml;nnen sich die G&auml;ste mit Snacks, herzhaften Speisen und erfrischenden Getr&auml;nken st&auml;rken und erholen.</p><p class=\"isSelectedEnd\">Der Appenzeller Park eignet sich zudem ideal f&uuml;r Firmenevents, Teamanl&auml;sse und Seminare. Ein gut ausgestatteter Konferenzraum bietet den passenden Rahmen f&uuml;r Sitzungen, Pr&auml;sentationen und Workshops und l&auml;sst sich optimal mit gemeinsamen Aktivit&auml;ten im Park verbinden.</p><p>Ob Sonne, Regen, K&auml;lte oder wechselhaftes Wetter: Der Appenzeller Park ist der ideale Schlechtwetter-Partner f&uuml;r einen aktiven, erlebnisreichen und entspannten Ausflug im Appenzellerland.</p>", "url": "https://appenzellerpark.ch/", "image": "https://sgbtpimtsoch.sos-ch-dk-2.exoscale-cdn.com/catalog/c/2/4/e/c24ea2e8f206bd6c0ea985073610211a040ac531_slider_monkeydong_001.jpg", "openstreetmap_id": "way/844755364"}, "geometry": {"type": "Point", "coordinates": ["9.269369224573303", "47.389611450000004"]}}, {"type": "Feature", "properties": {"identifier": "7c1a4f9a-388f-4191-ad35-91412535ef89", "name": "BALIK Kitchen, Bar & Shop St.Gallen", "description": "<p>BALIK Kitchen im Globus St. Gallen bringt ein St&uuml;ck BALIK Farm in die Stadt. BALIK Lachs, Kaviar, Rindstatar und saisonale Kreationen finden zusammen mit Wein und herzlicher Atmosph&auml;re &ndash; inspiriert von der K&uuml;che, den Menschen und der Geschichte der BALIK Farm.</p>", "url": "https://balik-kitchen.ch/de/standorte/st-gallen", "image": "https://sgbtpimtsoch.sos-ch-dk-2.exoscale-cdn.com/catalog/2/1/0/d/210d4f9de15f6c0c32a4a83f709ba504ad30a375_BK_st_gallen_008_cut_web.jpg", "openstreetmap_id": "node/445348924"}, "geometry": {"type": "Point", "coordinates": ["9.3743431", "47.4239421"]}}, {"type": "Feature", "properties": {"identifier": "7c47cc0c-22c5-4d8f-ba71-2a44d9428016", "name": "Winter mit den Sportbahnen Atzm\u00e4nnig erleben", "description": "<p>Breite Pisten, schwungvolle Abfahrten, Skischule und &Uuml;bungslifte stehen den Besuchern zur Verf&uuml;gung. Wer lieber nicht mit den Ski's unterwegs ist, kann auf der 1.9km langen Schlittelpiste ins Tal sausen.</p><p>Ein Vergn&uuml;gen f&uuml;r die gesamte Familie, ob Profi oder Neuling.</p><p class=\"MsoNormal\">Anreise mit den &ouml;ffentlichen Verkehrsmitteln:<br>Bus 630 von Eschenbach (Dorftreff) nach Hintergoldingen (Atzm&auml;nnig Schutt)</p>", "url": "https://www.atzmaennig.ch/de/winter/", "image": "https://sgbtpimtsoch.sos-ch-dk-2.exoscale-cdn.com/catalog/8/a/6/a/8a6a38d444dd8deb97f7799ea4807648e14e726a_DSCF1849__1_.jpg", "openstreetmap_id": "way/231502473"}, "geometry": {"type": "Point", "coordinates": ["8.99704973589569", "47.28537835"]}}, {"type": "Feature", "properties": {"identifier": "7ce44590-b8fd-401f-a037-2d0182032f96", "name": "B&B Kugelturm in der Markthalle Altenrhein - Hundertwasser Architektur", "description": "In der Markthalle Altenrhein bietet sich die einzigartige Gelegenheit, in einem Haus des \u00f6sterreichischen Architekten Friedensreich Hundertwasser zu \u00fcbernachten.\n\nDie Markthalle liegt am beliebten Bodenseeradweg. Etwa 300 Meter vom See entfernt. In unmittelbarer N\u00e4he befindet sich der Flughafen St. Gallen-Altenrhein und das FFA Flug- und Fahrzeugmuseum. Vom Fenster aus kannst du die Flugzeuge abheben sehen. In Richtung Wien oder sonst wo hin.\n\nDas 2-st\u00f6ckige Appartement bietet viel Platz f\u00fcr 1-2 Erwachsene (keine Kinder). Auch Hunde sind herzlich willkommen. Fahrr\u00e4der k\u00f6nnen untergestellt und E-Bikes aufgeladen werden. Rund ums Haus sind gratis Parkpl\u00e4tze vorhanden.", "url": "https://markthalle-altenrhein.ch/bed-breakfast/", "image": "https://sgbtpimtsoch.sos-ch-dk-2.exoscale-cdn.com/catalog/f/9/5/4/f954d18e49c3b681fae1b53ec1008404cd636492_Markthalle_GW_CMYK__2.jpg", "openstreetmap_id": "way/103450475"}, "geometry": {"type": "Point", "coordinates": ["9.547996106343284", "47.4850552"]}}, {"type": "Feature", "properties": {"identifier": "7e2f778d-e4eb-4e9e-a340-718136da25e3", "name": "kinder.musical.theater Storchen", "description": "Die kinder.musical.theater Storchen GmbH mietet und betreibt das ehemalige Kino Storchen als Kinder- &amp; Musical-Theater. Prim\u00e4r erfolgt die Auslastung des Kindertheaters durch Eigenproduktionen, sekund\u00e4r durch Fremdproduktionen oder spezielle Events.\n\nDie Verantwortlichen der KinderTheater Storchen GmbH verf\u00fcgen \u00fcber 25 Jahre Erfahrung in der professionellen Produktion von Kindertheater und Musicals. Dazu geh\u00f6ren Produktionen wie Pippi Langstrumpf, Pippi im Takatukaland, Pippi ausser Rand und Band, Dschungelbuch, Lion King, Jim Knopf, La cage aux folles, Peter Pan, Frau Holle, Prinzessin auf der Erbse, Cinderella und viele mehr.", "url": "http://www.storchen.theater", "image": "https://sgbtpimtsoch.sos-ch-dk-2.exoscale-cdn.com/catalog/7/3/1/5/7315ef2b548dad32850a9d493d67ee310b253c82_IMG_8477.jpg", "openstreetmap_id": "way/311107326"}, "geometry": {"type": "Point", "coordinates": ["9.3760763", "47.4271362"]}}, {"type": "Feature", "properties": {"identifier": "803ca38f-ba19-48a3-8cab-5d973de6d9e4", "name": "Herzroute - E-Bike Tour", "description": "<p>Eine Herzrouten Etappe f\u00fchrt von Rapperswil \u00fcbers Goldingertal nach Wattwil. Unterwegs bieten Akkuladestationen frische Energie und Verpflegung. </p><p>Nebst der sch\u00f6nen Aussicht die genossen werden kann, wird die Fitness trainiert. Die gesamte Strecke misst 55 km und 850 hm. Das h\u00fcgelige Gel\u00e4nde bietet einem Abwechslung.<br></p>", "image": "https://sgbtpimtsoch.sos-ch-dk-2.exoscale-cdn.com/catalog/7/1/3/d/713dd1be4869bb9290b367f945da9cfe1a2a7add_IMG_5250.JPG", "openstreetmap_id": "node/66579959"}, "geometry": {"type": "Point", "coordinates": ["8.9803078", "47.2829155"]}}, {"type": "Feature", "properties": {"identifier": "80f825df-5e8b-42f6-ab1d-d08e59affb35", "name": "Escape Room", "description": "Wir bieten in insgesamt 7 Escape R\u00e4ume, 4 Outdoor-Spielen und einer Bar alles, was ihr f\u00fcr euren n\u00e4chsten Teamevent braucht. Teambuilding, Spass und f\u00fcrs Zusammensitzen im Anschluss ist mit der internen Bar vorgesorgt.\n\n\nIndoor Escape Game als Teamevent\nIhr Team von 2 bis 7 Teilnehmenden wird tief in eine Geschichte eintauchen. In dieser r\u00e4tselhaften Welt m\u00fcssen Sie Gegenst\u00e4nde und Hinweise finden und miteinander kombinieren. Ihr Ziel: die R\u00e4tsel l\u00f6sen, das Mysterium l\u00fcften, die Welt retten! Ihr Feind: die Zeit. Nur 60 Minuten. Tick, tack, tick tack...\n\nW\u00e4hrend den 60 Minuten gilt es gemeinsam als Team zu funktionieren: Kommunikation, gegenseitige Hilfe und logisches, gemeinsames Denken sind der Schl\u00fcssel zum Erfolg.\nPro Runde k\u00f6nnen auf 7 R\u00e4ume verteilt etwa 50 Personen gleichzeitig starten. F\u00fcr gr\u00f6ssere Gruppen bieten wir mehrere Durchg\u00e4nge nacheinander an. F\u00fcr Outdoor-Events haben wir Kapazit\u00e4ten f\u00fcr bis zu 300 Personen gleichzeitig!\n\nDer komplette Teamevent\nAuf der Suche nach dem n\u00e4chsten Teamevent, in der Planung f\u00fcr den n\u00e4chsten Vereinsausflug oder an der Organisation vom n\u00e4chsten Familientreffen seid ihr bei uns genau richtig. Egal ob jung oder alt, ob Familienevent oder Businesstreffen - die Escape R\u00e4ume sind die richtige Wahl f\u00fcr euren n\u00e4chsten Event. \n\nBucht jetzt euer n\u00e4chsten Event und profitiert von unserem Angebot aus 7 R\u00e4umen, 4 Outdoor-Spielen, interner Bar mit Ap\u00e9ro-Angeboten, einem Beamer mit Leinwand, einem grossen Cocktail- und Getr\u00e4nkeangebot - und das alles bei uns! :)", "url": "http://escapecompany.ch/", "image": "https://sgbtpimtsoch.sos-ch-dk-2.exoscale-cdn.com/catalog/7/d/6/1/7d61721e87bd01e2cccc7b08f0355e6c1d000c95_Escpae_Room_Session_2.jpg", "openstreetmap_id": "node/8913653923"}, "geometry": {"type": "Point", "coordinates": ["9.375962100000038", "47.4242923"]}}, {"type": "Feature", "properties": {"identifier": "812799e4-ea6b-4fe5-bb5d-199317306255", "name": "BBC Butterbarcafe", "description": "Der grosse Stolz ist die zw\u00f6lf Meter lange Bar, die von vier Seiten aus bedient wird. Lange Wartezeiten sind (fast) ausgeschlossen und innerhalb kurzer Zeit sind alle G\u00e4ste bedient. Das BBC ist zweist\u00f6ckig und bietet Indoor sechs Barstationen und chillige Sofas f\u00fcr eine gem\u00fctliche Atmosph\u00e4re.\n\nDer Palmengarten ist 400 Quadratmeter gross und vom Fr\u00fchling bis in den Sp\u00e4therbst ge\u00f6ffnet. Im Garten hat es sechs Barstationen und in vier Metern H\u00f6he ist eine 12m2 LED-Wand installiert, auf der alle Spiele des FC St. Gallen und andere Sportanl\u00e4sse \u00fcbertragen werden.\n\nSpielm\u00f6glichkeiten sind Tischfussball, Billard, Mini-Tischtennis, Dart und Flipper. Zudem stehen Beer-Pong-Tische zur Verf\u00fcgung, spielen macht ja bekanntlich durstig.\n\nDer Eintritt ins BBC ist kostenlos.", "url": "https://bbcgossau.ch/", "image": "https://sgbtpimtsoch.sos-ch-dk-2.exoscale-cdn.com/catalog/a/b/a/d/abad9609b96183d60a41bfdafcba97197549e701_AN2I2813.jpeg", "openstreetmap_id": "node/504009113"}, "geometry": {"type": "Point", "coordinates": ["9.255978763103487", "47.41194494693052"]}}, {"type": "Feature", "properties": {"identifier": "81b63521-c153-4a48-9a01-df2203cbe53a", "name": "Aussichtspunkt R\u00fcti", "description": "Oberhalb von Roggwil bei Watt befindet sich der Aussichtspunkt R\u00fcti. Von hier aus haben Velofahrer und Spazierg\u00e4nger einen fantastischen Ausblick auf die umliegende Region und den Bodensee. Und ein B\u00e4nkli l\u00e4dt f\u00fcr eine gem\u00fctliche Verschnaufpause ein.\n\nDer Aussichtspunkt R\u00fcti ist Teil der Velo-Rallye Bodensee. Mehr zur Velo-Sammelchallenge unter www.st.gallen-bodensee.ch/velo-rallye.", "image": "https://sgbtpimtsoch.sos-ch-dk-2.exoscale-cdn.com/catalog/b/9/c/a/b9caadd9b55a32831517d779742d90d8fb5ba974_20210611__DSC3429.jpg", "openstreetmap_id": "way/107235596"}, "geometry": {"type": "Point", "coordinates": ["9.376659393310549", "47.49453108244489"]}}, {"type": "Feature", "properties": {"identifier": "82c4992f-38ff-4a9b-bee8-8c5deef1c37f", "name": "Appenzeller Huus", "description": "<p class=\"MsoNormal\">Das Huus B&auml;ren 3* ist das &auml;lteste Geb&auml;ude in Gonten aus dem Jahr 1602 und der Ursprung des Appenzeller Huus Resorts. Nach einer umfassenden Renovierung empf&auml;ngt es seit 2020 G&auml;ste in zw&ouml;lf Zimmern und Suiten, die im alpinen Appenzeller Chic gestaltet sind. F&uuml;r inspirierende Meetings und Workshops stehen zwei R&auml;ume f&uuml;r acht bis zehn Personen zur Verf&uuml;gung.</p><p class=\"MsoNormal\">Das Huus L&ouml;wen 4*, direkt gegen&uuml;ber liegend, verbindet Tradition mit modernen Designelementen. Seit Sommer 2023 bietet es in 24 Zimmern und Suiten ein einmaliges Zuhause auf Zeit. Die nat&uuml;rlichen Materialien laden zu entspannten Stunden im malerischen Appenzellerland ein. Im lichtdurchfluteten L&ouml;wensaal k&ouml;nnen kreative und produktive Veranstaltungen mit bis zu 80 Personen stattfinden.</p><p class=\"MsoNormal\">Das Huus Quell 5* verspricht seit Herbst 2025 Erholung auf h&ouml;chstem Niveau. Der hochmoderne und nachhaltige Neubau aus massiver Holzbauweise verspr&uuml;ht zeitlose Eleganz. Die 30 Zimmer und Suiten sind im eleganten Appenzeller Stil und Mondholz-Design gestaltet. Der 2'200<span style=\"font-family: 'Arial',sans-serif;\">\u202f</span>m<span style=\"mso-bidi-font-family: Indivisible;\">&sup2;</span> grosse Wellnessbereich bietet besondere Entspannungsmomente.</p><p class=\"MsoNormal\">Alle H&auml;user setzen auf hochwertige Textilien von Jakob Schlaepfer: Tapeten, Vorh&auml;nge, Bettw&auml;sche und mehr pr&auml;gen das Ambiente.</p><p class=\"MsoNormal\">Das Team um Executive Chef Carsten Kypke verw&ouml;hnt mit authentischer, regional inspirierter K&uuml;che in unterschiedlichen R&auml;umlichkeiten. Ob in der B&auml;renstobe, der L&ouml;wenstobe, auf der Sonnenterrasse, in der Jakob Schlaepfer Lounge oder im <span data-olk-copy-source=\"MessageBody\">Restaurant QUELL, wo ein breites Sharing Menu angeboten wird</span>&nbsp;&ndash; hier l&auml;sst es sich geniessen.</p>", "url": "https://appenzellerhuus.ch/", "image": "https://sgbtpimtsoch.sos-ch-dk-2.exoscale-cdn.com/catalog/8/4/f/c/84fc6caddfbb93feca9e0527f115740150efd178_hc_appenzellerhuus_033.jpg", "openstreetmap_id": "way/197583924"}, "geometry": {"type": "Point", "coordinates": ["9.34666089999996", "47.3285937"]}}, {"type": "Feature", "properties": {"identifier": "83a17926-d49c-413a-8ee6-99232ede8462", "name": "Brustenegg-H\u00fctte", "description": "<p>Die komplett in Altholz neu erstellte Brustenegg-H\u00fctte befindet sich direkt beim Seilpark Atzm\u00e4nnig und l\u00e4dt mit der grossen Sonnenterrasse zum Verweilen ein. </p><p>Sehr geeignet ist die H\u00fctte auch f\u00fcr Team-Anl\u00e4sse und andere Feiern. Sie hat Platz f\u00fcr 162 Personen. Die H\u00fctte ist in f\u00fcnf Minuten ab Talstation der Sesselbahn erreichbar. </p><p><span style=\"font-weight: bold;\">Highlights:</span>&nbsp;</p><ul><li>Grosse Sonnenterrasse</li><li>Rustikaler Alpen-Chic Stil</li><li>F\u00fcr gr\u00f6ssere Gruppen geeignet, ausgezeichnete Eventlocation<br><br></li></ul><p><span style=\"font-weight: bold;\">Spezialit\u00e4ten:</span></p><ul><li>Fondueplausch im Winter</li><li>Grillplausch f\u00fcr Gruppen</li><li>Regionale Produkte<br></li></ul>", "url": "https://www.atzmaennig.ch/de/gastronomie/brustenegg-huette/", "image": "https://sgbtpimtsoch.sos-ch-dk-2.exoscale-cdn.com/catalog/6/8/e/f/68ef8f9043955a97563537f499317f2a20456f68_Brustenegg_070715_13.jpg", "openstreetmap_id": "way/196376534"}, "geometry": {"type": "Point", "coordinates": ["8.988936890987986", "47.2819277"]}}, {"type": "Feature", "properties": {"identifier": "83d72254-5ead-488b-b7ce-ec2da96a7ab7", "name": "ibis Styles St Margrethen Bodensee", "description": "Das Designhotel ibis Styles St Margrethen l\u00e4dt mit einem offenen Raumkonzept zum Ankommen ein. Echtholzm\u00f6bel mit individueller Maserung bringen einzigartigen Charakter in das Interieur. Warme Farben unterstreichen den nat\u00fcrlichen Eindruck und sorgen f\u00fcr Wohlf\u00fchlatmosph\u00e4re. Egal ob Gesch\u00e4ftsreise, Erholungsurlaub oder Wanderabenteuer: Hier erleben die G\u00e4ste einen unvergesslichen Aufenthalt und entdecken den Charme der Ostschweiz zwischen Alpen und Bodensee hautnah.\n\nAls zertifiziertes \"Bikehotel\" verf\u00fcgt das Ibis Styles St Margrethen \u00fcber einen abschliessbaren Fahrradkeller mit einigen Extras.", "url": "https://all.accor.com/hotel/B5W6/index.en.shtml", "image": "https://sgbtpimtsoch.sos-ch-dk-2.exoscale-cdn.com/catalog/6/5/c/4/65c4ff13ab123d35220ed2826dc339ee19c67761_Aussenansicht_2.jpg", "openstreetmap_id": "way/762591508"}, "geometry": {"type": "Point", "coordinates": ["9.635871514244224", "47.450590250123"]}}, {"type": "Feature", "properties": {"identifier": "8404883d-a9e7-4902-9c27-fce6f8932c30", "name": "Kathedrale St.Gallen", "description": "<p>Die Kathedrale St.Gallen ist gleichzeitig Pfarrkirche der Dompfarrei und Bistumskirche des 1847 gegr&uuml;ndeten Bistums St.Gallen. Sie steht dort, wo 612 der irische Wanderm&ouml;nch Gallus eine Einsiedelei errichtete. Die Kathedrale und die barocke Klosteranlage wurden in der Mitte des 18. Jahrhunderts erbaut. 1805 hob der neu gegr&uuml;ndete Kanton St.Gallen das Kloster auf und &uuml;bertrug die Verwaltung der kirchlichen G&uuml;ter dem Katholischen Konfessionsteil. Die Kathedrale bildet mit dem Stiftsbezirk, insbesondere mit der Stiftsbibliothek und dem Stiftsarchiv, den Kern des Unesco-Weltkulturerbes.</p>", "url": "https://www.stiftsbezirk.ch/de/kathedrale-informationen", "image": "https://sgbtpimtsoch.sos-ch-dk-2.exoscale-cdn.com/catalog/b/f/3/8/bf382d778f8e020f7c9e5b03a44a6832eac4ed48_Photokleinformat_3_2_Stadtf__hrung_St.Gallen.jpg", "openstreetmap_id": "way/131605938"}, "geometry": {"type": "Point", "coordinates": ["9.3766812", "47.4232113"]}}, {"type": "Feature", "properties": {"identifier": "843063b7-1f5e-498e-ba2e-54f34a0f5147", "name": "Boutique Hotel City Weissenstein", "description": "Mit einer grossz\u00fcgigen, wohnlich eingerichteten Lobby, 32 stilvollen und individuellen Zimmern und einem kreativen Workshopraum l\u00e4dt das Hotel nicht nur zum \u00dcbernachten, sondern auch Verweilen und Tagen ein. Stoffe von Jakob Schlaepfer und Christian Fischbacher sind im ganzen Haus zu finden und verleihen den modernen Elementen eine gem\u00fctliche Note.\n \nDas Hotel ist nur wenige Schritte vom Bahnhof entfernt. Auch Restaurants, Museen, Kinos und Theater sind bequem zu Fuss erreichbar.\n\nWas auch immer Sie nach St.Gallen f\u00fchrt, im Boutique&nbsp;Hotel City Weissenstein finden Gesch\u00e4ftsreisende, Familien, Paare und Langzeitaufenthalter ihre vier W\u00e4nde zum Ankommen und Wohlf\u00fchlen.\n\nDer Seminarraum hat eine Gr\u00f6sse von 70qm.", "url": "http://sorellhotels.com/city-weissenstein", "image": "https://sgbtpimtsoch.sos-ch-dk-2.exoscale-cdn.com/catalog/2/8/5/c/285cab8e21310d534274f0761a0f4047ae3ca4ab_133_Sorell_Hotel_City_Weissenstein_Lobby_1.jpg", "openstreetmap_id": "way/145447662"}, "geometry": {"type": "Point", "coordinates": ["9.3698661", "47.4207437"]}}, {"type": "Feature", "properties": {"identifier": "8465857f-912a-403e-bfbd-f27526ed2613", "name": "Ochsentorkel Weinbau", "description": "Am steilen Buechberg in Thal SG werden \u00fcber 30 verschiedene Rebsorten kultiviert. Zw\u00f6lf davon baut Tom Kobel auf 5 ha selber an und vinifiziert daraus hochwertige und einzigartige Weine und einige echte Rarit\u00e4ten. \n\nAuf der Basis von theoretischem Wissen in Kombination mit seine Erfahrung aus langj\u00e4hrigem Handwerk begleitet Tom Kobel die Entstehung seiner Weine von der Rebe bis zur Vermarktung. In seiner Arbeit verbindet sich Passion f\u00fcr den Weinbau und der Respekt vor der Rebe als Kulturgut. Das soll der Weinliebhaber am Ende in der Flasche wiederfinden.", "url": "https://www.ochsentorkel.ch/", "image": "https://sgbtpimtsoch.sos-ch-dk-2.exoscale-cdn.com/catalog/3/4/2/a/342a7b39e9e92bcc8cb3fa009040aa301a624733_Ochsentorkel_Weinbau_Thal.jpg", "openstreetmap_id": "node/2607490692"}, "geometry": {"type": "Point", "coordinates": ["9.5668845", "47.4663345"]}}, {"type": "Feature", "properties": {"identifier": "84b47596-559d-4ff7-8050-08678ee9af89", "name": "Leihr\u00e4der | Rhein-Route Highlights", "description": "<h5 class=\"rich-text-heading-5 h5\" data-v-d66dbd6c=\"\"><span class=\"text-space-pre-line rich-text-text\" data-abstract-init=\"body text\">E-Bike (pro Person inkl. MWST)</span></h5><ul class=\"rich-text-unordered-list\" data-v-d66dbd6c=\"\"><li class=\"rich-text-list-item\"><p class=\"rich-text-paragraph\"><span class=\"text-space-pre-line rich-text-text\" data-abstract-init=\"body text\">Basispreis: </span><span class=\"text-space-pre-line font-weight-bold rich-text-text\" data-abstract-init=\"body text\">CHF 255.00</span></p></li></ul><h5 class=\"rich-text-heading-5 h5\" data-v-d66dbd6c=\"\"><span class=\"text-space-pre-line rich-text-text\" data-abstract-init=\"body text\">Countrybike 27-Gang (pro Person inkl. MWST)</span></h5><ul class=\"rich-text-unordered-list\" data-v-d66dbd6c=\"\"><li class=\"rich-text-list-item\"><p class=\"rich-text-paragraph\"><span class=\"text-space-pre-line rich-text-text\" data-abstract-init=\"body text\">Basispreis: </span><span class=\"text-space-pre-line font-weight-bold rich-text-text\" data-abstract-init=\"body text\">CHF 145.00</span></p></li></ul>", "url": "https://www.eurotrek.ch", "image": "https://sgbtpimtsoch.sos-ch-dk-2.exoscale-cdn.com/catalog/f/c/0/7/fc0715c36a1991df5de956863c64eb464e4d58cf_Rheinroute_Dig_Marktplatz.jpg", "openstreetmap_id": "node/1349145879"}, "geometry": {"type": "Point", "coordinates": ["9.505248", "47.4780562"]}}, {"type": "Feature", "properties": {"identifier": "84d36d54-a524-497d-95f6-b63533e61eaf", "name": "eingeGLASt", "description": "<p>eingeGLASt, das sind Martina &amp; Stefan Giger. Martina ist im sch&ouml;nen Hinter-Goldingen aufgewachsen und deshalb sind sie auch heute noch mit dem Goldingertal verbunden.&nbsp;<br><br>Bei eingeGLASt gibt es verschiedene Gew&uuml;rzsalze, Aromazucker f&uuml;r Dessertcremen, Chutney und viel Hausgemachtes f&uuml;r Ihre K&uuml;che.</p>\n<p>Sie freuen sich auch &uuml;ber Wunschbestellungen wie Weihnachts- &amp; Firmengeschenke.</p>\n<p>Die kleine Selbstbedienung vor ihrem Haus ist durchgehend ge&ouml;ffnet. Zudem sind sie an verschiedenen M&auml;rkten anzutreffen.</p>\n<p>Im November gestalten sie ihre 5-t&auml;gige Weihnachtsausstellung bei ihnen zu Hause mit diversen anderen liebevoll hergestellten Handwerksprodukten.</p>", "url": "https://www.eingeglast.ch/", "image": "https://sgbtpimtsoch.sos-ch-dk-2.exoscale-cdn.com/catalog/c/f/1/7/cf177ca164e54811e97b06831320a7b01ae7e0a4_20220427_163536a__1_.jpg", "openstreetmap_id": "way/249699554"}, "geometry": {"type": "Point", "coordinates": ["8.9928266", "47.2225145"]}}, {"type": "Feature", "properties": {"identifier": "8506b967-8237-4e98-856c-411fa643ff2b", "name": "Restaurant Burg", "description": "Die kulinarischen K\u00f6stlichkeiten sind neben der ungezwungenen Gastfreundschaft und der wundersch\u00f6nen Aussicht auf das St.Galler Rheintal das T\u00fcpfelchen auf dem \u00abi\u00bb.", "url": "http://www.burg-au.ch/", "image": "https://sgbtpimtsoch.sos-ch-dk-2.exoscale-cdn.com/catalog/8/f/3/7/8f3793de865db74ed31f61c8fa8648664dfcdf80_Burg_Aussenansicht_1.jpg", "openstreetmap_id": "4005781777"}, "geometry": {"type": "Point", "coordinates": ["9.6325611", "47.4387055"]}}, {"type": "Feature", "properties": {"identifier": "850ff4ae-f763-45cc-a979-9f31f8bfefad", "name": "Hartmann Herzen", "description": "<p class=\"MsoNormal\">Als kreative K\u00fcnstlerin mit Eigenproduktionen f\u00fcr T\u00f6pferei\nund Confiserie ist Judith Hartmann spezialisiert auf die Erf\u00fcllung von\nbesonderen Kundenw\u00fcnschen. Die handgefertigten HERZEN werden mit viel Liebe und\nKreativit\u00e4t hergestellt.</p><p class=\"MsoNormal\">HERZEN f\u00fcr: Hochzeiten, Jubil\u00e4en, Firmenanl\u00e4sse,\nGeburtstagsfeiern, Muttertag, Valentinstag oder andere Anl\u00e4sse. </p><p class=\"MsoNormal\">HERZEN aus: Ton\noder Schokolade, ob naturbelassen, glasiert oder beschriftet, Ihren W\u00fcnschen\nsteht nichts im Wege. </p><p class=\"MsoNormal\">Kurse f\u00fcr Hochzeitspaar: Kreieren Sie zusammen ein HERZ\naus Ton, als sch\u00f6nes Andenken an Ihre Hochzeit. </p><p class=\"MsoNormal\">Kurse f\u00fcr Erwachsene oder\nKinder: Kindergeburtstage mit t\u00f6pfern, Kuchen oder Geburtstagstorte.<o:p></o:p></p>", "url": "https://www.hartmann-herzen.ch/", "image": "https://sgbtpimtsoch.sos-ch-dk-2.exoscale-cdn.com/catalog/a/0/5/4/a054e80cd1563016c08465cd73ee1f76c2a5abd9_Hartmann_Herzen_weisse_mit_einem_roten20221101_162820.jpg", "openstreetmap_id": "way/1087979067"}, "geometry": {"type": "Point", "coordinates": ["8.92822737259629", "47.2405773"]}}, {"type": "Feature", "properties": {"identifier": "8579d896-1315-4e2b-b299-1ec6467950dd", "name": "Fondueplausch im Atzm\u00e4nnig mit Nachtskifahren", "description": "<p>Geniessen Sie einen geselligen Abend bei einem feinen Fondueplausch*, jeweils am Mittwoch-, Donnerstag- und Freitagabend von 18.00 bis 23.00 Uhr, in der urigen Brustenegg-H&uuml;tte. Besonders gem&uuml;tlich wird's doch gleich zusammen mit Ihren Liebsten, Ihren Freunden oder den \"Arbeitsgsp&auml;nli\".....</p><p>.... und wenn dann noch gen&uuml;gend Schnee vorhanden ist, dann erleben Sie am Besten gleich noch das spezielle Nachtski- und Snowboardvergn&uuml;gen auf unserer hell beleuchteten Skipiste. Sie ist bei guten Schneeverh&auml;ltnissen von Mittwoch- bis Freitagabend von 19.15 bis 22.00 Uhr ge&ouml;ffnet. An den &uuml;brigen Tagen k&ouml;nnen Sie die Piste auch exklusiv und ganz allein f&uuml;r Ihre Gruppe reservieren. Wir freuen uns auf Ihre Anfrage.</p><p>Die Eisstockbahn kann auch ohne Schnee benutzt werden.</p><p>Anreise mit den &ouml;ffentlichen Verkehrsmitteln:<br>Bus 630 von Eschenbach (Dorftreff) nach Hintergoldingen (Atzm&auml;nnig Schutt)</p>", "url": "https://www.atzmaennig.ch/de/winter/winterangebote/fondueplausch-nachtskifahren/", "image": "https://sgbtpimtsoch.sos-ch-dk-2.exoscale-cdn.com/catalog/d/2/a/8/d2a8e0ff4f488ba9d1c13c53aafe1440f1ba204b_delicious_melted_cheese_snacks_23_2149274809.jpg", "openstreetmap_id": "node/726611392"}, "geometry": {"type": "Point", "coordinates": ["8.989133834838869", "47.28180524301249"]}}, {"type": "Feature", "properties": {"identifier": "85f83e1e-19a7-44b4-a95c-8f45e2d4f2a2", "name": "M\u00e4rliwelt am Kronberg", "description": "9 Erlebnisstationen mit R\u00e4tsel und viel Wissenswertem \u00fcber Pflanzen und Tiere wollen entdeckt werden. Eine Kletterkrone, eine Wasserwelt mit Floss, Wasserspielen und Feenteich laden ein zu neuen Abenteuern. Im Kugelpark wird eine Krafttier-Kugel auf die Reise durch die vier Elemente geschickt. Auf einem Riesen-Trampolin sind ungeahnte H\u00f6henfl\u00fcge zu erleben. \n \nBen\u00f6tigte Zeit: 2-4 Stunden \ngeeignet ab 2-12 Jahren \nEmpfehlung: Badetuch einpacken", "url": "http://www.kronberg.ch/m\u00e4rliwelt", "image": "https://sgbtpimtsoch.sos-ch-dk-2.exoscale-cdn.com/catalog/8/1/5/5/81550103921d007cc0d9e654a1a0ef7f6a0f28bf__S2A4235.jpg", "openstreetmap_id": "way/1161445173"}, "geometry": {"type": "Point", "coordinates": ["9.32816505432129", "47.319021794663854"]}}, {"type": "Feature", "properties": {"identifier": "863d4ce6-6c52-43f4-8671-64f36636029a", "name": "Koch-Dinner in der Eventlocation zur Werkstatt", "description": "Ein Dinner unter Freunden und G\u00e4sten ohne Vorbereitungsstress \u2013 dies klingt doch nach einem entspannten Abend. Und weil die besten Gespr\u00e4che sowieso in der K\u00fcche stattfinden, wird hier mit einer ausgiebigen Ap\u00e9roplatte gestartet. Kulinarischer H\u00f6hepunkt bildet die gemeinsam zubereitete Tavolata ganz nach italienischem Vorbild. Seinen gem\u00fctlichen Abschluss findet der Abend mit Kaffee und der Flasche Digestif direkt auf dem Tisch.\n\n\n3-Gang-Men\u00fc mit Ap\u00e9ro und H\u00e4ppchen, Wein beim Kochen und Essen, Wasser, Kaffee/Tee und Digestif\n\nCHF 145 / Person inkl. MwSt. \n\nT\u00e4glich buchbar ab 6 bis 30 Personen", "url": "https://www.zurwerkstatt-sg.ch/", "image": "https://sgbtpimtsoch.sos-ch-dk-2.exoscale-cdn.com/catalog/9/7/3/2/973209cf304510f2f91dca9433bf71e4365a7e6c_Werkstatt_Koch_Dinner.jpg", "openstreetmap_id": "node/10705895705"}, "geometry": {"type": "Point", "coordinates": ["9.375021", "47.425561"]}}, {"type": "Feature", "properties": {"identifier": "867b739e-e0e1-457e-b203-d253ce4bb47b", "name": "Brain & Body", "description": "<p>Die Umgebung inspiriert, die Aktivit\u00e4t belebt! </p><p>Saugen Sie die Power auf und konversieren sie diese f\u00fcr den Alltag, die Arbeit, das Meeting oder ganz einfach f\u00fcr sich selber. Ob TaeBo, JumpingFitness, HIIT(High Intensity Interval Training), Outdoor HIIT oder Body Cross - Sie werden von einer ausgewiesenen, einheimischen Trainerin betreut. </p><p>Ideal als Start in den Tag, als Inspiration oder einfach f\u00fcr zwischendurch. Am besten als Kombination mit Ihrem Meeting vor Ort. </p><p><span style=\"font-weight: bold;\">Preise / Inbegriffene Leistungen:</span>&nbsp;</p><ul><li>Organisation, Durchf\u00fchrung und Instruktion</li><li>Nutzung des Materials (Bodenmatte, allenfalls Trampolin, Kettlebell, u.s.w.)</li><li>Preis bis zu 1 Stunde CHF 450.00</li><li>Jede weitere Zusatzstunde CHF 300.00</li><li>Spezielle Zusatzleistungen, falls gew\u00fcnscht, wie \"Sesselbahnfahrt zur Bergstation\" oder \"Schneeschuhe\" werden separat verrechnet</li></ul><p><br><span style=\"font-weight: bold;\">Tipps und Hinweise:</span>&nbsp;</p><ul><li>Trainingskleidung der Jahreszeit entsprechend</li><li>Indoor- oder Outdoor-M\u00f6glichkeiten vorhanden</li><li>Auf spezielle W\u00fcnsche kann eingetreten werden</li><li>Bestens geeignet f\u00fcr einen Break-Out, Morgenstart in Kombination mit einem Kick-Off-Meeting, Team-Building Anlass, Gruppenspass oder einfach ums ich fit und lebendig zu f\u00fchlen</li><li>Duschm\u00f6glichkeiten vor Ort gegeben (Nasszellen Camping)</li><li>Verpflegung- und Freizeitangebot vor Ort<br><br></li></ul><p><span style=\"font-weight: bold;\">Durchf\u00fchrung:</span> </p><ul><li>Tag und Zeit flexibel, jedoch auf Anfrage Gruppengr\u00f6sse</li><li>Ideal f\u00fcr 4 - 30 Personen In Zusammenarbeit mit FitWell<br></li></ul>", "url": "https://www.atzmaennig.ch/", "image": "https://sgbtpimtsoch.sos-ch-dk-2.exoscale-cdn.com/catalog/5/0/9/a/509a664106babded81f43285df2f551603b5d88c_Atzm__nnig_Jumpin_fitness_.jpg", "openstreetmap_id": "way/231502473"}, "geometry": {"type": "Point", "coordinates": ["8.996778130531313", "47.285320934300664"]}}, {"type": "Feature", "properties": {"identifier": "86eb0f1b-b6c2-4bf2-99e4-e999f3d5c178", "name": "Festlaune Events & Catering by focacceria", "description": "<p>Vom Ap\u00e9ro bis zum Festessen. Die Festlaune liefert nicht nur ausgew\u00e4hlte und hausgemachte Spezialit\u00e4ten, sondern organisiert auf Wunsch auch das Drumherum und verf\u00fcgt \u00fcber das passende Inventar.</p>", "url": "https://focacceria.ch/festlaune/", "image": "https://sgbtpimtsoch.sos-ch-dk-2.exoscale-cdn.com/catalog/5/d/d/4/5dd4f9419602cb22be123cb40234149ee8d22af2_309.jpg", "openstreetmap_id": "way/311104328"}, "geometry": {"type": "Point", "coordinates": ["9.375253998051948", "47.427058450000004"]}}, {"type": "Feature", "properties": {"identifier": "874ca11c-43cd-4987-8861-735b0fc97571", "name": "Gibswilerstube", "description": "<p>Am s\u00fcdlichen Ende des T\u00f6sstals, unweit des Goldingertals, liegt die bekannte Gibswilerstube, ein Gastroerlebnis vom Feinsten. </p><p>Die einfache und beliebte Idee \"vom Gipfeli bis zum Festessen\" hat dem Restaurant, weit \u00fcber die Grenzen hinweg, eine seit Jahren treue und zufriedene Kundschaft erbracht. </p><p>Mit einfacher und saisongerechter Ku\u0308che erlaubt es sich spielend, eine Pizza neben einem mehrga\u0308ngigen Men\u00fc, wie auch das beru\u0308hmte \u00abGibswilerpfa\u0308ndli\u00bb, harmonisch nebeneinander zu vereinen. </p><p>Im hellen, mediterranen Stil erbauten Saal, ko\u0308nnen Sie zu zweit einen romantischen Feinschmeckerabend verbringen, du\u0308rfen mit Ihrer ganzen Familie ein gemu\u0308tliches Essen geniessen oder ko\u0308nnen in grosser Gesellschaft so richtig feiern. </p><p>Wa\u0308hrend die Erwachsenen gemu\u0308tlich zusammensitzen, ko\u0308nnen sich die Kids auf dem Spielpark austoben. </p><p>Jeden Sonntag wird ein reichhaltiges Fr\u00fchst\u00fccksbuffet angeboten von 09.00 - 11.30 Uhr.</p><p>Ausserdem bietet die Gibswilerstube 15 gem\u00fctliche Zimmer mit Flachbildschirm, WLAN, Safe, Dusche/WC und teilweise mit Balkon und liegt mitten im Paradies. Das Hotel verf\u00fcgt \u00fcber ein Rollstuhlgerechtes Zimmer.&nbsp;</p>", "url": "https://www.gibswilerstube.ch/", "image": "https://sgbtpimtsoch.sos-ch-dk-2.exoscale-cdn.com/catalog/4/8/9/f/489f6c6822260d1c569425c6333dfa0fa869292f_Aussen_7.jpg", "openstreetmap_id": "node/1768874528"}, "geometry": {"type": "Point", "coordinates": ["8.913947", "47.3133514"]}}, {"type": "Feature", "properties": {"identifier": "87680ec9-7137-4142-80b8-21faf58e3106", "name": "Catering Services Migros Ostschweiz", "description": "<p style=\"box-sizing: inherit; margin-right: 0px; margin-bottom: 12px; margin-left: 0px; line-height: 2.4rem;\">Der Catering Services der Migros Ostschweiz ist Ihr regionaler Catering Partner mit langj\u00e4hriger Erfahrung. Unser grosses Fachwissen,&nbsp; die Passion f\u00fcr Events und die Authentizit\u00e4t jedes Mitarbeitenden zeichnen uns aus.</p><p style=\"box-sizing: inherit; margin-right: 0px; margin-bottom: 12px; margin-left: 0px; line-height: 2.4rem;\">Hier arbeiten wir mit viel Begeisterung, damit Ihr Event ein grosser Erfolg wird. Wir leben einen hohen Qualit\u00e4tsstandard und eine faire Zusammenarbeit mit unseren Kundinnen und Kunden sowie Lieferanten.</p>", "url": "https://gastro.migros.ch/de/catering/ostschweiz", "image": "https://sgbtpimtsoch.sos-ch-dk-2.exoscale-cdn.com/catalog/8/c/0/1/8c01f9bad72552724d25b58221d18194f4a96078_migros_catering_190.jpg", "openstreetmap_id": "way/224311981"}, "geometry": {"type": "Point", "coordinates": ["9.270714139445694", "47.41133225"]}}, {"type": "Feature", "properties": {"identifier": "87c19e32-9944-416b-8a03-d3fc96bba442", "name": "Schlafen im Stroh", "description": "<p>Der Bauernhof der Familie Tsch\u00fcmperlin liegt an herrlicher Lage in St. Gallenkappel, direkt am Jakobsweg. In dieser Gegend kann die sch\u00f6ne Natur und Ruhe genossen werden, aber auch das Ausflugsziel Atzm\u00e4nnig ist nur in 10 Autominuten zu erreichen. </p><p>Tsch\u00fcmperlin's bieten Strohbetten als \u00dcbernachtungsm\u00f6glichkeit an, was ein Erlebnis f\u00fcr Gross und Klein ist.&nbsp;</p><p><span style=\"font-weight: bold;\">Angebot:</span></p><ul><li>Strohlager 10 Pl\u00e4tze (Gruppen auf Anfrage)</li><li>Fr\u00fchst\u00fcck</li><li>Verpflegung auf Anfrage</li></ul><p><br><span style=\"font-weight: bold;\">Preise:</span></p><ul><li>Erwachsene&nbsp;&nbsp;&nbsp;&nbsp;&nbsp; &nbsp; &nbsp;&nbsp;&nbsp;&nbsp;&nbsp;&nbsp;&nbsp;&nbsp;CHF 28.00</li><li>Kinder 12-16 Jahre&nbsp; &nbsp; CHF 18.00</li><li>Kinder 5-12 Jahre&nbsp;&nbsp;&nbsp;&nbsp;&nbsp; CHF 12.00</li><li>Kinder bis 5 Jahre&nbsp; &nbsp; &nbsp; gratis</li></ul>", "image": "https://sgbtpimtsoch.sos-ch-dk-2.exoscale-cdn.com/catalog/4/a/6/e/4a6ebdb518a1c0f8d552090e9f3783f9915d709b_tschuemperlin_hof.jpg", "openstreetmap_id": "node/11264931001"}, "geometry": {"type": "Point", "coordinates": ["8.974349498748781", "47.24420704413725"]}}, {"type": "Feature", "properties": {"identifier": "880d0939-7786-4fd7-9fff-ff9fdd444004", "name": "Freizeitpark Niederb\u00fcren", "description": "<p>Der Freizeitpark bietet auf &uuml;ber 6000 m&sup2; Spiel, Sport und Spass f&uuml;r alle Altersklassen. Ein feines Restaurant mit &uuml;ber 200 sonnigen Gartenpl&auml;tzen, die Spielsch&uuml;&uuml;r und die Abent&uuml;&uuml;rw&auml;lt f&uuml;r Kids, die Bowlinganlage und vieles mehr garantieren spannende, abwechslungsreiche Stunden in einem familienfreundlichen Park.</p><p>Die &laquo;Abent&uuml;&uuml;rw&auml;lt&raquo; im Outdoorbereich verf&uuml;gt &uuml;ber einen 11 Meter hohen Rutschenturm im Western-Stil. Eine H&uuml;pfburg, Trampoline, der Spaceball, eine Wasser-/Sandspielanlage sowie eine Spiellandschaft lassen den Besuch zum Erlebnis werden. Die &laquo;Spielsch&uuml;&uuml;r&raquo; ist ein Indoor-Spielplatz mit Trampolinen, Rutschen, Softball-Kanonen, einer Kletterwand uvm.&nbsp;</p>", "url": "http://www.freizeitpark-niederbueren.ch", "image": "https://sgbtpimtsoch.sos-ch-dk-2.exoscale-cdn.com/catalog/d/1/a/2/d1a24ee03c1b756bc7f51ae111d584e810429a02_Werbung_FZP_2025.jpg", "openstreetmap_id": "node/415447429"}, "geometry": {"type": "Point", "coordinates": ["9.200159311294557", "47.46538853496439"]}}, {"type": "Feature", "properties": {"identifier": "89456f3e-bc2b-4821-997e-d83ed117d01a", "name": "Brandenfelsh\u00f6hle mit Feuerstelle", "description": "<p>Die Brandenfelsh\u00f6hle ist auf verschiedenen Wegen zu erreichen. Ob vom Oberholz oder vom T\u00f6sstal her, die Wege durch Wald und Natur sind wundersch\u00f6n.</p><p></p><p>Erreicht man die Nagelfluh-H\u00f6hle gibt es einen grossen Tisch mit B\u00e4nken und eine sch\u00f6ne Feuerstelle mit einem Holzvorrat. Hier l\u00e4sst es sich gut erholen f\u00fcr den bevorstehenden R\u00fcckweg oder f\u00fcr die weitere Wanderung.</p><p></p><p>Unterhalb der Aufenthaltsh\u00f6le gibt es noch eine kleinere H\u00f6hle, welche gerne von den Kindern entdeckt wird. </p><p></p><p>Reservationen der Feuerstelle k\u00f6nnen nicht gemacht werden. </p>", "image": "https://sgbtpimtsoch.sos-ch-dk-2.exoscale-cdn.com/catalog/a/a/6/e/aa6efcebeffa929942e0ff29c099036780ba5fc0_03_Brandenfels.JPG", "openstreetmap_id": "node/581815125"}, "geometry": {"type": "Point", "coordinates": ["8.9508456", "47.3070837"]}}, {"type": "Feature", "properties": {"identifier": "8961fb2e-e6d1-4c33-ac77-64c4e5b7ea5b", "name": "Rail Event AG", "description": "<h4 class=\"wp-block-heading has-text-align-center\">Wir bringen mehr Zug in Ihren Event<br>Suchen Sie Ideen f&uuml;r Ihren n&auml;chsten Firmen- oder Vereinsausflug, f&uuml;r einen Event oder planen Sie eine Hochzeit? Dann sind Sie bei uns goldrichtig! Lassen Sie Ihren Anlass durch uns so richtig aufbl&uuml;hen. Wir organisieren Ihnen den Event von A bis Z. Lehnen Sie sich zur&uuml;ck und geniessen Sie Ihr pers&ouml;nliches Erlebnis.</h4>", "url": "https://railevent.ch/", "image": "https://sgbtpimtsoch.sos-ch-dk-2.exoscale-cdn.com/catalog/3/2/9/4/32940680d2e64a602c6e9baea031f567823dc7eb_cropped_DFZ_2019_19_Le_Rubis_Noir_scaled_1.jpg", "openstreetmap_id": "node/158773000"}, "geometry": {"type": "Point", "coordinates": ["8.89415132298238", "47.555861012229606"]}}, {"type": "Feature", "properties": {"identifier": "89957d43-4ab2-486c-9fa1-a3c8fae30676", "name": "Aussichtspunkt Rehetobel", "description": "Velofahrer aufgepasst: auf dem Veloweg in Rehetobel erwartet einen eine rasante Abfahrt mit traumhaften Ausblicken. Die Lobenschwendistrasse hinab tut sich die Aussicht auf St.Galler und Appenzeller Berg- und Waldgebiete auf. Ein B\u00e4nkli l\u00e4dt ein, die Momente w\u00e4hrend einer Verschnaufpause zu geniesse.\n\nDer Aussichtspunkt Rehetobel ist Teil der Velo-Rallye Bodensee. Mehr zur Velo-Sammelchallenge unter www.st.gallen-bodensee.ch/velo-rallye.", "image": "https://sgbtpimtsoch.sos-ch-dk-2.exoscale-cdn.com/catalog/b/a/2/c/ba2cb9da64f285613d5125576c44d592b4b4b176_20210610__DSC2662.jpg", "openstreetmap_id": "way/99424249"}, "geometry": {"type": "Point", "coordinates": ["9.464936256408693", "47.42317882549432"]}}, {"type": "Feature", "properties": {"identifier": "89d64125-f252-47f5-86cf-9a72e0b7e575", "name": "Restaurant Schloss Wartegg", "description": "<p>Die Sph&auml;re der Natur, welche Schloss Wartegg umgibt, liefert auch die wichtigsten Zutaten f&uuml;r das Restaurant. Im eigenen, Demeter-Schloss- und ProSpecieRara-Sortengarten werden auf 2500 m2 Kr&auml;uter, Gem&uuml;se, Beeren und Blumen angebaut. &laquo;Bio&raquo; ist nicht irgendein Zertifikat, sondern sinnvoller Genuss aus der Natur. Im von &laquo;GaultMillau&raquo; und &laquo;Michelin&raquo; empfohlenen Schloss-Restaurant kredenzen die G&auml;ste mittags und abends gen&uuml;ssliche Kreationen von der Speisekarte.</p>\n<p>Das Restaurant bietet eine Vielzahl von vegetarischen Gerichten an und auch ein veganes Menu ist immer erh&auml;ltlich. Dazwischen Kaffee mit hausgemachten Blechkuchen, einen &laquo;Flade&raquo; wie man hier sagt, sowie ausgesuchte Bio-Tees. Das Restaurant Schloss Wartegg ist sehr stark regional verankert und bezieht die Produkte von regionalen Biolieferanten.</p>\n<p>Ein Highlight des Bio-Restaurants ist die einladende Gartenterrasse mit stimmungsvollem Blick auf den Englischen Park und den Bodensee.</p>", "url": "http://www.wartegg.ch", "image": "https://sgbtpimtsoch.sos-ch-dk-2.exoscale-cdn.com/catalog/e/7/9/7/e797c27cbd530d0b122cec26a9de5ad4a40fa63e_Luftaufnahme_mit_See__4___2.jpg", "openstreetmap_id": "way/186554885"}, "geometry": {"type": "Point", "coordinates": ["9.530060291290285", "47.47844931248357"]}}, {"type": "Feature", "properties": {"identifier": "8b60a9d8-4a63-443a-85be-6564a662d7e5", "name": "Erlebnisflugplatz Sitterdorf", "description": "<p class=\"MsoNormal\"><span style=\"mso-ansi-language: DE-CH;\">Flugplatz trifft Tierpark und Freizeitspass: Ein Tag in Sitterdorf bietet Abenteuer, Natur und Erholung f&uuml;r die ganze Familie.</span></p><p class=\"MsoNormal\"><span style=\"mso-ansi-language: DE-CH;\">Der Erlebnisflugplatz Sitterdorf im Thurgau ist ein wahres Paradies f&uuml;r Familien. Mit einer einzigartigen Mischung aus Flugplatz, Tierpark, Freizeitpark und Gastronomie kommen Besucher*innen jeden Alters auf ihre Kosten. Ob in luftiger H&ouml;he, auf Erkundung im Tierreich oder bei rasantem Spielspass &ndash; hier wartet ein Tag voller Highlights.</span></p><p class=\"MsoNormal\"><span style=\"mso-ansi-language: DE-CH;\">Der Erlebnisflugplatz Sitterdorf begeistert seit Jahrzehnten mit seiner besonderen Kombination aus Kleinflugplatz, weitl&auml;ufigem Tierpark und liebevoll gestaltetem Freizeitpark. W&auml;hrend die Grossen den Flugbetrieb bestaunen oder im Restaurant Zafka's Air Kitchen verweilen, toben sich die Kleinen an zahllosen Attraktionen aus. Von Spielturm &uuml;ber die Seilbahn bis zu den Modellschiffli steht alles bereit f&uuml;r stundenlangen Spielspass.</span></p><p class=\"MsoNormal\"><strong><span style=\"mso-ansi-language: DE-CH;\">Fliegen und fahren auf dem Erlebnisflugplatz Sitterdorf</span></strong></p><p class=\"MsoNormal\"><span style=\"mso-ansi-language: DE-CH;\">Der Freizeitpark auf dem Erlebnisflugplatz Sitterdorf steckt voller Abenteuer: Mutige sausen im Luna-Loop kopf&uuml;ber durch die Luft, erleben im Butterfly ein Bauchkribbeln wie auf der Achterbahn oder fliegen im Nautic-Jet mit Wasserspritzer inklusive. Kinder drehen fr&ouml;hliche Runden auf dem R&ouml;ssli- oder Kettenkarussell, sausen mit Elektro-Carts als kleine Rennfahrer*innen durch den Parcours oder erkunden das Baumlabyrinth. F&uuml;r kreative K&ouml;pfe wartet der Mini-Bagger &agrave; la &laquo;Bob der Baumeister&raquo;. Wer es gem&uuml;tlicher mag, geniesst die Fahrt mit dem Erlebnisz&uuml;gli, das durch alle Parkbereiche tuckert.</span></p><p class=\"MsoNormal\"><strong><span style=\"mso-ansi-language: DE-CH;\">Tiere, Natur und Abenteuer</span></strong></p><p class=\"MsoNormal\"><span style=\"mso-ansi-language: DE-CH;\">Der Tierpark begeistert mit Damhirschen, Ziegen, Papageien und &uuml;ber 40 Vogelarten in gepflegten Volieren. Kinder lieben den direkten Kontakt zu neugierigen Tieren, Erwachsene sch&auml;tzen die idyllischen Spazierwege. Der Spazierweg durch den&nbsp;&Ouml;kobereich zum Kleintier-Flugplatz und der Amphibien-Kaverne vermitteln spielerisch Wissen &uuml;ber Flora, Fauna und Umwelt.&nbsp;</span></p><p class=\"MsoNormal\"><strong><span style=\"mso-ansi-language: DE-CH;\">Familienausflug ins Paradies</span></strong></p><p class=\"MsoNormal\"><span style=\"mso-ansi-language: DE-CH;\">Viele der Angebote und Spielgelegenheit sind kostenlos; Jetons f&uuml;r Fahrgesch&auml;fte gibt es bequem vor Ort. Der Park ist 365 Tage pro Jahr ge&ouml;ffnet und auch ideal f&uuml;r Kindergeburtstage und Familienfeiern.</span></p>", "url": "https://www.erlebnisflugplatz.ch", "image": "https://sgbtpimtsoch.sos-ch-dk-2.exoscale-cdn.com/catalog/0/c/2/4/0c24bb476b9c363b23909f5c367fb1996696f4ea_Titelbild.jpg", "openstreetmap_id": "node/11158780243"}, "geometry": {"type": "Point", "coordinates": ["9.2607135", "47.5104461"]}}, {"type": "Feature", "properties": {"identifier": "8b6e7a49-f964-42be-a286-5ce4eab61e8b", "name": "Gastronomie Hof zu Wil", "description": "<p>Im Restaurant haben Sie die Wahl aus verschiedenen saisonalen, klassischen und abwechslungsreichen &agrave; la carte Gerichten. Im Sommer l&auml;dt die Hofterrasse zum Verweilen ein. Sind Sie auf der Suche nach einer passenden Lokalit&auml;t f&uuml;r Ihr Familienfest, Geburtstagsfeier, Firmenanlass oder Ihre unvergessliche Hochzeit? Bei uns sind Sie genau richtig! Ihnen stehen unterschiedlichste S&auml;le zur Wahl und der Hofgarten f&uuml;r Aperos zur Verf&uuml;gung.</p>", "url": "https://www.hofzuwil.ch", "image": "https://sgbtpimtsoch.sos-ch-dk-2.exoscale-cdn.com/catalog/2/6/4/4/264474f60f1e70aee75584bc2f4790d50c2e6058_f0bb2110_3b5a_4d82_b8a7_cf8144032c61.jpeg", "openstreetmap_id": "way/284581246"}, "geometry": {"type": "Point", "coordinates": ["9.050142460135138", "47.467662"]}}, {"type": "Feature", "properties": {"identifier": "8ce45a6e-b9e7-4ba2-8759-67dd68a5ec4a", "name": "Campingplatz Lee St. Gallen - Wittenbach", "description": "<p>Schmales, ebenes Wiesengel&auml;nde zwischen dem Fluss \"Sitter\" und einem bewaldetem Hang. Ruhiger, einfacher, famili&auml;rer und gepflegter Campingplatz. Die zentrumsnahe Lage, ca. 30 Minuten mit &Ouml;V in das Herzen der Stadt St. Gallen und der neuen guten &Ouml;V-Verbindungen, machen diesen Standort sehr attraktiv. Dieser Ort wird nicht nur von St&auml;dtetrip-Besuchern, Hundesportfreunde, Sport-, Kultur-, Naturbegeisterte, wie auch von Familien und Erholungssuchende gesch&auml;tzt. Gilt dieser Standort doch als idealer Ausgangspunkt f&uuml;r diverse Aktivit&auml;ten.</p><p>&nbsp;</p>", "url": "https://www.ccc-stgallen.ch/", "image": "https://sgbtpimtsoch.sos-ch-dk-2.exoscale-cdn.com/catalog/0/2/f/0/02f00da3520d7ec41f386c4039a287750c7ace90_Reservation__3.JPG", "openstreetmap_id": "way/1080707241"}, "geometry": {"type": "Point", "coordinates": ["9.36612", "47.45896"]}}, {"type": "Feature", "properties": {"identifier": "8d36c474-3c64-4288-b054-813a3c5fb1b5", "name": "Abenteuer-Zeitreisen TOPAZ GmbH", "description": "Abenteuer Zeitreisen TOPAZ ist der Spezialist f\u00fcr die Organisation von Team-Events, Mitarbeiteressen, Vereinsausfl\u00fcgen oder Rahmenprogrammen. Das Team von TOPAZ \u00fcbernimmt die gesamte Organisation, so dass einem einzigartigen Erlebnis nichts mehr im Weg steht.", "url": "https://zeitreisen.ch/de/", "image": "https://sgbtpimtsoch.sos-ch-dk-2.exoscale-cdn.com/catalog/d/b/9/d/db9de9f5789e7aaa1d44986546cb3546de2e6c15_20241024_topaz_profilfoto_pim.jpg", "openstreetmap_id": "node/456718166"}, "geometry": {"type": "Point", "coordinates": ["9.373439", "47.389632"]}}, {"type": "Feature", "properties": {"identifier": "8dcb7623-63b7-4ae0-810a-8dcbbdb6cdb4", "name": "Simons Tiny House / Muld\u00e4 Hus", "description": "Diese gem\u00fctliche Unterkunft bietet alles, was G\u00e4ste f\u00fcr einen komfortablen Aufenthalt ben\u00f6tigen.\n\nDie kleine K\u00fcche ist voll ausgestattet und hier lassen sich k\u00f6stliche Mahlzeiten zubereiten. Ein kleiner Esstisch mit faltbaren St\u00fchlen l\u00e4dt dazu ein, die Gerichte zu geniessen oder sich einfach bei einer Tasse Kaffee zu entspannen. Ein Schrank bietet gen\u00fcgend Platz f\u00fcr die pers\u00f6nlichen Sachen. Die Schlafgelegenheiten befinden sich auf der zweiten Etage, wo sich ein gem\u00fctliches Doppelbett befindet. Das Badezimmer verf\u00fcgt \u00fcber eine Komposttoilette. Das Badezimmer befindet sich neben dem Tiny House. \n\nDas Tiny House befindet sich im Gr\u00fcnen neben einem Bauernhof und einem Restaurant (Mittwoch und Donnerstag geschlossen). Es bietet die perfekte M\u00f6glichkeit, dem hektischen Alltag zu entfliehen und einen ruhigen und entspannten Aufenthalt inmitten der Natur zu geniessen. \n\n", "url": "https://mulda-hus.jimdosite.com/", "image": "https://sgbtpimtsoch.sos-ch-dk-2.exoscale-cdn.com/catalog/a/f/4/a/af4a1b433e4e0b1b93bf645fdf522d1d57bd50d1_IMG_20240325_153948__2.jpg", "openstreetmap_id": "way/339620277"}, "geometry": {"type": "Point", "coordinates": ["9.38158554815887", "47.40870095"]}}, {"type": "Feature", "properties": {"identifier": "8e339d0c-1279-450a-9ed9-2b65b262f3f0", "name": "Bauernhaus B\u00fcrg", "description": "<p>Laut Inschrift auf einer Ofenkachel stammt das gest\u00e4nderte Giebelhaus aus dem Jahre 1737. Es erhebt sich \u00fcber einem gemauerten Sockel als zweigeschossiger Bau mit seitlichen Lauben und traufst\u00e4ndig angebauter Stallscheune. Zahlreiche Zierelemente schm\u00fccken das Geb\u00e4ude. Nach einer umfassenden Renovation um 1980 bereichert das stattliche Bauernhaus das Bild des D\u00f6rfchens B\u00fcrg entscheidend.<br></p>", "image": "https://sgbtpimtsoch.sos-ch-dk-2.exoscale-cdn.com/catalog/a/6/1/9/a6192eda9500505b9159bc89974104c9b06523a4_b__rg_bauernhaus_dorfstrasse.jpg", "openstreetmap_id": "way/397555141"}, "geometry": {"type": "Point", "coordinates": ["8.94490420818329", "47.24882442092689"]}}, {"type": "Feature", "properties": {"identifier": "8e6741fa-952d-42e8-96bf-139281ef6fc1", "name": "Ortsmuseum Flawil", "description": "<p>Die Villa &laquo;Lindengut&raquo; des einstigen Textilindustriellen Huldreich Ottiker ist seit 1989 Wohn- und ortsgeschichtliches Museum zugleich. Mit dem umgebenden Park mit Wasserbecken und Tuffsteingrotte ist sie Zeugin der textilen Vergangenheit von Flawil. W&auml;hrend mehr als 200 Jahren transportierten Flawiler Fuhrleute Waren f&uuml;r Ostschweizer Textilherren innerhalb der Schweiz, nach Frankfurt am Main, nach Lyon, ja bis nach Marseille und dar&uuml;ber hinaus. Mit dem Bau der Eisenbahn verloren sie ihre Erwerbsgrundlage. Es entstanden Textilbetriebe wie Webereien, Bleicherei, F&auml;rberei, Stickereifabriken, und Stickerh&auml;user pr&auml;gten w&auml;hrend Jahrzehnten Dorfbild und Erwerbsleben in der Untertoggenburger Gemeinde Flawil. Das Museum verf&uuml;gt &uuml;ber einen beachtlichen Bestand an historischem Filmmaterial, z.B. den &auml;ltesten Film des Kantons St.Gallen aus der Zeit um 1905.</p>", "url": "http://www.ortsmuseumflawil.ch/", "image": "https://sgbtpimtsoch.sos-ch-dk-2.exoscale-cdn.com/catalog/2/1/0/c/210cb48de29a100b46fd58881e129aeb828f546f_Lindengut_1_webgr__1_.jpg", "openstreetmap_id": "way/196720659"}, "geometry": {"type": "Point", "coordinates": ["9.1927776", "47.412636"]}}, {"type": "Feature", "properties": {"identifier": "8e6b769f-ca53-4124-894b-e14ea71f7e50", "name": "Innovero GmbH", "description": "<p>Das dynamische und fachkundige Team der Innovero GmbH entwickelt f\u00fcr sie eine massgeschneiderte IT-L\u00f6sung. Sie handelt kosteneffizient und ergebnisorientiert in jeder Gr\u00f6ssenordnung und von der Teill\u00f6sung bis zur Neukonzeption.&nbsp;</p><p><span style=\"font-weight: bold;\">Dienstleistungen:</span></p><ul><li>Beratung / Projektleitung</li><li>Software Entwicklung</li><li>Standardprodukte</li><li>Support Unterst\u00fctzung</li><li>PC-Verkauf</li></ul><p><br></p>", "url": "https://innovero.ch/", "image": "https://sgbtpimtsoch.sos-ch-dk-2.exoscale-cdn.com/catalog/9/e/9/0/9e908a3044ccbd951117613dc618530d06da529e_gewerbe.png", "openstreetmap_id": "way/273592050"}, "geometry": {"type": "Point", "coordinates": ["8.967150023953845", "47.2450046"]}}, {"type": "Feature", "properties": {"identifier": "8e8c4eb6-2efe-40fe-8e08-fb76c80afb14", "name": "Stiftsbezirk St.Gallen", "description": "<p>Der Grundstein der Abtei legte 612 der irische Wanderm&ouml;nch Gallus. 719 wurde die F&uuml;rstabtei St.Gallen gegr&uuml;ndet und 1805 aufgehoben. In dieser &uuml;ber 1000-j&auml;hrigen Geschichte z&auml;hlte das Kloster mit dem Stiftsbezirk zum geistigen Zentrum Europas und wurde 1983 in die Liste des UNESCO-Weltkulturerbes aufgenommen. Noch heute ist der Stiftsbezirk ein geschichtstr&auml;chtiger Ort, der nebst einer der sch&ouml;nsten barocken Bibliotheken der Welt auch den &auml;ltesten Klosterplan seiner Art der &Ouml;ffentlichkeit zug&auml;nglich macht. Attraktive Ausstellungen in der Stiftsbibliothek, im Gew&ouml;lbekeller und im Ausstellungssaal pr&auml;sentieren den einzigartigen Schatz an Handschriften, Urkunden und Drucken. &Ouml;ffentliche und private F&uuml;hrungen durch Fachpersonen vermitteln die Geschichte auf einer pers&ouml;nlichen Ebene. Und f&uuml;r Familien erm&ouml;glicht der R&auml;tselspass einen spielerischen Zugang in die Welt des Klosters.</p>", "url": "https://www.stiftsbezirk.ch/de/veranstaltungen", "image": "https://sgbtpimtsoch.sos-ch-dk-2.exoscale-cdn.com/catalog/4/1/6/e/416eb3784813ceaf7f4f87989bd4e455ff7d0a4a_Photokleinformat_3_2_Luftaufnahme_Stiftsbezirk_.jpg", "openstreetmap_id": "way/8081312"}, "geometry": {"type": "Point", "coordinates": ["9.37864", "47.42329"]}}, {"type": "Feature", "properties": {"identifier": "8ed21150-b746-4cab-a88c-7b776a9b0071", "name": "b\u00e4umig-kreativ", "description": "<p><span style=\"font-weight: bold;\">Mit Motors\u00e4ge, Schnitzmesser und Drechselbank entstehen:</span></p><ul><li>Kugeln, Herzen, Sterne, Engel</li><li>Lampen, Vasen</li><li>Katzenb\u00e4ume</li><li>Schnaps-Totz</li><li>Grabh\u00f6lzer</li><li>Geschenkset \u00abGoldschatz\u00bb</li><li>Dekorationen, Windlichter, Kerzenst\u00e4nder</li><li>Pokale</li><li>\u00d6llampen / Ethanollampen</li><li>M\u00e4nnerhandtasche</li><li>Zaunk\u00f6nige / Zaunengel</li><li>Anz\u00fcndw\u00fcrfel, Grill-Af\u00fc\u00fcrt\u00e4sche und viele andere Sachen</li></ul><p><br><span style=\"font-weight: bold;\">Ausserdem vermietet Fredy folgendes:</span></p><ul><li>Gabeln / Sch\u00fcrzen / Kessel f\u00fcr Waldfondue</li><li>Gartenspiele f\u00fcr Familienanl\u00e4sse</li><li>Verschiedene Herzen f\u00fcr Hochzeiten / sonstige Anl\u00e4sse</li></ul>", "url": "https://www.baeumig-kreativ.ch/", "image": "https://sgbtpimtsoch.sos-ch-dk-2.exoscale-cdn.com/catalog/d/1/0/6/d10670faf7dc973374529c27fa3da040ffeb09b9_Hauptbild_Herz.jpg", "openstreetmap_id": "way/273800582"}, "geometry": {"type": "Point", "coordinates": ["8.94809321105501", "47.25248635"]}}, {"type": "Feature", "properties": {"identifier": "8f1625cc-e51c-4c08-9ff8-7d7692449b52", "name": "Gruppenhaus L\u00f6chli Niederglatt", "description": "Das Grundst\u00fcck L\u00f6chli umfasst etwa 1.4 Hektaren Fl\u00e4che und bietet Natur pur. Hauseigener Mischwald, Bach und Wiese laden zu gen\u00fcsslichen Spazierg\u00e4ngen und abenteuerlichen Erkundungen ein. Die grosse, auf zwei Ebenen angelegte Hauswiese eignet sich hervorragend f\u00fcr Spiel und Spass oder auch zum Entspannen. Das grosse Haus ist sehr gem\u00fctlich eingerichtet. Die grossz\u00fcgigen Einzel- und Doppelzimmer sind \u00e4usserst beliebt. \n\nAngebot:\n- 10 Schlafzimmer mit insgesamt 19 Betten\n- Matratzenlager mit 11 Matratzen", "url": "http://www.loechli.ch/", "image": "https://sgbtpimtsoch.sos-ch-dk-2.exoscale-cdn.com/catalog/0/3/c/2/03c28e82c4d76d056404e7cb94f4d04b6e1137fc_P1000289.JPG", "openstreetmap_id": "way/37627472"}, "geometry": {"type": "Point", "coordinates": ["9.156378191507855", "47.4386301"]}}, {"type": "Feature", "properties": {"identifier": "8fd23180-e7cf-4fb3-b833-d2a56a90978b", "name": "Altstadtf\u00fchrung St.Gallen", "description": "<p>Entdecke die charmante Altstadt St.Gallens! Begib dich mit unseren Guides auf eine spannende Entdeckungsreise durch verwinkelte Gassen mit ihren Erkern und erfahre dabei Wissenswertes zur Stadtgeschichte.</p>", "url": "https://shop.st.gallen-bodensee.ch/de/products/altstadtfuehrung-stgallen", "image": "https://sgbtpimtsoch.sos-ch-dk-2.exoscale-cdn.com/catalog/4/c/8/3/4c83a5e111d688b4503ff68391f96cff565fe0ca_medium__Stadtf__hrungen__8_.jpg"}, "geometry": {"type": "Point", "coordinates": ["9.3757393", "47.4231724"]}}, {"type": "Feature", "properties": {"identifier": "901a4bb7-45a5-474e-a0b7-df91ee91610e", "name": "Maz Diepoldsau", "description": "Hier kommt Ferienstimmung auf: Zwei Feuerstellen laden zum Grillieren ein und Steinbl\u00f6cke dienen hier als Tisch und Bank. An einem sch\u00f6nen Sommertag ist der Sprung ins k\u00fchle Nass ein Muss. Es gibt unz\u00e4hlige weitere gem\u00fctliche Sitzm\u00f6glichkeiten am Wasser.  ", "url": "https://www.agglomeration-rheintal.org/", "image": "https://sgbtpimtsoch.sos-ch-dk-2.exoscale-cdn.com/catalog/e/0/e/2/e0e2a0b935804635a064ca9b99897561b60ec3b1_997A7245.jpg", "openstreetmap_id": "relation/1683873"}, "geometry": {"type": "Point", "coordinates": ["9.673333168029787", "47.388851558583"]}}, {"type": "Feature", "properties": {"identifier": "907777a3-66d5-4afc-9993-fd5ab9aef8ac", "name": "Feuerwehrmuseum Goldingen", "description": "<p>Mit der Gemeindevereinigung am 1. Januar 2013 kam der \nZusammenschluss mit der Feuerwehr Eschenbach. Das \nWerkdienstgeb\u00e4ude in Hintergoldingen wird weiterhin auch als \nFeuerwehrdepot f\u00fcr Goldingen und Hintergoldingen genutzt, jedoch f\u00fcr das alte Depot in Goldingen gab es keine Verwendung mehr. Die Idee eines Feuerwehrmuseums ist entstanden und es wurde aus allen drei Gemeinden Material zusammengetragen.&nbsp;&nbsp;</p>", "image": "https://sgbtpimtsoch.sos-ch-dk-2.exoscale-cdn.com/catalog/7/5/b/1/75b180acc52866d42bc904f83e04327a39eaa3d1_IMG_0767.jpg", "openstreetmap_id": "way/270254337"}, "geometry": {"type": "Point", "coordinates": ["8.966780304908754", "47.26227047212515"]}}, {"type": "Feature", "properties": {"identifier": "90892635-009a-4de8-990e-f2044dc4816e", "name": "Malen im Atelier farbRAUM", "description": "<p class=\"MsoNormal\">Das Atelier farbRAUM bietet Platz f\u00fcr grossfl\u00e4chiges Malen\nund Experimentieren. Die alten, liebevoll renovierten R\u00e4ume im ehemaligen\nSchulhaus R\u00fceterswil verspr\u00fchen Charme und der herrliche Weitblick l\u00e4sst zur\ninneren Ruhe kommen.</p><p class=\"MsoNormal\"><span style=\"font-weight: bold;\">Preise / inbegriffene Leistungen </span></p><ul><li>Malen und Experimentieren im Atelier</li><li> jeder Teilnehmende gestaltet sein eigenes Werk unter kompetenter Anleitung</li><li> Grundmaterial inbegriffen (Pinsel, Farben, Papier), Leinw\u00e4nde zus\u00e4tzlich in\nverschiedenen &nbsp;&nbsp;Gr\u00f6ssen</li><li>Getr\u00e4nke und Geb\u00e4ck</li><li>Preis Erwachsene CHF 40.00/h Preis Kind CHF 30.00/h</li></ul><p><span style=\"font-weight: bold;\"><br>Tipps und Hinweise</span><br></p><ul><li>Verschiedene Maltechniken k\u00f6nnen ausprobiert werden (Acryl, Pigment, Pastell,\nAquarell, Stifte etc.)</li><li>Auf Papier, Karton, Holz oder Leinwand entsteht das eigene Bild</li><li>Das Atelier farbRAUM befindet sich direkt an der Herzroute. Vom Atzm\u00e4nnig ca.\n10 Autominuten, 15 Minuten mit dem E-Bike oder etwa 1 Std. zu Fuss auf schmaler\ngeteerter Strasse</li><li>Kindergeburtstage oder Firmenanl\u00e4sse auf Anfrage</li></ul><p> <o:p></o:p></p>\n\n<p><span style=\"font-weight: bold;\">Durchf\u00fchrung</span></p><ul><li>T\u00e4glich, bei jeder Witterung</li><li>Dauer 2-3 h </li><li>Tagesworkshop Preis CHF 180.00/Person</li><li>Anmeldung erforderlich (Absage, resp. Verschiebung bis 2 Tage im Voraus\nm\u00f6glich)</li></ul><p> <o:p></o:p></p>\n\n<p><span style=\"font-weight: bold;\">Gruppengr\u00f6sse</span></p><ul><li>Mind. 3 Personen</li><li>Max. 8 Personen (kleinere + gr\u00f6ssere Gruppen auf Anfrage)<o:p></o:p></li></ul>", "url": "https://www.atelierfarbraum.ch/", "image": "https://sgbtpimtsoch.sos-ch-dk-2.exoscale-cdn.com/catalog/a/a/1/2/aa128bac7d89772ce19d97fba1360682a7f6e54b_Sonnenuntergang.JPG", "openstreetmap_id": "way/271938135"}, "geometry": {"type": "Point", "coordinates": ["8.98151644685768", "47.26036445"]}}, {"type": "Feature", "properties": {"identifier": "90fb2247-91e2-4b53-a997-086b7051e5e9", "name": "Rock- und Pop-Museum", "description": "<p><span style=\"font-size: 12.0pt; line-height: 107%; font-family: 'Calibri',sans-serif; mso-ascii-theme-font: minor-latin; mso-fareast-font-family: 'Times New Roman'; mso-hansi-theme-font: minor-latin; mso-bidi-theme-font: minor-latin; mso-ansi-language: DE-CH; mso-fareast-language: DE-CH; mso-bidi-language: AR-SA;\">Erlebe die Entwicklung der popul&auml;ren Musik von den Anf&auml;ngen des 20. Jahrhunderts bis in die 2000-er-Jahre. Begegne W.C. Handy, dem &laquo;Father of the Blues&raquo;, den vier grossen britischen Band und vielen anderen Stars. Sieh viele Auszeichnungen (Gold- und Platinscheiben), Memorabilien, Fotos und Autogrammen sowie Film- und Audiodateien. Die Guides erz&auml;hlen bei einer gef&uuml;hrten Zeitreise Storys zu Musikgeschichte, K&uuml;nstlern und Bands oder einzelnen Songs. Erlebe Musikgeschichte in Wort, Bild und Ton.<br><br><br></span></p>", "url": "http://www.rockpopmuseum.ch/", "image": "https://sgbtpimtsoch.sos-ch-dk-2.exoscale-cdn.com/catalog/3/9/6/e/396ec115c25c26dbf5acde0ea578dd55daaf374a_62.JPG", "openstreetmap_id": "way/195819244"}, "geometry": {"type": "Point", "coordinates": ["9.2356921", "47.473747"]}}, {"type": "Feature", "properties": {"identifier": "910275d4-e4e1-46a7-ab29-b096503862ed", "name": "BCB Bleisch Craft Beer", "description": "Der Brauer, Marco Bleisch, l\u00e4sst einem seine Freude am Bierbrauen ab dem ersten Moment sp\u00fcren. Er erz\u00e4hlt von Zutaten, dem Brauprozess, anstehenden Projekten und neuen Ideen. Dass man in einer Garage sitzt, geht dabei schnell vergessen. Einen oder zwei Tage pro Woche ist Marco hier anzutreffen. Pro Sud produziert er etwa 300 Liter Bier. Abf\u00fcllanlage, K\u00fchlzelle, G\u00e4rfass und fruchtbetont m\u00f6gen einem noch bekannt vorkommen, wenn es um Dry Hopping, Hopfennote oder Porter Bier geht, wird es schon spezifischer. Marco ist ehrlich mit sich selbst und freut sich, wenn ein Bier gelingt. Ein gutes Bier braucht Geduld und gute Lagerung. Der Brauer Bescheidenheit, Begeisterung und Leidenschaft. Auch das Bierbrauen ist herrlich f\u00fcr Marco. Dort findet er einen Ausgleich zum Arbeitsalltag und kann seine kreativen Ideen umsetzen. So entstand zum Beispiel das beliebte Honig-Rosmarin Bier. Deshalb hat er vor rund neun Jahren das Einzelunternehmen \u00abBCB Bleisch Craft Beer\u00bb gegr\u00fcndet, das er selbst betreibt. Nicht ohne tatkr\u00e4ftige Helfer nat\u00fcrlich, diese werden in Naturalien, also in Bier bezahlt.", "url": "https://www.bleischcraftbeer.ch", "image": "https://sgbtpimtsoch.sos-ch-dk-2.exoscale-cdn.com/catalog/1/c/5/6/1c562a24eb035b184f0f2220f833997e680fa1ff_Bleischbier1.jpg", "openstreetmap_id": "way/309204490"}, "geometry": {"type": "Point", "coordinates": ["9.34248", "47.41139"]}}, {"type": "Feature", "properties": {"identifier": "913f6b66-48d2-420a-9aa5-c7485e9974d0", "name": "Restaurant Lagerhaus", "description": "Das Restaurant Lagerhaus begeistert mit seiner urbanen Feuerstelle. Der einmalige Buchenholzgrill im Restaurant macht es m\u00f6glich, den frischen Fisch- und Fleischgerichten bei deren Zubereitung \u2013 auf den Punkt gebraten - zuzuschauen. Der Lagerung des Fleisches wird im eigenen Klimaschrank spezielle Beachtung geschenkt und auf naturbelassene Zutaten und hausgemachte Produkte von regionalen Produzenten gesetzt. Nat\u00fcrlich sind dem aufgestellten, jungen Team auch Vegetarier nicht Wurst. Sie kommen beispielsweise mit hausgemachter Pasta oder saisonalem Prosecco-Risotto auf ihre Kosten. Der Weinkeller, der zum Verweilen einl\u00e4dt, bietet eine Auswahl an kleinen und grossen Flaschen, wobei der Fokus mehrheitlich auf italienische Anbaugebiete gerichtet ist. Im Stadtsaal werden gerne und oft rauschende Feste gefeiert.", "url": "http://www.restaurantlagerhaus.ch", "image": "https://sgbtpimtsoch.sos-ch-dk-2.exoscale-cdn.com/catalog/5/2/d/a/52da4e94dac1261afd721a7e04ea215dc0b7982c_Restaurant_Lagerhaus_Innenbereich__1___2.jpg", "openstreetmap_id": "node/513061067"}, "geometry": {"type": "Point", "coordinates": ["9.36804", "47.42007"]}}, {"type": "Feature", "properties": {"identifier": "9158bec9-0af4-4910-b0e1-679e618217c2", "name": "BleicheBad, Wellness & Spa", "description": "<p>HERZLICH WILLKOMMEN IM BLEICHEBAD.</p><p>In alten Hallen heizen wir mit Wasserkraft f&uuml;r Sie ein.&nbsp;</p><p>Das exklusive BleicheBad bietet in privater Atmosph&auml;re Raum zum Entspannen und Abtauchen. Es umfasst eine Kosmetik- und Massageabteilung, eine Finnische- &amp; Aussensauna, ein Dampfbad, einen Relaxpool, ein Kaltbecken, einen Kneippweg und einen einladenden Aussenbereich.</p>", "url": "https://bleiche.ch/bad/", "image": "https://sgbtpimtsoch.sos-ch-dk-2.exoscale-cdn.com/catalog/1/6/4/4/16443d636d83a8d1d574f3f5034ab33e57618801_NAZ_7094_150210_1_.jpg", "openstreetmap_id": "node/10875006054"}, "geometry": {"type": "Point", "coordinates": ["8.9101951", "47.2752311"]}}, {"type": "Feature", "properties": {"identifier": "91cfbc87-7fcb-4d0e-acb0-f8c965e3b0cc", "name": "Markthalle Altenrhein - Hundertwasser Architektur", "description": "<p>Vergoldete Zwiebelt&uuml;rme, leuchtende Farben, geschwungene Linien, ungleiche Fenster, unebene B&ouml;den, bunte Keramiks&auml;ulen, schattige Wandelg&auml;nge. Ein M&auml;rchenschloss mitten im Industriegebiet. Ausflugsziel, Museum, Galerie, Shop und Eventlokal unter einem Dach, auf dem vier leuchtende Goldkuppeln thronen. Die Markthalle Altenrhein ist ein Architekturprojekt nach Idee und Konzept des &ouml;sterreichischen K&uuml;nstlers Friedensreich Hundertwasser. Das Einzige, das in der ganzen Schweiz gebaut wurde. Sie liegt in unmittelbarer N&auml;he zum Bodensee, der Stadt St. Gallen, dem Appenzellerland und direkt am internationalen Bodensee-Radweg.</p>\n<p><span style=\"font-size: 12.0pt; font-family: 'Aptos',sans-serif; mso-fareast-font-family: Aptos; mso-fareast-theme-font: minor-latin; mso-bidi-font-family: Aptos; mso-ansi-language: DE-CH; mso-fareast-language: DE-CH; mso-bidi-language: AR-SA;\">Die ganze Halle und das Bistro sind rollstuhlg&auml;ngig.</span></p>", "url": "http://www.markthalle-altenrhein.ch", "image": "https://sgbtpimtsoch.sos-ch-dk-2.exoscale-cdn.com/catalog/5/1/1/0/51100ff9b826b17eea804dba6980c18415941925_Markthalle_GW_CMYK.jpg", "openstreetmap_id": "way/103450475"}, "geometry": {"type": "Point", "coordinates": ["9.54854", "47.48515"]}}, {"type": "Feature", "properties": {"identifier": "9262161f-7184-4560-93d1-ff03cb8d400b", "name": "Hotel Walhalla", "description": "<p>Das Hotel Walhalla geh&ouml;rt seit dem 19. Jahrhundert zum St.Galler Stadtbild. Erstmals beherbergte der Bau Hotelg&auml;ste im Jahr 1887. Um den G&auml;sten weiterhin ein zeitgem&auml;sses Ambiente zu bieten, wurde das Hotel Walhalla im Mai 2018 f&uuml;r eine umfangreiche Renovierung geschlossen. Das Traditionshaus verf&uuml;gt &uuml;ber 100 Zimmer mit komfortabler Ausstattung, der Brasserie Walhalla mit Schweizer Spezialit&auml;ten und der Walhalla Bar, mit einer grossen Auswahl an lokalen und internationalen Getr&auml;nken und Snacks. Mit der zentralen Lage am Bahnhof St.Gallen und dem erweiterten Seminarbereich mit sechs R&auml;umen und modernster Seminartechnik bietet das Hotel optimale Voraussetzungen f&uuml;r Veranstaltungen.</p>", "url": "http://www.hotelwalhalla.ch/", "image": "https://sgbtpimtsoch.sos-ch-dk-2.exoscale-cdn.com/catalog/1/a/9/7/1a972a61a88eb03cc183798bd670788f5307ca8b_7S9A8647___BZ__2.jpg", "openstreetmap_id": "node/445467384"}, "geometry": {"type": "Point", "coordinates": ["9.3711451", "47.4238762"]}}, {"type": "Feature", "properties": {"identifier": "92665b4f-29c5-444e-b9a5-5537948723a9", "name": "Ferienhaus \u00abFlueli\u00bb im Dorf Urn\u00e4sch", "description": "Lust, einmal dem City Alltag zu entgehen, oder das Gewohnte hinter sich zu lassen? Oder das Homeoffice mit traumhafter Sicht auf die Berge und sanftem Bachrauschen im Hintergrund, zu verlegen? Freude am Wandern, Golfen, Biken oder Langlaufen? Ein freundliches Appenzeller Haus im traditionsreichen und attraktiven Urn\u00e4scher Dorfkern freut sich auf Ihren Besuch.\n\nDas Haus an S\u00fcdhanglage ist freistehend, 2-st\u00f6ckig, ca. 100 Jahre alt und wurde 2021/2022 leicht renoviert mit durchgehend neuen Bio Vinyl B\u00f6den, Parkett im Wohnzimmer und mehrheitlich neuen Fenstern und hell gestalteten Zimmern. Im Wohn- und Schlafbereich 1. OG ist die Zimmerh\u00f6he 2 m, im Schlafbereich 2. OG 1.90 m. Zwei freistehende Parkpl\u00e4tze stehen zur alleinigen Ben\u00fctzung zur Verf\u00fcgung.\nNeben den vier Zimmern hat es eine K\u00fcche mit folgenden Ger\u00e4ten: drei Herdplatten und Backofen, Nespresso Kaffeemaschine, Wasserkocher, Haushaltmaschine, Toaster, Raclette Ofen, K\u00e4se- und Chinois Ger\u00e4te, K\u00fchlschrank, Geschirrsp\u00fcler und \u00fcbliche K\u00fcchenutensilien.\nDas Bad beinhaltet Badewanne, separate Dusche, Lavabo, Handtuchw\u00e4rmer, F\u00f6n und Frott\u00e9ew\u00e4sche. Das WC ist separat.\nDas Haus kann mit einem \u00f6lbefeuerten Kachelofen und individuellen Elektro-Heizk\u00f6rpern beheizt werden.", "image": "https://sgbtpimtsoch.sos-ch-dk-2.exoscale-cdn.com/catalog/4/5/4/1/4541440f696aae303fe429a672ee59a4c16b95e5_Hauptbild.jpg", "openstreetmap_id": "way/38692247"}, "geometry": {"type": "Point", "coordinates": ["9.2818477", "47.3176234"]}}, {"type": "Feature", "properties": {"identifier": "92f7c768-bfa0-4f3c-a48d-3e0fa784eb2c", "name": "Tiki Strandbar", "description": "Die TIKI-Strandbar in Goldach ist seit 2008 der sommerliche Place-to-be fu\u0308r entspannte Gemu\u0308tlichkeit mit Ferienfeeling \u2013 ob mit Freunden, Familie oder zu zweit. Chillige Himmelbetten, ein u\u0308bersichtliches aber vielseitiges Angebot an Drinks & Snacks und atemberaubende Sonnenunterga\u0308nge \u2013 was wollen wir Meer?\n\nDas kleine aber feine Angebot l\u00e4sst sich auf den gemu\u0308tlichen Liegen oder an den beliebten Lounges und Tischen geniessen - auf jeden Fall direkt am See. Und fu\u0308r alle die weiter mu\u0308ssen, gibt es das Ganze auch zum mitnehmen.\n\nDie TIKI Strandbar liegt direkt beim Hafen Goldach und ist w\u00e4hrend der Sommersaison, vom Mai bis September, jeden Tag bei sch\u00f6nem Wetter offen.\n\nDie gem\u00fctlichen Himmelbetten und rustikalen Holzm\u00f6bel im vintage Look, schaffen eine einzigartige Atmosph\u00e4re und bieten viele verschieden Sitz- und Liegefl\u00e4chen. Die Strandbar ist der perfekte Ort f\u00fcr unvergessliche Momente, neue Bekanntschaften und atemberaubende Sonnenunterg\u00e4nge. Live-Auftritte und Events runden das Angebot ab. ", "url": "http://www.tikistrandbar.ch/", "image": "https://sgbtpimtsoch.sos-ch-dk-2.exoscale-cdn.com/catalog/8/c/6/1/8c614f6a2c0bfcb1037eda1560a32d9ff946a309_997A6018.jpg", "openstreetmap_id": "node/2450055638"}, "geometry": {"type": "Point", "coordinates": ["9.4791691", "47.4828538"]}}, {"type": "Feature", "properties": {"identifier": "939bed85-c960-400a-b64d-1d4a968ab44c", "name": "Gnusstour - \"Chalts Pl\u00e4ttli\"", "description": "<p>Hier kann der Zmittag, Zvieri oder Znacht f&uuml;r unterwegs in verschiedenen Hofl&auml;den eingekauft werden.</p><p>Die 41,6 km lange Strecke f&uuml;hrt an verschiedenen Einkehrm&ouml;glichkeiten und Hofl&auml;den vorbei. Mit dem eigenen E-Bike oder im Atzm&auml;nnig gemieteten T&ouml;ffli kann die wundersch&ouml;ne Landschaft im Goldingertal genossen werden. Gestartet werden kann gleich bei der Talstation im Atzm&auml;nnig.</p><p>Ebenfalls kann f&uuml;r verschiedene Routen mit dem T&ouml;ffli ein Guide gebucht werden.&nbsp;</p><p>Detailliertere Informationen sind auf <a href=\"https://www.outdooractive.com/de/route/radtour/zuercher-oberland/erlebnisreise-chalts-plaettli-goldingertal/47890348/#caml=99c,1h6b2i,7tc3md,0,0\" target=\"_blank\" rel=\"noopener\">outdooractive </a>erfasst.</p><p class=\"MsoNormal\">Anreise mit den &ouml;ffentlichen Verkehrsmitteln:<br>Bus 630 von Eschenbach (Dorftreff) nach Hintergoldingen (Atzm&auml;nnig Schutt)</p>", "url": "https://www.atzmaennig.ch/de/gruppenevents/gesamtangebot-fuer-gruppen/toeffli-touren/?search_highlighter=chalts", "image": "https://sgbtpimtsoch.sos-ch-dk-2.exoscale-cdn.com/catalog/3/1/e/9/31e982882fe786a2916fd83858c5f4170a37ed28_7.png", "openstreetmap_id": "way/231502473"}, "geometry": {"type": "Point", "coordinates": ["8.99704973589569", "47.28537835"]}}, {"type": "Feature", "properties": {"identifier": "93e82970-b657-4e3a-b28d-297292d0c1bc", "name": "auviso - audio visual solutions ag", "description": "<p>Auviso bietet einen umfassenden Dienstleistungsmix f\u00fcr die erfolgreiche Konzeption und Durchf\u00fchrung Ihrer Veranstaltung. Das Team unterst\u00fctzt Sie technisch oder inhaltlich mit modernem Equipment und innovativen Ideen.<br></p>", "url": "https://auviso.ch/de/", "image": "https://sgbtpimtsoch.sos-ch-dk-2.exoscale-cdn.com/catalog/f/3/f/e/f3fe853c5bfe7f0e4e6275971d3a4b62071d67ce_auviso_kompetenz_Event_Technik_04.jpg", "openstreetmap_id": "way/309838630"}, "geometry": {"type": "Point", "coordinates": ["9.31463906864774", "47.408186650000005"]}}, {"type": "Feature", "properties": {"identifier": "93ef84ff-d7b0-41e0-8c40-17572460f7c2", "name": "Wanderung von Eschenbach nach Schmerikon", "description": "<p>Eine gem&uuml;tliche rund einst&uuml;ndige Wanderung f&uuml;hrt von Eschenbach Dorftreff &uuml;ber Bruggenfeld-Katzenried-Oberbolligen nach Schmerikon. Der letzte Teil der Strecke ist auf dem Strandweg.</p><p>Zwischendurch kann gem&uuml;tlich in Oberbolligen bei der Wirtschaft zum Hof eingekehrt werden oder die Seepromenade l&auml;dt zum Verweilen ein.</p><p class=\"MsoNormal\">R&uuml;ckreise mit den &ouml;ffentlichen Verkehrsmitteln:<br>Bus 630 von Schmerikon (Bahnhof) nach Eschenbach (Dorftreff)</p><p class=\"MsoNormal\">Die genaue Route sowie die GPX Daten sind unter diesem&nbsp;<a href=\"https://schweizmobil.ch/de/tour/2405456\">Link</a> ersichtlich.</p>", "image": "https://sgbtpimtsoch.sos-ch-dk-2.exoscale-cdn.com/catalog/b/e/d/f/bedfd20a9f5901488241c3e539d10897ed2bae09_2020_Luftbild_EschenbachSG_nachOsten.jpg", "openstreetmap_id": "relation/1683933"}, "geometry": {"type": "Point", "coordinates": ["8.940639495849611", "47.22551390230675"]}}, {"type": "Feature", "properties": {"identifier": "9430a7f3-837b-4ac9-8a55-d89a5475c2cd", "name": "Sommerb\u00fchne Kulturverein Schloss Wartegg", "description": "Vom 2. Juni bis am 28. Juli steht auch dieses Jahr das m\u00e4rchenhafte Zelt im Warteggpark und l\u00e4dt zu unvergesslichen, vertr\u00e4umten Sommerabenden. F\u00fcr kleine und feine H\u00e4ppchen und Getr\u00e4nke sorgt die Park-Caf\u00e9-Bar von Luzia Hebel-Kappenthuler von der Badi Speck, Staad (speck-catering.ch) mit Ueli Vogt.", "url": "https://wartegg.ch/", "image": "https://sgbtpimtsoch.sos-ch-dk-2.exoscale-cdn.com/catalog/d/2/2/2/d22255fa3c1ec8d3c5f84d1f1615a739fe81a52e_small__Schloss_Wartegg_Aussenansicht_3.jpg"}}, {"type": "Feature", "properties": {"identifier": "95ecec91-f6c2-4107-845f-26d1c589a1f9", "name": "Gl\u00fccklichmacher - by TOPAZ", "description": "Wollten Sie schon immer mal einen etwas anderen Teamanlass organisieren? Dann ist dieser Event mehr als nur eine Gl\u00fcckssache! Sie erleben einen Tag als Team, fernab von der allt\u00e4glichen Arbeit. \n\nTOPAZ schneidert ein auf Ihre W\u00fcnsche abgestimmtes Angebot und bringt Sie an einen Ort, wo Sie etwas Nachhaltiges und Positives bewirken k\u00f6nnen. Ein Event mit Ausstrahlung, bei dem Sie auf Ihre Gruppenleistung besonders stolz sein k\u00f6nnen!", "url": "https://zeitreisen.ch", "image": "https://sgbtpimtsoch.sos-ch-dk-2.exoscale-cdn.com/catalog/3/5/e/5/35e592767586aff5b64a6a27efa4a890b3355ad9_Bild_04.jpg", "openstreetmap_id": "relation/1683947"}, "geometry": {"type": "Point", "coordinates": ["9.373580217361452", "47.3895765279229"]}}, {"type": "Feature", "properties": {"identifier": "96af4a91-60bd-4e03-9342-cfd979931dc5", "name": "Velotour Bannwald durch den Chlosterwald", "description": "<p>Diese Velotour startet beim Dorftreff in Eschenbach. Von dort f&auml;hrt man &uuml;ber Mettlen Richtung Herrenweg und weiter zum Haselholz und Uznaberg. Von dort f&uuml;hrt der sch&ouml;ne Weg &uuml;ber den Goldberg weiter durch den Bannwald und Cholosterwald bis fast nach Lehnholz. Ab hier wird wieder in die andere Richtung gefahren zur&uuml;ck &uuml;ber das Bruggenfeld zum Dorfplatz in Eschenbach</p><p>Distanz ca. 15.6km / Dauer ca. 2h</p><p>Die genaue Route sowie die GPX Daten sind unter diesem <a href=\"https://schweizmobil.ch/de/tour/2520564\">Link</a>&nbsp;ersichtlich.</p>", "image": "https://sgbtpimtsoch.sos-ch-dk-2.exoscale-cdn.com/catalog/f/e/b/a/feba1a33f80e0da085ffa483d21a4b348bff0bf7_2026_20200904_luftaufnahmen_eschenbach_ganzes_dorf.jpg", "openstreetmap_id": "node/7126452312"}, "geometry": {"type": "Point", "coordinates": ["8.9192171", "47.2377528"]}}, {"type": "Feature", "properties": {"identifier": "97aca84c-fb9f-4ff8-bde4-8374f5578c7e", "name": "W\u00e4bch\u00e4ller von Helen Niederer", "description": "Im W\u00e4bch\u00e4ller des bald 300 Jahre alten Hauses Oberdorf 9, mitten in B\u00fchler, stehen seit 25 Jahren zwei Handwebst\u00fchle. Im 18. und im 19. Jahrhundert wurde in diesem Haus gewoben, wie in 236 anderen H\u00e4usern in B\u00fchler. Heute fliegt das Weberschiffli wieder fleissig hin und her und es \u00abchlepft\u00bb wie fr\u00fcher. Es entstehen Textilien wie Handt\u00fccher, Tischw\u00e4sche und Einkaufstasche mit verschiedenen Mustern und Farben aus nat\u00fcrlichem Material. \n\nIm gem\u00fctlichen Haus mit viel Charme stehen zudem zwei Doppelzimmer, lauschige Pl\u00e4tzchen im Garten und ein Aufenthaltsraum mit TV f\u00fcr G\u00e4ste zur Verf\u00fcgung. Das BnB steht mitten im Appenzellerland und ist Ausgangspunkt f\u00fcr Touren in den Alpstein oder f\u00fcr Ausfl\u00fcge an den Bodensee und in die Textilstadt St. Gallen", "url": "https://www.waebchaeller.ch/angebot/", "image": "https://sgbtpimtsoch.sos-ch-dk-2.exoscale-cdn.com/catalog/7/8/b/0/78b055f6145e8e65272aa167d925e6abdf99b007_IMGP0771.JPG", "openstreetmap_id": "node/11158904513"}, "geometry": {"type": "Point", "coordinates": ["9.426107369486177", "47.37377327880496"]}}, {"type": "Feature", "properties": {"identifier": "97b69966-ea79-41ce-b999-018c80b809fe", "name": "PODhouses-Holz-Iglus", "description": "<p>Die Ausstattung der PODhouses ist klein aber fein: Mit 2 bis 6 Betten bieten die Holz-Iglus gen\u00fcgend Platz f\u00fcr die ganze Familie. Selbstverst\u00e4ndlich m\u00fcssen auf Annehmlichkeiten wie Strom und Licht auch mitten in der Natur nicht verzichtet werden. Die PODhouses sind gut isoliert und dank elektrischer Heizung auch im Winter nutzbar. Ein echtes Erlebnis f\u00fcr Outdoor-Fans oder f\u00fcr alle, die es noch werden m\u00f6chten. </p><p>Die PODhouses stehen etwas abseits auf einer kleinen Waldlichtung in der N\u00e4he des Campingplatzes bei der Talstation Atzm\u00e4nnig. Die WC, Lavabos und Duschen mit gratis Warmwasser finden Sie direkt bei den Camping-Sanit\u00e4r-Anlagen. Zum Fr\u00fchst\u00fcck m\u00fcssen Sie nur ein paar Schritte r\u00fcber ins Restaurant Atzm\u00e4nnig Lodge. Gerne k\u00f6nnen Sie sich aber auch Ihr Fr\u00fchst\u00fcck mit unserer \u00abZmorge-Box\u00bb bequem ins Holz-Iglu liefern lassen. F\u00fcr weitere Mahlzeiten stehen Ihnen diverse Restaurants zur Verf\u00fcgung. Und wenn Sie lieber etwas mehr Abenteuer haben m\u00f6chten, dann nutzen Sie gleich unterhalb unsere sch\u00f6n angelegte Feuerstelle. Die feine \u00abGrill-Box\u00bb bekommen Sie nat\u00fcrlich von uns.<br></p>", "url": "https://www.atzmaennig.ch/de/uebernachten/podhouses-holz-iglus/", "image": "https://sgbtpimtsoch.sos-ch-dk-2.exoscale-cdn.com/catalog/6/a/c/6/6ac6be7abdd8180826882bd447c0c2487886b349_PODhouse_Atzm__nnig_3.jpg", "openstreetmap_id": "way/911466485"}, "geometry": {"type": "Point", "coordinates": ["8.995227813720705", "47.28441163437929"]}}, {"type": "Feature", "properties": {"identifier": "97e51342-c74b-4ec1-b0d7-58670b4980d5", "name": "Lokremise St.Gallen", "description": "<p>Die Vergangenheit des Industriebaus lebt in den Schienen, den fahrbaren Sitzb\u00e4nken und der offenen Raumgestaltung weiter. In der Brasserie Lok wird der Esprit de Paris nach St.Gallen gebracht.</p><p></p><p>Weltbekannte Gerichte wie das Entrec\u00f4te Caf\u00e9 de Paris, der knackig-frische Salade Ni\u00e7oise, die wunderbar schmackhafte Bouillabaisse und bretonische Austern regen die kulinarische Fantasie an. Und das Sortiment an feinsten Bordeauxweinen rundet jedes Gericht perfekt ab.</p><p></p><p>Im Salon und im Bistro werden diese franz\u00f6sischen K\u00f6stlichkeiten und edlen Tropfen serviert. Die Bar l\u00e4dt den ganzen Tag zum Verweilen ein \u2013 mit dem Morgenkaffee oder einem Glas Champagner. Dabei kann auch das imposante John Armleder Kunstwerk bewundert werden.</p>", "url": "https://www.brasserielok.ch/", "image": "https://sgbtpimtsoch.sos-ch-dk-2.exoscale-cdn.com/catalog/c/8/0/0/c800916f020d4711dec5d49276de19d25f4aa324_20210611_BRASSERIE_CHEZ_LOK_052.jpg", "openstreetmap_id": "way/41697921"}, "geometry": {"type": "Point", "coordinates": ["9.3661", "47.42135"]}}, {"type": "Feature", "properties": {"identifier": "9800ecdd-da25-4dcd-9199-3feb71542ee6", "name": "E-Bike Adventure: Dein Team-Event mit See-Panorama!", "description": "<p data-path-to-node=\"4\">Vergesst langweilige Wandertage! Wir bringen euch mit Speed und Style durch die Bodensee-Region. Damit jeder auf seine Kosten kommt, haben wir unser Setup f&uuml;r euch gepimpt: W&auml;hlt zwischen unseren&nbsp;<strong data-path-to-node=\"4\" data-index-in-node=\"196\">E-Fullys</strong>, die mit ihrer Vollfederung f&uuml;r maximalen Komfort und Fahrspass auf jedem Untergrund sorgen, oder unseren <strong data-path-to-node=\"4\" data-index-in-node=\"311\">E-Gravel Bikes</strong>, die perfekte Wahl f&uuml;r alle Fitness-Fans, die Bock auf ein sportlich-dynamisches Fahrgef&uuml;hl haben.</p><h2 data-path-to-node=\"5\">Das erwartet euch:</h2><ul data-path-to-node=\"6\"><li><p data-path-to-node=\"6,0,0\">Startschuss im Hafen: Wir treffen uns im charmanten Rorschach. Von dort aus cruisen wir entspannt am Ufer entlang Richtung Naturschutzgebiet Bisew&auml;ldli. Haltet die Augen offen &ndash; mit &uuml;ber 330 Vogelarten ist das hier ein echtes Natur-Highlight.</p></li><li><p data-path-to-node=\"6,1,0\">Reben-Vibe &amp; Panorama: &Uuml;ber Thal geht es mitten hinein in die malerischen Rebberge. Hier geniessen wir die gr&uuml;ne Kulisse, bevor wir den Rorschacherberg in Angriff nehmen.</p></li><li><p data-path-to-node=\"6,2,0\">Power-Up: Keine Sorge wegen der H&ouml;henmeter! Dank massiver Elektro-Unterst&uuml;tzung fliegen wir den Anstieg f&ouml;rmlich hoch. Oben angekommen, belohnt uns der legend&auml;re Schl&ouml;sserrundweg mit einem atemberaubenden Panorama-Blick &uuml;ber den glitzernden Bodensee.</p></li><li><p data-path-to-node=\"6,3,0\">Kultur im Vorbeifahren: Auf dem R&uuml;ckweg zum Seeufer passieren wir das historische Kornhaus &ndash; ein architektonisches Statement aus dem 18. Jahrhundert.</p></li></ul><p data-path-to-node=\"7\">Lasst euch von der Vielfalt am Bodensee begeistern und entdeckt neue Facetten der Region. <strong data-path-to-node=\"7\" data-index-in-node=\"90\">Gemeinsam in die Pedale, fertig, los!</strong></p>", "url": "https://st.gallen-bodensee.ch/de/", "image": "https://sgbtpimtsoch.sos-ch-dk-2.exoscale-cdn.com/catalog/3/1/d/a/31da4ff58e9ea339124c90474fb3f9be7fa5e276_medium__E_Bike_Tour_Rorschach.jpg", "openstreetmap_id": "way/179748654"}, "geometry": {"type": "Point", "coordinates": ["9.493603706359865", "47.47876864786605"]}}, {"type": "Feature", "properties": {"identifier": "980d7f02-ed19-4a41-bbec-a723152d27d9", "name": "Sweetwolf St\u00fcbli", "description": "<p class=\"s4\"><span class=\"s3\">GENUSS trifft ERLEBNIS</span></p><p class=\"s2\">Ob Weihnachtsfeier, Jubil&auml;um, Geburtstage oder Versammlungen &ndash; der Anlass wird ein&nbsp;<span class=\"s3\">unvergleichlicher Event</span>. Hier gibt&rsquo;s nicht nur <span class=\"s3\">kulinarische Highlights</span>, sondern auch Momente, die<span class=\"s3\">zusammenschwei&szlig;</span><span class=\"s3\">en.</span></p><p class=\"s2\">Das Angebot f&uuml;r euch:</p><div class=\"s6\"><span class=\"s5\">\u25aa Kochkurse mit i</span><span class=\"s3\">ndividuellen Men&uuml;s</span> &ndash; von klassisch, vegan, laktosefrei-oder glutenfrei</div><div class=\"s6\">&nbsp;</div><div class=\"s6\"><span class=\"s5\">\u25aa&nbsp;</span><span class=\"s3\">Stimmungsvoller Rahmen</span> in angenehmer Atmosph&auml;re - Dessertabende, Brunches oder thematische Dinner</div><div class=\"s6\">&nbsp;</div><div class=\"s6\"><span class=\"s5\">\u25aa </span><span class=\"s3\">Catering </span><span class=\"s3\">nach Wunsch</span> - direkt zu euch in den Verein oder an eure Wunsch-Location</div><div class=\"s6\">&nbsp;</div><div class=\"s6\"><span class=\"s5\">\u25aa </span><span class=\"s3\">Teamevents</span><span class=\"s3\">- und Acton</span> <span class=\"s3\">mit Spa&szlig;faktor</span> &ndash; gemeinsamkochen, lachen und genie&szlig;en</div><p class=\"s2\">Mit &uuml;ber 16 Jahren Erfahrung in Kochkursen und unz&auml;hligen Veranstaltungen wissen wir genau, wie Genuss und gute Stimmung zusammenpassen.</p><p class=\"s2\">Hier geht&rsquo;s nicht nur ums Essen &ndash; hier entstehen Erinnerungen, die bleiben. Wir machen eure Feier einzigartig &ndash; von der Planung bis zum letzten Bissen.</p><p class=\"s2\">&nbsp;</p>", "url": "https://www.sweetwolf.ch", "image": "https://sgbtpimtsoch.sos-ch-dk-2.exoscale-cdn.com/catalog/f/f/7/3/ff7377e46e2ecd27ee63359f2308bdf7424ed14f_IMG_4501.jpeg", "openstreetmap_id": "node/13514189869"}, "geometry": {"type": "Point", "coordinates": ["9.403763", "47.4376903"]}}, {"type": "Feature", "properties": {"identifier": "988853dc-d06d-44b0-ac46-2679d5b22b99", "name": "\u00f6ffentliche Bratwurst-Degustation ", "description": "<p style=\"-webkit-font-smoothing: antialiased; margin-right: 0px; margin-left: 0px;\">Sie gilt als die ber\u00fchmteste Ostschweizerin: Die St.Galler Bratwurst! Bereits 1438 wurde das Rezept f\u00fcr die Wurst erstmals erw\u00e4hnt. Doch was wissen wir eigentlich \u00fcber das kulinarische Kulturgut? Welche Zutaten sind in der Wurst enthalten und warum geniesst man sie ohne Senf? Und die Frage aller Fragen ist: Wer produziert die beste St.Galler Bratwurst?</p><p style=\"-webkit-font-smoothing: antialiased; margin-right: 0px; margin-left: 0px;\">Beim Degustationsseminar geht es also wortw\u00f6rtlich um die Wurst. Wir f\u00fchren dich spielerisch an die emotionale Thematik heran und l\u00fcften ihr Geheimnis. Du hast die einmalige Gelegenheit, Bratw\u00fcrste verschiedener Produzenten nebeneinander zu degustieren und zu entscheiden, welche Bratwurst dein Favorit ist.</p><p style=\"-webkit-font-smoothing: antialiased; margin-right: 0px; margin-left: 0px;\">Unsere Degustationsleiter Josef Niedermann &amp; Andreas Koller der Sortenorganisation St.Galler Bratwurst erkl\u00e4ren dir dabei die feinen Unterschiede. Passend dazu geniesset du ein Bier der Brauerei Sch\u00fctzengarten, welches hervorragend mit der Bratwurst harmoniert und ein krosses B\u00fcrli, dass deinen Gaumen zum Tanzen bringt.</p><p style=\"-webkit-font-smoothing: antialiased; margin-right: 0px; margin-left: 0px;\">Im Preis von CHF 49.00 sind enthalten: 1 Getr\u00e4nk / Person, B\u00fcrli, Bratwurst-Degustation.</p><p style=\"-webkit-font-smoothing: antialiased; margin-right: 0px; margin-left: 0px;\">Das Angebot ist bis 2 Tage im Voraus online buchbar.</p><p style=\"-webkit-font-smoothing: antialiased; margin-right: 0px; margin-left: 0px;\">Hinweis: Die Mindestteilnehmerzahl betr\u00e4gt 10 Personen. Die maximale Teilnehmerzahl betr\u00e4gt 20 Personen. Bitte buche ab 6 Personen eine&nbsp;<a href=\"https://st.gallen-bodensee.ch/de/erlebnisse/fuehrungen/private-fuehrungen/bratwurst-degustation.html\" target=\"_blank\" rel=\"nofollow\" style=\"-webkit-font-smoothing: antialiased; background-image: initial; background-position: initial; background-size: initial; background-repeat: initial; background-attachment: initial; background-origin: initial; background-clip: initial; outline: 0px; cursor: pointer; -webkit-tap-highlight-color: transparent; line-height: inherit;\">Privatf\u00fchrung</a>.</p>", "url": "https://shop.st.gallen-bodensee.ch/de/products/bratwurstdegustation", "image": "https://sgbtpimtsoch.sos-ch-dk-2.exoscale-cdn.com/catalog/d/8/8/f/d88fd45cc1542f765d6cf0d82636469532184a0a_medium__Bratwurst_Degustation_06__2_.jpg"}, "geometry": {"type": "Point", "coordinates": ["9.3749759", "47.4255301"]}}, {"type": "Feature", "properties": {"identifier": "9957c5ee-d3fb-4c4b-8e2f-a8a718211322", "name": "Gaststuben zum Schl\u00f6ssli", "description": "<p>Die Gastgeber haben sich mit Leib und Seele der Herausforderung verschrieben, Produkte und Spezialit&auml;ten aus der Region salonf&auml;hig zu machen. Bei ausgew&auml;hlten Landwirten, Weinkelterern, K&auml;sern und Metzgern werden Zutaten f&uuml;r echte Gourmets gefunden. Daraus werden Gerichte mit klassischem oder traditionellem Hintergrund gestaltet. Handwerklich und von den Mitarbeitern liebevoll hergestellt. Der Aufenthalt im Sch&ouml;ssli wird zum Genuss f&uuml;r alle Sinne. Das ist gelebte St.Galler Gastlichkeit. Geschichte: Das zwischen 1586 und 1590 von Laurenz Zollikofer, einem Enkel Vadians, erstellte Schl&ouml;ssli ist das herrschaftlichste Privathaus innerhalb der St.Galler Altstadt. Die Zollikofer besassen bereits mehrere Schl&ouml;sser ausserhalb der Stadt und wollten nun auch innerhalb der Stadtmauern einen beeindruckenden Wohnsitz errichten. Das Schl&ouml;ssli diente der gesellschaftlichen Repr&auml;sentation, wichtig waren daher Fests&auml;le, in denen G&auml;ste bewirtet werden konnten. Daneben war das Schl&ouml;ssli aber auch Handelshaus: Im Erdgeschoss war ein Warenlager eingerichtet. Nach Laurenz Zollikofers Tod blieb das Schl&ouml;ssli noch eine weitere Generation in Familienbesitz, sp&auml;ter kam es an andere verm&ouml;gende St.Galler Familien, darunter Hochreutener, Kunkler und Schlumpf. Im 19. Jahrhundert h&auml;tte die Stadt die Chance gehabt, das Schl&ouml;ssli zu erwerben. Johannes Kaspar Straub bot es dem Schulrat n&auml;mlich f&uuml;r 17000 Gulden zum Kauf an. Das Gesch&auml;ft kam jedoch nicht zustande, weil die n&ouml;tigen Mittel nicht - wie die Stadt dies erhofft hatte - aus freiwilligen Beitr&auml;gen von verm&ouml;genden und wohlt&auml;tigen Stadtb&uuml;rgern aufgebracht wurden. So blieb das Schl&ouml;ssli in privatem Besitz.</p>", "url": "http://www.schloessli-sg.ch/", "image": "https://sgbtpimtsoch.sos-ch-dk-2.exoscale-cdn.com/catalog/d/e/3/1/de31ece38cb2d6c96f6a3260ca3a78de5efd67a2_Textilweg_Schloessli.jpg", "openstreetmap_id": "node/7193107658"}, "geometry": {"type": "Point", "coordinates": ["9.379026", "47.4243307"]}}, {"type": "Feature", "properties": {"identifier": "9a4249be-2f2f-4f49-b336-368017ad8c05", "name": "s' Goldig\u00e4 Ap\u00e9rot\u00e4schli", "description": "<p>Die Idee f&uuml;r \"s' Goldig&auml; Ap&eacute;rot&auml;schli\" entstand durch die Teilnahme an der Olma 2024. Der Kanton St. Gallen war Gastkanton und lud via Culinarium verschiedene Produzenten ein, ihre Produkte vor Ort zu pr&auml;sentieren und zur Degustation anzubieten.</p><p>Die k&ouml;stlichen Spezialit&auml;ten aus dem Goldingertal eignen sich hervorragend als Mitbringsel zum gemeinsamen Geniessen oder als Geschenk f&uuml;r Freunde, Nachbarn, Kunden und Gesch&auml;ftspartner.&nbsp;</p><p>Mit dem Kauf eines Ap&eacute;rot&auml;schli unterst&uuml;tzen Sie \"Goldingertal Eschenbach\" mit CHF 1.-. Mit diesem Beitrag pflegen wir die lokalen Perlen.</p><p>Schon Vieles konnte umgesetzt werden, so z.B. die kostenlose Freizeitkarte, den Goldig&auml; Taler Eschenbach oder die Gold Trophy unterwegs. Wir haben noch viele weitere Ideen f&uuml;r unser \"goldiges\" Tal.</p><p>Die kreativen K&ouml;pfe hinter diesem genussvollen T&auml;schli sind Daniela und Mafalda R&uuml;egg vom Archehof R&uuml;egg sowie Martin und Brigitte R&uuml;egg, der f&uuml;r sein Kr&auml;utersalz...und mehr bekannt ist. Die enthaltenen Produkte in der praktischen Ap&eacute;rotasche reichen f&uuml;r vier bis sechs Personen und sind mit oder ohne <a href=\"https://goldingertal.ch/de/einkaufen/goldschatz-wein.html\">Goldschatz Wein</a>&nbsp;erh&auml;ltlich. Angerichtet als Ap&eacute;roplatte auch ideal f&uuml;r gr&ouml;ssere Anl&auml;sse.</p><p>Dieses besondere Mitbringsel kann an verschiedenen M&auml;rkten bei<a href=\"https://goldingertal.ch/de/map/details/kraeutersalz-und-mehr-e13779a2-7edf-4dc5-8125-e74fa39ad1a4.html\"> Martin R&uuml;egg</a>&nbsp;sowie im Hofladen vom <a href=\"https://rueegg4you.ch/hofladen-online/s-Goldiga-Aperot%C3%A4schli-p702270084\" target=\"_blank\" rel=\"noopener\">Archehof R&uuml;egg</a>&nbsp;gekauft oder bestellt werden.&nbsp;</p><p><span style=\"font-weight: bold;\">Das ist drin im Ap&eacute;rot&auml;schli&nbsp;</span></p><ul><li>K&ouml;rnli Cracker - Archehof R&uuml;egg</li><li>Dipp-Mix mit B&auml;rlauch - Kr&auml;utersalz...und mehr</li><li>Atzm&auml;nnig Schnee -<a href=\"https://goldingertal.ch/de/map/details/atzmaennig-schnee-38121dd8-470f-48bf-b4de-ab145a39cebb.html\" target=\"_blank\" rel=\"noopener\"> Ren&eacute; R&uuml;egg</a></li><li>Knobliw&uuml;rste - Archehof R&uuml;egg</li></ul><p><br>f&uuml;r CHF 28.00 und reicht f&uuml;r 4 bis 6 Personen<br>Optional mit Goldschatz-Wein (rot oder weiss) f&uuml;r CHF 37.00</p><p>Mir w&uuml;nsched en Guet&auml;!</p>", "image": "https://sgbtpimtsoch.sos-ch-dk-2.exoscale-cdn.com/catalog/c/5/8/d/c58da0884eb1fe9049364ba3a3d7104aab3b48d9_Goldig___Ap__ro___Tasche.JPG", "openstreetmap_id": "node/5503373556"}, "geometry": {"type": "Point", "coordinates": ["8.8961648", "47.2428762"]}}, {"type": "Feature", "properties": {"identifier": "9b01e108-2448-4d0a-a9af-332e2f99f992", "name": "Churfistenblick"}}, {"type": "Feature", "properties": {"identifier": "9b185fce-bf5c-4a72-bdcf-f20a39e058c0", "name": "Spielwiese Hintergoldingen", "description": "<p>F\u00fcr die Kleinen aus Hintergoldingen gibt es eine Spielwiese zum Austoben. Mit den beiden grossen Toren und der Abdeckung Richtung der Strasse kann dort ideal Fussball gespielt werden.</p><p></p><p><strong>Ausstattung:</strong></p><ul><li>0\u20135 Jahre</li><li>5\u201312 Jahre</li><li>Barrierefrei</li><li>Feuerstelle</li><li>Picknick-Platz</li><li>Rauchfrei</li><li>Sandspielbereich</li></ul>", "image": "https://sgbtpimtsoch.sos-ch-dk-2.exoscale-cdn.com/catalog/2/b/6/2/2b62c8b238cedf37f033a0819a12b0de0a101c65_Sportplatz_Hintergoldingen_GoogleMaps_2014_01.jpeg", "openstreetmap_id": "way/633083020"}, "geometry": {"type": "Point", "coordinates": ["8.981966972351076", "47.28510974872067"]}}, {"type": "Feature", "properties": {"identifier": "9b7a003a-338f-4ef2-876c-afcd2c3d95e0", "name": "Hofst\u00fcbli auf dem Archehof", "description": "<p>Das Hofst\u00fcbli hat keine festen \u00d6ffnungszeiten. Das St\u00fcbli bietet Platz f\u00fcr bis zu 42 Personen und ist auch im Speisenangebot sehr flexibel. Es wird sehr individuell auf die W\u00fcnsche der G\u00e4ste eingegangen, ob ein Drei - Gang - Men\u00fc, ein Brunch, ein Grillabend oder ein Buffet, es findet sich immer das passende Angebot. Jeden 1. Sonntag im Monat findet von 9.30 - 11.30 Uhr der beliebte \"Sunntigs z'Morg\u00e4\" statt. </p><p>Ebenfalls werden div. Anl\u00e4sse \u00fcber das Jahr hinweg wie z.B. der allj\u00e4hrlichen 1. Augustbrunch durchgef\u00fchrt. In den Sommermonaten k\u00f6nnen gr\u00f6ssere Gruppen auch gerne im Festzelt bedient werden. Hier gibt es Kapazit\u00e4t f\u00fcr 100 Personen. </p><p>Spazierg\u00e4nger oder Besucher haben ebenfalls die M\u00f6glichkeit sich auf der gedeckten Terrasse am Selbstbedienungsk\u00fchlschrank zu verpflegen, Glace in Selbstbedienung zu geniessen oder auch Tischgeb\u00e4ck zu konsumieren. W\u00e4hrend den Hofladen \u00d6ffnungszeiten gibt es auch immer etwas f\u00fcr den kleinen Hunger, wie z.B. ein kaltes Pl\u00e4ttli. </p><p>Neben der Bewirtung auf dem Hof werden auch diverse Caterings angeboten, sei es ein Pl\u00e4ttli komplett mit hofeigenen Backwaren bis hin zum kompletten Hochzeitsmen\u00fc. </p><p>Schon mal eine Besprechung in einem \"Schilter\" durchgef\u00fchrt? Was f\u00fcr viele ein landwirtschaftlicher Transporter ist, wird auf dem Archehof f\u00fcr Junggesellenabschiede und als \"Besprechungszimmer\" genutzt. Bis zu 8 Personen k\u00f6nnen in aller Ruhe an einem unserer Weider\u00e4nder, meist mit Sicht auf den Sonnenuntergang gesellige und konstruktive Stunden verbringen, sich ein feines Essen servieren lassen und ihre Sitzung oder Treffen in einem einzigartigen Rahmen geniessen. Nat\u00fcrlich auch bei Regenwetter....<br></p>", "url": "http://www.rueegg4you.ch/geniessen/", "image": "https://sgbtpimtsoch.sos-ch-dk-2.exoscale-cdn.com/catalog/e/6/d/0/e6d09505154aaf07679e1c88105ef4cfda54ec06_gigot.jpg", "openstreetmap_id": "node/5503373556"}, "geometry": {"type": "Point", "coordinates": ["8.89549255371094", "47.2426698907587"]}}, {"type": "Feature", "properties": {"identifier": "9c2825f0-8474-405f-9936-7640e824fa76", "name": "Restaurant National \u2013 zum Goldenen Leuen", "description": "<p>Im Restaurant National zum goldenen Leuen \u2013 liebevoll \u00abNAZ\u00bb genannt \u2013 erwartet die G\u00e4ste ein kulinarisches Erlebnis der besonderen Art: Hier kommen sie in den Genuss von Spezialit\u00e4ten wie den weit \u00fcber die Stadtgrenzen hinaus bekannten Ch\u00e4sch\u00fcechli, Wei\u00dfw\u00fcrsten mit Brezel und Schweizer Tapas. Dazu passt perfekt ein frisch gezapftes Bier von der huus-braui in Roggwil.\n</p><p>Das NAZ ist ein Traditionslokal im malerischen Riegelhaus, das mit rustikalem Charme und entspannter Atmosph\u00e4re begeistert. Gelegen im Herzen der s\u00fcdlichen St. Galler Altstadt am Gr\u00fcningerplatz, nur wenige Schritte vom St. Galler Dom und dem UNESCO-Weltkulturerbe Klosterplatz entfernt, l\u00e4dt das NAZ sowohl Einheimische als auch Touristen ein, hier zu verweilen. In der gem\u00fctlichen Gaststube rund um den historischen Kachelofen f\u00fchlt sich jeder Gast sofort willkommen.\n</p><p>Ein Geheimtipp: Wer die Toiletten besucht, entdeckt auf der Damentoilette eine beeindruckende Tapete des St. Galler Textilunternehmens Jakob Schlaepfer, w\u00e4hrend bei den Herren kunstvolle Kacheln des \u00f6sterreichischen K\u00fcnstlers Manfred Deix f\u00fcr Staunen sorgen.</p><p>\nGeschichte trifft Genuss:\nBereits 1894 war das National ein Ort des Bierhandels mit deutschen Bieren und Weinen. Damals mussten importierte Bierhumpen mit einer Schweizer Eichung versehen werden, um in den Bierhallen genutzt zu werden. Das traditionsreiche Riegelhaus an der Schmiedgasse 30 wurde 1603 von der Handelsfamilie Zollikofer erbaut, die als \u00abGesellschaft zum L\u00f6wenkopf\u00bb bekannt war \u2013 daher der vergoldete L\u00f6wenkopf an der Hausecke. Inschriften von 1603 und 1670 erz\u00e4hlen die Geschichte eines Neubaus und sp\u00e4teren Anbaus, die das NAZ bis heute pr\u00e4gen.</p>", "url": "https://naz-sg.ch/index.html", "image": "https://sgbtpimtsoch.sos-ch-dk-2.exoscale-cdn.com/catalog/7/b/a/d/7bad8fb025a2f679efe88cd9b9ba366192b96bc9_naz_klein__36_von_45_.jpg", "openstreetmap_id": "node/445475143"}, "geometry": {"type": "Point", "coordinates": ["9.3751844", "47.4236845"]}}, {"type": "Feature", "properties": {"identifier": "9ccb15ed-5430-41c0-b7c6-6a28950dce6a", "name": "Restaurant Schloss Oberberg", "description": "Auf dem \u00e4ltesten erhaltenen Bau geniessen G\u00e4ste eine spektakul\u00e4re Aussicht auf den Alpstein, S\u00e4ntis, das F\u00fcrstenland sowie die Stadt St.Gallen. Gem\u00fctlich einkehren und k\u00f6niglich geniessen ist angesagt im stilvollen Restaurant. Im hauseigenen \n\nDas Schloss Oberberg wurde 1262 erstmals urkundlich erw\u00e4hnt. In seiner bewegten Geschichte diente der imposante Bau als Sitz von Oberv\u00f6gten und als Gerichtsort. Sp\u00e4ter beherbergte das Schloss eine K\u00e4serei, ein Sticklokal und schliesslich ein Restaurant. Bis heute steht das historische Geb\u00e4ude ganz im Zeichen der Gastlichkeit.", "url": "https://www.schlossoberberg.ch/", "image": "https://sgbtpimtsoch.sos-ch-dk-2.exoscale-cdn.com/catalog/6/1/c/5/61c5f9e41f679c56f0d4a7950d92aaf941382b90_Gossau_SG_Oberberg.JPG", "openstreetmap_id": "way/94381961"}, "geometry": {"type": "Point", "coordinates": ["9.28579", "47.414739"]}}, {"type": "Feature", "properties": {"identifier": "9cf5f49b-6f17-49d9-9e60-3b2c5094c819", "name": "Schifffahrt von Rorschach nach Rheineck", "description": "Mit dem Kursschiff aus der Rorschacher Bucht an die M\u00fcndung des Alten Rheins. Geniessen Sie die einmalige Flusslandschaft durch das wundersch\u00f6ne Naturschutzgebiet von Altenrhein bis zum malerischen St\u00e4dtchen Rheineck. Lassen Sie Ihre Seele baumeln, w\u00e4hrend die Landschaft gem\u00e4chlich an Ihnen vorbeizieht und Sie aus dem Alltag entf\u00fchrt und beobachten Sie Fischreiher, Entenfamilien, Schw\u00e4ne sowie eine Vielzahl verschiedener V\u00f6gel. ", "url": "https://bodensee-schiffe.ch/", "image": "https://sgbtpimtsoch.sos-ch-dk-2.exoscale-cdn.com/catalog/f/1/a/8/f1a853f30c4ac27a385fc5a2f91a29ef7fe7fe4f_Appenzellerland_Erlebnisrundfahrt_1_1.jpg", "openstreetmap_id": "node/26046771"}, "geometry": {"type": "Point", "coordinates": ["9.493662714958191", "47.47892117455376"]}}, {"type": "Feature", "properties": {"identifier": "9d07674d-86a6-4270-9df7-ace1051fc724", "name": "Holzgeschenke von der Drechslerbank", "description": "<p>Seit vielen Jahren ist Drechseln f\u00fcr Fritz Winteler ein begl\u00fcckendes und entspannendes Hobby. In seiner Werkstatt produziert er sch\u00f6ne Sachen aus verschiedenen Holzarten. </p><p><span style=\"font-weight: bold;\">Angebot:</span></p><ul><li>Pfeffer/Salz/Muskatnuss und Kaffeem\u00fchlen, Hydranten als Pfefferm\u00fchle</li><li>Stengelvase aus versporter Birke, Buche, Ahorn</li><li>Verschiedene Pilze</li><li>Weihnachtsdeko Sterne, Teellichter, Tannenb\u00e4umli und Engel</li><li>Kugeln, Nussknacker, Honigl\u00f6ffel und vieles mehr<br><br></li></ul><p>Die Werkstatt/Ausstellungsraum ist nach Absprache ge\u00f6ffnet.<br></p>", "image": "https://sgbtpimtsoch.sos-ch-dk-2.exoscale-cdn.com/catalog/8/1/3/3/8133acacbcf95e34b05d400a03dbdb5e77a7cc30_20240801_hobby_drechsler_fritz__3_.jpg", "openstreetmap_id": "way/281466923"}, "geometry": {"type": "Point", "coordinates": ["8.94249644472584", "47.2435709"]}}, {"type": "Feature", "properties": {"identifier": "9d1becc9-676c-4a43-b588-cbd5f1082d95", "name": "B&B Chez Lise", "description": "Die Inhaberin, Lise Frischknecht, zaubert f\u00fcr ihre G\u00e4ste k\u00f6stliche Gerichte und macht den Aufenthalt zu einem echt authentischen Erlebnis. Auf Anfrage erhaschen die G\u00e4ste sogar einen Einblick in den beachtlichen Weinkeller.\n\nDie unmittelbare Lage zum Zentrums erm\u00f6glicht Ausflugstipps diverser Art wie Wandern, Museumsbesuche, Langlaufen, Schneeschuhwandern, Schwimmen im Freibad und viele mehr.   \n\nDie G\u00e4ste erleben einen nachhaltigen Komfort im BnB Chez Lise, wo Solaranlage, Luftw\u00e4rmepumpe und konsequente Abfalltrennung f\u00fcr eine umweltfreundliche Auszeit sorgen. \n\nAuf Anfrage k\u00f6nnen Kochkurse und Weindegustationen gebucht werden.", "url": "https://chezlise.ch/", "image": "https://sgbtpimtsoch.sos-ch-dk-2.exoscale-cdn.com/catalog/7/6/a/e/76aeff59bbd723a50db8712d413ebd3cf009893c_Hauptbild.jpeg", "openstreetmap_id": "way/264867188"}, "geometry": {"type": "Point", "coordinates": ["9.28126245", "47.31393"]}}, {"type": "Feature", "properties": {"identifier": "9d725d68-dbed-4f3d-be28-c9fcfd570ad9", "name": "Moving Light Sound Media AG", "description": "<p><span data-olk-copy-source=\"MessageBody\">Der Claim \"dem Publikum verpflichtet\" bringt die Leidenschaft der Moving Light Sound Media AG auf den Punkt. Mit Erfahrung, Einsatz und modernster Technik begeistern sie das Publikum an Events, Shows, Messen, Kongressen, Symposien und Veranstaltungen jeglicher Art. Mit Kompetenz in Veranstaltungstechnik transportieren sie Ihre spannenden Inhalte zu Ihren G&auml;sten und Ihrem Publikum. Gleichzeitig erzeugen sie ein perfektes Ambiente f&uuml;r einen gelungenen Event.</span></p><p>Daf&uuml;r setzt die Moving Light Sound Media AG auf modernste Veranstaltungstechnik, perfekten Ton, ideales Licht und gestochen scharfe Bilder, an welche Sie und Ihr Publikum sich noch lange erinnern werden. Gemeinsam mit Ihnen ist die Moving Light Sound AG COMMITTED TO THE AUDIENCE</p>", "url": "https://moving.ch/", "image": "https://sgbtpimtsoch.sos-ch-dk-2.exoscale-cdn.com/catalog/4/b/e/9/4be9ba311b469c8c5800b04134c6bf13ee0a9ac1_jubilaeums_gv.jpg", "openstreetmap_id": "way/309203062"}, "geometry": {"type": "Point", "coordinates": ["9.3564883", "47.4139407"]}}, {"type": "Feature", "properties": {"identifier": "9d729159-ad3b-4c14-afc1-741116f230d3", "name": "Schwendi L\u00e4deli", "description": "<p>Der Hof \"Schwendi\" befindet sich im Goldingertal und ist zu Fuss in ca. 20 min. vom Atzm\u00e4nnig erreichbar. Die Hauptbetriebszweige sind Milchwirtschaft und Aufzucht.</p><p>Im \"L\u00e4deli\" findet man selbst hergestellte Glaces aus hofeigener Milch, Eier, Honig und weiteres. Nach einem Spaziergang oder bei einer kurzen Pause kann ein Kaffee in Selbstbedienung genossen werden. Mit dem Gold Trophy Kasten ist auch f\u00fcr Spiel und Spass gesorgt.</p><p><span style=\"font-weight: bold;\">Spezialit\u00e4ten:</span></p><ul><li>Schwendi Glace</li><li>Milch, K\u00e4se und Butter</li><li>Eier</li><li>Honig</li><li>Mini Meringues</li><li>Brennholz</li></ul><p><br><span style=\"font-weight: bold;\">Weitere Angebote:</span><br></p><ul><li>Vermietung 4er Raclette\u00f6fen mit Rechaudkerzen f\u00fcr bis zu 80 Personen</li><li>Manuelle Schmerztherapie</li><li>klassische Massage</li><li>Fussreflexzonenmassage</li></ul>", "image": "https://sgbtpimtsoch.sos-ch-dk-2.exoscale-cdn.com/catalog/3/9/7/2/397247cc796a6741f06749f07bc932ab77f20733_Schwendi_L__deli.jpg", "openstreetmap_id": "way/196376466"}, "geometry": {"type": "Point", "coordinates": ["8.99001779637812", "47.27589835"]}}, {"type": "Feature", "properties": {"identifier": "9e750836-90f1-4f1e-aa45-24d30aff05d5", "name": "Affekt-Bar", "description": "Einzigartiges Ambiente, gem\u00fctliche und grosse Terrasse, feine Drinks, auserlesener Sound und kleine K\u00f6stlichkeiten - das ist die Affekt-Bar. Sie befindet sich im Herzen der Stadt St.Gallen, genauer gesagt an der Br\u00fchlgasse. Die Location, welche bereits seit mehr als 20 Jahren als Bar fungiert, ist fester Bestandteil und Treffpunkt des St.Galler Nachtlebens, Sie ist nicht nur bei den Einheimischen, sondern auch weiter \u00fcber die Kantonsgrenze hinaus bekannt und beliebt. Komm vorbei und \u00fcberzeug dich selbst - wir freuen uns auf dich!", "url": "https://affekt.ch/", "image": "https://sgbtpimtsoch.sos-ch-dk-2.exoscale-cdn.com/catalog/1/1/a/3/11a39b08b7ff76c039a056e1a6175a98247fffa8_Foto_14.05.17__18_54_03.jpg", "openstreetmap_id": "node/404540472"}, "geometry": {"type": "Point", "coordinates": ["9.378164682142863", "47.4256316"]}}, {"type": "Feature", "properties": {"identifier": "9e891f5b-aab4-4443-891b-e3fe8e73c131", "name": "KINOTHEATER Madlen", "description": "1949 wurde das Ton-Film-Theater Madlen in Heerbrugg mit dem Film \u00abWeisses Gold\u00bb durch den Betreiber J. Eggimann feierlich er\u00f6ffnet. Sch\u00f6pfer der Pl\u00e4ne und Leiter des Kinobaus war Fred Carnier, der mit diesem stattlichen Geb\u00e4ude grosses architektonisches Geschick an den Tag legte. Der geschmackvolle Saal wurde mit einer kompletten B\u00fchne, einer Kinoleinwand, Polstersesseln und Ledersitzen ausgestattet. Beidseitig zieren pittoreske Gebirgslandschaften vom Kunstmaler Hugentobler aus Appenzell die W\u00e4nde. Das altehrw\u00fcrdige Kinotheater Madlen wurde Ende 2016 durch einen neuen Erweiterungsbau mit einem zweiten Event- und Kinosaal erweitert. Der Unterhaltungsteil wird seither durch eine regionale Gastronomie perfekt erg\u00e4nzt.\n\nDie pers\u00f6nliche Atmosph\u00e4re im KINOTHEATER Madlen erlaubt dem Besucher fr\u00f6hliche Stunden der Erholung.", "url": "http://www.kinomadlen.ch/", "image": "https://sgbtpimtsoch.sos-ch-dk-2.exoscale-cdn.com/catalog/d/4/e/c/d4ecad871ee9c06eeb8526248160e34dbe9de09b_Kino_von_aussen.jpg", "openstreetmap_id": "node/600072321"}, "geometry": {"type": "Point", "coordinates": ["9.6301033", "47.4132732"]}}, {"type": "Feature", "properties": {"identifier": "9eca086c-869a-4d40-8532-c9311ad133a6", "name": "Indoorspielplatz und Trampolinpark F\u00e4gn\u00e4scht", "description": "<div class=\"flex flex-col text-sm pb-25\"><article class=\"text-token-text-primary w-full focus:outline-none [--shadow-height:45px] has-data-writing-block:pointer-events-none has-data-writing-block:-mt-(--shadow-height) has-data-writing-block:pt-(--shadow-height) [&amp;:has([data-writing-block])&gt;*]:pointer-events-auto scroll-mt-[calc(var(--header-height)+min(200px,max(70px,20svh)))]\" dir=\"auto\" tabindex=\"-1\" data-turn-id=\"request-WEB:af43760a-8afb-44cb-8518-55ca4d39ba4f-6\" data-testid=\"conversation-turn-14\" data-scroll-anchor=\"true\" data-turn=\"assistant\"><div class=\"text-base my-auto mx-auto pb-10 [--thread-content-margin:var(--thread-content-margin-xs,calc(var(--spacing)*4))] @w-sm/main:[--thread-content-margin:var(--thread-content-margin-sm,calc(var(--spacing)*6))] @w-lg/main:[--thread-content-margin:var(--thread-content-margin-lg,calc(var(--spacing)*16))] px-(--thread-content-margin)\"><div class=\"[--thread-content-max-width:40rem] @w-lg/main:[--thread-content-max-width:48rem] mx-auto max-w-(--thread-content-max-width) flex-1 group/turn-messages focus-visible:outline-hidden relative flex w-full min-w-0 flex-col agent-turn\" tabindex=\"-1\"><div class=\"flex max-w-full flex-col gap-4 grow\"><div class=\"min-h-8 text-message relative flex w-full flex-col items-end gap-2 text-start break-words whitespace-normal [.text-message+&amp;]:mt-1\" dir=\"auto\" data-message-author-role=\"assistant\" data-message-id=\"5a9ad55e-ba0f-4832-8150-77430e40717f\" data-message-model-slug=\"gpt-5-3\"><div class=\"flex w-full flex-col gap-1 empty:hidden\"><div class=\"markdown prose dark:prose-invert w-full wrap-break-word light markdown-new-styling\"><p data-start=\"0\" data-end=\"346\">Das F&auml;gn&auml;scht in Rorschach ist ein grossz&uuml;giger Indoorspielplatz mit integriertem Trampolinpark und ein beliebtes Ausflugsziel f&uuml;r Familien. Auf weitl&auml;ufiger Fl&auml;che erwartet die Besucher eine abwechslungsreiche Erlebniswelt mit Kletteranlagen, Rutschen, Spielbereichen und vielen Attraktionen zum Austoben und Entdecken. Das Restaurant sorgt mit seinem Angebot f&uuml;r das leibliche Wohl und bietet Verschiedenes f&uuml;r den kleinen und grossen Hunger.</p><p data-start=\"348\" data-end=\"681\">Der Trampolinpark sorgt f&uuml;r jede Menge Action und spricht neben Kindern auch Jugendliche und Erwachsene an &ndash; hier stehen Spass, Bewegung und gemeinsame Erlebnisse im Mittelpunkt. Auch bietet der Ninja-Parcours eine spannende Herausforderung f&uuml;r Geschicklichkeit, Kraft und Ausdauer und sorgt f&uuml;r zus&auml;tzlichen Nervenkitzel.</p><p data-start=\"683\" data-end=\"892\" data-is-last-node=\"\" data-is-only-node=\"\">Ob f&uuml;r einen aktiven Familienausflug, einen unvergesslichen Kindergeburtstag oder einfach einen Tag voller Spiel und Bewegung &ndash; das F&auml;gn&auml;scht bietet f&uuml;r Gross und Klein ein wetterunabh&auml;ngiges Freizeiterlebnis.</p></div></div></div></div></div></div></article></div>", "url": "http://www.faegnaescht.ch", "image": "https://sgbtpimtsoch.sos-ch-dk-2.exoscale-cdn.com/catalog/6/f/2/6/6f26f6e410a348411f3a2d934ef67665df7adf18_Gr._Labyrint_mit_Spider_Tower_und_E_Auto_Bahn__2.jpg", "openstreetmap_id": "node/3351763653"}, "geometry": {"type": "Point", "coordinates": ["9.4852", "47.47687"]}}, {"type": "Feature", "properties": {"identifier": "9eecbbef-6041-4ce2-8add-be3aaa177b69", "name": "Restaurant Berg", "description": "<p>Als Teil des Pflegezentrums Eschenbach ist das Restaurant Berg ein beliebter Treffpunkt f\u00fcr die Bewohnerinnen und Bewohner sowie auch externe G\u00e4ste. Geniessen Sie t\u00e4glich saisonale K\u00f6stlichkeiten, gesch\u00e4tzte Klassiker oder einfach Kaffee und Dessert bei bester Aussicht auf die Linthebene und die Glarner- und Schwyzeralpen.&nbsp;</p><p>Bei sch\u00f6nem Wetter, wird ebenfalls auf der Terrasse bedient.&nbsp;</p><p>Die Cafeteria bietet 44 Pl\u00e4tze. Auch Gruppen sind willkommen.&nbsp;</p>", "url": "https://pflegezentrum-eschenbach.ch/restaurant-berg/", "image": "https://sgbtpimtsoch.sos-ch-dk-2.exoscale-cdn.com/catalog/6/7/e/7/67e7c83b071705db28c05bdab3a07451d62b5498_Berg_2.png", "openstreetmap_id": "node/11264930996"}, "geometry": {"type": "Point", "coordinates": ["8.961059", "47.2430839"]}}, {"type": "Feature", "properties": {"identifier": "9eeeb0cd-6c60-4f4f-9686-a8b097c33723", "name": "Izakaya Ekimae", "description": "Das Izakaya Ekimae im Tailormade Hotel LEO St.Gallen bringt die traditionell japanische K\u00fcche direkt nach St.Gallen und offenbart eine kulinarische Tradition, die sich in der Stadt bisher bedeckt gehalten hat. Kein Sushi, daf\u00fcr alles, was sonst im Land der aufgehenden Sonne auf den Tisch kommt. Frisch, puristisch und geschmacklich unglaublich elegant werden die G\u00e4ste auf direktem Weg nach Kyoto, Osaka oder Tokyo entf\u00fchrt.\n\nDas Restaurant und dessen Konzept mit seinen vielen kleineren Gerichten, die dann geteilt und herumgereicht werden, laden zum l\u00e4ngeren Verweilen ein und garantieren ein vollumfassendes Geschmackserlebnis.", "url": "https://www.ekimae.ch", "image": "https://sgbtpimtsoch.sos-ch-dk-2.exoscale-cdn.com/catalog/1/a/8/4/1a841014f19d06d1cdd6a9cac319f44b443baa58_20230711_IZAKAYA_EKIMAE_8496.jpg", "openstreetmap_id": "way/25496362"}, "geometry": {"type": "Point", "coordinates": ["9.365045428276064", "47.421728903528"]}}, {"type": "Feature", "properties": {"identifier": "9f400b5b-8f62-41b0-88fa-a33c670d2b9f", "name": "Brennholz-Service Riget & S\u00f6hne GmbH", "description": "<p>Der Familienbetrieb der im Jahr 2013 seine Anf\u00e4nge nahm startete mit einer Holzlagerhalle und dem Kauf des Spaltautomaten in Bilten. Der Landwirtschaftsbetrieb der Familie Riget liegt jedoch in Goldingen. Dort betreibt Werner Riget Mutterkuhhaltung, Schweinehaltung, Obstbau, selbst gebrannte Spirituosen und Heuverkauf.&nbsp;</p><p><span style=\"font-weight: bold;\">Angebot:</span></p><ul><li>Holzhandel und Transporte</li><li>Brennholz-Service</li><li>Holz-B\u00e4nkli, Blumen- oder Brunnentr\u00f6ge</li><li>Holzpf\u00e4hle und Schnittwaren</li><li>Christbaum-Verkauf</li></ul>", "url": "https://www.riget-holz.ch/Startseite/", "image": "https://sgbtpimtsoch.sos-ch-dk-2.exoscale-cdn.com/catalog/1/c/a/b/1caba54cd3c475d0322e871bf8b60a606b2fcd0b_Kunsthandwerk_holz.png", "openstreetmap_id": "way/270259130"}, "geometry": {"type": "Point", "coordinates": ["8.960156778345343", "47.2527216"]}}, {"type": "Feature", "properties": {"identifier": "9fb29a16-da84-4df9-9d90-24e5342fd547", "name": "Appadu.ch - das Appartement und Du!", "description": "Ausserdem entscheidet der Gast selbst wie viel Hotel er will:\nZimmerreinigung t\u00e4glich oder w\u00f6chentlich, Fr\u00fchst\u00fcck oder nicht, usw.\nDer Gast hat die Wahl. \n\nDie Longstay Appartements beinhalten folgende Standard-Leistungen:\n\n- Heimeliges Wohnungsflair ohne m\u00fchsames Einrichten\n- Einzug sofort m\u00f6glich\n- 1 Schlaf- und 1 Wohnzimmer, 1 Bad und grosser sonniger Balkon\n- Nichtraucher-Appartement\n- K\u00fcchenzeile mit K\u00fcchenausstattung, K\u00fchlschrank und Mikrowelle\n- Fr\u00fchst\u00fcck flexibel zu buchbar", "url": "https://appadu.ch", "image": "https://sgbtpimtsoch.sos-ch-dk-2.exoscale-cdn.com/catalog/c/e/c/2/cec2a2cb4c226ef86b759971bd210b2b4ae77339_200922_NEW2001_3933_min.jpg", "openstreetmap_id": "node/4231981291"}, "geometry": {"type": "Point", "coordinates": ["9.31070923805237", "47.40794906154153"]}}, {"type": "Feature", "properties": {"identifier": "9fdae0e5-096a-436e-a147-09c28066bbb5", "name": "Claudio Zuccolini", "description": "<p>Claudio Zuccolini ist vor allem durch seine humorvollen Comedy- und Fernsehauftritte bekannt geworden ist. Mit seinem unverwechselbaren Stil, der oft allt\u00e4gliche Situationen und menschliche Eigenheiten thematisiert, hat er sich in der Schweizer Comedy-Szene etabliert. Als Komiker, Moderator und Schauspieler begeistert er sein Publikum.<br></p>", "url": "https://www.zuccolini.ch/", "image": "https://sgbtpimtsoch.sos-ch-dk-2.exoscale-cdn.com/catalog/4/0/5/f/405f67f5d1da5446dabefbd1844065fc25ecf61f_claudio_zuccolini.jpeg", "openstreetmap_id": "node/1241219721"}, "geometry": {"type": "Point", "coordinates": ["8.5288734", "47.3782298"]}}, {"type": "Feature", "properties": {"identifier": "a1c0765c-4eae-4183-a6cb-63bdf32fd611", "name": "Aatalbr\u00fccke Neuhaus", "description": "<p>Die im Jahr 1830 erbaute Br\u00fccke bildete ohne Zweifel das schwierigste und kostspieligste St\u00fcck der ganzen Strasse und weist folgende technische Daten auf: 25.60 m \u00fcber dem Bachbett, 43.90 m L\u00e4nge, 5 m Fahrbahnbreite, 4.64 m lichte H\u00f6he. </p><p>Die Holzarbeit wurde an Zimmermeister Franz Spiller aus dem Allg\u00e4u vergeben, der seit 1823 in Rapperswil wohnte. Bis 1971 vermochte dieses bemerkenswerte Zeugnis der Zimmermannskunst den gesamten Rickenverkehr zu verkraften. Mit dem immer gr\u00f6sser werdenden Verkehrsaufkommen wurde sie jedoch zum eigentlichen \u201eNadel\u00f6hr\u201c der Rickenverbindung und durch eine moderne Betonbr\u00fccke abgel\u00f6st.<br></p>", "image": "https://sgbtpimtsoch.sos-ch-dk-2.exoscale-cdn.com/catalog/0/3/2/1/0321008f9354c28f0514e5774cd67d665e72cd72_Holzbr__cke_Aabachtobel_2.jpg", "openstreetmap_id": "node/6453034571"}, "geometry": {"type": "Point", "coordinates": ["8.950273990631105", "47.24352204935014"]}}, {"type": "Feature", "properties": {"identifier": "a1c5ae4c-7dee-4dca-9b09-9cbe36a847b2", "name": "Eisschnitzen: Das coolste Team-Event", "description": "<p><strong>Ein frostiges Abenteuer als Team </strong>Kreative Ideen schmieden, Skizze zeichnen, den Plan ausarbeiten und dann mit S&auml;ge und Meissel ans Werk gehen. Ob ein imposantes Firmenlogo oder eine verspielte Figur &ndash; eure Fantasie kennt keine Grenzen! Die Eisschnitz-Experten stehen euch dabei mit Rat und Tat zur Seite, und wer h&auml;tte gedacht, wie viel Talent in euren Kolleginnen und Kollegen schlummert?<br><br><strong>Erfrischender Kundenevent&nbsp;</strong>Egal, ob ihr draussen in einer Winterlandschaft, auf einer Seeterrasse beim Seminarhotel oder auf dem Gel&auml;nde eurer Firma loslegt: Das Eisschnitzen bringt den Fun-Faktor, der eure Firmenfeier von gew&ouml;hnlich zu legend&auml;r macht! Besonders als Rahmenprogramm bei einem Weihnachtsanlass, aber auch als erfrischendes <strong>Erlebnis im Sommer&nbsp;</strong>k&ouml;nnt ihr die eiskalten Meisterwerke ganzj&auml;hrig gestalten.<br><br><strong>Cool, kreativ und verbindend&nbsp;</strong>Lasst euch zudem von Kombinationsm&ouml;glichkeiten wie einen w&auml;rmenden Gl&uuml;hwein oder einer Schneeschuhtour inspirieren. Dieser Teamevent ist so viel mehr als nur eiskalte Kunst &ndash; es ist das perfekte Abenteuer in der festlichen Weihnachtszeit!</p><p>Event-Ort:</p><p>&uuml;berall in der ganzen Ostschweiz&nbsp;</p>", "url": "https://www.rafters.ch/teamevents/eisschnitzenteam/index.html", "image": "https://sgbtpimtsoch.sos-ch-dk-2.exoscale-cdn.com/catalog/3/c/0/b/3c0be1cc5b8e8eda0d08ee7445a5c0bdc8afd718_Team_Event_Idee_Eisschnitzen.JPG", "openstreetmap_id": "Eisschnitzen: Das coolste Team-Event"}, "geometry": {"type": "Point", "coordinates": ["9.410734176635744", "47.402575429961765"]}}, {"type": "Feature", "properties": {"identifier": "a257cd91-cc96-4785-8e83-93e9c4f61054", "name": "Hotel Mozart Rorschach", "description": "<p>Das Hotel Mozart befindet sich an zentraler und doch ruhiger Lage am Hafenstadt-Puls. Die liebevoll eingerichteten Zimmer verbinden gem&uuml;tlichen Komfort mit einer einladenden Atmosph&auml;re und bieten alles f&uuml;r einen erlebnisreichen Aufenthalt.&nbsp;</p><h2>&nbsp;</h2>", "url": "http://www.mozart-rorschach.ch/", "image": "https://sgbtpimtsoch.sos-ch-dk-2.exoscale-cdn.com/catalog/d/d/5/6/dd566d39fd7c2e33013ed3c910b1718f361ca77e_Hotel_Mozart_Aussenansicht.jpg", "openstreetmap_id": "node/3318472123"}, "geometry": {"type": "Point", "coordinates": ["9.49113239999997", "47.4790167"]}}, {"type": "Feature", "properties": {"identifier": "a312e5fa-7f5d-4eab-a286-90eee1f5df18", "name": "T\u00f6pferei von Hans Baumgartner", "description": "<p>Die T\u00f6pfer-Werkstatt von Hans Baumgartner und seine Ausstellung befinden sich an der Bannholzstrasse 15, gleich nach der Kapelle im \"Gibel\".</p><p> Alle St\u00fccke sind von Hand auf der T\u00f6pferscheibe gedreht, die Glasuren von ihm entwickelt. Die Keramik ist bei 1200 bis 1300 Grad C gebrannt und kann somit auch problemlos f\u00fcr Nahrungsmittel gebraucht werden.<br></p>", "image": "https://sgbtpimtsoch.sos-ch-dk-2.exoscale-cdn.com/catalog/4/b/0/5/4b05d1837e7619ad62422bede4cf1c5bd75b1892_Steinzeug___Sch__ssel__blau___gr__ne_Glasur_mit_japanischer_Strohasche.png", "openstreetmap_id": "way/516014900"}, "geometry": {"type": "Point", "coordinates": ["8.949864549999994", "47.270724349999995"]}}, {"type": "Feature", "properties": {"identifier": "a34166fe-20bb-47bc-81bc-57aea26158f6", "name": "St.Gallen \u00e0 la Carte \u2013  Ihr ganz individueller Ausflug oder Teamevent ", "description": "<p class=\"MsoNormal\">Ein unvergesslicher Tag in St.Gallen &ndash; Starten Sie Ihr Teamevent oder Firmenerlebnis mit einem reichhaltigen Brunch &ndash; der perfekte Auftakt f&uuml;r einen spannenden Tag voller individueller Erlebnisse. Nach dem Brunch k&ouml;nnen die Teilnehmer ihr bevorzugtes Programm nach ihren Interessen w&auml;hlen:</p><ul><li class=\"MsoNormal\">&laquo;Kultur&raquo;: Eine spannende Stadtf&uuml;hrung durch St.Gallen, die Geschichte und Geschichten der Stadt lebendig werden l&auml;sst.</li><li class=\"MsoNormal\">&nbsp;&laquo;Genuss&raquo;: Biberli backen in einer der &auml;ltesten B&auml;ckereien der Stadt &ndash; ein s&uuml;sses Highlight f&uuml;r alle.</li><li class=\"MsoNormal\">&laquo;Outdoor Escape Room&raquo;: Teamgeist, R&auml;tselspass und Spannung pur f&uuml;r Ihr Teamerlebnis.</li><li>&laquo;Wissenschaft&raquo;: Faszinierende Einblicke bei der Empa &uuml;ber die Entwicklung innovativer Materialien und Technologien.</li><li>&laquo;Textil&raquo;: Ein Blick auf Stoffe und Textilkunst vergangener Jahrhunderte &ndash; Inspiration&nbsp;inklusive.</li></ul><p>Den Abschluss bildet ein gem&uuml;tlicher Grillap&eacute;ro mit den &laquo;famous 4 B&raquo; Bier, Bratwurst, B&uuml;rli und Biberli &ndash; der perfekte Ausklang f&uuml;r Ihr Teamevent, Firmen- oder Vereinsausflug.</p>", "image": "https://sgbtpimtsoch.sos-ch-dk-2.exoscale-cdn.com/catalog/4/b/b/f/4bbf0af12f830beff2c3e549fcb265b578523346_Stadtf__hrungen_Gallusplatz_2.jpg"}, "geometry": {"type": "Point", "coordinates": ["9.3755977", "47.4232683"]}}, {"type": "Feature", "properties": {"identifier": "a39ece62-7983-49ee-9566-239076c78bde", "name": "E-Bike Route T\u00f6ssscheidi", "description": "<p>Startend ab Eschenbach f&uuml;hrt eine wundersch&ouml;ne E-Bike Runde &uuml;ber Wald - Fischental - T&ouml;ssscheidi - Wolfsgrueb - Hand - Chamm - Hintergoldingen. Vor der Wolfsgrueb ist der Weg sehr steil und das Fahrrad muss geschoben werden. Auch das Gebiet Gibswil durchs Elbatobel ist sehr anspruchsvoll.</p><p>Dauer ca. 3,5 Std.</p><p class=\"MsoNormal\">Die genaue Route sowie die GPX Daten sind unter diesem <a href=\"https://schweizmobil.ch/de/tour/2520608\">Link</a>&nbsp;ersichtlich.</p>", "image": "https://sgbtpimtsoch.sos-ch-dk-2.exoscale-cdn.com/catalog/e/d/f/2/edf288f504859650488c2c555b5bb742e835fb7b_E_Bi9ke.jpg", "openstreetmap_id": "node/7126452313"}, "geometry": {"type": "Point", "coordinates": ["8.919246196746828", "47.237530933650596"]}}, {"type": "Feature", "properties": {"identifier": "a3d7421c-502f-4fde-aad4-b0fb5b6f93db", "name": "Executive Events GmbH", "description": "<p>Die Philosophie ist: &ldquo;Wir wollen dem Kunden immer etwas mehr bieten, als er erwartet!&rdquo; Die Executive Events GmbH wurde 2005 gegr&uuml;ndet. Die Veranstaltungsagentur, in der sich der Chef und sein motiviertes Team von A-Z engagieren, ist f&uuml;r die pers&ouml;nliche Betreuung, die guten Destinationskenntnisse und Tourismus Kontakte bekannt. F&uuml;r nationale und internationale Kunden werden j&auml;hrlich rund 90 Events verschiedenster Gr&ouml;sse organisiert. Folgende Team-Events in den Regionen Aarau, Basel, Bern, Biel, Luzern, Nidwalden, Obwalden, Schwyz, Solothurn, St. Gallen, Uri, Winterthur, Z&uuml;rich und Zug sind die Spezialit&auml;t der Executive Events GmbH:</p><ul><li>Voyage Culinaire</li><li>Teamkochen</li><li>Cocktail Mix Workshop</li><li>Schifffahrt mit Weinseminar und K&auml;se</li><li>Gastro Team Challenge</li><li>Outdoor Team Challenge</li><li>Curling mit Fondue Plausch</li><li>Schneeschuhtour mit Fondue Plausch.&nbsp;</li></ul><p>Diese sind professionell organisiert, k&ouml;nnen individuell angepasst werden und sind sowohl in Deutsch als auch in Englisch buchbar. Mit dem Kerngesch&auml;ft begeistern die Eventprofis und Gastgeber die Teilnehmer und schaffen unvergessliche Momente.&nbsp;</p>", "url": "https://www.executive-events.ch/", "image": "https://sgbtpimtsoch.sos-ch-dk-2.exoscale-cdn.com/catalog/5/d/4/a/5d4a055560b3c9bbeba0f6a2a3303bd0b199b5ff_Executive_Events_Kochevent_StGallen_web.jpg", "openstreetmap_id": "relation/1683941"}, "geometry": {"type": "Point", "coordinates": ["9.3762397", "47.425618"]}}, {"type": "Feature", "properties": {"identifier": "a5071b23-3e0e-47af-9841-0c753562df02", "name": "Klostergarten St.Gallen", "description": "<p>Klosterg&auml;rten dienten einst der Selbstversorgung der M&ouml;nche mit Obst, Gem&uuml;se, Kr&auml;utern und Heilpflanzen. Das erste Wissen f&uuml;r den Gartenbau im Kloster St.Gallen lieferten Mitbr&uuml;der von der Insel Reichenau. Der dort um 825 entstandene St.Galler Klosterplan der Stiftsbibliothek enth&auml;lt erste Hinweise auf Inhalt und Positionierung von G&auml;rten. Der Klostergarten befindet sich am Ort des ehemaligen Hofgartens. Er ist nicht nur ein wichtiger Teil des kulturellen Erbes der einstigen F&uuml;rstabtei St.Gallen, sondern er unterstreicht auch die Biodiversit&auml;t mitten in der Stadt.</p>", "url": "https://www.klostergarten-sg.ch/", "image": "https://sgbtpimtsoch.sos-ch-dk-2.exoscale-cdn.com/catalog/8/6/2/0/86200051e904d2e6ff1f919361424167fb636117_Klostergarten_Bild_4.JPG", "openstreetmap_id": "way/920698079"}, "geometry": {"type": "Point", "coordinates": ["9.378792318002592", "47.4239606"]}}, {"type": "Feature", "properties": {"identifier": "a58cf6ed-3f01-4f56-8553-af83bbd991ce", "name": "Erlebnis Quellen Goldingen", "description": "<p>Im Herbst 2025 wurde das <a href=\"https://goldingertal.ch/de/einkaufen/goldbueb-das-lokale-bier.html\" target=\"_blank\" rel=\"noopener\">Goldbueb-Bier</a> kreiert - eine Erfolgsgeschichte f&uuml;r sich!</p><p>Eine der wichtigsten Zutaten dieses Biers ist das Quellwasser der Artho- und R&uuml;egg'schen Quellen in Goldingen. Mit diesem Wasser wird nicht nur Bier gebraut, sondern es versorgt seit &uuml;ber 100 Jahren mehrere Gemeinden an der Goldk&uuml;ste und in der nahen Nachbarschaft mit reinstem Quellwasser. Das &uuml;ber 28 km lange Rohrleitungssystem transportiert das Wasser ganz ohne Pumpen, nur durch nat&uuml;rliches Gef&auml;lle. Dieses Meisterwerk der Ingenieurskunst funktioniert noch heute zuverl&auml;ssig. Doch wo entspringen diese Quellen?</p><p>Auf dieser spannenden und erlebnisreichen F&uuml;hrung entdecken Sie den Ursprung der beiden Quellen, erfahren Spannendes &uuml;ber die Geschichte der Wasserversorgung Goldingen-Meilen, besuchen die Sammelbrunnenstube \"Goldingen\" und laufen rund 1.5 Kilometer entlang der &uuml;ber 100-j&auml;hrigen Leitungen inkl. Stollen.</p><p><strong>Private Gruppenf&uuml;hrungen</strong><br>Diese F&uuml;hrung eigenet sich hervorragend als Team- oder Kundenevent. Sie wird in zwei Varianten angeboten:&nbsp;<br>&bull; &nbsp; &nbsp;kleine F&uuml;hrung &ndash; 1 1/2 h &nbsp; &nbsp; &nbsp; &nbsp; &nbsp; &nbsp; &nbsp;CHF 160.00 pro Gruppe<br>&bull; &nbsp; &nbsp;grosse F&uuml;hrung &ndash; 2 h &nbsp; &nbsp; &nbsp; &nbsp; &nbsp; &nbsp; &nbsp; &nbsp; &nbsp; CHF 190.00 pro Gruppe<br><br>Die Gruppengr&ouml;sse betr&auml;gt 20 Personen. <br><br>Im Anschluss kann im <a href=\"https://goldingertal.ch/de/map/details/gasthaus-zum-roessli-cb39d23e-db26-4870-8ab9-ce86873fea9b.html\">Gasthaus zum R&ouml;ssli</a> in Goldingen der speziell kreierte Goldinger-Ap&eacute;ro dazugebucht werden. Diesen gibt es ebenfalls in zwei Varianten:<br>&bull; &nbsp; &nbsp;KLEIN &nbsp; &nbsp;mit Trockenfleisch, K&auml;sespezialit&auml;ten und Quellwasser aus dem Goldingertal und unser Goldbueb-Bier oder ein Glas Goldschatz-Wein f&uuml;r CHF 18.00 pro Person<br>&bull; &nbsp; &nbsp;GROSS &nbsp;Goldbueb-Ap&eacute;ro-riche, mit dem Goldbueb-Bier-Men&uuml; als Probierportionen f&uuml;r CHF 26.50</p><p>Buchung k&ouml;nnen &uuml;ber die&nbsp;<a href=\"mailto:info@goldingertal.ch\" target=\"_blank\" rel=\"noopener\">Gesch&auml;ftsstelle</a>&nbsp;Goldingertal Eschenbach vereinbart werden.&nbsp;</p><p><strong>&Ouml;ffentliche F&uuml;hrungen</strong><br>F&uuml;r individuelle Besucher bieten wir von Zeit zu Zeit &ouml;ffentliche F&uuml;hrungen an.&nbsp;</p><p><strong>N&auml;chste F&uuml;hrungsdaten 2026:&nbsp;</strong>&nbsp; &nbsp; &nbsp; &nbsp; &nbsp; &nbsp; &nbsp;&nbsp;<br>28. + 29. August 2026&nbsp; &nbsp; &nbsp; &nbsp;&nbsp;<br><br>Freitag um 18.00 Uhr und Samstag um 9.30 Uhr&nbsp;</p><p>Anreise mit den &ouml;ffentlichen Verkehrsmitteln:<br>Bus 630 von Eschenbach (Dorftreff) nach Goldingen (Unterdorf)</p><p>&nbsp; &nbsp;</p>", "url": "https://goldingertal.ch/de/", "image": "https://sgbtpimtsoch.sos-ch-dk-2.exoscale-cdn.com/catalog/f/d/8/b/fd8b6949cbd2c76cfad51a87d1abebd796fd78b7_20250807_quellbesichtigung_mit_renebixa_yk_8_.jpg", "openstreetmap_id": "node/10767999805"}, "geometry": {"type": "Point", "coordinates": ["8.97136688232422", "47.26370836125754"]}}, {"type": "Feature", "properties": {"identifier": "a6074afb-af4a-407a-9e18-c14f6a9c7cef", "name": "Wandern im Atzm\u00e4nnig - Route 3", "description": "<p>Diese aussichtsreiche Wanderung startet bei der Talstation Atzm&auml;nnig, von der aus mit der Sesselbahn (&Ouml;ffnungszeiten beachten) die H&ouml;henmeter &uuml;berwunden werden k&ouml;nnen. Oben angekommen, geht es &uuml;ber die Schwammegg bis zum Vorderen Rotstein (siehe Wegweiser 2, Schiessanzeige). Dann wird nach links abgezweigt, hinunter zum&nbsp;<a href=\"https://goldingertal.ch/de/map/details/restaurant-alp-altschwand-f93d6e26-251d-4c65-babb-771f3b4b2b91.html\">Restaurant Altschwand</a> (968m) und von dort weiter Richtung Talstation Schutt.&nbsp;</p><p>Wanderzeit: ca. 1 1/2 Std. Von der Talstation ist das Alprestaurant Altschwand direkt in ca. 1/2 Std. erreichbar und ist Kinderwagentauglich.&nbsp;</p><p>Anreise mit den &ouml;ffentlichen Verkehrsmitteln:<br>Bus 630 von Eschenbach (Dorftreff) nach Hintergoldingen (Atzm&auml;nnig Schutt)</p>", "url": "https://www.atzmaennig.ch/", "image": "https://sgbtpimtsoch.sos-ch-dk-2.exoscale-cdn.com/catalog/c/7/f/0/c7f018b8e156f229428986f17833564221991fee_Goldingertal_Atzmaennig_HR_275_Carina_Scheuringer.jpg", "openstreetmap_id": "way/231502473"}, "geometry": {"type": "Point", "coordinates": ["8.995753526687624", "47.284742265518695"]}}, {"type": "Feature", "properties": {"identifier": "a6a7793f-b42b-49bf-896d-ff28a2744541", "name": "wood-werk.ch", "description": "<p>F\u00fcr den pensionierten Schreiner Severin Schwitter ist Holz eine Leidenschaft. Jedes St\u00fcck Holz dass bearbeitet wird, wurde von ihm selbst ausgesucht.</p><p>Am liebsten arbeitet er mit einheimischen H\u00f6lzer auf seiner Drechselbank. Die Vielfalt der produzierten Produkte ist enorm und reicht vom Kugelschreiber, Tintenf\u00fcller, Kugeln f\u00fcr Wasserflaschen bis zu Knobelspielen und vielem mehr.</p>", "url": "https://wood-werk.ch/", "image": "https://sgbtpimtsoch.sos-ch-dk-2.exoscale-cdn.com/catalog/a/1/1/8/a118aaa32ac9c4417697b5356de59654f1e7dd2d_Marktstand.jpg", "openstreetmap_id": "way/1087928670"}, "geometry": {"type": "Point", "coordinates": ["8.924630845579554", "47.23820355"]}}, {"type": "Feature", "properties": {"identifier": "a6edd5f8-7611-4214-8de5-01758025c0a7", "name": "Innovation hautnah \u2013 Besuch in der EMPA", "description": "<p class=\"MsoNormal\">Tauchen Sie mit Ihrer Gruppe ein in die Welt der Forschung, Technologie und Innovation! Bei einem exklusiven Besuch der EMPA in St.\u202fGallen erleben Sie modernste Materialien, spannende Experimente und zukunftsweisende Technologien hautnah.<br>Ein Erlebnis, das Neugier weckt, Inspiration liefert und gleichzeitig Wissen vermittelt &ndash; ideal f&uuml;r Firmen, Vereine oder Schulgruppen, die mehr als nur einen gew&ouml;hnlichen Ausflug suchen.</p><p class=\"MsoNormal\">Abgerundet wird der Tag auf Wunsch mit einem gemeinsamen Ap&eacute;ro oder Mittagessen, das individuell buchbar ist.</p>", "image": "https://sgbtpimtsoch.sos-ch-dk-2.exoscale-cdn.com/catalog/5/7/6/0/5760b3792a53f4490358b726100594901c29ea0e_Keystory_2023_Empa_2.jpg"}, "geometry": {"type": "Point", "coordinates": ["9.3407034", "47.4125922"]}}, {"type": "Feature", "properties": {"identifier": "a71936fe-b3bd-4b0d-b14b-2b3e520ff5c3", "name": "Chrinnehof", "description": "<p>Der Chrinnehof der Familie Kindlimann liegt direkt an der Grenze von Wald ZH und Goldingen SG, oberhalb der H\u00f6henklinik Wald und unterhalb dem Parkplatz Chrinnen, welcher als Ausgangspunkt zur Farneralp dient. Neben dem Hauptbetriebszweig Milch nimmt die Direktvermarktung von Kalbfleisch und weiteren hofeigenen Produkten eine immer wichtigere Rolle ein. </p><p>Im Hofl\u00e4deli (Hofcheller) gibt es Glace, Kaffee, S\u00fcssmost oder Sirup f\u00fcr durstige G\u00e4ste die an einer kleinen Sitzecke genossen werden k\u00f6nnen. Es darf dem Bauer auch \u00fcber die Schulter geschaut werden, um einen Einblick in den Bauernbetrieb zu bekommen. </p><p><span style=\"font-weight: bold;\">Angebot:</span></p><ul><li>Hausgemachte Glace</li><li>Urdinkel-Pasta</li><li>Urdinkel-Anis-Chr\u00e4beli </li><li>Sirup, Konfi, Chutney, Senf</li><li>Lik\u00f6r, Schnaps</li><li>Luftgetrocknete Hauswurst, Mostbr\u00f6ckli </li><li>Eier</li><li>Gelegentlich D\u00f6rrfr\u00fcchte aus Grosi's Holzofen </li><li>\"Heusuppe\" </li><li>Bestellm\u00f6glichkeit f\u00fcr Kalbfleisch- und Truten Mischpaket</li><li>Suppenh\u00fchner</li><li>Handgen\u00e4htes und Gebasteltes</li><li>Geschenkk\u00f6rbe auf Bestellung<br><br></li></ul><p>Bezahlt werden kann in Bar oder mit Twint.</p><p><span style=\"font-weight: bold;\">Erreichbarkeit:</span> <br>Der Chrinnehof liegt direkt an der Herzroute 99, an der Grenze Wald ZH und Goldingen SG. Mit dem Auto ist der Hof ab Wald ZH erreichbar. Ab Goldingen gelangt man zu Fuss oder mit dem Velo \u00fcber Bannholz, Tann \u00fcber den \"B\u00e4nkli-Weg\" mit traumhafter Aussicht, direkt auf den Chrinnehof.<br></p>", "url": "https://www.chrinnehof.ch/", "image": "https://sgbtpimtsoch.sos-ch-dk-2.exoscale-cdn.com/catalog/9/d/5/f/9d5f65f139cad33ad8306bb0d3b824cf5976e3a5_Chrinnehof_02052019_111_300_dpi.jpg", "openstreetmap_id": "node/10211838342"}, "geometry": {"type": "Point", "coordinates": ["8.9475591", "47.2808356"]}}, {"type": "Feature", "properties": {"identifier": "a82a34a5-5e2a-4306-9f86-9c9937cac68f", "name": "Goldloch D\u00e4gelsberg", "description": "<p>Das Goldloch am D&auml;gelsberg geh&ouml;rt zu Goldingen, Eigent&uuml;mer ist der Kanton Z&uuml;rich. Wer das Goldloch auf eigene Faust erkunden m&ouml;chte, kann im Restaurant Tierhag den Schl&uuml;ssel f&uuml;r das Tor, gegen eine Kaution, abholen.</p><p>F&uuml;r die Besichtigung ist zwingend gutes Schuhwerk und eine Taschenlampe n&ouml;tig und man sollte nicht unter Platzangst oder Schwindel leiden. Der Stollen f&uuml;hrt zuerst ca. 20m hinein. Anschliessend f&uuml;hrt eine senkrechte Leiter ca. 12m hinab, wo wieder ein Gang von ebenfalls ca. 12m zu bezwingen ist, bevor man &uuml;ber eine ca. 6m lange Leiter in die Tiefe gelangt.</p><p>In unserer Zeit hat man keine Anzeichen von Gold gefunden, aber spannend ist es auf jeden Fall!</p><p>Ein weiteres Abendteuer im Goldingertal ist das zweite Goldloch (Isaraloch) in der N&auml;he des Atzm&auml;nnigs. Auch dieses kann mit einer F&uuml;hrung oder alleine besucht werden. Weitere Infos finden sie auf unserer <a href=\"https://goldingertal.ch/de/map/details/goldloch-goldingertal-ec258788-0bed-4c90-a13a-bb995118a841.html\" target=\"_blank\" rel=\"noopener noreferrer\">Webseite</a>.</p>", "url": "https://goldingertal.ch/de/", "image": "https://sgbtpimtsoch.sos-ch-dk-2.exoscale-cdn.com/catalog/e/5/5/d/e55d949bf4eb7aee0d3481e61dc5692183909d2d_IMG_8638.jpg", "openstreetmap_id": "node/560343222"}, "geometry": {"type": "Point", "coordinates": ["8.98286819458008", "47.31627790178953"]}}, {"type": "Feature", "properties": {"identifier": "a85179b9-8fba-47db-aae1-00b0cd030ed4", "name": "M\u00fchle Diemberg", "description": "<p>Die alte M\u00fchle stammt in ihrer heutigen Gestalt aus dem fr\u00fchen 19. Jahrhundert und steht formal in einer Bautradition, die bis in die Sp\u00e4tgotik zur\u00fcckreicht. Das Haus verf\u00fcgt \u00fcber ein auffallend hohes Sockelgeschoss mit dem Mahlraum und zwei Wohngeschossen. Das Kellergeschoss zieren zwei reich ornamentierte Rundbogenportale mit Sandsteingew\u00e4nden und Rokokot\u00fcren.<br></p>", "image": "https://sgbtpimtsoch.sos-ch-dk-2.exoscale-cdn.com/catalog/f/9/c/8/f9c8c5c459930cb1608e4e5b8fa6d388ffff732d_M__leDiemberg__002_.jpg", "openstreetmap_id": "way/772447411"}, "geometry": {"type": "Point", "coordinates": ["8.935371637344362", "47.258440573165494"]}}, {"type": "Feature", "properties": {"identifier": "a866f18e-c2e7-4d6b-a23e-612c396e7520", "name": "Wandern im Atzm\u00e4nnig - Route 6a", "description": "<p>Diese Wanderung f&uuml;hrt von der Atzm&auml;nnig Talstation hoch &uuml;ber Oberchamm Richtung Chr&uuml;zegg. Von&nbsp; dort geht es &uuml;ber Schnebelhorn und Steg ins Z&uuml;rcher Oberland. Der Wanderweg f&uuml;hrt zum <a href=\"https://goldingertal.ch/de/map/details/restaurant-alp-schindelberg-5f39a40c-33aa-441c-aeb7-26b1d38bc309.html\" target=\"_blank\" rel=\"noopener\">Schindelberg</a>&nbsp;(auf 1153m mit Restaurant) in ca. 1 Std. &ndash; Schindelbergh&ouml;chi (auf 1234m) &ndash; Schnebelhorn (auf 1292m) &ndash; Tierhag (auf 1140m mit Restaurant) &ndash; Stralegg (auf 1054m mit Restaurant) &ndash; Or&uuml;ti &ndash; Boden &ndash; Steg.</p><p>Wanderzeit ab Chr&uuml;zegg: ca. 3 1/2 Std. <br>Eine weitere Wanderung nach Hulftegg ist m&ouml;glich.</p><p>Anreise mit den &ouml;ffentlichen Verkehrsmitteln:<br>Bus 630 von Eschenbach (Dorftreff) nach Hintergoldingen (Atzm&auml;nnig Schutt)</p>", "url": "https://www.atzmaennig.ch/", "image": "https://sgbtpimtsoch.sos-ch-dk-2.exoscale-cdn.com/catalog/a/c/3/0/ac304b7a710fe7a4edda82da15cb62a9a226b921_Aussicht_Chr__zegg_CW_1.jpg", "openstreetmap_id": "way/231502473"}, "geometry": {"type": "Point", "coordinates": ["8.995656967163088", "47.28477865998415"]}}, {"type": "Feature", "properties": {"identifier": "a8919e91-4c76-4d77-a2f9-6a629337b9d7", "name": "HDS St.Gallen", "description": "<p>Dank langj\u00e4hriger Erfahrung kann HDS auf einen grossen Pool ausgew\u00e4hlter \u00dcbersetzerinnen und \u00dcbersetzer zur\u00fcckgreifen, um eine thematisch optimale \u00dcbersetzerauswahl f\u00fcr die Kundendokumente zu gew\u00e4hrleisten. Zudem bietet HDS einen Dolmetscherservice f\u00fcr verschiedenste Veranstaltungen an und begleitet auf Kundenwunsch auch Delegationen ausl\u00e4ndischer Gesch\u00e4ftspartner oder fremdsprachige G\u00e4ste.<br></p>", "url": "https://www.hds.ch/dienstleistungen/uebersetzerdienst/", "image": "https://sgbtpimtsoch.sos-ch-dk-2.exoscale-cdn.com/catalog/c/3/f/b/c3fb549137430adda29a7a57b6dfa25b19d8a140_hds_stgallen.png", "openstreetmap_id": "node/9847057249"}, "geometry": {"type": "Point", "coordinates": ["9.3950338", "47.4374541"]}}, {"type": "Feature", "properties": {"identifier": "a8ba947a-cf5e-4270-a9e2-0e8c3c87b1cc", "name": "Naturbeobachtungsturm Weitsicht am Alten Rhein", "description": "Einzigartige Bilder sind f\u00fcr jeden Fotografen ein Highlight \u2013 und mit dem Naturbeobachtungsturm \u201eTurm Weitsicht\u201c im Naturschutzgebiet \u201eBisew\u00e4ldli\u201c des Alten Rheins ist es heute m\u00f6glich, ungest\u00f6rt und unentdeckt einmalige Momente zu erleben. Ein seltener Wintergast, quakende Fr\u00f6sche, die Stille und die Natur, jeder Tag ist einzigartig, f\u00fcr Fussg\u00e4nger, Ornithologe oder Fotografen.\n\n", "image": "https://sgbtpimtsoch.sos-ch-dk-2.exoscale-cdn.com/catalog/1/0/7/1/107103c502abb0ebd0207296e4d06cfc4c1410c9_Altenrhein_Vogelbeobachtung.jpg", "openstreetmap_id": "node/6314582762"}, "geometry": {"type": "Point", "coordinates": ["9.57098", "47.48879"]}}, {"type": "Feature", "properties": {"identifier": "a9423ee3-8aa9-4781-b862-f7a7f35897b7", "name": "Heerbrugg"}}, {"type": "Feature", "properties": {"identifier": "a9f96fdc-b021-41a3-beab-235d49ac32bb", "name": "Gasthaus R\u00f6ssli Trogen", "description": "Das authentisch erhaltene dreihundertj\u00e4hrige Appenzeller Gasthaus in Trogen bietet f\u00fcnf frisch renovierte Doppelzimmer und ein Einzelzimmer mit individuellem Charme, Duschen und Toiletten auf dem Gang und eine kleine Dachterasse. Der wundersch\u00f6ne R\u00f6sslisaal kann f\u00fcr Tanz, Bewegung, Kurse und gesellschaftliche Anl\u00e4sse gemietet werden.", "url": "https://www.roesslisaal.com", "image": "https://sgbtpimtsoch.sos-ch-dk-2.exoscale-cdn.com/catalog/b/a/c/2/bac20d20c3292105bc28692b28086a587186b157_DSC_0942.jpg", "openstreetmap_id": "way/199514184"}, "geometry": {"type": "Point", "coordinates": ["9.463527939287612", "47.40842815"]}}, {"type": "Feature", "properties": {"identifier": "aa6ee3cd-f1b1-4c30-b763-978f20f3e55e", "name": "Feuerwehrmuseum DEPOT61", "description": "Zu sehen sind historische Pferdezug-Pumpen, Oldtimer Fahrzeuge wie der Kettenwagen \"Autopumpe Helene\", zudem seltene Ger\u00e4tschaften und viele Ausr\u00fcstungsgegenst\u00e4nde aus mehreren Generationen. All diese Exponate sind Zeugen einer vergangenen Zeit und haben Jahrzehnte f\u00fcr den Schutz der Bev\u00f6lkerung rund um die Uhr zur Verf\u00fcgung gestanden. Das Feuerwehrmuseum wird ausschliesslich von Freiwilligen des Nostalgievereins betrieben.", "url": "https://nfsg.ch/", "image": "https://sgbtpimtsoch.sos-ch-dk-2.exoscale-cdn.com/catalog/2/e/1/1/2e113634f2595dfd24b8d164560a4e318e45bd31_Blechspielzeug.jpg", "openstreetmap_id": "node/7193109515"}, "geometry": {"type": "Point", "coordinates": ["9.3586331", "47.4172672"]}}, {"type": "Feature", "properties": {"identifier": "aae107ea-0469-4623-ad99-0a8c5b3bc3b9", "name": "Cocktail-Werkstatt in der Eventlocation zur Werkstatt", "description": "Warum nicht mal hinter der Bar dem Cocktail-Profi \u00fcber die Schultern schauen \u2013 statt vor der Bar stehen? Der Barkeeper zeigt Schritt f\u00fcr Schritt die verschiedenen Mix-Arten und worauf es bei der hohen Kunst des Cocktails zubereiten ankommt. Und nun sind die G\u00e4ste dran! Mit der passenden Ap\u00e9roplatte aus der K\u00fcche, eignet sich der Workshop wunderbar f\u00fcr einen Event.\n\nBarkeeper und Cocktails w\u00e4hrend 90 Minuten inkl. Ap\u00e9roplatte, Mineral und Cocktail-Rezepte zum Mitnehmen\n\nCHF 75 / Person inkl. MwSt. \n\nT\u00e4glich buchbar ab 8 Personen", "url": "https://www.zurwerkstatt-sg.ch/", "image": "https://sgbtpimtsoch.sos-ch-dk-2.exoscale-cdn.com/catalog/1/8/6/b/186bc53e0fb7a1cab68c3a6929ce6526a5be0a87_Werkstatt_Cocktail.jpg", "openstreetmap_id": "node/10705895705"}, "geometry": {"type": "Point", "coordinates": ["9.375021", "47.425561"]}}, {"type": "Feature", "properties": {"identifier": "aae7eaf2-fd6d-497d-94de-52b50e2d7a61", "name": "Eschenbacher Rundwanderung ", "description": "<p>Gestartet wird in Eschenbach beim Dorftreff. Von dort f&uuml;hrt der Weg &uuml;bers Bruggenfeld zum Naturschutzgebiet R&uuml;ti und weiter zur&uuml;ck zum Dorftreff.&nbsp;</p><p>Dauer ca. 1h / Distanz ca. 4km</p><p class=\"MsoNormal\">Die genaue Route sowie die GPX Daten sind unter diesem <a href=\"https://schweizmobil.ch/de/tour/2393413\">Link</a>&nbsp;ersichtlich.</p>", "image": "https://sgbtpimtsoch.sos-ch-dk-2.exoscale-cdn.com/catalog/2/4/e/2/24e29749eb9266528c4c1f811243ec2a3001c1e5_20200904_luftaufnahmen_eschenbach_ganzes_dorf.jpg", "openstreetmap_id": "node/7126452312"}, "geometry": {"type": "Point", "coordinates": ["8.9192171", "47.2377528"]}}, {"type": "Feature", "properties": {"identifier": "aaee46c2-dbc8-4b0b-b512-80746fb34b8a", "name": "Speiserestaurant Maienhalde", "description": "Das Speiserestaurant wird bereits in der vierten Generation gef\u00fchrt. Nebst der allseits beliebten gutb\u00fcrgerlichen K\u00fcche werden auch stets frische und saisonale Spezialit\u00e4ten angeboten. Die R\u00e4umlichkeiten bieten Platz f\u00fcr Anl\u00e4sse und Feiern f\u00fcr Gross und Klein \u2013 sei dies im Saal oder in einem der gem\u00fctlichen St\u00fcbli. Belohnt werden die G\u00e4ste auch mit einer herrlichen Aussicht auf das St.Galler Rheintal und das benachbarte Vorarlberg.\n\nDas Reb- und Weingut steht f\u00fcr umweltnahen IP-Weinbau. Die grosse Sortenvielfalt, die im modernen Kelterungsbetrieb produziert wird, enth\u00e4lt sowohl traditionelle Weine als auch neue Kreationen.\n\nDas Speiserestaurant Maienhalde ist erster Etappenort auf der kulinarischen Wanderung im Rheintal und verw\u00f6hnt die G\u00e4ste mit der Vorspeise.", "url": "http://www.maienhalde.ch/", "image": "https://sgbtpimtsoch.sos-ch-dk-2.exoscale-cdn.com/catalog/a/d/8/4/ad8481c4cb4db576f58ba25f2a099021931ba161_096_K_18613.jpg", "openstreetmap_id": "node/1807877684"}, "geometry": {"type": "Point", "coordinates": ["9.6027166", "47.4263311"]}}, {"type": "Feature", "properties": {"identifier": "ab18ee0c-e250-4873-a020-f96d2046fdfd", "name": "Spielplatz Schulhaus Kirchacker", "description": "<p>Die grosse Spielburg des Schulhauses Kirchacker bietet mit seiner Vielfalt an Spielger\u00e4ten jedem etwas. Ob die grosse Rutschbahn, die vier T\u00fcrme, die Schaukel oder auch die Seilbahn: Spass ist hier f\u00fcr viele Kinder garantiert. Ein Durchgang f\u00fchrt zum angrenzenden Kindergartenspielplatz, dieser sollte jedoch nur von Kleinkindern benutzt werden. Ben\u00fctzung lediglich ausserhalb der Schulzeiten.</p><p></p><p><strong>Ausstattung:</strong></p><ul><li>0\u20135 Jahre</li><li>5\u201312 Jahre</li><li>Rauchfrei</li></ul>", "image": "https://sgbtpimtsoch.sos-ch-dk-2.exoscale-cdn.com/catalog/9/2/3/8/9238c52204835d66bbb29e29c95c4d4e36083a63_Spielplatz_Schulhaus_Kirchacker_Eschenbach_2014_02.JPG", "openstreetmap_id": "way/203796394"}, "geometry": {"type": "Point", "coordinates": ["8.918001651763918", "47.23864228395238"]}}, {"type": "Feature", "properties": {"identifier": "ab4f4fe0-d512-4445-9ccd-8f927df26a2d", "name": "Klosterbistro Da Focacceria", "description": "<p>Das Klosterbistro befindet sich im wundersch&ouml;nen St.Galler Stiftsbezirk in der N&auml;he des Gallusplatzes. Im Sommer bietet sich der Sonnenplatz f&uuml;r einen k&uuml;hlen Ap&eacute;ro an. Im Winter wird es drinnen bei Kaffee- und Teeduft gem&uuml;tlich. Kulinarisch bietet das Klosterbistro viele hausgemachte Leckereien aus der focacceria. Dazu geh&ouml;ren ofenfrische Focaccias, Lasagne und Parmigiana, herzhafte Suppen und Quiches. F&uuml;r am Nachmittag Kuchen und Torten. Auserlesene Weine und regionale Biere runden das Angebot ab.</p>", "url": "https://klosterbistro.ch/", "image": "https://sgbtpimtsoch.sos-ch-dk-2.exoscale-cdn.com/catalog/6/9/8/f/698f212e0939c6e5e87cf017e118e033c2a085ca_fd8eb5f7_fb60_44cb_9418_2aa0bfff927e.jpg.1920x1920_q80.jpg", "openstreetmap_id": "way/642815916"}, "geometry": {"type": "Point", "coordinates": ["9.37722", "47.42254"]}}, {"type": "Feature", "properties": {"identifier": "ab96037e-e631-47db-a662-571d47c1f462", "name": "Kronberg", "description": "Die atemberaubende Aussicht und die frische Bergluft sind einmalig. G\u00e4ste geniessen auf \u00fcber 1600 Metern feine Appenzeller Spezialit\u00e4ten. Das heimelige Berggasthaus l\u00e4dt zum Verweilen und Geniessen inmitten einer herrlichen Bergwelt ein.", "url": "http://www.kronberg.ch/", "image": "https://sgbtpimtsoch.sos-ch-dk-2.exoscale-cdn.com/catalog/b/e/a/3/bea3602c62e2ec10a9312d25ed30d77b9d2a85cf_Berggasthaus_Kronberg_MH_7.jpg", "openstreetmap_id": "node/41154842"}, "geometry": {"type": "Point", "coordinates": ["9.328294", "47.3198655"]}}, {"type": "Feature", "properties": {"identifier": "ad406ce9-3cee-46fc-b628-8edc6770442f", "name": "Automuseum L\u00f6mmenschwil", "description": "<p>Seit &uuml;ber 40 Jahren befassen sich die Museumsbetreiber mit dem Sammeln und Restaurieren von historischen Fahrzeugen. Was mit Oldtimer-Autos begann, entwickelte sich mit der Zeit immer weiter. Mit dem Einbezug der anderen Elemente kamen Oldtimer-Flugzeuge und Rennboote dazu. Diese Fahrzeuge sind Zeugen einer fast vergessenen Geschichte von zahlreichen ber&uuml;hmten Schweizer Fahrern. Rennwagen von 1924 bis 2004 bringen den Besuchern die technische Entwicklung im Rennsport n&auml;her. Zahlreiche Exponate bieten Einblicke in die Technik von fr&uuml;her. Die Sammlung wird erg&auml;nzt durch &uuml;ber 5000 Modelle. Es werden auch spannende F&uuml;hrungen durch die Sammlung angeboten. Das Museum eignet sich auch hervorragend als Event-Location. F&uuml;r Firmenanl&auml;sse, Familienfeiern, Clubausfl&uuml;ge oder Oldtimertreffen bietet das Museum ein einmaliges Umfeld. Das Bistro bietet Platz f&uuml;r 50 Personen.</p>", "url": "https://automuseum.ch/STARTSEITE/", "image": "https://sgbtpimtsoch.sos-ch-dk-2.exoscale-cdn.com/catalog/a/0/c/f/a0cf4f900cd4143fb3b996f0aabc18a8c2a05201_Automuseum_6179.jpg", "openstreetmap_id": "node/2564787547"}, "geometry": {"type": "Point", "coordinates": ["9.35713291168213", "47.50266751158526"]}}, {"type": "Feature", "properties": {"identifier": "ad8998c7-5814-4d92-9ca7-ff2fca145ad3", "name": "Spielplatz Schulhaus Walde", "description": "<p>Der kleine aber feine Spielplatz mit Schaukel, Rutschbahn und Wippe sowie einem kleinen Fussballplatz nebenan bietet neben den Sch\u00fclern und Kinder des Dorfes auch Besuchern einen Platz zum verweilen. Damit bietet auch das \u00fcberschaubare Walde mit seinem l\u00e4ndlichen Charme einen Platz der Begegnung. Ben\u00fctzung lediglich ausserhalb der Schulzeiten.</p><p></p><p><strong>Ausstattung:</strong></p><ul><li>0\u20135 Jahre</li><li>5\u201312 Jahre</li><li>Barrierefrei</li><li>Rauchfrei</li><li>Sandspielbereich</li></ul>", "image": "https://sgbtpimtsoch.sos-ch-dk-2.exoscale-cdn.com/catalog/a/f/b/e/afbee7413bb794fb611d9caff1e2b7e6218e3402_Spielplatz_SchulhausWalde_2022_1.jpg", "openstreetmap_id": "Oberrickenstrasse 10"}, "geometry": {"type": "Point", "coordinates": ["9.009153842926027", "47.269481579302536"]}}, {"type": "Feature", "properties": {"identifier": "ae06997a-2ab1-40e5-8359-143056456040", "name": "Ap\u00e9ro-Korb der B\u00e4ckerei F\u00fcger", "description": "<p class=\"MsoNormal\">Sei es am Bodenseeufer beim Forum W\u00fcrth in Rorschach, beim\nHafen in Steinach oder bei den Drei Weieren in St.Gallen. Sowohl in der Stadt\nals auch auf dem Land gibt es Pl\u00e4tze zum Ausruhen und Entspannen.<o:p></o:p></p><p class=\"MsoNormal\">Die B\u00e4ckerei F\u00fcger mit Standorten in St.Gallen, Rorschach,\nSteinach und M\u00f6rschwil hat einen Korb mit verschiedenen K\u00f6stlichkeiten\nzusammengestellt. Um im Trockenen sitzen zu k\u00f6nnen, gibt es ein buntes Tuch,\ndas als Picknickdecke dient. Dieses erz\u00e4hlt von der Vision der Riklin-Br\u00fcder\nund dem BIGNIK. Der Ap\u00e9ro-Korb ist f\u00fcr 2 Personen buchbar. Weitere\nSpezialit\u00e4ten k\u00f6nnen direkt vor Ort bei F\u00fcger bezogen werden.<o:p></o:p></p><p class=\"MsoNormal\"><b>So funktioniert's:</b><o:p></o:p></p><p class=\"rich-text-paragraph\" piano-view-event=\"false\" data-v-360ed6ae=\"\" style=\"margin-bottom: 1rem; color: rgb(31, 31, 31); font-family: Inter, -apple-system, BlinkMacSystemFont, &quot;Segoe UI&quot;, Roboto, &quot;Helvetica Neue&quot;, Arial, &quot;Noto Sans&quot;, sans-serif, &quot;Apple Color Emoji&quot;, &quot;Segoe UI Emoji&quot;, &quot;Segoe UI Symbol&quot;, &quot;Noto Color Emoji&quot;; font-size: 17px; letter-spacing: -0.05px;\">\n\n\n\n\n\n</p><ul style=\"margin-top:0cm\" type=\"disc\">\n <li class=\"MsoNormal\">Beziehe den Ap\u00e9ro-Korb w\u00e4hrend den&nbsp;\u00d6ffnungszeiten&nbsp;am gebuchten\n     Standort der B\u00e4ckerei F\u00fcger.<o:p></o:p></li>\n <li class=\"MsoNormal\">Suche dir einen gem\u00fctlichen Platz im Freien und geniesse das leckere\n     Picknick.<o:p></o:p></li>\n <li class=\"MsoNormal\">Anschliessend\n     den Korb mit dem schmutzigen Geschirr w\u00e4hrend den \u00d6ffnungszeiten der\n     B\u00e4ckerei F\u00fcger am jeweiligen Standort zur\u00fcckgeben.</li></ul><p><br></p><p class=\"MsoNormal\"><b>Im Preis inklusive</b>:<o:p></o:p></p><ul style=\"margin-top:0cm\" type=\"disc\">\n <li class=\"MsoNormal\">Picknick-Korb\n     gef\u00fcllt mit regionalen Spezialit\u00e4ten von der B\u00e4ckerei F\u00fcger:<o:p></o:p></li>\n <ul style=\"margin-top:0cm\" type=\"circle\">\n  <li class=\"MsoNormal\">2&nbsp;Panach\u00e9<o:p></o:p></li>\n  <li class=\"MsoNormal\">4\n      verschiedene Canap\u00e9 (auch vegan und vegetarisch erh\u00e4ltlich)<o:p></o:p></li>\n  <li class=\"MsoNormal\">2\n      Focaccia Tomate/Mozzarella (vegane Option: Oliven-Tapenade)<o:p></o:p></li>\n  <li class=\"MsoNormal\">2\n      verschiedene Spezialsalate (auch vegan und vegetarisch erh\u00e4ltlich)<o:p></o:p></li>\n  <li class=\"MsoNormal\">2\n      Party-B\u00fcrli<o:p></o:p></li>\n  <li class=\"MsoNormal\">2\n      K\u00e4se-Spiessli<o:p></o:p></li>\n  <li class=\"MsoNormal\">2\n      Antipasti-Spiessli<o:p></o:p></li>\n  <li class=\"MsoNormal\">2\n      Zitronencakes<o:p></o:p></li>\n  <li class=\"MsoNormal\">2\n      Brownies<o:p></o:p></li>\n </ul>\n <li class=\"MsoNormal\">Originales,\n     handgen\u00e4htes BIGNIK-Tuch<o:p></o:p></li>\n <li class=\"MsoNormal\">Teller,\n     Besteck und Gl\u00e4ser</li></ul><p><b><br></b></p><p><b>Standorte:</b><br></p><p>\n\n\n\n\n\n</p><ul style=\"margin-top:0cm\" type=\"disc\">\n <li class=\"MsoNormal\">B\u00e4ckerei\n     F\u00fcger, Kirchstrasse 2, 9402 M\u00f6rschwil, Telefonnummer: +41 71 866 12 19<o:p></o:p></li>\n <li class=\"MsoNormal\">B\u00e4ckerei\n     F\u00fcger, Schulstrasse 2, 9323 Steinach, Telefonnummer: +41 71 571 04 77<o:p></o:p></li>\n <li class=\"MsoNormal\">B\u00e4ckerei\n     F\u00fcger, St. Gallerstrasse 13, 9400 Rorschach, Telefonnummer: +41 71 841 20\n     16<o:p></o:p></li>\n <li class=\"MsoNormal\">B\u00e4ckerei\n     F\u00fcger, Metallstrasse 18, 9000 St. Gallen, Telefonnummer: +41 71 222 20 12<o:p></o:p></li>\n</ul><ul style=\"margin-top:0cm\" type=\"disc\">\n</ul><p class=\"rich-text-paragraph\" piano-view-event=\"false\" data-v-360ed6ae=\"\" style=\"margin-bottom: 1rem; color: rgb(31, 31, 31); font-family: Inter, -apple-system, BlinkMacSystemFont, &quot;Segoe UI&quot;, Roboto, &quot;Helvetica Neue&quot;, Arial, &quot;Noto Sans&quot;, sans-serif, &quot;Apple Color Emoji&quot;, &quot;Segoe UI Emoji&quot;, &quot;Segoe UI Symbol&quot;, &quot;Noto Color Emoji&quot;; font-size: 17px; letter-spacing: -0.05px;\"><br></p>", "url": "https://fueger-handmade.ch/", "image": "https://sgbtpimtsoch.sos-ch-dk-2.exoscale-cdn.com/catalog/b/a/4/5/ba453004814d7a6f432ba4357f711940da2b91b0_large__20240711_picknick_korb_st_gallen_1.jpg", "openstreetmap_id": "node/745742088"}, "geometry": {"type": "Point", "coordinates": ["9.423699937437831", "47.468141013402935"]}}, {"type": "Feature", "properties": {"identifier": "ae36d1a2-2da6-47bb-92ee-65c1df8c74bb", "name": "Schweizer Statistiktage 2026", "description": "<p>Die Schweizer Statistiktage sind das j&auml;hrliche Treffen der Statistikerinnen und Statistiker in der Schweiz. Sie dienen dem fachlichen Austausch sowie der Diskussion aktueller Entwicklungen aus Forschung, Methodik und Praxis. Die Veranstaltung richtet sich an Fachleute aus Bildung und Forschung, Privatwirtschaft und &ouml;ffentlicher Statistik und steht allen offen.</p>", "image": "https://sgbtpimtsoch.sos-ch-dk-2.exoscale-cdn.com/catalog/1/a/e/f/1aef86a0ed9a575b3357b15b994f9cf8fe786863_W__rth_Haus_Rorschach_Skulpturengarten_1.jpg"}, "geometry": {"type": "Point", "coordinates": ["9.5063374", "47.4785163"]}}, {"type": "Feature", "properties": {"identifier": "ae8f7af7-fbe3-4fc3-9b9f-fbc87162aa30", "name": "Special Elements", "description": "<p>Special Elements besteht aus sechs erfahrenen, innovativen T\u00e4nzern, deren gemeinsames Ziel es ist, das Publikum immer wieder aufs Neue zu verbl\u00fcffen. Ihre Konzepte und Choreografien entstehen durch spontane, unerwartete Situationen in den Trainings, welche sie optimal und schnell in ihren eigenen Style integrieren k\u00f6nnen. So wurde durch ein anf\u00e4ngliches Projekt unter Freunden eine Tanzgruppe, die sich selber auch schon offiziell \u00abHip Hop Schweizermeister\u00bb nennen darf.<br></p>", "url": "https://www.specialelements.ch/", "image": "https://sgbtpimtsoch.sos-ch-dk-2.exoscale-cdn.com/catalog/a/e/e/9/aee968e7a727182942abd16bbb5c346c2d782edf_special_elements.jpg", "openstreetmap_id": "node/5933686901"}, "geometry": {"type": "Point", "coordinates": ["7.6080368", "47.5366683"]}}, {"type": "Feature", "properties": {"identifier": "af00ee69-3eb0-4b91-96e7-a6133e7145bc", "name": "Rhein-Route Highlights (5 Tage / 4 N\u00e4chte) | Saison 1 Kategorie A", "description": "<p>Die Rhein-Route umspannt den Osten der Schweiz in einem weiten Bogen. Auf dieser Reise entdecken Sie die Highlights dieser Route und radeln vom weiten Bodensee, wo Obstg&auml;rten, Schl&ouml;sser und fr&ouml;hliches Touristengeschnatter die Gestade des gr&uuml;n und silbern schimmernden &laquo;schw&auml;bischen Meeres&raquo; zieren bis nach Basel.</p><p>Kategorie A: ab CHF 999.00</p><p>Saison 1: vom 21. M&auml;rz bis 24. April 2026 und vom 26. September bis 18. Oktober 2026</p><p>&nbsp;</p><p>Der genaue Reiseverlauf ist <a href=\"https://shop.st.gallen-bodensee.ch/de/products/rheinroute-highlights-5-tage-4-naechte-saison-1\" target=\"_blank\" rel=\"noopener\">hier</a> ersichtlich.&nbsp;</p>", "url": "https://www.eurotrek.ch", "image": "https://sgbtpimtsoch.sos-ch-dk-2.exoscale-cdn.com/catalog/7/7/4/e/774ee4832b7ad0e89a26671f4f87e05a1f58e889_Rheinroute_Dig_Marktplatz.jpg", "openstreetmap_id": "node/1349145879"}, "geometry": {"type": "Point", "coordinates": ["9.505248", "47.4780562"]}}, {"type": "Feature", "properties": {"identifier": "af0729a1-1964-4532-b59b-b664c34728c4", "name": "Weiere Sauna", "description": "<p>Das Naherholungsgebiet Drei Weihern z&auml;hlt zu den sch&ouml;nsten Naturschwimmb&auml;dern der Schweiz. Im alten Badehaus haben St.Galler Architekten mit viel Feingef&uuml;hl eine Sauna gebaut. Die &auml;sthetische Ausstattung ist aufs Wesentliche reduziert: Garderoben mit Duschen, zwei Saunar&auml;ume mit unterschiedlichen Temperaturen sowie ein Ruheraum mit Aussicht in den Wald. Zum Abk&uuml;hlen l&auml;dt der romantische Schwimmweiher. Grossz&uuml;gige, teilweise gedeckte Liege- und Sitzgelegenheiten laden zum Verweilen ein.</p><p>Ein Bistro mit ausgew&auml;hlten Getr&auml;nken und einem Angebot f&uuml;r den kleinen Hunger rundet das Angebot ab. Eine winterliche Oase der Ruhe, Erholung und Gesundheit.</p>", "url": "http://www.weieresauna.ch", "image": "https://sgbtpimtsoch.sos-ch-dk-2.exoscale-cdn.com/catalog/0/8/3/a/083ad96f90f8d6bf566e0e5b553db55751fcce4d_Bild_WEIERE_SAUNA.jpg", "openstreetmap_id": "way/125682190"}, "geometry": {"type": "Point", "coordinates": ["9.39152700294117", "47.42258195"]}}, {"type": "Feature", "properties": {"identifier": "af272a07-8535-49de-b55b-0f397cbbaea2", "name": "Restaurant S\u00e4ntisgipfel", "description": "<p>Das gem&uuml;tliche Restaurant, gestaltet mit viel Altholz und Stein, bietet einladende Sitznischen und ein beeindruckendes Panorama mit Blick &uuml;ber die Churfirsten bis nach Italien und &uuml;ber die gesamte Schweizer Alpenkette.&nbsp;</p><p>Geniessen Sie Ihren Aufenthalt bei einem genussvollen Kombiangebot der S&auml;ntis-Schwebebahn wie ein S&auml;ntis-Zmorge, Brunch-Erlebnis oder das traditionelle Appenzeller Sonntagsbuffet mit musikalischer Begleitung auf 2502 m &uuml;. M.</p><p>Das Restaurant S&auml;ntisgipfel verw&ouml;hnt mit traditioneller und regionaler K&uuml;che. Ein vielf&auml;ltiges Angebot an Veranstaltungen erm&ouml;glicht es Ihnen den S&auml;ntis von seiner kulinarischen Seite kennenzulernen wie Magischer Sternenzauber, Romantischer Vollmondabend oder S&auml;ntis-Zmittag.</p><p>Mehr Informationen finden Sie im Eventkalender:&nbsp;<a href=\"https://saentisbahn.ch/erlebnis/agenda/event-kalender/\">https://saentisbahn.ch/erlebnis/agenda/event-kalender/</a></p><p><strong>Wichtige Information: Die S&auml;ntis-Schwebebahn ist infolge Erneuerung der Bahn von 1. Mai bis Sp&auml;therbst 2026 eingestellt.</strong></p><p><strong>Das &laquo;S&auml;ntis &ndash; das Hotel&raquo; und die Restaurationsbetriebe auf der Schw&auml;galp sind durchgehend f&uuml;r Sie ge&ouml;ffnet.</strong></p><p>Weitere Informationen finden Sie <a href=\"https://saentisbahn.ch/\">hier</a> .</p><p>&nbsp;</p>", "url": "https://saentisbahn.ch/essen-trinken/restaurant-saentisgipfel/", "image": "https://sgbtpimtsoch.sos-ch-dk-2.exoscale-cdn.com/catalog/9/2/b/8/92b80c13a97d8ac6740c27435241fed4015764b8_16_07_20_3029.jpg", "openstreetmap_id": "node/6846203481"}, "geometry": {"type": "Point", "coordinates": ["9.3425129", "47.2492861"]}}, {"type": "Feature", "properties": {"identifier": "af387790-c33a-431c-a439-367e00105369", "name": "Kobesenm\u00fchle", "description": "<p>Die Kobesenm&uuml;hle ist ein stiller, idyllischer Ort mit Weiher, rauschendem Bach und einer vielf&auml;ltigen Natur. Von 1917 bis 1974 wirkte in der alten M&uuml;hle der eigenwillige K&uuml;nstler und Denker Wilhelm Lehmann. Seine ausdrucksstarken Bildhauerarbeiten, Holzschnitte und Zeichnungen und sein tiefgr&uuml;ndiges Denken haben eine zeitlose Bedeutung. Die Ausstellung in der Kobesenm&uuml;hle bietet einen interessanten Einblick ins Schaffen von Wilhelm Lehmann. Sie wird jedes Jahr neu zusammengestellt und zum Teil mit Werken anderer K&uuml;nstler erg&auml;nzt. Im Naturgarten des Museums wird w&auml;hrend den &Ouml;ffnungszeiten Kaffee und Kuchen serviert.</p>", "url": "https://kobesenmuehle.ch/", "image": "https://sgbtpimtsoch.sos-ch-dk-2.exoscale-cdn.com/catalog/b/5/2/7/b527a10b5bc5fefdf6d15f92b863a05514870a4c_Kobesen1.jpg", "openstreetmap_id": "way/195794050"}, "geometry": {"type": "Point", "coordinates": ["9.194747", "47.473206"]}}, {"type": "Feature", "properties": {"identifier": "b0bdf1cf-c062-4eee-b057-6a6436e30b03", "name": "Erlebnisk\u00e4serei Pfister", "description": "<p>Alois Pfister hat seine Rezeptur zur Herstellung seiner beliebten K&auml;se an die <a href=\"https://www.guentensperger-kaese.ch/\">G&uuml;ntensperger K&auml;se AG</a> weitergegeben.&nbsp;</p>", "image": "https://sgbtpimtsoch.sos-ch-dk-2.exoscale-cdn.com/catalog/e/f/9/a/ef9ad09087894bfedf29ead20e8c759f4835cbe1_K__se.png", "openstreetmap_id": "way/270254361"}, "geometry": {"type": "Point", "coordinates": ["8.96721135", "47.26141805"]}}, {"type": "Feature", "properties": {"identifier": "b0d7fb38-b8b2-4084-b479-89f29401b936", "name": "Baumwipfelpfad Neckertal", "description": "Der einzigartige Baumwipfelpfad Neckertal verbindet Nachhaltigkeit und Naturerlebnis und ist eine Bereicherung f\u00fcr die G\u00e4ste und die Region. Die sch\u00f6ne Natur- und Kulturlandschaft wurde erhalten und macht es m\u00f6glich, den Wald mit anderen Augen zu sehen. Entdecken Sie diese kleine Perle und geniessen Sie bei uns einmalige Einblicke in die Natur und Ausblicke \u00fcber das ganze Neckertal.\n\nMit aussergew\u00f6hnlichen Perspektiven bietet der etwas andere Freizeitpark mit seinem dazugeh\u00f6rigen Walderlebnisweg einen unvergesslichen und spannenden Naturaufenthalt. An den vielen Erlebnisstationen wird zudem einiges an Wissen \u00fcber den Wald und dessen Bewohner vermittelt.\n\nGeniessen Sie die Stunden im Wald, offline und entschleunigt. Ganz gem\u00fctlich zu zweit, mit Kindern auf dem Spielplatz, beim selber \u00abbr\u00f6tl\u00e4\u00bb an der Grillstelle oder einfach ganz entspannt an der Sonne. Hier ist willkommen, wer gerne im Wald die Seele baumeln l\u00e4sst. Die kleine Oase im Wald l\u00e4dt dazu ein, etwas zu verweilen, dem Rauschen der Bl\u00e4tter und dem Zwitschern der V\u00f6gel zu lauschen und Zeit mit Familie und Freunden zu verbringen.", "url": "http://www.baumwipfelpfad.ch", "image": "https://sgbtpimtsoch.sos-ch-dk-2.exoscale-cdn.com/catalog/e/d/9/4/ed940ef743f23e3ca17fc3c045ac087f4107912d_Baumwipfelpfad_Neckertal_Vogelperspektive_Fr__hling_1_.jpg", "openstreetmap_id": "way/562472397"}, "geometry": {"type": "Point", "coordinates": ["9.195284", "47.307197"]}}, {"type": "Feature", "properties": {"identifier": "b176e086-552c-4149-97ba-312e3e2d3f90", "name": "MASCHENTRAUM.CH", "description": "<p>Vor zwei Jahren hat sich Sandra D'Agostino entschieden aus ihrem geliebten Hobby etwas mehr zu machen und hat im Dezember 2022 ihren Onlineshop er\u00f6ffnet.&nbsp;</p><p>Nebst dem Onlineshop besucht sie auch verschiedene M\u00e4rkte mit ihren Artikeln.&nbsp;</p><p>Jedes St\u00fcck wird mit viel Liebe von ihr pers\u00f6nlich geh\u00e4kelt. Ob tolle Schl\u00fcsselanh\u00e4nger, herzige Pl\u00fcschies, Haarschmuck oder auch tolle, zum Teil personalisierte Sachen zur Geburt.&nbsp;</p><p>In ihrem Onlineshop maschentraum.ch finden sich viele, einzigartige Artikel. Ebenfalls ist ein Teil ihres Sortiments in der Schn\u00e4pplib\u00f6rse in Neuhaus oder im Hofladen Auhof in Wagen erh\u00e4ltlich.&nbsp;</p><p>Schau vorbei und finde genau das Passende f\u00fcr Dich!</p>", "url": "https://www.maschentraum.ch/", "image": "https://sgbtpimtsoch.sos-ch-dk-2.exoscale-cdn.com/catalog/4/9/5/1/4951b7bd2e746ca31196d5a5f71cc4465d5a5520_drei_Pl__schis.jpg", "openstreetmap_id": "way/704118963"}, "geometry": {"type": "Point", "coordinates": ["8.888726329968902", "47.231659300000004"]}}, {"type": "Feature", "properties": {"identifier": "b273c4e0-a5d9-48a3-9832-20f8b4b52fd0", "name": "Restaurant Corso", "description": "Der Star der Corso-K\u00fcche sind sorgf\u00e4ltig ausgew\u00e4hlte regionale Produkte, bereichert durch Spezialit\u00e4ten aus dem Alpenraum. Erg\u00e4nzt werden sie mit einer erlesenen Auswahl an autochthonen Weinen aus dem Alpenraum sowie einer kleinen Weinauswahl von Philipp Schwander, dem ersten Schweizer Master of Wine. Chef Markus Schenk und sein Team wurden erst k\u00fcrzlich mit 15 Gault Millau Punkten ausgezeichnet.", "url": "https://restaurant-corso.ch/", "image": "https://sgbtpimtsoch.sos-ch-dk-2.exoscale-cdn.com/catalog/a/6/d/9/a6d9dacb2245627f4c76bec7cf911eafb909246c_20200203_SENN_AT_CORSO_090.jpg", "openstreetmap_id": "node/4094002895"}, "geometry": {"type": "Point", "coordinates": ["9.3786815", "47.4251839"]}}, {"type": "Feature", "properties": {"identifier": "b32aa1be-e17a-435c-a3f9-902d7732fa87", "name": "Intertext \u00dcbersetzungsb\u00fcro GmbH", "description": "<p>Intertext \u00dcbersetzungsb\u00fcro GmbH bietet Beh\u00f6rden, Unternehmen und Privatpersonen professionelle \u00dcbersetzungen in alle Weltsprachen.</p>", "url": "https://intertext.ch/", "image": "https://sgbtpimtsoch.sos-ch-dk-2.exoscale-cdn.com/catalog/6/d/3/8/6d38a9e5f7a467987dcdd2c473fef9330d181fbf_intertext_uebersetzungsbuero_gmbh.png", "openstreetmap_id": "way/147066991"}, "geometry": {"type": "Point", "coordinates": ["9.296958983020989", "47.40071125"]}}, {"type": "Feature", "properties": {"identifier": "b34c3751-e0e1-4f8f-a9a8-668be0c7f037", "name": "Gold Trophy unterwegs", "description": "<p class=\"MsoNormal\">Die verschiedenen Spielk&auml;sten bieten Abwechslung und Spannung auf dem Ausflug. Die Spiele sind jederzeit verf&uuml;gbar und die Route kann bei jedem beliebigen Kasten gestartet und beendet werden. Die Benutzung ist kostenlos. Bei jedem Kasten gibt es Unterlagen mit einem &Uuml;bersichtsplan und einer Spielkarte um Punkte einzutragen.<br><br>Die Strecke misst ca. 13.4km. Weitere Infos zur Route sind auf <a href=\"https://www.outdooractive.com/de/route/radtour/zuercher-oberland/gold-trophy-unterwegs-velo-toeffli-route-goldingertal/46145203/#caml=a14,1hgcld,7tgha3,0,0\" target=\"_blank\" rel=\"noopener\">outdooractive </a>erfasst.</p><p class=\"MsoNormal\">Anreise mit den &ouml;ffentlichen Verkehrsmitteln:<br>Bus 630 von Eschenbach (Dorftreff) nach Goldingen (Egligen) bzw. Hintergoldingen (Atzm&auml;nnig Schutt)</p>", "url": "https://www.atzmaennig.ch/de/gruppenevents/gesamtangebot-fuer-gruppen/toeffli-touren/?search_highlighter=chalts", "image": "https://sgbtpimtsoch.sos-ch-dk-2.exoscale-cdn.com/catalog/e/d/7/e/ed7ea94a8745395ceffcf5318cdcea2ce58571cc_IMG_6026.JPG", "openstreetmap_id": "way/231502473"}, "geometry": {"type": "Point", "coordinates": ["8.99704973589569", "47.28537835"]}}, {"type": "Feature", "properties": {"identifier": "b37b8f1a-2975-4f04-a29d-fbd1be226577", "name": "Spielplatz Atzm\u00e4nnig", "description": "<p>Auf dem \u00f6ffentlich kostenlos zug\u00e4nglichen Spielplatz inmitten des Freizeitparks Atzm\u00e4nnig k\u00f6nnen sich auch die kleinsten G\u00e4ste wohl f\u00fchlen und eine Menge Spass haben. Der grosse Spielplatz mit Kletterturm, Rutschbahn und Schaukel ist kindgerecht angelegt und zentral gelegen. So haben Eltern immer alles im Blick und die perfekte Kontrolle. Das ist auch gut so, denn mit den zwei Karussellen geht es drunter und dr\u00fcber.</p><p></p><p><strong>Ausstattung:</strong></p><ul><li>0\u20135 Jahre</li><li>5\u201312 Jahre</li><li>Barrierefrei</li><li>Feuerstelle</li><li>\u00d6ffentliches WC</li><li>Picknick-Platz</li><li>Rauchfrei</li><li>Sandspielbereich</li></ul>", "url": "https://www.atzmaennig.ch/de/suchergebnis/?search=spielplatz", "image": "https://sgbtpimtsoch.sos-ch-dk-2.exoscale-cdn.com/catalog/2/8/a/a/28aa93b1b940ad4a35c6e84cdbb8740617a8b14a_Spielplatz_Atzm__nnig_FotoChristofSonderegger_2012.jpg", "openstreetmap_id": "node/726611392"}, "geometry": {"type": "Point", "coordinates": ["8.99657964706421", "47.285219135907326"]}}, {"type": "Feature", "properties": {"identifier": "b4241169-e8fd-42a3-8395-1c19676e6347", "name": "Restaurant Hedwig", "description": "Serviert&nbsp;werden naturnahe Gerichte zum Teilen \u2013 passend zur Saison und zum gemeinsamen Geniessen. Authentisch und regional. Sharing Dishes gekocht mit kompromissloser Qualit\u00e4t, aufgetischt mit Rheintaler Charme. Begleitend zu den Gerichten werden Weine angeboten, oft biologisch produziert oder als Naturwein gekeltert.Die K\u00fcche arbeitet mit den besten Produzent:innen aus dem Rheintal und mit auserlesenen Craft-Produkten aus kleinen Schweizer Unternehmen.&nbsp;", "url": "https://restaurant-hedwig.ch/", "image": "https://sgbtpimtsoch.sos-ch-dk-2.exoscale-cdn.com/catalog/a/c/4/c/ac4c9df0701b3fcbc57427f7d0881bfa60bf8e2e_Hedwig_Balga_5702_min__2.jpg", "openstreetmap_id": "node/10805137528"}, "geometry": {"type": "Point", "coordinates": ["9.6078941", "47.4068827"]}}, {"type": "Feature", "properties": {"identifier": "b42cceca-48e9-4d01-a617-be6031905f17", "name": "Figurentheater-Museum & Figurentheater", "description": "<p class=\"MsoNormal\">Im Dorfkern von Herisau, in einem typischen alten Appenzellerhaus l&auml;sst das Figurentheatermuseum Besucherinnen und Besucher eintauchen in die fantasievolle, bunte Welt des Figurentheaters. Auf insgesamt drei Stockwerken gibt es verschiedene Marionetten, Handpuppen und andere Figuren zu entdecken und allerlei Spannendes zu erfahren. Jedes Jahr wird eine andere spannende Schweizer B&uuml;hne portr&auml;tiert. Die Jahresausstellung wird jeweils durch thematische Pr&auml;sentationen aus der hauseigenen Sammlung erg&auml;nzt &ndash; so lassen sich immer wieder neue Facetten des Figurenspiels entdecken und beleuchten. <span style=\"mso-spacerun: yes;\">&nbsp;</span>Das Museum kann auf Anfrage exklusiv reserviert werden; zudem sind F&uuml;hrungen f&uuml;r Gruppen mit oder ohne Ap&eacute;ro buchbar.</p><p class=\"MsoNormal\"><strong>Strolchi erwartet die kleinen Besucherinnen und Besucher</strong><br>Die Katze Strolchi begleitet Kinder auf einem liebevoll gestalteten Spiel- und Erlebnisweg mit interaktiven Stationen durch das Haus und l&auml;sst sie selbst zu Puppenspielerinnen und Puppenspielern werden.&nbsp;</p><p class=\"MsoNormal\">Die Ausstellungen sind auch auf Franz&ouml;sisch und Englisch zug&auml;nglich.<br><br>Eintrittspreise:<br>Erwachsene CHF 8.00, Kinder CHF 5.00, Familien CHF 20.00<br>F&uuml;r Kinder aus den Kantonen AR und SG ist der Eintritt gratis.<br><br>Die Theatersaison dauert jeweils von Oktober bis Mai, Auff&uuml;hrungen finden immer am Sonntag um 11 Uhr statt</p><p class=\"MsoNormal\">Spielplan: www.figurentheatermuseum.ch</p>", "url": "https://www.figurentheatermuseum.ch", "image": "https://sgbtpimtsoch.sos-ch-dk-2.exoscale-cdn.com/catalog/c/1/2/a/c12a524654e6b46b90e3667398db77ee1969f1df_appenzellerhaus_figurentheater__2.jpg", "openstreetmap_id": "way/318077106"}, "geometry": {"type": "Point", "coordinates": ["9.27979840461888", "47.3851375"]}}, {"type": "Feature", "properties": {"identifier": "b4889b82-99e5-4fc7-b909-ea00c9ec9fbc", "name": "Naturheilpraxis Manuela G\u00fcbeli", "description": "<p>Die Praxis liegt rund 2 km ausserhalb vom Dorfzentrum in den Hinterbergen, einem idyllischen Weiler mit Sicht in die Glarner Alpen und den sch\u00f6nen Z\u00fcrichsee.</p><p><span style=\"font-weight: bold;\">Warum zur Naturheil\u00e4rztin:</span><span style=\"font-weight: 700;\"><br></span>Viele Menschen haben chronische Leiden, die sie \u00fcber Jahre erdulden. Im Bewegungsapparat l\u00e4uft nicht mehr alles so rund \u2013 mal zwickt es da und mal zwickt es dort. Die Verdauung ist auch nicht mehr das was sie mal war \u2013 oft werden verschiedene Lebensmittel nicht mehr gut vertragen. Allergien k\u00f6nnen sich im Laufe der Jahre ausbreiten. Es plagen immer \u00f6fter Migr\u00e4neanf\u00e4lle, Schlafst\u00f6rungen oder im Sommer die Pollen. Auch Sorgen und N\u00f6te k\u00f6nnen die Gesundheit negativ beeintr\u00e4chtigen und verschiedenste Beschwerden hervorrufen.</p><p>Im Zentrum einer Behandlung stehen SIE mit Ihrem Anliegen. In einem ersten Gespr\u00e4ch wird alles zusammen getragen, was bisher war und was Sie momentan am meisten besch\u00e4ftigt. Mit Hilfe der Bioresonanz (Schwingungsmedizin) wird eine Standortbestimmung gemacht, aufgrund derer nachher gemeinsam ein Therapieplan erstellt wird.</p><p><span style=\"font-weight: bold;\">In der Praxis eingesetzt wird:&nbsp;</span></p><ul><li>Bioresonanztherapie</li><li>Scenar-Medizin (St\u00e4rkung der Selbstheilungskr\u00e4fte)</li><li>Pflanzliche Urtinkturen</li><li>Bachbl\u00fcten</li><li>Sch\u00fcsslersalze (Mineralstoffe)</li></ul><p><br><span style=\"font-weight: bold;\">Zus\u00e4tzliche Angebote:</span><br></p><ul><li>Massagen mit oder ohne Schwingkissen</li><li>Fussreflexzonenmassage</li><li>Ohrakupunktur</li></ul>", "url": "http://www.praxis-guebeli.ch/", "image": "https://sgbtpimtsoch.sos-ch-dk-2.exoscale-cdn.com/catalog/9/b/6/c/9b6ca8059a652d1bf9afbbb13a073b293fe4d302_G__beli_M___36_350.jpg", "openstreetmap_id": "node/11264913326"}, "geometry": {"type": "Point", "coordinates": ["8.947016", "47.2576812"]}}, {"type": "Feature", "properties": {"identifier": "b4dbe755-ad8a-4c59-a551-c12592c6ef10", "name": "RB Apartments", "description": "<p class=\"PDq2pG_selectionAnchorContainer\" data-start=\"98\" data-end=\"360\">Geniesse einen komfortablen Aufenthalt im Herzen von St.Gallen. Restaurants, Einkaufsm&ouml;glichkeiten, &ouml;ffentliche Verkehrsmittel und das Stadtzentrum sind in nur f&uuml;nf Minuten erreichbar. Ideal f&uuml;r Gesch&auml;ftsreisen, Studierende, St&auml;dtereisen und l&auml;ngere Aufenthalte.</p><p data-start=\"362\" data-end=\"441\">Mara und Adrian freuen sich darauf, G&auml;ste aus aller Welt willkommen zu heissen.</p><p data-start=\"362\" data-end=\"441\">Die Unterkunft</p><p data-start=\"462\" data-end=\"520\">Gem&uuml;tliche Stadtwohnung mit 54 m&sup2; im Herzen von St.Gallen.</p><p data-start=\"462\" data-end=\"520\">Ausstattung</p><ul data-start=\"539\" data-end=\"731\"><li data-section-id=\"1rsoguy\" data-start=\"539\" data-end=\"587\">1 Schlafzimmer mit grossem Bett (180 &times; 220 cm)</li><li data-section-id=\"xkzv0j\" data-start=\"588\" data-end=\"602\">1 Wohnzimmer</li><li data-section-id=\"1m3xnns\" data-start=\"603\" data-end=\"635\">1 Badezimmer mit Dusche und WC</li><li data-section-id=\"4xd021\" data-start=\"636\" data-end=\"683\">1 voll ausgestattete K&uuml;che mit Geschirrsp&uuml;ler</li><li data-section-id=\"kfxqk5\" data-start=\"684\" data-end=\"703\">1 Eingangsbereich</li><li data-section-id=\"zrzlr\" data-start=\"704\" data-end=\"731\">1 kleiner privater Garten</li></ul><p>Weitere Annehmlichkeiten</p><ul data-start=\"763\" data-end=\"1032\"><li data-section-id=\"1j3unvj\" data-start=\"763\" data-end=\"769\">Lift</li><li data-section-id=\"1qinbmf\" data-start=\"770\" data-end=\"780\">M&ouml;bliert</li><li data-section-id=\"1ckeupe\" data-start=\"781\" data-end=\"799\">Kostenloses WLAN</li><li data-section-id=\"1yxc5wt\" data-start=\"800\" data-end=\"890\">Waschmaschine und Trockner stehen im Geb&auml;ude gegen eine zus&auml;tzliche Geb&uuml;hr zur Verf&uuml;gung</li><li data-section-id=\"1yieugo\" data-start=\"891\" data-end=\"975\">&Ouml;ffentliche Parkpl&auml;tze sind gegen Geb&uuml;hr in ca. 10 Gehminuten Entfernung verf&uuml;gbar</li><li data-section-id=\"kco8nh\" data-start=\"976\" data-end=\"1000\">Im Erdgeschoss gelegen</li><li data-section-id=\"1e0cx95\" data-start=\"1001\" data-end=\"1032\">Verdunkelungsrollos vorhanden</li></ul><p>Hervorragende Lage</p><ul data-start=\"1057\" data-end=\"1455\" data-is-last-node=\"\" data-is-only-node=\"\"><li data-section-id=\"125ohjc\" data-start=\"1057\" data-end=\"1089\">5 Minuten bis ins Stadtzentrum</li><li data-section-id=\"txsbw3\" data-start=\"1090\" data-end=\"1172\">5 Minuten zu Superm&auml;rkten, Gesch&auml;ften, Restaurants, Bars und Ausgehm&ouml;glichkeiten</li><li data-section-id=\"1nkf413\" data-start=\"1173\" data-end=\"1211\">5 Minuten zum Hauptbahnhof St.Gallen</li><li data-section-id=\"1jadz6o\" data-start=\"1212\" data-end=\"1256\">10 Minuten zur Universit&auml;t St.Gallen (HSG)</li><li data-section-id=\"18lhwik\" data-start=\"1257\" data-end=\"1310\">15 Minuten mit dem Bus zu den Olma Messen St.Gallen</li><li data-section-id=\"bzv1rk\" data-start=\"1311\" data-end=\"1405\">15 Minuten mit dem Bus zum Kinderspital und Kantonsspital St.Gallen (HOCH Health Ostschweiz)</li><li data-section-id=\"15ubl1o\" data-start=\"1406\" data-end=\"1455\" data-is-last-node=\"\">Sehr gute Anbindung an den &ouml;ffentlichen Verkehr</li></ul>", "url": "http://airbnb.com/h/apartment-sg", "image": "https://sgbtpimtsoch.sos-ch-dk-2.exoscale-cdn.com/catalog/2/5/3/6/253600a11493152f82bb20a5902644a3babce225_Schlafzimmer___1_.jpg", "openstreetmap_id": "way/308387989"}, "geometry": {"type": "Point", "coordinates": ["9.3705279", "47.4266824"]}}, {"type": "Feature", "properties": {"identifier": "b52aa863-b54d-43ed-a5f1-46703c6d6e63", "name": "Vinato Restaurant & Events", "description": "Ob f\u00fcr private Gesellschaften, Unternehmensanl\u00e4sse, Meetings oder einfach zum geselligen Beisammensein, die vorhandene Infrastruktur l\u00e4sst nichts zu w\u00fcnschen offen.\n\nDie moderne Einrichtung ist auf dem neusten Stand und beherbergt nebst einer professionellen K\u00fcche verschiedene R\u00e4umlichkeiten zur individuellen Nutzung. In der \"Vinato-Stube\", mit Platz f\u00fcr etwa 50 Personen, werden regionale und saisonale Gerichte serviert. Ebenfalls steht das \"Vinato S\u00e4\u00e4li\", mit Platz f\u00fcr etwa 50 Personen, sowie der Weinkeller f\u00fcr diverse Events zur Verf\u00fcgung. Den passenden Wein dazu k\u00f6nnen die G\u00e4ste im Gew\u00f6lbe-Weinkeller mit \u00fcber 500 Flaschen aussuchen und geniessen. Die Zigarrenlounge l\u00e4dt ein zum Verweilen und der Besuch kann mit einem edlen Rum oder Whisky abgerundet werden. Bei sch\u00f6nem Wetter l\u00e4sst es sich auf der Terrasse, mit Platz f\u00fcr etwa 35 Personen, geniessen.\n\nDas Vinato eignet sich f\u00fcr verschiedene Events wie z.B. Wein- / Spirituosen- / Zigarren- Degustationen, Jubil\u00e4en, Fr\u00fchschoppen-Anl\u00e4sse und vieles mehr. Die Gastgeberin Monika Marconato und ihr Team helfen bei der Planung und Durchf\u00fchrung. \n\n\n", "url": "https://www.vinato.ch/", "image": "https://sgbtpimtsoch.sos-ch-dk-2.exoscale-cdn.com/catalog/b/4/2/1/b421ad200c8ab9709ac0aed9c523925820ea20c7_1536x1024.jpg", "openstreetmap_id": "node/9845820469"}, "geometry": {"type": "Point", "coordinates": ["9.39296454191208", "47.4657931835619"]}}, {"type": "Feature", "properties": {"identifier": "b584211f-ddd0-4553-9145-c420915f04c4", "name": "\u00d8YA Bar Kaf\u00e9 Klub", "description": "<p><span class=\"whitespace-normal\">&Oslash;YA Bar Kaf&eacute; Klub</span> ist ein <strong data-start=\"85\" data-end=\"158\">Caf&eacute;, eine Bar und ein kleiner Klub mitten in der St. Galler Altstadt</strong>, an der Schwertgasse 27.&nbsp;<br><br><strong data-start=\"297\" data-end=\"310\">Tags&uuml;ber:</strong> Fr&uuml;hst&uuml;ck, Kaffee, Kuchen, Lunch</p><p><strong data-start=\"397\" data-end=\"408\">Abends:</strong> Bar mit Cocktails, Bier und Drinks.</p><p><strong data-start=\"450\" data-end=\"461\">Nachts:</strong> Im Untergeschoss gibt es einen <strong data-start=\"493\" data-end=\"501\">Klub</strong> mit Partys, Konzerten und verschiedenen Veranstaltungen. Kann auch f&uuml;r private Events gemietet werden.</p><p>Das Konzept ist&nbsp;<strong data-start=\"586\" data-end=\"612\">skandinavisch/nordisch</strong> &ndash; der Name &bdquo;&Oslash;YA&ldquo; bedeutet auf Norwegisch <strong data-start=\"654\" data-end=\"665\">&bdquo;Insel&ldquo;</strong>.</p>", "url": "https://oya-bar.ch/", "image": "https://sgbtpimtsoch.sos-ch-dk-2.exoscale-cdn.com/catalog/4/e/0/8/4e08e31790fa85d7d8d91a5939ad6cf96edd6092_BAR_KAFE_JAN18__2_von_19__Foto_Alexandra_Koch__4_.jpg", "openstreetmap_id": "way/322979862"}, "geometry": {"type": "Point", "coordinates": ["9.3774365", "47.4276256"]}}, {"type": "Feature", "properties": {"identifier": "b59bf984-7073-4a92-bb1a-bd7ba2df5533", "name": "Privat Spa im Hotel Schloss Wartegg", "description": "<p>Das historische \"T&uuml;rkise Bad\" ist ein 5,5 m grosses Bade-Oval aus dem Jahr 1928. Hier l&auml;sst es sich nach einem Saunagang vollkommen erholen. Auch die Liegeterrasse mit Blick auf die Baumkronen des Schlossparks l&auml;dt zur Entspannung ein.</p>\n<p>Das buchbare Angebot <a href=\"https://wartegg.ch/offer/2015/05/historisch-baden-und-genuesslich-tafeln/\" target=\"_blank\" rel=\"noopener\">Historisch baden und gen&uuml;sslich tafeln</a> verbindet f&uuml;rstlichen Badegenuss mit k&ouml;niglichem Gaumenschmaus in den historischen Gem&auml;uern vom Schloss Wartegg.&nbsp;</p>", "url": "https://wartegg.ch/spa/", "image": "https://sgbtpimtsoch.sos-ch-dk-2.exoscale-cdn.com/catalog/9/7/5/3/97532bfa1bcb1ca497a4c392cf65d991ccafc27d_Schloss_Wartegg__30_.jpg", "openstreetmap_id": "way/186554885"}, "geometry": {"type": "Point", "coordinates": ["9.530157315389758", "47.478370103315854"]}}, {"type": "Feature", "properties": {"identifier": "b5e6368d-cfbe-4580-93d4-5efc07928105", "name": "Chocolarium \u2013 die Gl\u00fccksfabrik von Munz und Minor", "description": "<p>Wer Schokolade liebt, kommt um einen Besuch im Chocolarium nicht herum. Auf dem interaktiven Erlebnis-Rundgang entdecken Schoggifans auf spielerische Weise viel Wissenswertes &uuml;ber Schokolade &ndash; und wie das Gl&uuml;ck seinen Weg in jede Tafel findet.</p><p>Von der Glasgalerie aus l&auml;sst sich hautnah beobachten, wie die beliebten Produkte von Munz und Minor entstehen. Ein besonderes Highlight bietet der Raum f&uuml;r individuelles Gl&uuml;ck: Verschiedene Schokoladenbrunnen laden dazu ein, die Sorten Weiss, Milch, Dunkel, Himbeere und sogar vegane Gianduja zu probieren und zu bewerten &ndash; Naschen ist hier ausdr&uuml;cklich erw&uuml;nscht.</p><p>Zum Abschluss wird der Rundgang mit einer s&uuml;ssen Erinnerung abgerundet: Die Show\u2011Confiseurin giesst eine frische Schoggitafel oder &ndash; wahlweise &ndash; zwei Schokoladenherzen, die nach Herzenslust verziert werden d&uuml;rfen. Dieses pers&ouml;nliche Kunstwerk nehmen die G&auml;ste anschliessend als s&uuml;sse Erinnerung mit nach Hause.</p><p>Das Chocolarium, eines der beliebtesten Ausflugsziele der Ostschweiz, heisst alle Besucherinnen und Besucher herzlich willkommen!</p>", "url": "http://www.chocolarium.ch/", "image": "https://sgbtpimtsoch.sos-ch-dk-2.exoscale-cdn.com/catalog/a/6/b/1/a6b13a65de135db0ee097b8b64538ea62e3b50bc_Mischerei_Kinder_low.jpg", "openstreetmap_id": "way/196358285"}, "geometry": {"type": "Point", "coordinates": ["9.164934160728885", "47.4130675"]}}, {"type": "Feature", "properties": {"identifier": "b613c74c-f5d0-41a5-a4d1-8680d33a8982", "name": "Brugger Ferienhaus Salomonstempel", "description": "Das Brugger Ferienhaus Salomonstempel befindet sich in s\u00fcdwestlicher Richtung des Dorfes Hemberg auf einer idyllischen Anh\u00f6he (1138 m \u00fc. M.) mit einer prachtvollen Aussicht ins Alpsteinmassiv und ins Unterland. \n\nDas Haus ist ideal f\u00fcr Ferien- und Schullager, aber auch f\u00fcr Festanl\u00e4sse, Firmen usw. Es ist mit total 55 Betten ausgestattet, 31 im neuen beheizbaren und 24 im alten Teil des Hauses. Es gibt Zweier-, Dreier- und Viererzimmer und sowie einen separaten Leitertrakt mit Dusche und WC. \n\nIm Weitern sind eine moderne Hotelk\u00fcche mit Geschirrsp\u00fclmaschine vorhanden, eine Dusch- und Waschanlage, ein ger\u00e4umiger Esssaal, ein Spiel- und Aufenthaltsraum, drei Fussballk\u00e4sten, Tischtennistische vor und im Hause, Tische und St\u00fchle f\u00fcr die Bestuhlung der Terrasse, ein Gartengrill, eine Spielwiese und anderes mehr.", "url": "http://www.salomonstempel-hemberg.ch", "image": "https://sgbtpimtsoch.sos-ch-dk-2.exoscale-cdn.com/catalog/8/3/7/5/83759ce1fd848f709c00fbc2588169ae620b5e10_Salomonstempel__25.5.05_002.jpg", "openstreetmap_id": "node/3020413824"}, "geometry": {"type": "Point", "coordinates": ["9.15462", "47.28294"]}}, {"type": "Feature", "properties": {"identifier": "b629fecf-05bc-48ee-948f-a74b563fc188", "name": "Einstein St.Gallen", "description": "<p data-start=\"153\" data-end=\"709\">Zentral und doch ruhig gelegen, nur wenige Schritte vom historischen Klosterviertel entfernt, vereint das Hotel Einstein St.Gallen 4* Superior stilvolle Architektur, erstklassige Gastronomie und St.Galler Textilkultur auf h&ouml;chstem Niveau. Die Zimmer und Suiten (darunter auch die <a href=\"https://www.einstein.ch/de/zimmer/textilland-junior-suite\" target=\"_blank\" rel=\"noopener\">Textilland-Junior-Suite</a>) bieten Wohnkomfort mit edelsten Materialien wie Marmor, Kirschbaum und Textilien in h&ouml;chster St.Galler Qualit&auml;t: reine Seidenvorh&auml;nge, Bettw&auml;sche aus feinster Baumwolle, Daunenduvets, hochwertige Matratzen und Teppiche aus Lammwolle oder Parkettboden.</p>\n<p data-start=\"711\" data-end=\"1118\">Kulinarisch verw&ouml;hnt das Haus mit dem ausgezeichneten Einstein Gourmet (2 Michelin-Sterne, 18 GaultMillau-Punkte), dem Bistro St.Gallen sowie einer stilvollen Bar mit Cigar Lounge. Entspannung bietet der 3000\u202fm&sup2; grosse Fitnesspark mit Sauna und Wellnessbereich. Als f&uuml;hrendes Kongresshaus der Ostschweiz bietet das Einstein zudem moderne Seminarr&auml;ume und elegante S&auml;le f&uuml;r Anl&auml;sse aller Art.</p>", "url": "https://www.einstein.ch/de/", "image": "https://sgbtpimtsoch.sos-ch-dk-2.exoscale-cdn.com/catalog/9/c/1/4/9c143a65bc5849a9cf3d8b28cff8d0a74869dcc8_Key_Visual_Einstein_St.Gallen.jpg", "openstreetmap_id": "node/445628383"}, "geometry": {"type": "Point", "coordinates": ["9.37537", "47.4214"]}}, {"type": "Feature", "properties": {"identifier": "b632d819-4141-49ae-aa72-58347f398157", "name": "Genuss Manufaktur Neubad", "description": "<p>Inmitten des historischen Klosterquartiers erwartet dich im 1. Stock-Restaurant eine kreative, saisonale K&uuml;che. Das&nbsp;<strong class=\"rQesXe MPyX\" data-sfc-cp=\"\" data-sfc-root=\"ep\" data-complete=\"true\" data-copy-service-computed-style=\"font-family: &quot;Google Sans&quot;, &quot;Helvetica Neue&quot;, sans-serif; font-size: 16px; font-weight: 700; margin: 0px; text-decoration: none; border-bottom-width: 0px; border-bottom-style: none; border-bottom-color: rgb(10, 10, 10);\">&bdquo;Neub&auml;dli&ldquo;</strong> l&auml;dt zum Verweilen ein &ndash; ob im Sommer auf unserer Terrasse, in einer der heimeligen Stuben oder bei einem Glas Wein an der Bar.</p>", "url": "http://restaurantneubad.ch/", "image": "https://sgbtpimtsoch.sos-ch-dk-2.exoscale-cdn.com/catalog/9/3/8/1/9381e18fa49164aac947b6a35345ae2f7801ba19_Obergeschoss03.jpg", "openstreetmap_id": "node/1245464096"}, "geometry": {"type": "Point", "coordinates": ["9.3752928", "47.4233858"]}}, {"type": "Feature", "properties": {"identifier": "b66547e3-91a8-4a6b-8c50-b3a3d0639ddd", "name": "Hotel Krone Speicher", "description": "Das Hotel Krone Speicher befindet sich im Herzen von Speicher im Kanton Appenzell Ausserrhoden und bietet den G\u00e4sten Komfort und historischen Charme in einem vollst\u00e4ndig renovierten Geb\u00e4ude von 2015.\n\nModerne, ger\u00e4umige Zimmer: Alle Zimmer verf\u00fcgen \u00fcber einen Sitzbereich, Flachbild-TV, kostenfreies WLAN und einen Safe. Im eigenen Bad finden Sie kostenfreie Pflegeprodukte und Hausschuhe.\n\nFr\u00fchst\u00fcck und Gastronomie: Jeden Morgen wird ein Fr\u00fchst\u00fcck im Gasthaus Krone serviert, begleitet von kostenlosen Zeitungen. Das \u00c0-la-carte-Restaurant bietet saisonale und regionale Schweizer K\u00fcche.\n\nBequeme Erreichbarkeit: Das Hotel ist leicht mit dem Auto oder den \u00f6ffentlichen Verkehrsmitteln zu erreichen, bietet kostenfreie Parkpl\u00e4tze und liegt nur 100 m vom Bahnhof entfernt.\n\nZentrale Lage: Nur 7 km oder 10 Fahrminuten von St. Gallen entfernt und 66 km vom Flughafen Z\u00fcrich.\n\nDie G\u00e4ste erleben hier den perfekten Mix aus modernem Komfort und traditionellem Charme im Hotel Krone Speicher \u2013 der ideale Ort im Appenzellerland.", "url": "https://www.krone-speicher.ch", "image": "https://sgbtpimtsoch.sos-ch-dk-2.exoscale-cdn.com/catalog/e/d/7/5/ed75267c788b76cdd709b43be072c798413e4cee_Bild_3.jpg", "openstreetmap_id": "way/168564831"}, "geometry": {"type": "Point", "coordinates": ["9.441123604774477", "47.411913466244265"]}}, {"type": "Feature", "properties": {"identifier": "b6aab4c9-be9c-4659-831e-81f38666aa9a", "name": "Balmenhof-L\u00e4deli", "description": "<p>Am Herrenweg in Eschenbach findet sich das Balmenhof-L\u00e4deli. Erika Kuster, die Besitzerin, kreiert aus verschiedenen Materialien wundersch\u00f6ne Dekorationen und Geschenksideen.&nbsp;</p><p>Die kleine Oase die geschaffen wurde, l\u00e4dt zum verweilen, st\u00f6bern und kaufen ein.&nbsp;</p>", "image": "https://sgbtpimtsoch.sos-ch-dk-2.exoscale-cdn.com/catalog/5/6/6/b/566b77489397a41fe0e6732139f0488498daff6f_Balmenhof_L__deli_2021.JPG", "openstreetmap_id": "way/1087582464"}, "geometry": {"type": "Point", "coordinates": ["8.93018081633455", "47.2354372"]}}, {"type": "Feature", "properties": {"identifier": "b71671b1-c609-46e5-959a-52b2fec823a0", "name": "Tailormade Hotel LEO St.Gallen", "description": "Das Tailormade Hotel LEO St.Gallen wurde vom renommierten Architekten Roger Boltshauser entworfen und liegt direkt am Bahnhof St.Gallen in unmittelbarer N\u00e4he vom Autobahnanschluss. Zeitloses Design mit organischen Materialien wie Lehmziegel und Massivholz pr\u00e4gen das Bild des eleganten Baus direkt neben der Lokremise.\n\nDas japanische Restaurant Izakaya Ekimae im Erdgeschoss bietet traditionelle und kreative K\u00fcche zum Teilen.\n\nAuf dem Dach laden eine Dachterrasse sowie ein kleiner Wellnessbereich mit Sauna, Workout Raum und Hot Pot zum Verweilen ein.", "url": "https://www.tmh.swiss/leo", "image": "https://sgbtpimtsoch.sos-ch-dk-2.exoscale-cdn.com/catalog/4/c/4/8/4c48cd1645a91de8a687381048fa43138c56681f_20230714_TAILORMADE_LEO_FASSADE_010.jpg", "openstreetmap_id": "way/629221668"}, "geometry": {"type": "Point", "coordinates": ["9.365029335021974", "47.421743137363855"]}}, {"type": "Feature", "properties": {"identifier": "b72adce2-8ca3-4c15-a6e4-5b92b41dea29", "name": "Aussichtspunkt Ruggisberg", "description": "Auf dem Ruggisberg breitet sich die umliegende Region mit einem Tuch voller Obstb\u00e4ume und leuchtenden Blumenfeldern aus. Besonders sch\u00f6n ist es hier im Fr\u00fchling, wenn sich die Knospen der Apfelb\u00e4ume \u00f6ffnen und ein prachtvolles Bl\u00fctenmeer um Vorschein kommt. Und der Bodensee l\u00e4sst sich nat\u00fcrlich auch noch erblicken.\n\nDer Aussichtspunkt Ruggisberg ist Teil der Velo-Rallye Bodensee. Mehr zur Velo-Sammelchallenge unter www.st.gallen-bodensee.ch/velo-rallye.", "image": "https://sgbtpimtsoch.sos-ch-dk-2.exoscale-cdn.com/catalog/4/7/8/7/4787b142d6bab18ccf6ffcb0a7426b3137f9afe1_20210611__DSC3421.jpg", "openstreetmap_id": "way/171263990"}, "geometry": {"type": "Point", "coordinates": ["9.371262788772585", "47.48867308651914"]}}, {"type": "Feature", "properties": {"identifier": "b85060ac-b9d5-4c3d-9dcb-a253d372f220", "name": "cm art", "description": "<p>cm-art bietet verschiedene Akrobatik- und Tanzshows wie auch Animationen auf h\u00f6chstem Niveau f\u00fcr jeden Anlass und jedes Budget. Lassen Sie sich begeistern.</p>", "url": "https://www.cm-art.ch/", "image": "https://sgbtpimtsoch.sos-ch-dk-2.exoscale-cdn.com/catalog/f/a/3/8/fa384b5472148f6a75bba1402e4fdab1e2d86a87_cm_art.jpg", "openstreetmap_id": "way/327778887"}, "geometry": {"type": "Point", "coordinates": ["9.03334580746795", "47.45227755"]}}, {"type": "Feature", "properties": {"identifier": "b86cafd6-9aec-43e9-8d54-e9a9625fecf8", "name": "Appenzeller Volkskunde-Museum Stein AR", "description": "<p>Eine trockene Materie? Keineswegs! Im Appenzeller Volkskundemuseum gibt es neben der Dauerausstellung auch spannende Live-Aktionen zu erleben: K\u00e4sen in der Alph\u00fctte, Weben am Plattstichwebstuhl, Sticken an der Handstickmaschine und vieles mehr.</p>", "url": "https://www.appenzeller-museum.ch/", "image": "https://sgbtpimtsoch.sos-ch-dk-2.exoscale-cdn.com/catalog/6/4/d/3/64d32830ec080dcd92b4ed3e20344ff4e50d9a96_Aussenaufnahme_AVM_ASK.jpg", "openstreetmap_id": "1124886695.0"}, "geometry": {"type": "Point", "coordinates": ["9.3444626", "47.3730472"]}}, {"type": "Feature", "properties": {"identifier": "b86fdf67-30f0-4fde-a8ec-f65b7bc3208d", "name": "Hotel Arenenberg", "description": "Auf dem Arenenberg f\u00e4llt es leicht, den Alltag hinter sich zu lassen, bei Seminaren und Tagungen frische Ideen zu entwickeln oder sich einfach zu erholen. Mit seinen hellen und komfortablen R\u00e4umen bietet das Hotel Arenenberg Tagungs- und Ferieng\u00e4sten daf\u00fcr den passenden Rahmen. Es ist nur ein paar Schritte vom Schloss entfernt, in dem Napoleon III. \u2013 der letzte Kaiser Frankreichs \u2013 einen Teil seiner Kindheit und Jugend verbrachte. Heute befindet sich dort das Napoleonmuseum und zeigt die original eingerichteten R\u00e4ume, in denen schon die kaiserliche Familie ihre G\u00e4ste empfing. Die Tradition des gastlichen Schlossguts wird heute im Hotel Arenenberg fortgef\u00fchrt. Mit eigener Liegewiese am See ist es zugleich idealer Ausgangpunkt zur Erkundung der herrlichen Region per hoteleigenem E-Bike, mit dem Schiff oder im Regionalzug Thurbo. Rund ums Hotel lockt die weitl\u00e4ufige Arenenberger Gartenwelt zu Walk-and-Talk-Meetings und Spazierg\u00e4ngen sowie perfekt beschilderte Wanderwege auf den geheimnisvollen Thurgauer Seer\u00fccken. Dieser bietet immer wieder grossartige Ausblicke \u2013 bei klarer Sicht bis zu den Alpen.", "url": "https://arenenberg.ch/", "image": "https://sgbtpimtsoch.sos-ch-dk-2.exoscale-cdn.com/catalog/d/4/a/e/d4ae6b019964c1c3447c3c7b7c95a846cbc35db7_Arenenberg_Luftbild.jpg", "openstreetmap_id": "779558757.0"}, "geometry": {"type": "Point", "coordinates": ["9.0598959", "47.67215"]}}, {"type": "Feature", "properties": {"identifier": "b9263a5c-d859-40ae-9a85-0cc10286f224", "name": "Roman Br\u00fclisauer", "description": "<p>Roman Br\u00fclisauer begeistert das Publikum mit traditioneller und moderner Hackbrettmusik. Solistisch wie auch im Hackbrett-Duo oder kombiniert mit Handorgel, E-Piano und Kontrabass.</p>", "url": "http://www.crazy-hackbrett.ch", "image": "https://sgbtpimtsoch.sos-ch-dk-2.exoscale-cdn.com/catalog/c/e/9/b/ce9b57a4dcd773b5467c24552fee8500ed6ee257_roman_bruelisauer.jpg", "openstreetmap_id": "way/38563342"}, "geometry": {"type": "Point", "coordinates": ["9.3884189", "47.3892094"]}}, {"type": "Feature", "properties": {"identifier": "b934ca5e-9dc1-40fc-949d-8459f2dea0ba", "name": "Spielplatz Schulhaus St. Gallenkappel", "description": "<p>Der frisch restaurierte Spielplatz beim Schulhaus St. Gallenkappel bietet neu einen Kletterturm mit Rutsche, einen Sandkasten, einen Picknick-Tisch sowie eine Schaukel. Oberhalb dessen befindet sich gleich die grosse Fussballwiese. Ben\u00fctzung lediglich ausserhalb der Schulzeiten.</p><p></p><p><strong>Ausstattung:</strong></p><ul><li>0\u20135 Jahre</li><li>5\u201312 Jahre</li><li>Picknick-Platz</li><li>Rauchfrei</li><li>Sandspielbereich</li></ul>", "image": "https://sgbtpimtsoch.sos-ch-dk-2.exoscale-cdn.com/catalog/0/8/3/d/083df20487d1b53c941ab8adfc665613eec89d18_Spielplatz_Schulhaus_StGallenkappel_2021_2.JPG", "openstreetmap_id": "way/479811621"}, "geometry": {"type": "Point", "coordinates": ["8.971071839332582", "47.24646829301755"]}}, {"type": "Feature", "properties": {"identifier": "b971509a-3598-4d6e-a07b-314bfe9034ce", "name": "Dolce Lucia Ristorante Pizzeria St.Gallen", "description": "<p>Das Restaurant liegt an der Bankgasse 2, mitten im historischen Klosterviertel von St. Gallen. Das einladende Aussenrestaurant bietet einen sch&ouml;nen Blick auf den Gr&uuml;ningerplatz mit seinem grossen, stets liebevoll geschm&uuml;ckten Brunnen. Die ber&uuml;hmte Kathedrale, die Stiftsbibliothek und das lebendige Stadtzentrum sind in nur wenigen Gehminuten errreichbar- der ideale Ausgangspunkt, um Genuss und einen Besuch der St.Galler Altstadt mieinander zu verbinden.</p>", "url": "https://www.dolcelucia.info", "image": "https://sgbtpimtsoch.sos-ch-dk-2.exoscale-cdn.com/catalog/1/d/9/b/1d9b3e26dff883633158f563b124467fbec37d23_WhatsApp_Image_2026_04_23_at_12.15.46__2_.jpeg", "openstreetmap_id": "node/4149614892"}, "geometry": {"type": "Point", "coordinates": ["9.375227093989322", "47.42350349685082"]}}, {"type": "Feature", "properties": {"identifier": "b98253a9-50d0-4842-a96c-b82344bafea8", "name": "Museum Henry Dunant", "description": "<p>Henry Dunant (1828&ndash;1910) verbrachte die letzten 18 Lebensjahre in Heiden. Das Appenzeller Dorf mit seiner klassizistischen Architektur war damals ein international bekannter Kurort. Hier, auf 800 m. &uuml;. Meer, mit Blick auf den Bodensee und &uuml;ber Grenzen hinweg, hat er seine Memoiren verfasst und seine Ideen f&uuml;r eine friedlichere Welt und einen Internationalen Gerichtshof weiterentwickelt. In Heiden erreichte ihn 1901 die Mitteilung, dass er als Erster mit dem Friedensnobelpreis ausgezeichnet wird. Das ihm gewidmete Museum ist im ehemaligen Bezirkskrankenhaus untergebracht, in welchem Dunant als zur&uuml;ckgezogener Pension&auml;r bis zu seinem Tod am 30. Oktober 1910 gelebt hatte.&nbsp;</p>", "url": "https://www.dunant-museum.ch", "image": "https://sgbtpimtsoch.sos-ch-dk-2.exoscale-cdn.com/catalog/e/e/9/3/ee937d127d299228f40eb974500c641ec547347c_MHD_Aussenansicht.jpg", "openstreetmap_id": "way/199522073"}, "geometry": {"type": "Point", "coordinates": ["9.531348500461359", "47.443330200000005"]}}, {"type": "Feature", "properties": {"identifier": "bacbe0a4-4267-4c41-80f1-4132af5a7f66", "name": "Denner", "description": "<p>Mitten in Eschenbach befindet sich der Denner. Im Laden kann \"fast\" alles eingekauft werden. Seien es Getr\u00e4nke, Frischprodukte, Lebensmittel oder auch alles f\u00fcr die K\u00f6rperpflege. </p><p>Das freundliche Personal freut sich \u00fcber Ihren Einkauf.&nbsp;<br></p>", "url": "https://www.denner.ch/de/filialen/denner-filiale-und-oeffnungszeiten/store/rickenstrasse-8-8733-eschenbach-sg/", "image": "https://sgbtpimtsoch.sos-ch-dk-2.exoscale-cdn.com/catalog/1/b/b/3/1bb3a7e8dbb288bd9e4bc859139d01dcdb97c474_Einkaufen.png", "openstreetmap_id": "way/397555146"}, "geometry": {"type": "Point", "coordinates": ["8.923049569129946", "47.240397345402414"]}}, {"type": "Feature", "properties": {"identifier": "badacd9a-6b80-4ac0-b11b-29239c42f8e6", "name": "B\u00e4chtiger Lebensmittel", "description": "<p>Der Self-Scan-Store der Familie B&auml;chtiger in Ermenswil ist von 5 - 22 Uhr (sonntags 7 - 21 Uhr) ge&ouml;ffnet - fliegt vorbei und erlebt Einkaufen neu an 365 Tagen im Jahr.&nbsp;</p><p>Bei B&auml;chtiger's findet man alles f&uuml;r das t&auml;gliche Wohl, aber auch viele besondere, einzigartige Sch&auml;tze aus der Region - sei es als Geschenk oder f&uuml;r einem selbst.&nbsp;</p><p>Schaut hinein und f&uuml;hlt euch willkommen!</p>", "url": "https://baechtiger.ch/", "image": "https://sgbtpimtsoch.sos-ch-dk-2.exoscale-cdn.com/catalog/8/9/8/e/898e105ba221d949c540a8a61fbce7730e8cf5d0_IMG_1736__1_.jpeg", "openstreetmap_id": "node/2845775961"}, "geometry": {"type": "Point", "coordinates": ["8.8850064", "47.2451201"]}}, {"type": "Feature", "properties": {"identifier": "baf9496b-a6d5-44ac-b124-8064b78d7e2b", "name": "Die Weihnachtstanne kommt geflogen", "description": "<p class=\"MsoNormal\">W\u00e4hrend der Adventszeit tr\u00e4gt der Christbaum auf dem\nKlosterplatz zur weihnachtlichen Stimmung in St.Gallen bei. Die Tanne wird wie\njedes Jahr per Helikopter in den Stiftsbezirk geflogen - dieses Jahr stammt der\nBaum aus dem Rieth\u00fcsli.&nbsp;<o:p></o:p></p><p class=\"MsoNormal\">Geplant ist der Transport von 12.-14. November.&nbsp;Der\nFlug ist wetterabh\u00e4ngig. Allf\u00e4llige \u00c4nderungen zum Anflug werden kurzfristig\nkommuniziert.<o:p></o:p></p><p>\n\n\n\n<span style=\"line-height: 107%;\">Geschm\u00fcckt wird die Tanne am 25. November - der\nSchmuck stammt dieses Jahr von der HPV Uzwil-Flawil.&nbsp;</span><br></p>", "image": "https://sgbtpimtsoch.sos-ch-dk-2.exoscale-cdn.com/catalog/8/8/6/6/8866156d36d8689c979e7d92854beb388cb43d1a_medium__Christbaum_Weihnachten_10.jpg"}, "geometry": {"type": "Point", "coordinates": ["9.3771709", "47.4235488"]}}, {"type": "Feature", "properties": {"identifier": "bb064bbe-27f5-48c4-8b12-952bf8eb0249", "name": "Dorfmetzg Laupen", "description": "<p>Egal was ben\u00f6tigt wird, in der Metzgerei Laupen werden sie f\u00fcndig. Alles Fleisch stammt von Tieren, aus regionaler Herkunft. Der Chef weiss, wie die Tiere gehalten werden.&nbsp;<br><br>Ob Partyservice, verschiedene Platten, Grillwagen zum mieten, Geschenke....die Auswahl ist gross.&nbsp;<br><br>Ebenfalls gibt es einen 24h Verkaufsautomaten direkt vor dem Laden und beim Custorhaus in Eschenbach.&nbsp;</p>", "url": "https://www.dorfmetzg-laupen.ch/de/", "image": "https://sgbtpimtsoch.sos-ch-dk-2.exoscale-cdn.com/catalog/6/5/6/0/65604449cd6dc43018e5c962eeb9c6f9cf369914_fleischplatte.jpg", "openstreetmap_id": "node/2901051101"}, "geometry": {"type": "Point", "coordinates": ["8.9290878", "47.2643951"]}}, {"type": "Feature", "properties": {"identifier": "bb684d2b-cde9-46e6-b7dc-42b31bb80769", "name": "tobias wein.gut.", "description": "Tobias Schmid gr\u00fcndete im Jahre 1866 den Familienbetrieb, welcher heute von Christoph Schmid gef\u00fchrt wird. Der Weinbau hat im St.Galler Rheintal eine uralte Tradition und reicht weit in die R\u00f6merzeit zur\u00fcck. Bereits in der \u00e4ltesten Bernecker Urkunde von 892 werden die Weinberge erw\u00e4hnt. Burgen und Schl\u00f6sser wurden in die Rebberge gebaut. Dazu z\u00e4hlt auch die Rosenburg, welche sich im Familienbesitz befindet und das Wahrzeichen der Weine und des Weinguts ist. \n\nDie Trauben wachsen an den sonnigen und steilen Rebbergen. Gerne werden die Weine als \u00abhandgemacht in Berneck\u00bb bezeichnet, da in den Steillagen viele Arbeiten von Hand ausgef\u00fchrt werden. Zudem werden die Weine m\u00f6glichst schonend gekeltert.\n\nChristoph Schmid und sein Team sind Weinmacher aus Leidenschaft. So entstehen ausgesuchte Weine und Spezialit\u00e4ten.\n\nDas romantische und sch\u00f6ne Weingut verf\u00fcgt auch \u00fcber ein grosses Eventgeb\u00e4ude. Ob Hochzeiten, Geburtstage oder Team-Anl\u00e4sse \u2013 die rustikalen, aber dennoch modern gestalteten R\u00e4umlichkeiten bieten einen besonderen Rahmen.", "url": "http://www.tobias-weingut.ch/", "image": "https://sgbtpimtsoch.sos-ch-dk-2.exoscale-cdn.com/catalog/3/f/d/0/3fd0079f8e4e64dc2e2d7d2b59c76ffed639ef4e_Schl__ssli_am_Rosenberg___Warzeichen_des_Weinguts__2.jpg", "openstreetmap_id": "way/98495360"}, "geometry": {"type": "Point", "coordinates": ["9.61202800000001", "47.4183876"]}}, {"type": "Feature", "properties": {"identifier": "bc4b7661-91c7-49cb-9327-804708c99076", "name": "Breitenmoser Gustarium", "description": "Ein Ort der Vielfalt mit einer in der Schweiz einzigartigen, interaktiven Ausstellung \"rund um den Genuss\", Grill- und Wurstseminaren, Genussladen und einem Gastrobereich mit Chemin\u00e9e und Bar und Blick auf den Alpstein.\n\nBreitenmoser Appenzeller Fleischspezialit\u00e4ten AG ist einer der f\u00fchrenden Fleischveredelungsbetriebe mit Fachgesch\u00e4ften in Appenzell, Gais, Teufen und Rorschacherberg. Die Traditionsmetzgerei mit einzigartigen Appenzeller Spezialit\u00e4ten geht auf das Gr\u00fcndungsjahr 1896 zur\u00fcck. Seit Mai 2023 gibt es zudem die vielf\u00e4ltige Erlebniswelt \"Breitenmoser Gustarium\" die Interessantes und Unterhaltsames rund um Fleisch und Wurst bietet. Hier lassen sich nach Voranmeldung Feste feiern und Seminare abhalten. Auch spontan kann man die Ausstellung besuchen und in der lichtdurchfluteten Metzgerstube \u00abmeet &amp; (m)eat\u00bb ein frisch aufgeschnittenes Appenzeller Pl\u00e4ttli mit einem Getr\u00e4nk geniessen. Im Genussladen kann man st\u00f6bern, sich an der Rezeptwand inspirieren lassen und Appenzeller Spezialit\u00e4ten und Delikatessen mit nach Hause nehmen.  \n", "url": "https://www.gustarium.ch/", "image": "https://sgbtpimtsoch.sos-ch-dk-2.exoscale-cdn.com/catalog/8/2/1/8/8218aacac4a7c8901b60cd254e91ca8e85892f9e__S4_0085.jpg", "openstreetmap_id": "node/11240658635"}, "geometry": {"type": "Point", "coordinates": ["9.4281642", "47.3203495"]}}, {"type": "Feature", "properties": {"identifier": "bcc32bc7-075b-48c9-ae88-f2ace8a2ae79", "name": "Appenzellerland Tourismus AI", "description": "&#60;p>In keiner anderen Region werden Kultur, Handwerk und Geselligkeit so engagiert gelebt wie in den gr\u00fcnen H\u00fcgeln des Appenzellerlandes. Das ganze Jahr hin\u00fcber feiert oder gedenken die Appenzeller fr\u00f6hlicher, aber auch trauriger Momente in der Geschichte ihrer Vorv\u00e4ter und Ururgrossm\u00fctter.&#60;/p>", "url": "https://www.appenzell.ch", "image": "https://sgbtpimtsoch.sos-ch-dk-2.exoscale-cdn.com/catalog/d/a/0/2/da02fc3dd1b13077b46160cc1d7bd517ab68f228_Tourist_Info_hoch.jpeg", "openstreetmap_id": "way/194191781"}, "geometry": {"type": "Point", "coordinates": ["9.407132704285322", "47.331590899999995"]}}, {"type": "Feature", "properties": {"identifier": "bd19db76-2808-4426-9d5b-e1a624029f88", "name": "Die Manufaktur GmbH - deine Schneiderei", "description": "die Manufaktur schneidert Unikate, die sitzen. So exakt wie die perfekte Naht. Mit viel Feingef\u00fchl, Sinn f\u00fcr \u00c4sthetik und Liebe zum Detail \u2013 sei dies bei Massanfertigungen, Fest- und Brautmode oder Couture aus St. Galler Stickerei. Wenn dieses Herzblut auf die Tr\u00e4gerin oder den Tr\u00e4ger \u00fcberspringt, ist es echte Schneiderkunst mit dem Namen die Manufaktur draufgestickt.  \n\nDas Know-how in Schnitt, Design und Produktion nutzt die Modeindustrie f\u00fcr Kollektionskonzepte und Kleinserien. Mit Corporate Fashion \u00f6ffnet die Manufaktur auch Firmen textile Horizonte, Theater- und Musicalschaffende ordern im Theater-Atelier Designs und Kost\u00fcme f\u00fcr die B\u00fchne.", "url": "http://www.diemanufakturgmbh.ch/", "image": "https://sgbtpimtsoch.sos-ch-dk-2.exoscale-cdn.com/catalog/7/4/1/5/741537e3c73c34afe8959b40cf7313e9f3e81203_Manufaktur_2026_2_578.jpg", "openstreetmap_id": "node/4092107195"}, "geometry": {"type": "Point", "coordinates": ["9.373144", "47.4259229"]}}, {"type": "Feature", "properties": {"identifier": "bd2a5d89-3589-44ba-a7d5-c1a098a726c3", "name": "B\u00e4ckerei F\u00fcger Handmade Steinach", "description": "Im Herzen der wundersch\u00f6nen Ostschweiz und in der einzigartigen, fruchtbaren Bodenseeregion liegt die B\u00e4ckerei-Konditorei mit Cafe und Restaurant in Steinach.", "url": "https://fueger-handmade.ch/", "image": "https://sgbtpimtsoch.sos-ch-dk-2.exoscale-cdn.com/catalog/d/1/b/4/d1b41e6b9b5b90439c741e28db4bfc624d8fac4a__DSC8704.jpg", "openstreetmap_id": "node/572265028"}, "geometry": {"type": "Point", "coordinates": ["9.44166", "47.50297"]}}, {"type": "Feature", "properties": {"identifier": "beb4c8e2-c87f-491d-bd36-8ba6f6cd1aca", "name": "TIER-Dott Mobility Suisse GmbH", "description": "<p>TIER-Dott Mobility Suisse GmbH versteht sich als Vorreiter einer nahtlosen und nachhaltigen Mobilit&auml;t, an der alle Freude haben. Gemeinsam mit St&auml;dten und Partnerorganisationen wird der Stadtverkehr mit einfachen, zug&auml;nglichen und preiswerten Mobilit&auml;tsdiensten f&uuml;r alle revolutioniert. Zurzeit ist der Service in St.Gallen, Gossau, Flawil, Uzwil, Gaiserwald, Wittenbach, Berg, M&ouml;rschwil, T&uuml;bach, Rorschach, Rorschacherberg, Romanshorn, Amriswil, Muolen, Goldach, Au, Berneck, Balgach, Widnau und Horn verf&uuml;gbar und die e-Scooter und e-Bikes k&ouml;nnen via Dott App gebucht werden. Weitere Gemeinden und St&auml;dte werden folgen.</p><p>Hotline Schweiz: +41 43 505 16 18</p><p><strong><span style=\"font-size: 10.5pt; font-family: 'Arial',sans-serif; mso-fareast-font-family: Aptos; mso-fareast-theme-font: minor-latin; color: #767676; mso-ansi-language: DE-CH; mso-fareast-language: DE-CH; mso-bidi-language: AR-SA;\"><br style=\"mso-special-character: line-break;\"><!-- [if !supportLineBreakNewLine]--><br style=\"mso-special-character: line-break;\"><!--[endif]--></span></strong></p>", "url": "https://www.ridedott.com", "image": "https://sgbtpimtsoch.sos-ch-dk-2.exoscale-cdn.com/catalog/9/3/9/d/939d1cef1df8f1307b7a339b0be1c3ae53627299_DSC01082__2.jpg", "openstreetmap_id": "way/8094417"}, "geometry": {"type": "Point", "coordinates": ["9.385081529617311", "47.42585954638"]}}, {"type": "Feature", "properties": {"identifier": "befca3e5-9fb9-4b90-92af-b211a1149ff0", "name": "Niro-optik", "description": "<p>Wir bieten Ihnen individuelle Beratung, hochwertige Brillen und modernste Technik, um Ihr Seherlebnis zu verbessern.&nbsp;</p><p><span style=\"font-weight: bold;\">Unsere Leistungen:</span></p><ul><li><span style=\"font-weight: bold;\">Sehtests und Beratung:</span> Pr\u00e4zise Sehtests und eine ehrliche, fachkundige Beratung sind f\u00fcr uns selbstverst\u00e4ndlich.</li><li><span style=\"font-weight: bold;\">Ausgew\u00e4hlte Brillenmode:</span> Wir bieten Ihnen eine liebevoll zusammengestellte Auswahl an hochwertigen Brillen und Sonnenbrillen - modern, klassisch oder einzigartig.</li><li><span style=\"font-weight: bold;\">Kontaktlinsenberatung:</span> Wir helfen Ihnen, die perfekte L\u00f6sung f\u00fcr Ihren Alltag zu finden.&nbsp;</li><li><span style=\"font-weight: bold;\">Umfassender Service:</span> Brillenanpassungen, Reparaturen oder Pflege - wir sind f\u00fcr Sie da!</li><li><span style=\"font-weight: bold;\">F\u00fcr die ganze Familie:</span> Ob Gross oder Klein - bei uns finden alle die passende Brille oder Kontaktlinsen.</li></ul><p><br>Wir sind stolz darauf, Teil unserer Dorfgemeinschaft zu sein und freuen uns, Ihnen mit unserem handwerklichen K\u00f6nnen und unserer Leidenschaft f\u00fcr gutes Sehen zur Seite zu stehen.&nbsp;</p><p>Schauen Sie doch vorbei - wir freuen uns auf Sie!</p><p><span style=\"font-weight: bold;\">Niro-optik </span>- Ihr Optiker in der N\u00e4he, mit Herz und Kompetenz.</p>", "url": "https://www.niro-optik.ch/home", "image": "https://sgbtpimtsoch.sos-ch-dk-2.exoscale-cdn.com/catalog/2/a/d/1/2ad1bca251fdcffbc182b349c6f4f49bdf67926c_Titelbild_Goldingertaler.png", "openstreetmap_id": "node/4455286490"}, "geometry": {"type": "Point", "coordinates": ["8.91485", "47.2752157"]}}, {"type": "Feature", "properties": {"identifier": "bf1fd11f-60b9-42bc-9e53-50b967d41a8f", "name": "Bergrestaurant Farneralp", "description": "<p>Auf 1145m.\u00fc.M. liegt das Bergrestaurant Farneralp auf der Kantonsgrenze zwischen Goldingen SG und Wald ZH. Seit dem 9. August 2024 wird das Bergrestaurant von Monika und Manuel Schuler gef\u00fchrt.</p><p>Zusammen mit der grossen Terrasse gibt es gen\u00fcgend Sitzpl\u00e4tze zum verweilen und ausruhen und es l\u00e4sst sich die sch\u00f6ne Aussicht geniessen. Den Kindern wird es auf dem Spielplatz ebenfalls nicht langweilig.&nbsp;</p><p>Wer gerne Bier trinkt, dem wird in der Farneralp Einsiedler Bier ausgeschenkt dazu kann aus der kleinen aber feinen Speisekarte der Hunger gestillt werden.&nbsp;</p>", "image": "https://sgbtpimtsoch.sos-ch-dk-2.exoscale-cdn.com/catalog/1/3/d/b/13dbd4beaa480752aa6138989cd0e24b8a2f215a_bergrestaurant.png", "openstreetmap_id": "node/11282934185"}, "geometry": {"type": "Point", "coordinates": ["8.957097530364992", "47.285109921515044"]}}, {"type": "Feature", "properties": {"identifier": "bf93a7a6-3fb1-484e-b8ef-2ad44243e337", "name": "Feuerstelle Bachscheide", "description": "<p>Die Feuerstelle Bachscheide liegt eingebettet in der wundersch\u00f6nen Natur. Bei heissen Temperaturen im Sommer ist es ein idealer Ort zum verweilen. Am Bach kann man sich ausserdem wunderbar abk\u00fchlen lassen.</p><p></p><p>Der praktische Unterstand l\u00e4dt bei Wind und Wetter zum ausruhen ein. Eine Reservation der Feuerstelle ist nicht m\u00f6glich. </p>", "image": "https://sgbtpimtsoch.sos-ch-dk-2.exoscale-cdn.com/catalog/6/9/5/b/695b15944c26d753ba1a05d9f8f70ab278f3ec01_00_Bachscheidi1.JPG", "openstreetmap_id": "Bachscheide"}, "geometry": {"type": "Point", "coordinates": ["8.96362066268921", "47.31232956211427"]}}, {"type": "Feature", "properties": {"identifier": "bfdde90b-a141-4860-8f28-ae05d191a1f1", "name": "Flossbauen - das Highlight in Sachen Teambuilding", "description": "<p><strong>Abenteuer, Teamwork und Naturgenuss</strong><br>Willkommen beim Flossbauen! Hier hei&szlig;t es: gemeinsam t&uuml;fteln, zusammenbauen und am Ende die Belohnung genie&szlig;en &ndash; eine Flossfahrt auf den sch&ouml;nsten Seen der Ostschweiz.<br><br>Am Ufer des Sees wartet ein Haufen Baumaterial auf euch &ndash; Bretter, F&auml;sser und Seile. Eure Mission? Ein stabiles Floss bauen, das den strengen Sicherheitsrichtlinien unserer Guides entspricht und, ach ja, schwimmen muss es nat&uuml;rlich auch! Keine Sorge, unsere Experten stehen mit Rat und Tat zur Seite, falls die Konstruktion mal wackelt.<br><br>Und das Beste? Wenn der letzte Knoten sitzt, geht's aufs Wasser!&nbsp; Das ist Teamarbeit, die tr&auml;gt &ndash; im wahrsten Sinne des Wortes!</p><p><br><strong>Event-Orte:&nbsp;</strong></p><p>Walensee: in Weesen oder Walenstadt&nbsp;</p><p>Bodensee: Badi Buchhorn Arbon&nbsp;</p><p>&nbsp;</p><p>&nbsp;</p><p>&nbsp;</p>", "url": "https://www.rafters.ch/teamevents/flossbauen/index.html", "image": "https://sgbtpimtsoch.sos-ch-dk-2.exoscale-cdn.com/catalog/8/9/9/6/89966ccc16646fc4ba9087ec4117ba9e7024649c_teamevent_Flossbau2020.jpg", "openstreetmap_id": "way/192205060"}, "geometry": {"type": "Point", "coordinates": ["9.098696708679201", "47.134621998047926"]}}, {"type": "Feature", "properties": {"identifier": "c04d6b55-75c8-4d6a-bcce-c878e3248fa6", "name": "Dorfhus Gupf", "description": "Ein Hotelbetrieb, Gaststuben, verschiedene Sitzungszimmer und das \u201eDorfhus-L\u00e4deli\u201c geh\u00f6ren ebenso dazu, wie der Festsaal mit seiner bestickten Decke \u2013 ein Kunstwerk der Walter Sonderegger AG. Mit ihrem fundierten Wissen entstand eine feinsinnige Kostbarkeit, die zugleich f\u00fcr eine optimale Akustik sorgt. Weitere Textilien, wie Vorh\u00e4nge, wurden von Bischoff Interior AG aus St. Gallen bezogen. Selbstverst\u00e4ndlich waren auch noch weitere \u201eK\u00fcnstler\u201c am Werk.\nDie Zusammenarbeit mit regionalen Produzenten und Bauern wird grossgeschrieben. Das Dorfhus Gupf vereint Menschen mit gutem Geschmack und gastrosophischem Anspruch.", "url": "https://dorfhus-gupf.ch/", "image": "https://sgbtpimtsoch.sos-ch-dk-2.exoscale-cdn.com/catalog/8/e/2/3/8e233eed0ea70923ec4381b317a2d50edd847776_rehetobel_dorfhus_gupf.jpg", "openstreetmap_id": "8364526811.0"}, "geometry": {"type": "Point", "coordinates": ["9.482466", "47.426737"]}}, {"type": "Feature", "properties": {"identifier": "c087d3b3-e5cb-48f0-a864-353230f21000", "name": "Hofladen Leiset", "description": "<p>Im Leiset an der Hauptstrasse zwischen Ermenswil und Eschenbach liegt der Hofladen der Familie Forster. Hauptbetriebszweig des Bauernhof ist die Milchwirtschaft. </p><p>W\u00e4hrend der Kirschen-Zeit wird der Hofladen voll mit den feinen kleinen Fr\u00fcchten.</p><p><span style=\"font-weight: bold;\">Angebot:</span></p><ul><li>Kirschen</li><li>Zwetschgen</li><li>\u00c4pfel</li><li>Quitten</li><li>Baumn\u00fcsse</li><li>S\u00fcssmost</li><li>Eier</li><li>Brennholz im Ster, Abholung oder Lieferung in der Region<br><br></li></ul><p><span style=\"font-weight: bold;\">Erreichbarkeit:<br></span>Der Hof liegt an der Hauptstrasse von Eschenbach nach Ermenswil; kurz vor Ermenswil an der linken Seite. Eine Tafel mit den aktuellen Angeboten vom Hofladen ist an der Hauptstrasse angeschrieben.</p>", "image": "https://sgbtpimtsoch.sos-ch-dk-2.exoscale-cdn.com/catalog/3/c/8/1/3c81e5ae26b98e0de76d8ca481030b72372b4a23_Hofladen_Leiset_2.jpg", "openstreetmap_id": "node/11234916636"}, "geometry": {"type": "Point", "coordinates": ["8.890771865844728", "47.23996764713724"]}}, {"type": "Feature", "properties": {"identifier": "c0d07da1-7875-4053-b129-2820385dade7", "name": "Stiftsbibliothek St.Gallen", "description": "<p>Der heutige Bibliotheksraum entstand zwischen 1758 und 1767 unter der Leitung des Bregenzerw&auml;lder Baumeisters Peter Thumb. Die wechselnden Ausstellungen wertvoller Manuskripte und Unikate geben einen nachhaltigen Eindruck der St.Galler Klosterkultur. Der Barocksaal der Stiftsbibliothek &uuml;berrascht durch seine reiche Rokoko-Ausstattung und gilt als einer der sch&ouml;nsten des Landes. Der Bestand der heute noch aktiven Bibliothek betr&auml;gt rund 170'000 B&uuml;cher. Die beeindruckende Sammlung fr&uuml;hmittelalterlicher Original-Handschriften macht diese Institution weltber&uuml;hmt. &Uuml;ber 400 B&auml;nde sind mehr als 1'000 Jahre alt.</p>", "url": "https://www.stiftsbezirk.ch/de/stiftsbibliothek/", "image": "https://sgbtpimtsoch.sos-ch-dk-2.exoscale-cdn.com/catalog/2/9/2/0/29206321680f359254c3d1158e1862ebaadeb0a1_Stiftsbibliothek_Keystory_2020_2.jpg", "openstreetmap_id": "way/131605934"}, "geometry": {"type": "Point", "coordinates": ["9.376703", "47.423152"]}}, {"type": "Feature", "properties": {"identifier": "c374b51e-5abb-43ed-9701-1d70d355ff0e", "name": "L\u00e4derach", "description": "<p>L&auml;derach ist ein Schweizer Schokoladenunternehmen, das f&uuml;r hochwertige, frische Schokolade wie FrischSchoggi, Pralin&eacute;s und Truffes bekannt ist. Das 1962 gegr&uuml;ndete Familienunternehmen &uuml;berwacht den gesamten Herstellungsprozess von der Bohne bis zur Tafel, und produziert seine Schokolade ausschliesslich im Glarnerland. Elias L&auml;derach gewann 2018 die World Chocolate Masters in Paris und unterstreicht damit die aussergew&ouml;hnliche Schokoladenkompetenz des Unternehmens. Trotz wachsender Internationalisierung bleibt L&auml;derach &laquo;Made in Switzerland&raquo; und beh&auml;lt die vollst&auml;ndige Kontrolle &uuml;ber den gesamten Prozess &laquo;From bean to bar&raquo;.</p>", "url": "https://laderach.com/ch-de/", "image": "https://sgbtpimtsoch.sos-ch-dk-2.exoscale-cdn.com/catalog/a/0/c/5/a0c51294aa0f95ecad7c52c848e536baa4b34efa_Laderach_2024_61927_Berg_White_srgb_Crop.jpg", "openstreetmap_id": "node/2386979802"}, "geometry": {"type": "Point", "coordinates": ["9.3763253", "47.4261083"]}}, {"type": "Feature", "properties": {"identifier": "c39bdccb-7fee-49be-9dd9-7834fda008b4", "name": "Restaurant Blume GmbH", "description": "<p>Willkommen in der Hotel Blume. Das Hotel liegt in St.Gallen und bietet 5 Einzel- und 1 Doppelzimmer, sowie eine Terrasse mit Gartenblick.&nbsp;</p><p>WLAN sowie die Privatparkpl&auml;tze bei der Unterkunft nutzen die G&auml;ste kostenfrei.&nbsp;</p><p><span class=\"cm-widget-catalog-label\">Ausstattung: </span>Bett, Schrank, Sofa-Stuhl mit Tisch, Lavabo, Flachbild-Sat-TV. Gemeinschaftsdusche und -WC befinden sich auf dem Gang.</p><p>In der Unterkunft steht auch eine Gep&auml;ckaufbewahrung zur Verf&uuml;gung.</p><p>Die Olma Messen St.Gallen sind in 1,2 km und die Stiftsbibliothek St.Gallen in 2,4 km erreichbar. Der Flughafen Z&uuml;rich liegt 63 km und der Flughafen St.Gallen-Altenrhein liegt 19 km vom Hotel entfernt.</p><p>Gesch&auml;ftsreisende sch&auml;tzen die Lage des Hotels ganz besonders.</p><p>Im Restaurant Blume geniessen G&auml;ste eine saisonale, regionale und frische K&uuml;che mit einheimischen Spezialit&auml;ten und Zutaten aus der Region.</p>", "url": "https://www.restauant-blume-sg.ch", "image": "https://sgbtpimtsoch.sos-ch-dk-2.exoscale-cdn.com/catalog/0/f/4/e/0f4e0cf6537aa42178d48e5cc2df622bdfd29015_Blume_1978s.jpg", "openstreetmap_id": "node/4348311837"}, "geometry": {"type": "Point", "coordinates": ["9.4019687", "47.435573"]}}, {"type": "Feature", "properties": {"identifier": "c3f7675c-90d9-491d-80e9-66eeef7ab188", "name": "FitWell fitness Gesundheit & Bewegung  Claudia Luck-Portmann", "description": "<p>Das Angebot f\u00fcr Gesundheit und Bewegung ist mit der Erfahrung gewachsen. Nebst dem live Standort and der Hintergoldingerstrasse 80 in Goldingen bietet FitWell fitness seit drei Jahren, auch ein online Angebot. Individuell auf die einzelnen Bed\u00fcrfnisse abgestimmt, entwickelt f\u00fcr den perfekten Erfolg. Alltagstauglich, zeitsparend f\u00fcr nachhaltige Resultate. </p><p>Mit dem richtigen Flow und der pers\u00f6nlichen Unterst\u00fctzung gelingt es fit, gesund, befreit und gl\u00fccklich zu sein. </p><p><span style=\"font-weight: bold;\">Angebot:</span></p><ul><li>Jumping Fitness</li><li>HIIT</li><li>Personal- und Kleingruppen Training</li></ul><p><span style=\"font-weight: bold;\"><br></span></p><p><span style=\"font-weight: bold;\">Online Angebot: </span></p><ul><li>Ganzheitliches 30 Tage Programm</li><li>W\u00f6chentliche online Liveworkouts</li><li>Austausch- und Motivationsgruppen </li><li>Hilfsmittel zu Ern\u00e4hrung und Mindset</li><li>Zugriff auf Ern\u00e4hrungsplattform</li><li>Pers\u00f6nliches Coaching<br></li></ul>", "url": "https://www.fitwell-fitness.ch/", "image": "https://sgbtpimtsoch.sos-ch-dk-2.exoscale-cdn.com/catalog/e/0/7/9/e0798fa059592152eb673b1e2f6c7134de592dbe_Atzm__nnig_Coaching_fitness_lifestlyle_ern__hrung_training__1_.jpg", "openstreetmap_id": "way/361245832"}, "geometry": {"type": "Point", "coordinates": ["8.98587226867676", "47.28864677151603"]}}, {"type": "Feature", "properties": {"identifier": "c3fb179f-dfab-4f13-99ca-f1b9027d24e3", "name": "Goldinger Rundwanderung klein", "description": "<p>Der Start dieser sch&ouml;nen Wanderung ist in Egligen. Von hier f&uuml;hrt der Weg &uuml;ber Hinterbergen nach Echeltschwil, Ennetbach und oberhalb Rappengrund hinab ins Neuh&auml;uslertobel. Am sch&ouml;nen Weg entlang des Bachs f&uuml;hrt die Wanderung &uuml;ber die historische Aabachtalbr&uuml;cke und unterhalb der Hauptstrasse Richtung Neuhaus. Von dort entlang der Chaschtel-Schwerzi Strasse &uuml;ber Echeltschwil weiter durchs M&uuml;lital zur&uuml;ck nach Goldingen.&nbsp;</p><p>Anreise mit den &ouml;ffentlichen Verkehrsmitteln:<br>Bus 630 von Eschenbach (Dorftreff) nach Goldingen (Egligen)</p><p>Die genaue Route sowie die GPX Daten sind unter diesem&nbsp;<a href=\"https://schweizmobil.ch/de/tour/5113763\">Link</a>&nbsp;ersichtlich.&nbsp;</p>", "image": "https://sgbtpimtsoch.sos-ch-dk-2.exoscale-cdn.com/catalog/7/c/7/c/7c7cd02a62d56e21829f38236c9b21a3e4526568_Neuh__slerTobel_alte_Br__cke_klein.JPG", "openstreetmap_id": "node/970479790"}, "geometry": {"type": "Point", "coordinates": ["8.959795832633974", "47.2639924379451"]}}, {"type": "Feature", "properties": {"identifier": "c40362e5-19cf-4427-82a1-087efed554a4", "name": "Aquarell- und Acrylmalerei & Kinderb\u00fccher", "description": "<p>Gabriela hat die Aquarellmalerei an der Volkshochschule in Z\u00fcrich erworben. Es folgten mehrere Bilderausstellungen mit Vernissagen, sowie T\u00e4tigkeiten als Mallehrerin f\u00fcr Aquarell- und Acrylmalerei.&nbsp;</p><p>Mit dem Kinderbuch \"Die kleine Kolibrina\" hat Gabriela bewiesen, dass sie nebst den sch\u00f6nen Bildern auch sehr spannende und lehrreiche Geschichten f\u00fcr Kinder schreiben kann. Die Kolibrina ist ein Buch zur Trauerbew\u00e4ltigung und ihr Erstlingswerk. Das neue Werk, welches Gabriela erschaffen hat handelt vom Zwerg Zipfel mit dem liebevoll gelernt werden soll, mit der Natur und den Tieren umzugehen.&nbsp;</p>", "url": "https://gabriela-gubelmann.ch/", "image": "https://sgbtpimtsoch.sos-ch-dk-2.exoscale-cdn.com/catalog/1/4/f/6/14f667a338da54a4859362452724d900136e0b23_Screenshot_2025_02_12_170816.jpg", "openstreetmap_id": "way/273390956"}, "geometry": {"type": "Point", "coordinates": ["9.01446342422502", "47.27087775"]}}, {"type": "Feature", "properties": {"identifier": "c46d6ab2-743d-4646-a143-cfe4449746a1", "name": "Moni's Stallbeizli", "description": "<p>\u00dcber das ganze Jahr kann im gem\u00fctlichen Stallbeizli im Oberholz Fondue, Raclette und Grilladen genossen werden. </p><p>Der Hit vom Stallbeizli ist jedoch das Fondue Bacchus! F\u00fcr das Feinschmecker Fondue wird das Fleisch in einem w\u00fcrzigen Weinfond gegart. Dieses kann jedoch nur auf Voranmeldung genossen werden.&nbsp;</p><p>F\u00fcr Gruppen von mehr als 10 Personen ist Moni um eine Voranmeldung froh und sie freut sich auf gem\u00fctliche Stunden mit Ihren G\u00e4sten.&nbsp;</p><p>ACHTUNG Es kann nur Bar bezahlt werden!</p>", "url": "https://www.monisstallbeizli.ch/", "image": "https://sgbtpimtsoch.sos-ch-dk-2.exoscale-cdn.com/catalog/5/5/0/3/55036ee9188c38cfe947d976ba2c175823e5f15f_Monis_stallbeizli_2.jpg", "openstreetmap_id": "node/9272841509"}, "geometry": {"type": "Point", "coordinates": ["8.9464805", "47.2897865"]}}, {"type": "Feature", "properties": {"identifier": "c4cbbd59-81ca-4c19-a22d-3b08c765f7d3", "name": "Pfefferbeere AG", "description": "<p>Als ganzheitlicher Eventpartner k\u00fcmmert sich die Pfefferbeere AG nebst leckerem Essen um alles, was zu einer unvergesslichen Veranstaltung geh\u00f6rt. Ob Einladung, die Wahl der perfekten Location, Dekoration und Mobiliar, Signaletik, Show und Unterhaltung oder Aktivit\u00e4ten und Interaktion. Die Pfefferbeere AG ist von Anfang bis Ende dabei und sorgt f\u00fcr den roten Faden auf Ihrem Event.</p>", "url": "https://pfefferbeere.ch/", "image": "https://sgbtpimtsoch.sos-ch-dk-2.exoscale-cdn.com/catalog/e/b/f/8/ebf88c48ecc072cafb6695b9ba26e7fd574b2c34_Wilde_M__hre_6.jpg", "openstreetmap_id": "node/8221080515"}, "geometry": {"type": "Point", "coordinates": ["9.4194155", "47.37177"]}}, {"type": "Feature", "properties": {"identifier": "c4dd5896-d54a-4ba3-9c64-5851e361318a", "name": "Battle City 2.0", "description": "Eventlokal f\u00fcr LaserTag/LaserGame, iCombat, Airsoft.&nbsp; Der perfekte Ort f\u00fcr Team-Events, Firmenausfl\u00fcge, Geburtstage, Junggesellenabschiede usw.", "url": "https://www.battlecity.ch", "image": "https://sgbtpimtsoch.sos-ch-dk-2.exoscale-cdn.com/catalog/4/e/c/c/4eccc39e7b4fe065e1e2f2951904f6cc7877b94b_logo.png", "openstreetmap_id": "way/292578698"}, "geometry": {"type": "Point", "coordinates": ["9.586114920385956", "47.39912015"]}}, {"type": "Feature", "properties": {"identifier": "c500b51f-70d6-4c6a-9d47-1d9289e16ff9", "name": "CHAPPELE-ON-ICE", "description": "<p>Ein winterlicher Ausgangs- und Ausflugsort f&uuml;r Jung und Alt, Gross und Klein, Freunde und Familien &ndash; kurz f&uuml;r Jedermann.</p><p>Ein gem&uuml;tliches Kufest&uuml;bli, die Glattisbar und viele weitere Attraktionen laden zum Verweilen ein.</p><p>Schlittschuhe und Eistiere k&ouml;nnen vor Ort gemietet werden. Zudem hat es gen&uuml;gend Platz zum Zuschauen, Schwatzen, Anstossen, Feiern und Lachen.</p><p>Ebenfalls ein Gaudi ist das Eisstockschiessen. Es stehen zwei Eisstockschiessbahnen zur Verf&uuml;gung, f&uuml;r zwei Teams &agrave; 6 Personen. Kombiniert mit einem feinen Fondue im Kufest&uuml;bli ist das ein idealer Familien-, Vereins- oder Firmenanlass.</p><p class=\"MsoNormal\">Anreise mit den &ouml;ffentlichen Verkehrsmitteln:<br>Bus 622 von Eschenbach (Dorftreff) nach St. Gallenkappel (Holz)</p>", "url": "http://www.chappele-on-ice.ch/", "image": "https://sgbtpimtsoch.sos-ch-dk-2.exoscale-cdn.com/catalog/9/0/0/f/900f09fcdf664a41cd4a768bcb8b2e3c6f244e53_IMG_5392.JPG", "openstreetmap_id": "way/26292356"}, "geometry": {"type": "Point", "coordinates": ["8.976956605911257", "47.25327073238975"]}}, {"type": "Feature", "properties": {"identifier": "c5f35d0d-81a4-448d-a570-257eccf23da0", "name": "G\u00e4stehaus Leimathof", "description": "Das G\u00e4stehaus Leimathof ist zentral und sehr ruhig gelegen: Messegel\u00e4nde, Casino, Universit\u00e4t und Stadtzentrum sind zu Fuss in wenigen Minuten erreichbar. \n\nNebst einer speziell eingerichteten Attika Wohnung bieten wir auch verschiedene Standard Wohnungen m\u00f6biliert zur Miete an. Eine davon tage- oder wochenweise, die anderen mind. f\u00fcr 3 Monate.\n\nStandard Wohnung\nBeinhaltend 3 Schlafzimmer, 1 Wohn-/Esszimmer, Badezimmer mit Dusche/WC, komplett ausgestattete K\u00fcche, WiFi, TV, Waschmaschinen- und Trockenraumben\u00fctzung.\n\nAttika Wohnung\nBeinhaltend 2 Schlazimmer, Wohnzimmer, komplett ausgestattete K\u00fcche mit separatem Esszimmer, WiFi, TV, Waschmaschinen- und Trockenraumben\u00fctzung.", "url": "http://www.leimathof.ch/", "image": "https://sgbtpimtsoch.sos-ch-dk-2.exoscale-cdn.com/catalog/6/0/b/7/60b7f2e3bcbe9697428f872ea7e583b0298ebce0_BAM_20200603_BnB_Leimathof_485.jpg", "openstreetmap_id": "way/308740468"}, "geometry": {"type": "Point", "coordinates": ["9.38063", "47.43324"]}}, {"type": "Feature", "properties": {"identifier": "c627410a-21e3-422b-ba0a-7dae65f37975", "name": "M\u00fchleggbahn", "description": "Die M\u00fchleggbahn ist eine Standseilbahn, welche die Altstadt von St.Gallen mit dem Naherholungsgebiet Drei Weieren und dem Ortsteil St.Georgen verbindet. Er\u00f6ffnet wurde die Bahn 1893 als Wassergewichtsseilbahn und wurde 1950 zu einer Zahnradbahn. 1975 musste die Bahn erneuert werden. Das erforderliche Kapital fehlte, die Bahn stand kurz vor der definitiven Schliessung, als Paul Hell in einer grossen Sammelaktion in letzter Minute das erforderliche Geld zusammenbrachte. Damit wurde die Bahn auf den heute noch bestehenden elektrischen Antrieb umgestellt. Dieses System wird als Schr\u00e4glift bezeichnet, die Fahrgastkabine f\u00e4hrt im vollautomatisierten Betrieb nach Bedarf auf Knopfdruck.\n\nIm Gedenken an den M\u00f6nch Gallus wurde die Talstation im Rahmen einer Kunstaktion im Jahr 1997 mit dem Schriftzug \u00abBangor\u00bb versehen. ", "url": "http://www.muehleggbahn.ch", "image": "https://sgbtpimtsoch.sos-ch-dk-2.exoscale-cdn.com/catalog/c/6/5/4/c654a799eb7e143d52ea09f41f40c47cd35da67b_Photokleinformat_3_2_Bangor_M__hlegg.jpg", "openstreetmap_id": "node/289934269"}, "geometry": {"type": "Point", "coordinates": ["9.37764500000003", "47.422096"]}}, {"type": "Feature", "properties": {"identifier": "c6842904-1a1f-45bd-8c1a-0d7156679434", "name": "Escape Game Outdoor St. Gallen ", "description": "<p>Mitten in der historischen Altstadt von St. Gallen taucht Ihr Team in ein packendes Outdoor-Escape-Abenteuer ein.<br>Ausgestattet mit Tablets, Hinweisen und kniffligen Missionen l&ouml;st die Gruppe R&auml;tsel an realen Schaupl&auml;tzen.<br>Teamwork, Logik und Kreativit&auml;t entscheiden dar&uuml;ber, ob Sie den Fall rechtzeitig knacken. Die Route f&uuml;hrt vorbei an versteckten Gassen, Pl&auml;tzen und &uuml;berraschenden Spots der Stadt.<br>Ein Erlebnis, das verbindet, fordert und jede Gruppe in Bewegung bringt.</p>", "image": "https://sgbtpimtsoch.sos-ch-dk-2.exoscale-cdn.com/catalog/4/e/4/7/4e4718fe42b8a7fd0639ba82f783851b8424df9a_Jpg_Blackout_5.jpg"}, "geometry": {"type": "Point", "coordinates": ["9.3755977", "47.4232683"]}}, {"type": "Feature", "properties": {"identifier": "c6dabb98-9c5f-443e-82b4-f1ff7e90e773", "name": "Visimo Apartments - Deluxe Suite", "description": "In der stilvoll eingerichteten 55-Quadratmeter Ferienwohnung  im Zentrum von St.Gallen geniessen die G\u00e4ste einen einzigartigen Urlaub in der sch\u00f6nen Ostschweiz unweit des Bodensees. Die Wohnung bietet f\u00fcr maximal vier Personen Platz. Dank der hervorragenden Lage in der N\u00e4he des Klosters ist die historische Altstadt in wenigen Gehminuten erreichbar.\n\nINNENEINRICHTUNG\nIm Inneren der Suite erwartet die G\u00e4ste ein eleganter Mix aus modernem Design und elegantem Holzmobiliar. Das ger\u00e4umige Schlafzimmer mit dem Kingsize-Boxspringbett (180 x 200 cm) verspricht eine erholsame Nachtruhe. Im gem\u00fctlichen und ansprechend gestalteten Wohnzimmer sorgt die bequeme Sofalandschaft mit integriertem Schlafsofa mit Lattenrost (140 x 200 cm) f\u00fcr einen guten Schlaf f\u00fcr zwei weitere Personen. Das Wohn- und Schlafzimmer sind jeweils mit einem grossen Smart-TV mit kostenlosem Netflix und Sunrise TV-Abo ausgestattet. Die Wohnung verf\u00fcgt \u00fcber kostenloses WLAN. \n \nSPEISEBEREICH/BAD\nDas exklusive Holzdesign der Suite setzt sich auch im Essbereich fort, in dem sich ein gem\u00fctlicher Esstisch befindet, der zu geselligen Abendessen mit Freunden anregt. In der komplett ausgestatteten K\u00fcche mit Herd, Geschirrsp\u00fcler, K\u00fchlschrank, Gefrierschrank, Kaffeemaschine, Tellern, Gl\u00e4sern und Besteck d\u00fcrfen die G\u00e4ste nach Belieben ihre kulinarischen W\u00fcnsche verwirklichen. Das helle und saubere Badezimmer verf\u00fcgt \u00fcber einen grossen Duschbereich, eine Waschmaschine sowie einen Trockner. Handseife, Duschgel, Shampoo und frische Handt\u00fccher stehen bereit. \n\nZENTRALE LAGE\nDie gro\u00dfartige Lage der Ferienwohnung bietet neben kurzen Wegen zu den Sehensw\u00fcrdigkeiten, Gesch\u00e4ften und Restaurants auch eine direkte Anbindung an das Bus- und Bahnnetz der Region. So kommen die G\u00e4ste  auch ohne Auto immer sicher und bequem ans Ziel.\n\nAuch die vierbeinigen G\u00e4ste sind gerne willkommen.", "url": "https://www.visimo-apartments.ch/apartments-st-gallen/", "image": "https://sgbtpimtsoch.sos-ch-dk-2.exoscale-cdn.com/catalog/d/e/b/0/deb07beb41c24ce2519e3dfa4e38cc694020966e_317A9038_Edit.jpg", "openstreetmap_id": "7193108133"}, "geometry": {"type": "Point", "coordinates": ["9.3703313", "47.4187409"]}}, {"type": "Feature", "properties": {"identifier": "c7d6afbb-d817-4990-8762-2b8b15d14aa9", "name": "RhyLa - Rhintaler Maislabyrinth Balgach", "description": "Das RhyLa ist das gr\u00f6sste digital anges\u00e4te Maislabyrinth der Schweiz. Das Rhintaler Mais-Labyrinth ist ein Abenteuer f\u00fcr die ganze Familie! Mit \u00fcber 3000 Metern Weg auf einer rund 3,5 Hektar grossen Fl\u00e4che wird es garantiert ein unvergessliches Erlebnis f\u00fcr alle, die sich gerne verirren und neue Wege entdecken. Das Labyrinth ist ein Meisterwerk der Landwirtschaft und bietet ein einzigartiges Erlebnis, um die Natur von einer anderen Seite zu erleben. Aber das ist noch nicht alles! Ein besonderes Highlight des Labyrinths ist der Aussichtsturm, der einen atemberaubenden Blick \u00fcber das Maisfeld bietet. Der Turm ist rund vier Meter hoch und bietet eine fantastische Aussicht auf die Umgebung.\n\nF\u00fcr alle Wissbegierigen: Im Labyrinth ist auch ein Lehrpfad integriert, der wissenswerte Informationen \u00fcber die Landwirtschaft vermittelt. Der Lehrpfad ist eine grossartige Gelegenheit, mehr \u00fcber die Natur und ihre Wunder zu erfahren - eine ideale Aktivit\u00e4t f\u00fcr Schulen und Gruppen.", "url": "https://www.schmidi-events.ch", "image": "https://sgbtpimtsoch.sos-ch-dk-2.exoscale-cdn.com/catalog/0/f/b/b/0fbb8d652b052e52b6c25fe65f90e5fadeee78b4_RhyLa_Maislabyrinth_Balgach.jpg", "openstreetmap_id": "way/131338047"}, "geometry": {"type": "Point", "coordinates": ["9.612231493608663", "47.386764238943506"]}}, {"type": "Feature", "properties": {"identifier": "c7e0f992-435a-4bf7-aeed-43a0101e7474", "name": "Boardinghouse St.Gallen", "description": "Hier f\u00fchlen sich die G\u00e4ste \u2013 f\u00fcr eine l\u00e4ngere oder auch f\u00fcr kurze Zeit \u2013 im urbanen St.Gallen so richtig zuhause. \n\nDas Boardinghouse bietet f\u00fcr mehrere Monate, f\u00fcr eine ganze Woche oder auch nur f\u00fcr 1-2 Tage ein perfektes Zuhause in einem stilvollen Neubau an bester Lage. Die historische Altstadt, Naherholungsgebiete, kulturelle und sportliche Angebote - aber auch Einkaufsm\u00f6glichkeiten - sind in wenigen Minuten zu Fuss oder mit dem \u00d6V erreichbar. Caf\u00e9, B\u00e4ckerei, Take-Away und Private Spa befinden sich sogar direkt im Haus. \n\nDie Wohnoasen bieten : \n\n\u2022 pers\u00f6nlicher Empfang\n\u2022 moderne, komfortabel m\u00f6blierte und vollkommen ausgestattete\n1 bis 2.5 Zimmer Studios und Wohnungen mit Kochnische und\nBalkon / Lodge\n\u2022 individuelle, variable Preise je nach Verweildauer (ab 1 Nacht m\u00f6glich)\n\u2022 s\u00e4mtliche Nebenkosten & Dienstleistungen im Preis inbegriffen:\n\u2022 WLAN / TV / Strom & Wasser\n\u2022 Bett- und Frottierw\u00e4sche\n\u2022 mindestens w\u00f6chentliche Reinigung / Endreinigung\n\u2022 Tiefgaragenplatz mit Auflade-Station zus\u00e4tzlich mietbar\n\u2022 bei langer Verweildauer durchschnittlicher Wohnungspreis ab CHF 1280 pro Monat\n(all inclusive)\n\u2022 SPEZIELL: Absolut keine K\u00fcndigungsfrist", "url": "https://www.boardinghouse.ch", "image": "https://sgbtpimtsoch.sos-ch-dk-2.exoscale-cdn.com/catalog/0/7/d/0/07d04f7674a89a414cc8b1bb4be74c8f24ebec8e_KSP_6038.jpg", "openstreetmap_id": "28636733"}, "geometry": {"type": "Point", "coordinates": ["9.3551975", "47.4200777"]}}, {"type": "Feature", "properties": {"identifier": "c81b6c29-3685-4cb5-8459-a73d102ec937", "name": "Sonnenaufgangsfahrt S\u00e4ntis", "description": "<p>Die einzigartige Ruhe der fr&uuml;hen Morgenstunden geniessen. Ein atemberaubendes Naturschauspiel sowie ein reichhaltiges Fr&uuml;hst&uuml;cksbuffet stehen an jedem Sonntag im Juli und August bereit. Nach einer St&auml;rkung im Restaurant S&auml;ntisgipfel empfiehlt sich ein Besuch in die Erlebniswelt. Eintauchen in eine interaktive Erlebniswelt f&uuml;r Gross und Klein. Faszinierendes zu Wind und Wetter, Schnee und Eis sowie zur Geschichte der Schwebebahn erwarten die Besucher.</p><p class=\"MsoNormal\"><strong>Wichtige Information: Die S&auml;ntis-Schwebebahn ist infolge Erneuerung der Bahn vom 1. Mai bis Sp&auml;therbst 2026 eingestellt.</strong></p><p class=\"MsoNormal\"><strong>Das &laquo;S&auml;ntis &ndash; das Hotel&raquo; und die Restaurationsbetriebe auf der Schw&auml;galp sind durchgehend f&uuml;r Sie ge&ouml;ffnet.</strong></p>", "url": "https://saentisbahn.ch/", "image": "https://sgbtpimtsoch.sos-ch-dk-2.exoscale-cdn.com/catalog/3/2/5/e/325edcef5b353bd0aabbe6a549a265947ed6ac36_DJI_0523_uc_Kopie_min_1__1_.jpg", "openstreetmap_id": "node/6035271604"}, "geometry": {"type": "Point", "coordinates": ["9.342199", "47.24926"]}}, {"type": "Feature", "properties": {"identifier": "c861242f-274d-46e9-9f05-7f78a1bd13fb", "name": "Ortsmuseum Eschenbach", "description": "<p>Seit November 2022 besteht im altehrw\u00fcrdigen Custorhaus Eschenbach ein kleines aber feines Ortsmuseum. Dieses gibt einen abwechslungsreichen Einblick in vergangene Zeiten und die spannende Geschichte der Gemeinde.</p><p>Die vielf\u00e4ltige Ausstellung mit mehreren Themenr\u00e4umen kann im Rahmen von individuellen F\u00fchrungen besichtigt werden. Ebenfalls geeignet als passendes Rahmenprogramm f\u00fcr den n\u00e4chsten Personalanlass, eine Familienfeier, einen Vereinsausflug oder eine Klassenzusammenkunft. Dann melden Sie sich den Initianten Fabian \u00abFilu\u00bb Lendi oder Xaver Morger.</p>", "image": "https://sgbtpimtsoch.sos-ch-dk-2.exoscale-cdn.com/catalog/a/0/e/e/a0eec14da7ef0e5936a7e7bde53d3c0239be5044_Schulzimmer_IMG_3011.JPG", "openstreetmap_id": "way/397555128"}, "geometry": {"type": "Point", "coordinates": ["8.922146551140255", "47.2395827"]}}, {"type": "Feature", "properties": {"identifier": "c8ab4a7c-5b2a-4a15-830e-c35b8388b864", "name": "Gemeinde Eschenbach ", "description": "<p class=\"MsoNormal\">Die Gemeinde Eschenbach \u00fcberzeugt durch eine hohe Wohn-\nund Lebensqualit\u00e4t, eingebettet in eine vielseitige Landschaft. </p><p class=\"MsoNormal\">Seit 2013 sind\nEschenbach, Goldingen und St. Gallenkappel gemeinsam unterwegs. In dieser Zeit\nhat sich das vereinigte Eschenbach zu einer aufgeschlossenen, modernen und\ninteressanten Gemeinde entwickelt, ohne den l\u00e4ndlichen Charme und den\nfacettenreichen Charakter zu verlieren. <o:p></o:p></p><p class=\"MsoNormal\">Die Kulturkommission der<span style=\"color: red;\"> </span>Gemeinde\nstellt j\u00e4hrlich ein interessantes und unterhaltsames <a href=\"https://www.eschenbach.ch/kulturelles\" target=\"_blank\">Kulturprogramm</a>&nbsp;zusammen. Tickets f\u00fcr die verschiedenen Veranstaltungen sind auf <a href=\"https://goldingertal.ch/de/erleben/veranstaltungen.html\" target=\"_blank\">Eventfrog</a> sowie\nam Schalter der Gemeinde erh\u00e4ltlich. Dort k\u00f6nnen die Tickets auch mit der\nbeliebten Geschenkm\u00fcnze, dem <a href=\"https://goldingertal.ch/de/einkaufen/goldigae-taler.html\" target=\"_blank\">Goldig\u00e4 Taler</a>&nbsp;bezahlt werden.</p>", "url": "https://www.eschenbach.ch/", "image": "https://sgbtpimtsoch.sos-ch-dk-2.exoscale-cdn.com/catalog/7/1/1/3/7113f8bf0f6a47ae4eab2c37a3acf0cdbab6677f_2020_Luftbild_EschenbachSG_nachS__den.jpg", "openstreetmap_id": "node/3739420403"}, "geometry": {"type": "Point", "coordinates": ["8.9239967", "47.2408928"]}}, {"type": "Feature", "properties": {"identifier": "c93fd67c-318b-4ae8-ac10-f1a3620c18d8", "name": "Comedy Duo Messer & Gabel", "description": "<p>Ihre Leidenschaft ist es, ihr Publikum zum Lachen zu bringen. Als Appenzeller Comedy Duo sind sie urkomisch, direkt und \u00fcberzeugen mit einer einmaligen Situationskomik \u2013 kein Auftritt ist gleich wie der andere.</p>", "url": "https://www.dmug.ch/", "image": "https://sgbtpimtsoch.sos-ch-dk-2.exoscale-cdn.com/catalog/d/6/c/8/d6c85532300e63b2a230c2efed3a89a22b6193be_comedy_duo_messer_gabel.png", "openstreetmap_id": "way/199358192"}, "geometry": {"type": "Point", "coordinates": ["9.135368527482694", "47.446740750000004"]}}, {"type": "Feature", "properties": {"identifier": "c9ae4405-18bd-483b-b1f5-62556ceef81c", "name": "S\u00e4ntis \u2013 das Hotel", "description": "Das Hotel ist der ideale Ausgangspunkt f\u00fcr viele Freizeitaktivit\u00e4ten wie Wandern, Velotouren oder auch gem\u00fctliche Spazierg\u00e4nge in der Natur.\n\nErholung finden die G\u00e4ste im Wellnessbereich mit Sauna, Bio-Sauna, Dampfbad, Erlebnisdusche und einem Ruheraum mit Blick in die Natur. Dass dabei der kulinarische Aspekt nicht zu kurz kommt, versteht sich von selbst: Im Restaurant mit der wunderbaren Sonnenterrasse werden typische Gerichte serviert. \n\nAuf drei Etagen laden 68 komfortabel ausgestattete Zimmer und Junior-Suiten zu einer erholsamen Nacht ein. Der erste Blick am Morgen gilt dem steil aufragenden S\u00e4ntis oder dem vertr\u00e4umten Weidwald. Und wer weiss, vielleicht gibt es sogar einen Steinbock zu entdecken.", "url": "https://saentisbahn.ch/uebernachten/das-hotel/", "image": "https://sgbtpimtsoch.sos-ch-dk-2.exoscale-cdn.com/catalog/3/a/0/e/3a0ed14db74435ba278f65bf619c1a504ea68327_20170626_SAENTIS_DAS_HOTEL_DER_BERG_802_min_2_.jpg", "openstreetmap_id": "374699470.0"}, "geometry": {"type": "Point", "coordinates": ["9.3183242", "47.2564945"]}}, {"type": "Feature", "properties": {"identifier": "c9b5ebcf-55d7-4817-aca8-2fb8f0304c30", "name": "Rohners Chloschterbeck", "description": "<p>Der einzigartige Name leitet sich vom historischen Klosterviertel (Chloschterbezirk) ab, das einst diesen Teil der Stadt pr&auml;gte.</p><p>Von Montag bis Samstag bieten wir diverse Leckereien aus unserer Backstube in St.Georgen an. Von Hand geformte Brote und Kleinbrote, liebevoll gef&uuml;llte Sandwiches, leckere Fladen s&uuml;ss und salzig, stilvolle Pr&auml;sente und vieles mehr, finden Sie tagt&auml;glich in unserer Auslage.</p><p>Bei sch&ouml;nem Wetter stehen im Freien 26 Sitzpl&auml;tze zur Verf&uuml;gung. Diese laden dazu ein, sich nach einem ausgiebigen Einkaufsbummel oder einer faszinierenden Sightseeing-Tour in St.Gallen zu entspannen und sich kulinarisch verw&ouml;hnen zu lassen.</p>", "url": "https://rohners-genusswelt.ch", "image": "https://sgbtpimtsoch.sos-ch-dk-2.exoscale-cdn.com/catalog/2/d/4/c/2d4c49a265d0b8b2356116ddb1dbae10e9aa9502_TYCM4378__2.JPG", "openstreetmap_id": "node/3166533862"}, "geometry": {"type": "Point", "coordinates": ["9.3747798", "47.4236632"]}}, {"type": "Feature", "properties": {"identifier": "cb0fd7a5-f2ec-4788-a405-d87c3779dea4", "name": "Nicolas Senn", "description": "<p>Der Ostschweizer war mit dem Rapper Bligg auf Tournee, spielte vor 120\u2019000 Zuschauern mit der Swiss Army Band am Basel Tattoo oder erkl\u00e4rte Stefan Raab in \u00abTV total\u00bb das Hackbrettspiel. Als Solist pr\u00e4sentiert Nicolas Senn eine virtuos-musikalische Weltreise und beweist so, dass von Volksmusik \u00fcber Klassik, Jazz und Rock alles auf dem Hackbrett m\u00f6glich ist.&nbsp;</p>", "url": "https://nicolassenn.ch/wp/", "image": "https://sgbtpimtsoch.sos-ch-dk-2.exoscale-cdn.com/catalog/e/2/9/f/e29ffa4261ec80a4541b594517b636e090e10461_nicolas_senn.jpeg", "openstreetmap_id": "relation/1683870"}, "geometry": {"type": "Point", "coordinates": ["9.4233806", "47.3743991"]}}, {"type": "Feature", "properties": {"identifier": "cb39d23e-db26-4870-8ab9-ce86873fea9b", "name": "Gasthaus zum R\u00f6ssli", "description": "<p>Das Gasthaus zum R\u00f6ssli befindet sich mitten im Dorf Goldingen, direkt neben der Kirche und dem Dorfbrunnen. Von der Herzroute ist es nur ein kurzer Abstecher zum Gasthaus. In n\u00e4chster N\u00e4he liegt ein sch\u00f6ner Aussichtspunkt mit weiter Fernsicht und Grillplatz.\n\nDie umliegenden Alpwirtschaften und der Freizeitpark Atzm\u00e4nnig sind gut mit \u00d6V und zu Fuss erreichbar. \n\nIn der K\u00fcche werden feine Cordon Bleu mit Goldinger K\u00e4sef\u00fcllung, heisser Stein mit verschiedenen Fleischsorten, Goldinger Forelle,  Rindstatar aber auch feine Suppen und je nach Saison Wild- oder Fr\u00fchlingsspezialit\u00e4ten zubereitet.</p><p>Nebst dem feinen Essen, bietet das R\u00f6ssli auch Zimmer f\u00fcr einen Kurzurlaub, Gruppenunterkunft f\u00fcr Vereins Ausfl\u00fcge, Pilgergruppen oder Gruppen die auf der Herzroute unterwegs sind an.&nbsp;</p><p>Das Gasthaus zum R\u00f6ssli ist ganzj\u00e4hrig ge\u00f6ffnet.&nbsp;</p><p> </p>", "url": "https://www.gasthauszumroessli.ch/index.php?id=10", "image": "https://sgbtpimtsoch.sos-ch-dk-2.exoscale-cdn.com/catalog/a/7/c/3/a7c334440cedf175508d6766cbf6d50ea0586056_R__ssli__Goldingen_1.JPG", "openstreetmap_id": "way/270254354"}, "geometry": {"type": "Point", "coordinates": ["8.966793471787026", "47.2630184"]}}, {"type": "Feature", "properties": {"identifier": "cc814629-780d-49e7-bc4f-5dd192514d30", "name": "Pizzeria Campione", "description": "<p>Ob als Pizzakurier oder als gem\u00fctliches italienisches Restaurant im Campione werden Pizza, Pasta oder auch frische Salate angeboten.<br></p>", "url": "https://www.pizza-campione.ch/", "image": "https://sgbtpimtsoch.sos-ch-dk-2.exoscale-cdn.com/catalog/d/3/7/a/d37aff8492bd8c8e6f2da2e81a1d3e1df6e1d2f6_Campione_2.jpg", "openstreetmap_id": "way/397557450"}, "geometry": {"type": "Point", "coordinates": ["8.920190854212553", "47.2413186"]}}, {"type": "Feature", "properties": {"identifier": "ccb9b478-0915-4cd9-b872-708ba3be0cdd", "name": "Skilift Oberholz-Farner", "description": "<p>Der lange Skilift der vom Oberholz bis zum <a href=\"https://goldingertal.ch/de/map/details/bergrestaurant-farneralp-bf1fd11f-60b9-42bc-9e53-50b967d41a8f.html\" target=\"_blank\" rel=\"noopener\">Bergrestaurant Farneralp</a> f&uuml;hrt ist ein wunderbarer Ort die Freizeit zu verbringen. F&uuml;r die etwas weniger ge&uuml;bten oder die Anf&auml;nger bietet das Oberholz einen Trainerlift und ein Ponylift mit Kinderland an. Die Anlagen sind nur bei gen&uuml;gend Schnee in Betrieb. Das Skibeizli \"Zum Alp-Traum\" ist das ganze Jahr &uuml;ber offen.</p><p>Zu erreichen ist das Oberholz &uuml;ber Wald ZH.</p><p><span style=\"font-size: 11.0pt; line-height: 107%; font-family: 'Aptos',sans-serif; mso-ascii-theme-font: minor-latin; mso-fareast-font-family: Aptos; mso-fareast-theme-font: minor-latin; mso-hansi-theme-font: minor-latin; mso-bidi-font-family: 'Times New Roman'; mso-bidi-theme-font: minor-bidi; mso-ansi-language: DE-CH; mso-fareast-language: EN-US; mso-bidi-language: AR-SA;\">Anreise mit den &ouml;ffentlichen Verkehrsmitteln:<br>Bus 631 von Eschenbach (Dorftreff) nach R&uuml;ti (Bahnhof)<br>Bus 885 von R&uuml;ti (Bahnhof) nach Wald (Bahnhof)<br>Bus beim Taxistand nach Oberholz (nur wenn der Skilift in Betrieb ist)</span></p>", "url": "https://www.skilift-oberholz.ch/", "image": "https://sgbtpimtsoch.sos-ch-dk-2.exoscale-cdn.com/catalog/1/4/d/7/14d75874f276ac0e97db0d406a743e9b0821ff8d_202112_Winter_TSchmuki_Oberholz_03.JPEG", "openstreetmap_id": "node/5010232928"}, "geometry": {"type": "Point", "coordinates": ["8.942291736602785", "47.287744315764805"]}}, {"type": "Feature", "properties": {"identifier": "cd011215-e4aa-4de7-8b16-74e12e7afce5", "name": "FoodTrail St.Gallen", "description": "<p>Durch das L&ouml;sen eines R&auml;tsels gelangt das Team zur ersten Station. Hier wartet bereits die erste K&ouml;stlichkeit. Wo ist der n&auml;chste Stopp? Auf verschiedenen Genuss-Stationen werden die Teilnehmenden mit Kulinarischem belohnt und erfahren dabei allerhand Spannendes und Geschichtliches &uuml;ber die Stadt St.Gallen. Ob zusammen mit der Familie, mit Freunden oder Arbeitskollegen, auf dem FoodTrail l&auml;sst sich die Stadt einmal anders erleben &ndash; typische St.Galler Spezialit&auml;ten inklusive.</p><p>Anzahl: ab 2 Personen, max. 6 Personen pro R&auml;tselteam</p><p>Preis: CHF 59.&ndash; pro Erwachsener / CHF 34.&ndash; pro Kind (8-16 Jahre)</p><p>Dauer: ca. 3.5 Stunden, Sie sind frei in der zeitlichen Gestaltung</p><p>Start: <span data-olk-copy-source=\"MessageBody\">Reception Hotel Dom, Webergasse 22, 9000 St.Gallen<br></span>Gruppen bis maximal 6 Personen bilden ein R&auml;tselteam, ab 7 Personen werden die Teilnehmenden in kleinere R&auml;tselteams aufgeteilt.</p><p>Die verf&uuml;gbaren Daten und Zeiten k&ouml;nnen <a href=\"https://www.foodtrail.ch/trails/st-gallen\" target=\"_blank\" rel=\"noopener\">hier </a>abgerufen und reserviert werden.</p><p>Unter der Woche kann bis mit zu 6 Personen auch spontan ohne Reservation gestartet werden. Bei fr&uuml;hzeitiger Buchung erhalten Sie die Tickets per Post, kurzfristig beziehen Sie die Tickets vor Ort in der Tourist Information.</p>", "url": "https://www.foodtrail.ch/", "image": "https://sgbtpimtsoch.sos-ch-dk-2.exoscale-cdn.com/catalog/1/6/b/b/16bb10a82dde134c4c88aab8c8aef63ebbdecc43_20210808_FoodTrail_165.jpg", "openstreetmap_id": "way/131849443"}, "geometry": {"type": "Point", "coordinates": ["9.375897216504168", "47.4232824"]}}, {"type": "Feature", "properties": {"identifier": "ce033b5e-de27-41cb-b7b4-dc57408e26cd", "name": "Hofladen Schirmer Ennetbach Goldingen", "description": "<p>Direkt vom Buurehof gibt es im Hofladen in Ennetbach viele Leckereien. Frischfleisch aus dem Tiefk\u00fchler oder auf Bestellung, ger\u00e4uchtes Fleisch, Eingemachtes oder tolle Geschenksideen. </p><p><span style=\"font-weight: bold;\">Angebot:</span>&nbsp;</p><ul><li>Schweins-, Kalbs- oder Rindsfleisch - kleine Mengen jederzeit aus dem Tiefk\u00fchler im Hofladen, gr\u00f6ssere Mengen auf Bestellung, portioniert und vakuumiert </li><li>Bauernsch\u00fcblig, Mostbr\u00f6ckli...</li><li>Eingemachtes, Sirup, Konfi, Eierlik\u00f6r...</li><li>Geschenksk\u00f6rbe</li><li>Goldingertal-T\u00e4schli, Goldingertal-Holzbrettli oder Glasbrettli</li><li> Firmengeschenke pers\u00f6nlich zusammengestellt</li><li>H\u00e4ckseldienst und Holzverkauf<br><br></li></ul><p>Im Hofladen kann t\u00e4glich in Selbstbedienung eingekauft werden.</p><p><span style=\"font-weight: bold;\">Erreichbarkeit:</span> <br>In Ennetbach zwischen B\u00fcrg und Goldingen. Von B\u00fcrg aus auf rechter Seite vor der Postautohaltestelle einbiegen und etwas zur\u00fcck fahren.&nbsp;<br></p>", "image": "https://sgbtpimtsoch.sos-ch-dk-2.exoscale-cdn.com/catalog/e/b/e/1/ebe1709614d7e824586aa1f2cf793709569f12cd_Hofladen_Schirmer_von_aussen_mit_Stuhl.jpg", "openstreetmap_id": "way/270259135"}, "geometry": {"type": "Point", "coordinates": ["8.9574627", "47.25203545"]}}, {"type": "Feature", "properties": {"identifier": "ce565950-4fb9-4157-8b84-cf88da4a0613", "name": "Helsana-Trail Eschenbach", "description": "<p><span style=\"font-weight: bold;\">Drei Themen-Trails</span><br>Die Helsana-Trails gibt es \u00fcberall in der Schweiz in drei verschiedenen L\u00e4ngen. In Eschenbach hat jeder Trail ein Thema, auf welchem man Eschenbachs Sonnenseite erleben kann.</p><p><span style=\"font-weight: bold;\">16,3km \u00abUm Eschenbach\u00bb gelb</span><span style=\"font-weight: 700;\"><br></span>Der l\u00e4ngste Trail ist mit gelben Tafeln markiert und f\u00fchrt um Eschenbach. Nach dem Start kann man die sch\u00f6ne Aussicht auf dem Goldberg und \u00fcber den Obersee geniessen. Vorbei an Feuerstellen und dem alten Grabh\u00fcgel auf dem Balmenrain, geht es \u00fcber Neuhaus nach B\u00fcrg. Entlang dem oberen H\u00fcgelzug im Eggwald kann z.B. der <a href=\"https://goldingertal.ch/de/map/details/laedeli-am-herzliweg-9f137584-4555-443e-ab5e-d07542d614eb.html\" target=\"_blank\">Herzliweg</a> oder der Bauernhof <a href=\"https://goldingertal.ch/de/map/details/archehof-rueegg-3bab97f1-dcb9-4d2a-89e0-bba1b5f10d48.html\" target=\"_blank\">Archehof R\u00fcegg</a> erkundet werden.</p><p>Details zu diesem Trail finden sie auf der Seite von&nbsp;<a href=\"https://www.outdooractive.com/de/route/trailrunning/zuercher-oberland/helsana-trail-eschenbach-gelb/238494220/\" target=\"_blank\">outdooractive</a>.&nbsp;</p><p><span style=\"font-weight: bold;\">7,1km \u00abAm Wasser\u00bb gr\u00fcn<br></span>Die mittlere Strecke, welche mit gr\u00fcnen Tafeln beschildert ist, f\u00fchrt am <a href=\"https://goldingertal.ch/de/map/details/natur-und-vogelschutzgebiet-rueti-d30c8e20-1260-498c-9c90-353322f9aa36.html\" target=\"_blank\">Naturschutzgebiet R\u00fcti</a> vorbei, via M\u00fchlebach zum <a href=\"https://goldingertal.ch/de/map/details/naherholungsgebiet-rietstuck-dc719e50-6e67-43b3-8ce6-18493ee7374c.html\" target=\"_blank\">Rietstuckweiher</a>. Hier laden B\u00e4nkli zum Verweilen ein. Der Weg folgt weiter \u00fcber Neuhaus zum <a href=\"https://goldingertal.ch/de/map/details/siessenweiher-0198320a-32b0-4607-8319-d703f84e3aa9.html\" target=\"_blank\">Siessenweiher</a>. Auf der H\u00f6he von F\u00e4tzikon geniesst man eine tolle Aussicht \u00fcber Eschenbach. Der R\u00fcckweg f\u00fchrt im Dorfzentrum am malerischen <a href=\"https://goldingertal.ch/de/map/details/custorhaus-eschenbach-d0525c2d-0fa7-4982-aa3b-7dee4f8c42d3.html\" target=\"_blank\">Custorhaus</a> vorbei.</p><p>Details zu diesem Trail finden sie auf der Seite von&nbsp;<a href=\"https://www.outdooractive.com/de/route/trailrunning/zuercher-oberland/helsana-trail-eschenbach-gruen/238466803/\" target=\"_blank\">outdooractive</a>.&nbsp;</p><p><span style=\"font-weight: bold;\">4,9km \u00abIm Dorf\u00bb</span><span style=\"font-weight: 700;\"><br></span>Der k\u00fcrzeste Trail mit den blauen Tafeln f\u00fchrt Sie um einen Teil des Dorfes Eschenbach herum. Dieser abwechslungsreiche Trail f\u00fchrt durch den Wald, \u00fcber Wiesen und an einer sch\u00f6nen Grotte vorbei. Ideal f\u00fcr einen Familienausflug am Sonntag oder eine Abend-Runde.</p><p class=\"MsoNormal\">Details zu diesem Trail finden sie auf der Seite von <a href=\"https://www.outdooractive.com/de/route/trailrunning/zuercher-oberland/helsana-trail-eschenbach-blau/238440858/\" target=\"_blank\">outdooractive</a>.&nbsp;</p><p>Die drei Helsana-Trails sind clever angelegt, damit sich diese an bestimmten Orten kreuzen. Dadurch kann man die Routen nach Bedarf selbst verk\u00fcrzen oder verl\u00e4ngern. Start und Ziel von jedem Trail ist beim Dorftreff in Eschenbach. Dort befindet sich ein grosser \u00dcbersichtsplan. Es kann jedoch \u00fcberall gestartet werden.</p><p><span style=\"font-weight: bold;\">Achtung:</span> <br>Die Wegweiser sind nur in einer Richtung ausgeschildert. Es empfiehlt sich nach der vorgegebenen Pfeilrichtung zu laufen.</p><p>Dorftreff Eschenbach (Rapperswilerstrasse 18, 8733 Eschenbach SG) ist mit dem \u00f6ffentlichen Verkehr gut erreichbar (Eschenbach SG, Dorftreff). Es sind gen\u00fcgend Parkpl\u00e4tze vorhanden.<br></p><p><span style=\"font-weight: bold;\">App trackt eigene Leistung</span><br>F\u00fcr den Helsana-Trail gibt es eine moderne <a href=\"https://www.helsana.ch/de/private/services/mitteilungen/abloesung-helsana-trails-app.html\" target=\"_blank\">App</a>, welche das Training oder das sportliche Walking trackt. Die gratis Handy-App erstellt sehr einfach pers\u00f6nliche Statistiken oder man findet den n\u00e4chsten Helsana-Trail in der Umgebung f\u00fcr den Sonntagsausflug wie z.B. im nahegelegenen Wald/ZH.</p><p><span style=\"font-weight: bold;\">Entstehung Helsana-Trail Eschenbach<br></span>W\u00e4hrend dem Corona-Lockdown kamen drei Eschenbacher, Simon Haag, Simon Ulrich und Claudio Roth, auf die Idee ein neues Angebot f\u00fcr die Bev\u00f6lkerung zu realisieren. Es sollte kostenlos, und jederzeit und f\u00fcr jedermann zur Verf\u00fcgung stehen. Nach diversen Abkl\u00e4rungen haben Sie die Bewerbung bei Helsana eingereicht. Eschenbach hatte mit den drei&nbsp;abwechslungsreichen Rundstrecken ein gutes Konzept eingereicht, welches die Jury \u00fcberzeugt und Eschenbach den Zuschlag erteilte.&nbsp; &nbsp;</p>", "url": "https://www.helsana.ch/de/private/services/trails.html#/", "image": "https://sgbtpimtsoch.sos-ch-dk-2.exoscale-cdn.com/catalog/0/0/1/d/001d456e3ef6ecfe3df1a19af3abf654b3d0d6e9_Logo.png", "openstreetmap_id": "node/7126452312"}, "geometry": {"type": "Point", "coordinates": ["8.9192171", "47.2377528"]}}, {"type": "Feature", "properties": {"identifier": "ce7bd415-1deb-4198-994b-81bf477b6f10", "name": "Forum W\u00fcrth Rorschach", "description": "<p>Direkt am sch&ouml;nen Bodenseeufer k&ouml;nnen G&auml;ste bei freiem Eintritt regelm&auml;ssig wechselnde Kunstausstellungen besuchen. Das Forum W&uuml;rth Rorschach ist der museale Bereich des W&uuml;rth Haus Rorschach und zeigt regelm&auml;ssig wechselnde Kunstausstellungen zu unterschiedlichen Themen. Mit den Foyer\u2012Pr&auml;sentationen bietet das Forum W&uuml;rth Rorschach neben der Hauptausstellung immer wieder neue Ausstellungen und gibt einen weiteren spannenden Einblick in die moderne und zeitgen&ouml;ssische eigene Sammlung W&uuml;rth, die mittlerweile &uuml;ber 21'000 Werke umfasst. Der Skulpturengarten l&auml;dt ganzj&auml;hrig zum Verweilen ein und bildet einen fliessenden &Uuml;bergang der Kunst aus dem Inneren des Hauses bis zum Bodenseeufer. Hier findet man z.B. Exponate von Niki de Saint Phalle, Horst Antes und Henry Moore. Vor allem f&uuml;r Familien bietet der Skulpturengarten eine besondere Abwechslung mit zum Teil bespielbaren Mosaik-Skulpturen wie der &laquo;B&auml;r&raquo; oder &laquo;Nikigator&raquo; von Niki de Saint Phalle.</p>", "url": "https://www.wuerth-haus-rorschach.ch", "image": "https://sgbtpimtsoch.sos-ch-dk-2.exoscale-cdn.com/catalog/9/0/9/7/9097cb0aaa3144b8f5bd0dd3958b9647f432b019_230466_us_1122_web.jpg", "openstreetmap_id": "node/3357502595"}, "geometry": {"type": "Point", "coordinates": ["9.50669", "47.47842"]}}, {"type": "Feature", "properties": {"identifier": "ced09ecb-8854-4824-ab7a-94a0615338d5", "name": "Ch\u00e4serrugg", "description": "Zwischen dem Walensee und dem Alpstein liegt das Ch\u00e4serrugg Gebiet, eines der sch\u00f6nsten und naturbelassensten Erholungsgebiete der Schweiz. Innerhalb von rund 60 Minuten erreichen G\u00e4ste von Z\u00fcrich und St. Gallen das Gebiet im Toggenburg. Somit ist es auch ein attraktives Ziel f\u00fcr einen Tagesausflug.\n\nMit seinen Wanderwegen \u00fcber Weiden und Gipfel der Churfirsten und dem faszinierenden Wildtierbestand l\u00e4dt das Gebiet zum Staunen und aktiven Erholen ein. \n\nF\u00fcr ihren Umgang mit Natur und Ressourcen sowie f\u00fcr die sorgf\u00e4ltig eingegliederte Infrastruktur von Herzog & de Meuron wurde die Toggenburg Bergbahnen AG von der Stiftung Landschaftsschutz Schweiz 2021 zur \u00abLandschaft des Jahres\u00bb gek\u00fcrt. Innovation und R\u00fcckbesinnung auf die lokalen Werte lassen Sie das Toggenburger Kulturgut mit allen Sinnen erleben.", "url": "http://www.chaeserrugg.ch", "image": "https://sgbtpimtsoch.sos-ch-dk-2.exoscale-cdn.com/catalog/7/2/1/8/721838d335344f00c77a9ce23324901b9305e113_1K4A1642.jpg", "openstreetmap_id": "node/243845595"}, "geometry": {"type": "Point", "coordinates": ["9.31199", "47.18527"]}}, {"type": "Feature", "properties": {"identifier": "cf3c5ec0-716f-4334-8358-43878a5d9650", "name": "Handwerk-Statt in der Eventlocation zur Werkstatt", "description": "Welcher echte Mann wollte nicht schon immer mal Wursten? Unter dem Motto \u00abHauptsache Fleisch!\u00bb entsteht das fleischige 3-Gang-Menu. Und weil Bier f\u00fcr echte M\u00e4nner genauso wichtig ist, zapft ihr zum Ap\u00e9ro euer eigenes Bierf\u00e4ssli an. Dass das Essen von Wein begleitet und der Abend mit Kaffee-Digestif abgerundet wird, versteht sich f\u00fcr eine solche Wurst-Werkstatt von selbst.\n\nJeder erh\u00e4lt 2 W\u00fcrste zum Mitnehmen. T\u00e4glich buchbar ab 6 bis 20 Personen.\n\nCHF 165 / Person", "url": "https://www.zurwerkstatt-sg.ch/", "image": "https://sgbtpimtsoch.sos-ch-dk-2.exoscale-cdn.com/catalog/6/7/9/0/6790328cabba870fff9f57bd057ce57f9b5d5fcd_Werkstatt_Herrenrunde.jpg", "openstreetmap_id": "node/10705895705"}, "geometry": {"type": "Point", "coordinates": ["9.375021", "47.425561"]}}, {"type": "Feature", "properties": {"identifier": "cf6530bb-8232-4412-aecd-04538099088b", "name": "B\u00e4sebeiz zum Magazin", "description": "<p>Die B\u00e4sebeiz zum Magazin liegt in Hintergoldingen und ist ein Geheimtipp. Das Restaurant mit 50 Pl\u00e4tzen bietet eine kleine, einfache aber sehr gute K\u00fcche. </p><p>Jeden ersten Dienstag im Monat k\u00f6nnen ab 18.00 Uhr Kutteln an Tomatensauce mit K\u00fcmmel gegessen werden. Eine Voranmeldung wird gew\u00fcnscht ebenfalls wenn die Kutteln am Mittag genossen werden m\u00f6chten.<br></p>", "image": "https://sgbtpimtsoch.sos-ch-dk-2.exoscale-cdn.com/catalog/6/8/8/c/688ce7d9d203b87b997999894ab58e69e48f2636_B__s__beiz_zum_Magazin_aussen.jpg", "openstreetmap_id": "way/273788004"}, "geometry": {"type": "Point", "coordinates": ["8.98285847081545", "47.2878551"]}}, {"type": "Feature", "properties": {"identifier": "cf65c5f8-3fb4-4a91-9902-5dc2043893ba", "name": "Wein Berneck", "description": "Das Winzerhandwerk wird traditionsbewusst und gleichzeitig innovativ gepflegt. Dadurch entstehen spannende Charakterweine aus reiner Natur. Auch wenn echte Handwerksarbeit wie ein Begriff aus l\u00e4ngst vergangener Zeit klingt, so ist sie Garant f\u00fcr dauerhaften Erfolg.\n\nDamit die Reben nat\u00fcrlich und ausgewogen ern\u00e4hrt werden, wird auf Herbizide, Insektizide und Kunstd\u00fcnger verzichtet. \n\nZu geniessen gibt die Weine im \u00abHirschen\u00bb am Rathausplatz. Gruppenbesuche des alten Kellergew\u00f6lbes und Degustationen in der Weinbar sind jederzeit nach Absprache m\u00f6glich. Das Konzertprogramm \"Befl\u00fcgelter Freitag\" ist ebenfalls ein Besuch wert.", "url": "http://www.wein-berneck.ch/", "image": "https://sgbtpimtsoch.sos-ch-dk-2.exoscale-cdn.com/catalog/c/8/f/5/c8f5b915f7198f848e5bf4ec09c57b7fc5e43988_Ralph_Darklook.jpg", "openstreetmap_id": "way/99261768"}, "geometry": {"type": "Point", "coordinates": ["9.6091757", "47.4252007"]}}, {"type": "Feature", "properties": {"identifier": "cf6d26d8-8a7d-4759-a357-6eec3a3053b1", "name": "Appenzellerland Tourismus AG", "description": "Durch Wiesen und W\u00e4lder: Ab ins Gr\u00fcne\nOb zu Fuss oder mit dem Velo: Am sch\u00f6nsten ist eine Erkundungstour durchs Appenzellerland an der frischen Luft. Elektrobike Routen f\u00fchren vom Bodensee bis an den Fuss des Alpsteins. Nordic Walking Trails ziehen sich in einem Netzwerk \u00fcber die H\u00fcgel. Unz\u00e4hlige Themenwege laden ein, bisher unbekannte Seiten des Appenzellerlands zu entdecken. Mit \u00fcber 1\u2018200 Kilometer Wanderwegen ist das Appenzellerland das Wander-Eldorado schlechthin \u2013 f\u00fcr Profis und Anf\u00e4nger. Mysteri\u00f6se Hochmoore l\u00fcften ihre Geheimnisse. Schwindelerregende Pfade schwingen sich \u00fcber die Zacken des Alpsteins. F\u00fcr Kinderwagen geeignete Spazierwege f\u00fchren malerischen W\u00e4ldern, T\u00e4lern und H\u00fcgeln entlang zu gem\u00fctlichen Restaurants, Feuerstellen oder Aussichtspunkten.", "url": "https://appenzellerland.ch/", "image": "https://sgbtpimtsoch.sos-ch-dk-2.exoscale-cdn.com/catalog/e/2/b/9/e2b9909aa1466c513918e64932decb4427aeedfb_Computerformat_4_3_S__ntis_der_Berg_Sonnenuntergang.jpg", "openstreetmap_id": "way/1098126342"}, "geometry": {"type": "Point", "coordinates": ["9.28058244", "47.3923982"]}}, {"type": "Feature", "properties": {"identifier": "d0525c2d-0fa7-4982-aa3b-7dee4f8c42d3", "name": "Custorhaus Eschenbach", "description": "<p>Der herrschaftliche Landsitz wurde 1770/1771 von Landrichter Josef Anton Custor gebaut und galt als einer der sch\u00f6nsten Profanbauten in der Grafschaft Uznach. Der Erbauer starb 1783. Das Haus wurde in der Folge vom wohl bekanntesten Eschenbacher, n\u00e4mlich Landammann Johann Ulrich Custor, \u00fcbernommen, der es bis zu seinem Tode im Jahre 1811 bewohnte. </p><p>Das Custorhaus erlebte eine wechselvolle Geschichte. Wiederholte Besitzerwechsel, Teilung in zwei Haush\u00e4lften, Verkauf des Umschwungs und mangelhafter Unterhalt \u00fcberliessen bis in die zweite H\u00e4lfte des letzten Jahrhunderts das einst \u201esch\u00f6nste Haus im Lande\u201c st\u00e4ndig mehr dem Zerfall. Anfangs der f\u00fcnfziger Jahre befand sich das Custorhaus in einem derart desolaten Zustand, dass niemand mehr darin wohnen mochte. Ein Abbruch des bauf\u00e4lligen Custorhauses schien unumg\u00e4nglich, als 1970 buchst\u00e4blich in letzter Minute in der Firma Geberit ein Interessent gefunden werden konnte, der sich dem Abbruchobjekt liebevoll annahm und es sowohl innen als auch aussen vollst\u00e4ndig restaurierte und in den urspr\u00fcnglichen Zustand zur\u00fcck versetzte. W\u00e4hrend mehr als drei Jahrzehnten diente das Custorhaus der Firma Geberit als Schulungszentrum. </p><p>Seit dem Jahr 2007 befindet sich das Custorhaus im Eigentum der Politischen Gemeinde und kann f\u00fcr \u00f6ffentliche, kulturelle und private Anl\u00e4sse sowie f\u00fcr Trauungen benutzt werden. Raumreservationen k\u00f6nnen auf der Seite der Gemeinde Eschenbach get\u00e4tigt werden.<br></p>", "image": "https://sgbtpimtsoch.sos-ch-dk-2.exoscale-cdn.com/catalog/b/5/4/9/b549af304fd4f4f9fc9bdcb539d6ed756b4b72a4_custorhaus_27.08.07_2.jpg", "openstreetmap_id": "way/397555128"}, "geometry": {"type": "Point", "coordinates": ["8.922146551140255", "47.2395827"]}}, {"type": "Feature", "properties": {"identifier": "d075f8ec-0dd1-4086-8a27-21605493711c", "name": "Esmeraldas Altbauwohnung mitten in der Stadt mit Terrasse", "description": "Charmante Altbauwohnung an bester Lage mitten in der historischen Altstadt von St. Gallen. Nur wenige Schritte vom ber\u00fchmten Textilmuseum (\u00abPalazzo Rosso\u00bb) entfernt, umgeben von Caf\u00e9s, Boutiquen und kulturellen Highlights. Die Drei Weieren \u2013 ein wundersch\u00f6nes Naherholungsgebiet mit Aussicht \u00fcber die Stadt \u2013 sind ebenfalls schnell erreichbar.\n\nDie Wohnung \u00fcberzeugt mit ihrem einzigartigen Charakter: warme Holzb\u00f6den, offene Galerie und ein gem\u00fctliches, stilvolles Ambiente. Drei Schlafm\u00f6glichkeiten (1\u00d7180 cm, 2\u00d7160 cm) bieten Platz f\u00fcr Paare, Familien oder kleine Gruppen.\n\nAusgestattet mit WLAN, K\u00fcche mit Mikrowelle und Bialetti f\u00fcr den perfekten Kaffee. Die teils \u00fcberdachte Terrasse zur Mitbenutzung l\u00e4dt zum Verweilen ein \u2013 ein ruhiger R\u00fcckzugsort mitten im lebendigen Stadtzentrum.\n\nAls besonderes Extra: Nur wenige Schritte entfernt befindet sich die MachBar \u2013 ein kreativer Ort f\u00fcr kleine k\u00fcnstlerische T\u00e4tigkeiten, Austausch und Inspiration.\n\nFamilienfreundlich: Babybett auf Anfrage sowie kleine Spielsachen und Hochstuhl vorhanden.", "url": "http://esmeralda.book.dibooq.com/", "image": "https://sgbtpimtsoch.sos-ch-dk-2.exoscale-cdn.com/catalog/7/1/d/0/71d033d5d8af2592a32c7f3acb1aa541317a58ee_IMG_5370.jpeg", "openstreetmap_id": "way/311073775"}, "geometry": {"type": "Point", "coordinates": ["9.3750666", "47.4269514"]}}, {"type": "Feature", "properties": {"identifier": "d1a4d8bc-ba40-4c4e-9966-6f6596fe1b12", "name": "Kantonsbibliothek Vadiana", "description": "\u200bGeschichte:\nDie Vadianische Sammlung \u2013 die Bibliothek des St.Galler Reforma-tors Joachim von Watt (1484-1551), Vadian genannt \u2013 wurde kurz vor seinem Tod der Stadt vermacht. 1615 wurde die Sammlung durch Jakob Studer reorganisiert und von da an kontinuierlich erweitert. Die Biblio-thek, deren Best\u00e4nde von St.Galler B\u00fcrgerfamilien ge\u00e4ufnet wurden, war \u00fcber Jahrhunderte das kulturelle Zentrum der Stadtrepublik. \n\nArchitektur:\nDie 1907 fertiggestellte \u00abVadiana\u00bb von Karl Mossdorf verk\u00f6rpert diesen an der Tradition gewachsenen Anspruch sowohl architektonisch wie bauk\u00fcnstlerisch. Der pr\u00e4gnante asymmetrische Bauk\u00f6rper zeigt seine zwei Hauptfunktionen nach aussen: Westlich steht der villenartige Verwaltungstrakt mit B\u00fcros und Leses\u00e4len sowie einer Dachwohnung mit stilvoll geschweiften Lukarnen im Mansardendach. \u00d6stlich erstreckt sich ein langer Bau mit einer Flucht von hohen kirchenartigen Rund-bogenfenstern. Er beherbergt die Archiv- und Bibliotheksmagazine. Zwischen diesen Bauteilen steht ein Eingangsrisalit mit schwerem barockisierenden Portal und Schaugiebel. Auff\u00e4llig in der Eingangshalle und den G\u00e4ngen sind die vielen schweren und edlen Materialien, Kalk-, Sand- und Schiefersteine und allerlei Marmorsorten. Ein Sechstel der Baukosten soll auf Steinhauerarbeiten entfallen sein!  Das Geb\u00e4ude ist aussen und innen im Originalzustand weitgehend erhalten: farbige Marmort\u00e4ferung, Jugendstil-Stukkaturen, Kasset-tendecke, Kunstverglasung und -schmiedearbeiten, Eichenmobiliar im Lesesaal. Experten sagen: der sch\u00f6nste Schweizer Bibliotheks- und Archivbau der Jahrhundertwende.\n\nHeutige Nutzung:\nIn der Vadiana befinden sich der Hauptsitz der St.Galler Kantonsbi-bliothek, die Vadianische Sammlung der Ortsb\u00fcrgergemeinde St.Gallen sowie das Stadtarchiv der Politischen Gemeinde und jenes der Ortsb\u00fcr-gergemeinde St.Gallen.", "url": "https://www.sg.ch/kultur/kantonsbibliothek-vadiana.html", "image": "https://sgbtpimtsoch.sos-ch-dk-2.exoscale-cdn.com/catalog/0/a/e/1/0ae1e71b28b37cce40239a2b2c0a132998877b6d_Kantonsbibliothek_Vadiana.jpg", "openstreetmap_id": "node/3159783346"}, "geometry": {"type": "Point", "coordinates": ["9.3820889", "47.4291837"]}}, {"type": "Feature", "properties": {"identifier": "d1cc9f66-ee54-408f-9221-654310a8d3c9", "name": "Hofl\u00e4deli B\u00fcel", "description": "<p>Mit viel Herzblut und Freude an den Tieren und an der Natur bewirtschaftet die Familie Lendi ihren Betrieb. Produziert und verkauft wird nebst frischem Gem\u00fcse, Fleisch und Eiern auch zahlreiche verarbeitete Produkte wie Saucen, Sirup, Konfis und S\u00fcssmost. Von Essiggurken bis zu ger\u00e4uchertem Fleisch wird s\u00e4mtliches selbst hergestellt.</p><p></p><p>Im kleinen Hofladen an der Hauptstrasse wird das Sortiment mit regionalen und saisonalen Produkten erweitert.</p><p></p><p>Frischfleischbestellung von Poulet und Rind nehmen wir sehr gerne telefonisch entgegen.</p><p></p><p><strong>Angebot:</strong></p><ul><li>Essiggurken</li><li>Essiggurken mit Peperoni</li><li>Sirup</li><li>Konfi, Gelees</li><li>S\u00fcssmost</li><li>Pouletfleisch</li><li>Rindfleisch</li><li>Tomatensauce</li><li>Eier</li><li>Wachteleier</li><li>Geschenke (auch auf Bestellung)</li><li>\u00c4pfel</li><li>Honig</li><li>Sch\u00fcblig, Landj\u00e4ger</li><li>Mostbr\u00f6ckli</li></ul>", "image": "https://sgbtpimtsoch.sos-ch-dk-2.exoscale-cdn.com/catalog/9/7/0/7/9707939de3d520930bb691e6efc407d6a6b7c0b4_20250427_093114__1_.jpg", "openstreetmap_id": "way/1091776439"}, "geometry": {"type": "Point", "coordinates": ["8.937624692916872", "47.24051371462128"]}}, {"type": "Feature", "properties": {"identifier": "d1cfd28d-d1b5-4f21-891b-94ad1a358712", "name": "Altstadtf\u00fchrung St.Gallen mit Kathedrale & Stiftsbibliothek", "description": "<p>Der St.Galler Stiftsbezirk geh&ouml;rt seit 1983 zum UNESCO-Weltkulturerbe. Das &uuml;ppige Barockensemble samt Bibliothek und Kathedrale lassen selbst Kulturmuffel in atemloses Staunen verfallen. W&auml;hrend der F&uuml;hrung erf&auml;hrst du Interessantes &uuml;ber die barocke Kathedrale mit ihrer imposanten Doppelturmfassade &ndash; das Wahrzeichen der Stadt und eine der letzten monumentalen Klosterbauten des Barocks. Das Herzst&uuml;ck des Stiftsbezirks bildet die Stiftsbibliothek, die zu den &auml;ltesten und sch&ouml;nsten Bibliotheken der Welt z&auml;hlt. Dieser Rundgang f&uuml;hrt auch durch einen Teil der Altstadt.</p>", "url": "https://shop.st.gallen-bodensee.ch/de/products/altstadtrundgang-mit-kathedrale-und-stiftsbibliothek", "image": "https://sgbtpimtsoch.sos-ch-dk-2.exoscale-cdn.com/catalog/b/e/0/c/be0c21b9a42dd3ef943738a664f1e91943ed1157_SF_Altstadt_Stibi_0_Stadtfuehrung_Stiftsbibliothek.jpg"}, "geometry": {"type": "Point", "coordinates": ["9.3755977", "47.4232683"]}}, {"type": "Feature", "properties": {"identifier": "d30c8e20-1260-498c-9c90-353322f9aa36", "name": "Natur- und Vogelschutzgebiet R\u00fcti", "description": "<p>Im Rahmen der Bauarbeiten f&uuml;r die Umfahrungsstrasse ist als &ouml;kologischer Ausgleich das Natur- und Vogelschutzgebiet R&uuml;ti angelegt worden. In diesem Naturparadies k&ouml;nnen seltene Pflanzen sowie V&ouml;gel und andere Tiere beobachtet werden. Ein &laquo;Klassenzimmer im Freien&raquo; bietet sich Schulklassen f&uuml;r Naturkundeunterricht vor Ort an.</p><p>Es gibt eine Grillstelle mit Tischen und auf dem kleinen H&uuml;gel befindet sich ein Beobachtungsh&auml;uschen um Flora, Fauna und Wildtiere beobachten zu k&ouml;nnen.</p><p>Im Schutzgebiet gibt es einen kurzen rund 10 min&uuml;tigen Rundweg.</p><p class=\"MsoNormal\">Die genaue Route sowie die GPX Daten sind unter diesem <a href=\"https://schweizmobil.ch/de/tour/2405479\">Link</a>ersichtlich.</p>", "image": "https://sgbtpimtsoch.sos-ch-dk-2.exoscale-cdn.com/catalog/0/3/e/0/03e0c2a40712fe0d9fc90fe03ff7d0e888c4ccfd_naturschutzgebiet_r__ti_vorplatz.jpg", "openstreetmap_id": "way/39643457"}, "geometry": {"type": "Point", "coordinates": ["8.922228813171388", "47.23128371507713"]}}, {"type": "Feature", "properties": {"identifier": "d35a4d6d-a842-49a3-b8d7-202230e2e5c5", "name": "Palace", "description": "<p>Das jahrzehntelang als Kino betriebene Palace wurde 2006 als Konzertlokal von einer Gruppe regionaler Kulturschaffenden ero\u0308ffnet. Mit einem fu\u0308r die Ostschweiz einzigartigen Programm entwickelte sich das Palace rasch zu einem Konzertlokal, das u\u0308ber die Stadt- und Landesgrenzen hinaus Beachtung fand. Im vielseitigen Musikprogramm werden popkulturelle Stro\u0308mungen, interessante Nischen und u\u0308berraschende Kla\u0308nge verfolgt. Die Vortragsreihe &laquo;Erfreuliche Universita\u0308t&raquo; behandelt aktuelle gesellschaftliche, politische und kulturelle Fragen und hat sich zu einem wichtigen sta\u0308dtischen Diskussionstreffpunkt entwickelt.</p>", "url": "http://www.palace.sg/", "image": "https://sgbtpimtsoch.sos-ch-dk-2.exoscale-cdn.com/catalog/4/3/c/7/43c7dfa42425813b84564875d2bb812360a4309d_Cinema_Palace__St._Gallen__1Y7A2155_.jpg", "openstreetmap_id": "way/424712634"}, "geometry": {"type": "Point", "coordinates": ["9.3731219", "47.4266283"]}}, {"type": "Feature", "properties": {"identifier": "d5357bf2-dd24-406c-92c2-b503010d877b", "name": "Gnuss-Tour im Goldingertal", "description": "<p>Diese einzigartige T&ouml;ffli-Tour kann im Atzm&auml;nnig gebucht werden, wo sich auch gleich der Start befindet. Auf dem Weg werden Ihnen verschiedene K&ouml;stlichkeiten angeboten.</p><p>Die Route ist ca. 17.8km lang. T&ouml;ffli k&ouml;nnen im Atzm&auml;nnig gemietet werden.</p><p>Weitere Angaben zur Tour sind auf <a href=\"https://www.outdooractive.com/de/route/radfahren/region-zuerich/genuss-tour-goldingertal/48158566/\" target=\"_blank\" rel=\"noopener\">outdooractive</a> erfasst.</p><p class=\"MsoNormal\">Anreise mit den &ouml;ffentlichen Verkehrsmitteln:<br>Bus 630 von Eschenbach (Dorftreff) nach Hintergoldingen (Atzm&auml;nnig Schutt)</p>", "url": "https://www.atzmaennig.ch/de/gruppenevents/gesamtangebot-fuer-gruppen/toeffli-touren/?search_highlighter=genusstour", "image": "https://sgbtpimtsoch.sos-ch-dk-2.exoscale-cdn.com/catalog/6/e/e/b/6eebb75379dd549d1efc6fa13317a61ea69e5a17_8.png", "openstreetmap_id": "way/231502473"}, "geometry": {"type": "Point", "coordinates": ["8.99704973589569", "47.28537835"]}}, {"type": "Feature", "properties": {"identifier": "d60c4d83-ed67-464d-95ad-e93e088c7091", "name": "Sternenstadt St.Gallen", "description": "<p>Jedes Jahr zur Adventszeit verwandelt sich die Stadt St.Gallen in ein Meer aus &uuml;ber 600 Sternen. Sie funkeln und tanzen in einer eigens f&uuml;r die Sternenstadt erdachten Lichtchoreografie und tauchen die St.Galler Altstadt mit dem UNESCO-Weltkulturerbe Stiftsbezirk in ein magisches Licht. Der stimmungsvolle Weihnachtsmarkt auf dem Gallusplatz sowie die speziell geschm&uuml;ckte Weihnachtstanne auf dem Klosterplatz, &ndash; mitten im Stiftsbezirk &ndash; bescheren der Sternenstadt einen zus&auml;tzlichen festlichen Weihnachtsglanz.</p><p>Eine &Uuml;bersicht der Advents-Events der Sternenstadt ist <a href=\"https://www.sternenstadt.ch/adventsevents\" target=\"_blank\" rel=\"noopener\">hier</a> ersichtlich.&nbsp;</p>", "url": "https://www.sternenstadt.ch/", "image": "https://sgbtpimtsoch.sos-ch-dk-2.exoscale-cdn.com/catalog/8/4/6/b/846b431d1010b2cf8e52792d0ea7bd152b5d4c11_medium__Sternenstadt_2023_Kathedrale.jpg"}, "geometry": {"type": "Point", "coordinates": ["9.3762397", "47.425618"]}}, {"type": "Feature", "properties": {"identifier": "d62a0844-f5ea-49b6-af43-4f61c05a995a", "name": "E-Bike Gruppenevents - by TOPAZ", "description": "Gestalten Sie Ihren Tag ganz nach Ihren W\u00fcnschen \u2013 oder lassen Sie sich von unseren sorgf\u00e4ltig kuratierten E-Bike-Erlebnissen inspirieren.\n\nOb Sie Ihre eigene Route zusammenstellen oder eine unserer beliebten Touren w\u00e4hlen: Mit dem E-Bike entdecken Sie das Appenzellerland auf ganz neue Weise.\n\nBeispielsweise f\u00fchrt Sie die \u201eS\u00fcffig-Tour\u201c zu regionalen K\u00f6stlichkeiten und versteckten Sch\u00e4tzen. Oder Sie tauchen bei der \u201eXundi Rundi\u201c ein in die Welt der Kr\u00e4uter und erleben eine genussvolle Rundfahrt \u00fcber die sanften H\u00fcgel rund um Teufen \u2013 inklusive spannender Einblicke in die Philosophie von A. Vogel.\nAlle Tourenvorschl\u00e4ge finden Sie auf unserer Webseite.\n\nSteigen Sie in den Sattel und geniessen Sie ein St\u00fcck Freiheit mit einem kleinen Abenteuer durchs Appenzellerland.\n\n- Start und Ende ist der Standort von Abenteuer-Zeitreisen TOPAZ in Teufen AR.\n- Es stehen 20 Flyer E-MTB zur Verf\u00fcgung.\n- Optional liefern wir gegen Aufpreis die E-Bikes an den von Ihnen gew\u00e4hlten Ausgangspunkt.", "url": "https://zeitreisen.ch", "image": "https://sgbtpimtsoch.sos-ch-dk-2.exoscale-cdn.com/catalog/3/c/2/5/3c2593ee5aaa626fe9ca5e853314926bd7a8775b_TOPAZ_event_e_mountain_bike_tour_12.jpg", "openstreetmap_id": "node/12304079695"}, "geometry": {"type": "Point", "coordinates": ["9.3734114", "47.3896451"]}}, {"type": "Feature", "properties": {"identifier": "d6458a15-b569-41c4-aedd-a5ab42bd59da", "name": "Teig&Ton. Back- und Keramikatelier", "description": "<p>Teig&amp;Ton verbindet zwei Handwerke unter einem Dach: Backen und Keramik. Mitten in St.Gallen ist ein Atelier entstanden, das Raum zum Ausprobieren, Gestalten und Entdecken bietet.</p><p>In den Keramikkursen wird aus einem St&uuml;ck Ton nach und nach ein ganz pers&ouml;nliches Werkst&uuml;ck. Im Backatelier wird gemeinsam geknetet, geformt, gebacken und nat&uuml;rlich auch probiert. Vorkenntnisse braucht es keine &ndash; im Mittelpunkt stehen das Handwerk, die Freude am kreativen Tun und eine entspannte Zeit im Atelier.</p><p>Neben den regul&auml;ren Back- und Keramikkursen &ouml;ffnet Teig&amp;Ton seine T&uuml;ren auch f&uuml;r private Gruppen, Teams und besondere Anl&auml;sse. Eine entspannte Atmosph&auml;re, Freude am Handwerk und eine gute gemeinsame Zeit geh&ouml;ren dabei genauso dazu wie das, was am Ende mit nach Hause genommen wird.</p><p class=\"MsoNormal\"><span style=\"color: black;\">Bei Teig&amp;Ton wird &uuml;brigens nicht nur in Kursen gebacken: Zimtschnecken, Tartes, Brioches, Cookies und weitere Lieblingsst&uuml;cke gibt es auch auf Bestellung.</span></p>", "url": "https://www.teigundton.ch", "image": "https://sgbtpimtsoch.sos-ch-dk-2.exoscale-cdn.com/catalog/7/b/0/9/7b0900663aa334bf6ef42de32ffdddff9af29d43_Fotoshoot1_bearb_239.jpg", "openstreetmap_id": "way/145447440"}, "geometry": {"type": "Point", "coordinates": ["9.3691183", "47.4198437"]}}, {"type": "Feature", "properties": {"identifier": "d651befd-1c22-44f2-ac38-d01131cad1f2", "name": "Flugschule Appenzell", "description": "Tandemfl\u00fcge, Schnupperkurs, Ausbildung oder Flugreisen: Seit 1986 bringt die Flugschule Appenzell Fussg\u00e4ngerinnen und Fussg\u00e4nger aus der Ostschweiz und der ganzen Welt sicher in die Luft. Zertifizierte Fluglehrer und Tandempiloten sorgen f\u00fcr unvergessliche Flugerlebnisse vom Bodensee, \u00fcber den Alpstein, das Rheintal bis ins Toggenburg und das n\u00f6rdliche B\u00fcndnerland. F\u00fcr Tandemfl\u00fcge und Schnupperkurse sind auch Geschenkgutscheine erh\u00e4ltlich.", "url": "https://www.gleitschirm.ch/", "image": "https://sgbtpimtsoch.sos-ch-dk-2.exoscale-cdn.com/catalog/3/4/9/7/3497cb4c07d64dcc2816ba2cf92e8417f75391d7_Flugschule_Appenzell_Tandem_1.jpeg", "openstreetmap_id": "way/60228940"}, "geometry": {"type": "Point", "coordinates": ["9.435349345158103", "47.31010217057669"]}}, {"type": "Feature", "properties": {"identifier": "d679320a-cf05-4dbe-9331-64a7acad4bf9", "name": "Strandbad Rorschach", "description": "<div class=\"elementor-element elementor-element-43b8135f elementor-widget elementor-widget-dyncontel-acf\" data-id=\"43b8135f\" data-element_type=\"widget\" data-e-type=\"widget\" data-settings=\"{&quot;acf_field_list&quot;:&quot;kurzfassung&quot;,&quot;acf_type&quot;:&quot;text&quot;}\" data-widget_type=\"dyncontel-acf.default\"><div class=\"elementor-widget-container\"><div class=\"dynamic-content-for-elementor-acf \"><p>Das Strandbad Rorschach bietet zwei Schwimmbecken, ein Planschbecken, eine 65-Meter-Rutschbahn sowie Spiel- und Sportfl&auml;chen. Ein Restaurant mit Herberge und ein Kiosk erg&auml;nzen das Angebot. Die Badesaison dauert Mitte Mai bis Mitte September. Die &Ouml;ffnungszeiten variieren je nach Saisonphase.</p></div></div></div><div class=\"elementor-element elementor-element-36baf29 sfag-dynamic-widget-has-table-inside elementor-widget elementor-widget-dyncontel-acf\" data-id=\"36baf29\" data-element_type=\"widget\" data-e-type=\"widget\" data-settings=\"{&quot;acf_field_list&quot;:&quot;beschreibungstext&quot;,&quot;acf_type&quot;:&quot;text&quot;}\" data-widget_type=\"dyncontel-acf.default\"><div class=\"elementor-widget-container\"><div class=\"dynamic-content-for-elementor-acf \"><p><strong>Das bietet das Strandbad</strong></p><ul><li>Anlagen: 2 Schwimmbecken, Planschbecken, 65 m Rutschbahn, Sprungturm 1, 3 und 5 Meter, Beachvolleyfeld, Kinderspielplatz, Fussballplatz.</li><li>Gastronomie: Restaurant mit Gartenwirtschaft und angegliederter Herberge; Kiosk mit Snacks, Glac&eacute;s und Getr&auml;nken.</li></ul></div></div></div>", "url": "https://www.rorschach.ch/strandbad", "image": "https://sgbtpimtsoch.sos-ch-dk-2.exoscale-cdn.com/catalog/d/e/1/c/de1c0da82318ee397121b87be95d68f947fa1520_2013.05.27_2027.jpg", "openstreetmap_id": "way/161823133"}, "geometry": {"type": "Point", "coordinates": ["9.510384599999952", "47.4791612"]}}, {"type": "Feature", "properties": {"identifier": "d79beeef-df50-4078-b943-58261f5db546", "name": "Poo-Alp", "description": "<p>Das idyllisch gelegene Bergrestaurant mit Blick auf den Z\u00fcrichsee ist zu Fuss oder mit dem Auto erreichbar. </p><p>Im Restaurant stehen 36 und im Saal 42 Pl\u00e4tze zur Verf\u00fcgung, dazu hat es eine Gartenterrasse mit Spielplatz. </p><p>Besonders sind hier Cordon Bleus, hausgemachtes Brot und in der Winterzeit diverse K\u00e4sefondues.<br></p>", "url": "https://poo-alp.ch/", "image": "https://sgbtpimtsoch.sos-ch-dk-2.exoscale-cdn.com/catalog/f/f/f/3/fff353610b8594dd4be9d6840d9b7a5755a62f32_L1080699__1_.JPG", "openstreetmap_id": "node/625115954"}, "geometry": {"type": "Point", "coordinates": ["8.9636933", "47.3004492"]}}, {"type": "Feature", "properties": {"identifier": "d944e7a2-672c-4f18-8055-4c9c32b7dfef", "name": "B&B Laui Ennetb\u00fchl", "description": "<p>Das ruhig gelegene Haus wurde um 1869 erbaut, brannte aber in den 1970er Jahren teilweise ab und wurde wieder aufgebaut. Es liegt etwas ausserhalb des Dorfes Richtung Rietbad mit Sicht auf S&auml;ntis, Stockberg und Speer. Das gem&uuml;tlich eingerichtete B&amp;B verf&uuml;gt &uuml;ber zwei grossz&uuml;gige Doppelzimmer und ein Einzelzimmer mit separatem Bad und WC. Wunderbarer Ausgangspunkt f&uuml;r Wanderungen, Skiwanderungen und Langlauf.</p>", "url": "http://www.laui-ennetbuehl.ch/", "image": "https://sgbtpimtsoch.sos-ch-dk-2.exoscale-cdn.com/catalog/6/c/9/5/6c95eccc8cd5b1a431822e5a8de63dce45232d34_Laui_190_Bild_Chris_Iseli___Sandra_Ardizzone__3.jpg", "openstreetmap_id": "way/416484946"}, "geometry": {"type": "Point", "coordinates": ["9.22271079999996", "47.2445859"]}}, {"type": "Feature", "properties": {"identifier": "d974fff3-c771-4c5f-a205-1277463d955e", "name": "Spielplatz St. Gallenkappel Unterdorf", "description": "<p>Der zentrumsgelegene Spielplatz in Unterdorf, St. Gallenkappel besitzt viele kreative Spielger\u00e4te, um sich sch\u00f6n auszutoben. Die \u00fcberdachten Sitzpl\u00e4tze in Kombination mit den \u00f6ffentlichen Toiletten nebenan bieten eine ideale Picknickgelegenheit, bei der Eltern jederzeit die \u00dcbersicht auf das ganze Areal haben.</p><p></p><p><strong>Ausstattung:</strong></p><ul><li>0\u20135 Jahre</li><li>5\u201312 Jahre</li><li>Barrierefrei</li><li>\u00d6ffentliches WC</li><li>Picknick-Platz</li><li>Rauchfrei</li></ul>", "image": "https://sgbtpimtsoch.sos-ch-dk-2.exoscale-cdn.com/catalog/b/5/5/1/b5513a0df071aeb0c1a13af113a6aa57412fb8a9_Spielplatz_Unterdorf_StGallenkappel_2014_02.JPG", "openstreetmap_id": "node/984733268"}, "geometry": {"type": "Point", "coordinates": ["8.96662473678589", "47.245048017555035"]}}, {"type": "Feature", "properties": {"identifier": "da17da8e-fc7c-4b1d-a719-7d1c8b913f8e", "name": "Seifenmuseum", "description": "Das schmucke Seifenmuseum in St.Gallen entf\u00fchrt die Besucherinnen und Besucher in duftender Umgebung in die Welt der Seife, ihrer Produktion und Vermarktung. Anhand einer alten Maschine aus der Seifenproduktion wird die Herstellung von Seife auf anschauliche Weise gezeigt. Alte Reklamen vermitteln ein Bild der Seifenwerbung von fr\u00fcher und Werkzeuge, die noch vor zwei Generationen in jedem Haushalt zu finden waren, geben einen Einblick in die Kulturgeschichte des Waschens.", "url": "http://www.seifenmuseum.ch", "image": "https://sgbtpimtsoch.sos-ch-dk-2.exoscale-cdn.com/catalog/3/0/e/8/30e898fbaa36c5a7c4b984ab931ec0f0e780381d_Seifenmuseum_4.jpg", "openstreetmap_id": "node/7193107395"}, "geometry": {"type": "Point", "coordinates": ["9.3921067", "47.4304028"]}}, {"type": "Feature", "properties": {"identifier": "da76b19b-389f-4569-9252-eb011788fc85", "name": "Restaurant Treichli ", "description": "<p>Das Restaurant bietet eine grossz\u00fcgige Gartenterrasse und einen rustikalen Innenraum mit offenen Kamin. Das Lokal  vereint moderne Gem\u00fctlichkeit mit charmant dekorierten Holzb\u00f6den, Pflanzen und Kerzen. Serviert werden regionale und saisonale Gerichte mit Fleisch aus Heiden und frischen Fischen aus dem Bodensee und von der Firma Zellweger. Die Weinkarte wurde mit sehr viel Liebe und Leidenschaft ausgew\u00e4hlt und die Weine stammen von Terravigna und Tobias Schmid aus dem Rheintal.&nbsp;&nbsp;</p>", "url": "https://treichli.ch", "image": "https://sgbtpimtsoch.sos-ch-dk-2.exoscale-cdn.com/catalog/7/5/3/b/753bdc1a1de0e605714fc55621fef7d8f30e5d71_IMG_4501.jpeg", "openstreetmap_id": "way/156124158"}, "geometry": {"type": "Point", "coordinates": ["9.5317096", "47.4639792"]}}, {"type": "Feature", "properties": {"identifier": "dab0f02c-0db1-4ab0-a953-43f64f5fea71", "name": "Coiffure Manuela", "description": "Coiffeur Handwerk im Damen,- Herren und Kinderbereich\nHaarfarben, Pflege- und Styling Produkte verwenden wir von Wella\nHerren bedienen wir auch ohne Voranmeldung\n\nWir bieten:\ntypgerechte Beratungen\ntrendige Schnitte\nFarbver\u00e4nderungen \nUmformungen\nFestfrisuren\nBartpflege", "url": "https://manuela-coiffure.ch/", "image": "https://sgbtpimtsoch.sos-ch-dk-2.exoscale-cdn.com/catalog/9/a/e/7/9ae753f53da3ac3e8475f104c68314021540582b_Coiffure_Manuela_von_Aussen__1_.JPG", "openstreetmap_id": "node/475204305"}, "geometry": {"type": "Point", "coordinates": ["8.9222898", "47.2404702"]}}, {"type": "Feature", "properties": {"identifier": "db059d1c-9581-4c08-bd38-222c9ca343b7", "name": "Hallstattgr\u00e4ber Balmenrain", "description": "<p>Zu Beginn der f\u00fcnfziger Jahre entdeckte Sekundarlehrer Jakob Gr\u00fcninger auf dem Balmenrain, dem H\u00fcgelzug zwischen Eschenbach und Schmerikon mehrere H\u00fcgelgr\u00e4ber aus der Eisenzeit (sog. Hallstattzeit). Die dabei gefundenen Grabbeigaben wie Messer, T\u00f6pfe, Schmuck etc. weisen darauf hin dass unsere Gegend schon etwa 700 Jahre vor Christus durch die Kelten besiedelt war. Diese keltischen Bauern trieben Ackerbau, Viehzucht, Jagd und Handel.</p><p>Eine Informationstafel weist auf die eisenzeitlichen Grabst\u00e4tten und die damalige Bestattungsweise hin.\u00a0</p><p></p><p>Bild 3 ist eine Rekonstruktion aus der Kantonsgeschichte 2023, ausgestellt im Kulturmuseum St. Gallen - K\u00fcnstler: Christian Bisig</p><p></p><p>Bild 4 ist eine Rekonstruktion aus dem Kulturmuseum St. Gallen, ausgestellt im Ortsmuseum Eschenbach - K\u00fcnstler: atelier bunterhund Z\u00fcrich</p>", "image": "https://sgbtpimtsoch.sos-ch-dk-2.exoscale-cdn.com/catalog/a/0/0/0/a00094e238c8d4e042a84c95412fa1d1807fb840_Balmenrain_2_Neujahrsblatt_2016.jpg", "openstreetmap_id": "node/5436104687"}, "geometry": {"type": "Point", "coordinates": ["8.9347176", "47.2333157"]}}, {"type": "Feature", "properties": {"identifier": "db224562-9cee-4922-90ae-b15e4cdcd696", "name": "Bratwurst-Degustation ", "description": "<p class=\"rich-text-paragraph\" data-v-d66dbd6c=\"\"><span class=\"text-space-pre-line rich-text-text\" data-abstract-init=\"body text\">Bereits&nbsp;</span><span class=\"text-space-pre-line font-weight-bold rich-text-text\" data-abstract-init=\"body text\">1438</span><span class=\"text-space-pre-line rich-text-text\" data-abstract-init=\"body text\">&nbsp;wurde das Rezept f&uuml;r die Wurst erstmals erw&auml;hnt. Doch was wissen wir eigentlich &uuml;ber das kulinarische Kulturgut? Welche Zutaten sind in der Wurst enthalten und warum geniesst man sie ohne Senf? Und die Frage aller Fragen ist: Wer produziert die beste St.Galler Bratwurst?</span></p><p class=\"rich-text-paragraph\" data-v-d66dbd6c=\"\"><span class=\"text-space-pre-line rich-text-text\" data-abstract-init=\"body text\">Beim Degustationsseminar geht es also wortw&ouml;rtlich um die Wurst. Wir f&uuml;hren dich spielerisch an die emotionale Thematik heran und l&uuml;ften ihr Geheimnis. Du hast die einmalige Gelegenheit, Bratw&uuml;rste verschiedener Produzenten nebeneinander zu degustieren und zu entscheiden, welche Bratwurst dein Favorit ist.</span></p><p class=\"rich-text-paragraph\" data-v-d66dbd6c=\"\"><span class=\"text-space-pre-line rich-text-text\" data-abstract-init=\"body text\">Unsere Degustationsleiter Josef Niedermann &amp; Andreas Koller der Sortenorganisation St.Galler Bratwurst erkl&auml;ren dir dabei die feinen Unterschiede. Passend dazu geniesst du ein Bier der Brauerei Sch&uuml;tzengarten, welches hervorragend mit der Bratwurst harmoniert und ein krosses B&uuml;rli, dass deinen Gaumen zum Tanzen bringt.</span></p><p class=\"rich-text-paragraph\" data-v-d66dbd6c=\"\"><span class=\"text-space-pre-line rich-text-text\" data-abstract-init=\"body text\">Die Degustation findet entweder im Restaurant Brauwerk oder Restaurant zur Werkstatt in St.Gallen statt.&nbsp;</span></p>", "url": "http://www.sg-bratwurst.ch/", "image": "https://sgbtpimtsoch.sos-ch-dk-2.exoscale-cdn.com/catalog/d/9/7/5/d975ea0f1e132dc7a919fb8bcc2c3a0786e48111_medium__Bratwurst_Degustation_06__3_.jpg", "openstreetmap_id": "node/616127619"}, "geometry": {"type": "Point", "coordinates": ["9.3717223", "47.4247253"]}}, {"type": "Feature", "properties": {"identifier": "db830957-09af-4042-8266-ce2b8314c68b", "name": "St.Gallen-Bodensee Tourismus", "description": "Die Wirtschaftsregion St.Gallen-Bodensee ist das politische, wirtschaftliche und kulturelle Zentrum der Ostschweiz. Kultur- und Wissensvermittlung geh\u00f6ren seit jeher zu den Kernkompetenzen der Region. St.Gallen-Bodensee Tourismus tr\u00e4gt als Non-Profit-Organisation dazu bei, dass Stadt und Region als attraktiver Wirtschafts-, Bildungs- und Kulturstandort mit hoher Lebensqualit\u00e4t wahrgenommen werden. Als Tourismusdestination positioniert sich St.Gallen-Bodensee Tourismus im\n\n- Kongressbereich (Wissen sch\u00f6pfen, vermitteln, umsetzen)\n- Kultur- und Freizeitbereich\n- Tagestourismus", "url": "https://st.gallen-bodensee.ch/", "image": "https://sgbtpimtsoch.sos-ch-dk-2.exoscale-cdn.com/catalog/6/d/d/b/6ddbb86c986e3fdb7819e7b0bc413c4151972d49_standort_sgbt.jpg", "openstreetmap_id": "node/4092474692"}, "geometry": {"type": "Point", "coordinates": ["9.375735", "47.423202"]}}, {"type": "Feature", "properties": {"identifier": "dbe07a1b-d05b-4e0e-929d-b3e2e2b35cb3", "name": "Tarifverbund OSTWIND", "description": "Seit dem 1. Juni 2009 ist auf dem ganzen Gebiet des Tarifverbunds der sogenannte Zonentarif g\u00fcltig. Reisende kaufen seither nicht mehr Billette von Ort zu Ort, sondern die zwischen und einschliesslich Abfahrts- und Zielort durchfahrenen Zonen. Innerhalb der Zonen ist das Billett auf Bahn und Bus g\u00fcltig. Mit einem OSTWIND-Fahrausweis reisen die Kundin:innen innerhalb der gew\u00e4hlten Zonen und der zeitlichen G\u00fcltigkeit mit allen \u00f6ffentlichen Verkehrsmitteln \u2013 wohin und so oft sie wollen.", "url": "https://www.ostwind.ch", "image": "https://sgbtpimtsoch.sos-ch-dk-2.exoscale-cdn.com/catalog/d/5/0/a/d50a65dd30b6b985b4cfdac1678129905b782b8a_160097_us_0043317.jpg", "openstreetmap_id": "way/117850184"}, "geometry": {"type": "Point", "coordinates": ["9.372061190585772", "47.4232959"]}}, {"type": "Feature", "properties": {"identifier": "dc10aa32-719d-43fc-9bcc-95263ff5a5e7", "name": "Voralpen-Express", "description": "<p>Der st&uuml;ndlich zwischen Luzern und St.Gallen verkehrende Voralpen-Express der Schweizerischen S&uuml;dostbahn AG ist die sch&ouml;nste Verbindung von Natur und Kultur. Auf der Strecke von Luzern nach St.Gallen fasziniert der Blick auf die Rigi und die Schwyzer Mythen. Vorbei an der gr&ouml;ssten zusammenh&auml;ngenden Hochmoorfl&auml;che bei Rothenthurm rollt der Zug weiter &uuml;ber den Seedamm von Rapperswil. Durch das h&uuml;gelige Toggenburg und &uuml;ber das mit 99 Metern h&ouml;chste Eisenbahnviadukt der Schweiz gelangt der kupferfarbene Voralpen-Express in die Ostschweizer Metropole St.Gallen, deren Stiftsbezirk zum UNESCO-Weltkulturerbe geh&ouml;rt.</p>", "url": "https://www.voralpen-express.ch/", "image": "https://sgbtpimtsoch.sos-ch-dk-2.exoscale-cdn.com/catalog/2/b/5/a/2b5a9978638fe6f101edfb591bc28d1c0485d56c_RABe_526_Traverso_2019_03_St._Gallen_2329.jpg", "openstreetmap_id": "way/117850188"}, "geometry": {"type": "Point", "coordinates": ["9.3712797", "47.4231038"]}}, {"type": "Feature", "properties": {"identifier": "dc1de7ee-48d9-4b65-96be-6cb30dea013c", "name": "Wanderung zur Poo-Alp", "description": "<p>Das <a href=\"https://goldingertal.ch/de/map/details/poo-alp-d79beeef-df50-4078-b943-58261f5db546.html\" target=\"_blank\" rel=\"noopener\">Bergrestaurant Poo-Alp</a> ist in den H&uuml;geln oberhalb Wald, geh&ouml;rt aber noch zum Eschenbacher Gemeindegebiet.</p><p>Auch wenn die Poo-Alp mit dem Auto erreichbar ist, gibt es unterschiedliche Wanderungen die zur Poo-Alp oder auch vorbei f&uuml;hren:</p><ul><li>Rundwanderung ab Parkplatz Wolfsgrueb, oberhalb Wald - ca. 4.1km - ca. 1 Stunde Wanderzeit<br>Die genaue Route sowie die GPX Daten sind unter diesem&nbsp;<a href=\"https://schweizmobil.ch/de/tour/2775822?layers=wanderland%2CtrackLayer%2Cveloland&amp;E=2715040&amp;N=1239840&amp;resolution=1.60&amp;bgLayer=pk&amp;detours=yes&amp;shooting=yes&amp;logos=yes&amp;photos=yes&amp;season=summer\">Link</a> ersichtlich.</li><li>Hintergoldingen - Hand - Schw&auml;mmi - Poo-Alp - Wolfsgrueb - ca. 7.1km - ca. 2 Stunden Wanderzeit<br>Die genaue Route sowie die GPX Daten sind unter diesem&nbsp;<a href=\"https://schweizmobil.ch/de/tour/2775793\">Link</a> ersichtlich.</li></ul><p>Ab der Wolfsgrueb gelangt man &uuml;ber das traumhafte Sagenraintobel nach Wald ZH, wo Anschl&uuml;sse an die &ouml;ffentlichen Verkehrsmittel zu finden sind.</p><p>Oberhalb der Wolfsgrueb hat es einen weiteren Parkplatz, von dort gelangt man in ca. 10 Minuten entlang einem flachen Str&auml;sschen zum Bergrestaurant Poo-Alp. Ideal f&uuml;r Kinderwagen oder &auml;ltere Personen.</p>", "image": "https://sgbtpimtsoch.sos-ch-dk-2.exoscale-cdn.com/catalog/d/1/2/3/d12384622218b83cdaa5d9cd41925b2e96ca544b_Poo_Alp.jpg", "openstreetmap_id": "node/625115954"}, "geometry": {"type": "Point", "coordinates": ["8.9636933", "47.3004492"]}}, {"type": "Feature", "properties": {"identifier": "dc443377-9d7a-47cd-907d-515676dee60b", "name": "Gasthaus R\u00f6ssli Br\u00fclisau", "description": "<p>Die sieben Doppelzimmer sind einfach, sowie gem&uuml;tlich eingerichtet und verf&uuml;gen &uuml;ber Dusche, WC, TV und WLAN. Zus&auml;tzlich gibt es auch zwei Familienzimmer mit eigenem Bad, TV und WLAN, und zwei kleine 4er Lager mit eigenem Bad und WLAN.</p>\n<p>Im Restaurant wird Feines und Regionales aus und rund um Appenzell angeboten. Br&uuml;lisau ist der perfekte Ausgangsort f&uuml;r sch&ouml;ne Wanderungen im Alpstein. Ab drei &Uuml;bernachtungen profitieren die G&auml;ste von der Appenzeller Ferienkarte.</p>", "url": "https://roessli-bruelisau.ch/", "image": "https://sgbtpimtsoch.sos-ch-dk-2.exoscale-cdn.com/catalog/4/6/a/e/46ae055a78848e17bd0dc6a18032cabaa9d03a00_Gasthaus_Roessli_03_Aussen.jpg", "openstreetmap_id": "way/201030605"}, "geometry": {"type": "Point", "coordinates": ["9.4550464462937", "47.29775495"]}}, {"type": "Feature", "properties": {"identifier": "dc4db811-4877-4ea8-ae17-ffe2ca744500", "name": "Restaurant Anker", "description": "<p>Das Erststock-Restaurant im gleichnamigen Hotel heisst die G&auml;ste mit einem herrlichen Blick auf den Alpstein willkommen. Es werden kulinarische K&ouml;stlichkeiten mit Produkten aus der Region und der hauseigenen Metzgerei angeboten - von einfach gut bis &uuml;berraschend anders.</p>", "url": "http://www.anker-teufen.ch", "image": "https://sgbtpimtsoch.sos-ch-dk-2.exoscale-cdn.com/catalog/9/b/d/c/9bdc94a6d3e3b2025adb848acf7d6602f6e97b1f_unnamed.jpg", "openstreetmap_id": "way/311725065"}, "geometry": {"type": "Point", "coordinates": ["9.387831820962898", "47.3904685"]}}, {"type": "Feature", "properties": {"identifier": "dc719e50-6e67-43b3-8ce6-18493ee7374c", "name": "Naherholungsgebiet Rietstuck", "description": "<p>Das Naherholungsgebiet Rietstuck liegt zwischen Eschenbach und Neuhaus auf einer H\u00f6he von 475 Metern \u00fcber Meer und ist ein beliebtes Ziel nach l\u00e4ngeren Wanderungen oder k\u00fcrzeren Spazierg\u00e4ngen. <br>Der Rietstuckweiher ist kein Badeweiher \u2013 er bietet jedoch einen attraktiven Lebensraum f\u00fcr eine artenreiche Tier- und Pflanzenwelt. So gibt es einen nat\u00fcrlichen Fischbestand, welcher ein patentfreies Fischen in vertr\u00e4glichem Mass erlaubt. Wenn sich in k\u00e4lteren Wintern eine gen\u00fcgend dicke Eisschicht bildet, wird der Weiher zudem von der Gemeinde zum Eislaufen freigegeben. </p><p>Angelegt wurde der Weiher anfangs der 1990er Jahre als Retentionsbecken zur Trennung von Schmutz- und Meteorwasser. Bei dieser Gelegenheit hat die Gemeinde eine vielf\u00e4ltige Erholungsanlage gestaltet, welche seither als Naherholungsgebiet unmittelbar in Dorfn\u00e4he sehr gesch\u00e4tzt wird.</p>", "image": "https://sgbtpimtsoch.sos-ch-dk-2.exoscale-cdn.com/catalog/2/7/b/0/27b0b23d9230bf4874e5255914a863d64dea7c16_Rietstuckweier_2_1.jpg", "openstreetmap_id": "way/281466832"}, "geometry": {"type": "Point", "coordinates": ["8.929159641265871", "47.2403168786528"]}}, {"type": "Feature", "properties": {"identifier": "dc731b8c-e278-4cec-a4d6-7c92d6c51e88", "name": "Wandern im Atzm\u00e4nnig - Route 5", "description": "<p>Diese aussichtsreiche Grat- und Rundwanderung startet bei der Talstation Atzm&auml;nnig, von der aus mit der Sesselbahn (&Ouml;ffnungszeiten beachten) die H&ouml;henmeter &uuml;berwunden werden k&ouml;nnen. Bei der Bergstation (auf 1200m) nach links zur Schwammegg (1282m), Vorderer Rotstein (1285m), Tweralpspitz (1332m) und weiter zur Chr&uuml;zegg (1265m). Von dort geht es &uuml;ber den Oberchamm und Chopf zur&uuml;ck zur Atzm&auml;nnig Talstation Schutt.</p><p>Ganze Wanderzeit: ca. 3 Std. (Route &uuml;ber Tweralpspitz)<br>Untere Route: ca. 2 1/2 Std.</p><p>Der Weg f&uuml;hrt an verschiedenen Feuerstellen vorbei.&nbsp;</p><p>Anreise mit den &ouml;ffentlichen Verkehrsmitteln:<br>Bus 630 von Eschenbach (Dorftreff) nach Hintergoldingen (Atzm&auml;nnig Schutt)</p>", "url": "https://www.atzmaennig.ch/", "image": "https://sgbtpimtsoch.sos-ch-dk-2.exoscale-cdn.com/catalog/0/f/4/7/0f47b88dd452b92766a022b7f99aa6672f8c81fd_Carina_Scheuringer_Goldingertal_Atzmaennig_HR_156.jpg", "openstreetmap_id": "way/231502473"}, "geometry": {"type": "Point", "coordinates": ["8.995769619941713", "47.28478593887424"]}}, {"type": "Feature", "properties": {"identifier": "dda39d47-49c8-441f-b95e-882e7130c683", "name": "Hotel Garni R\u00f6ssli Wittenbach", "description": "Perfekt gelegen auf der Durchreise zwischen Bodensee und der historischen Altstadt St.Gallen liegt das R\u00f6ssli. Mitten durch die Natur f\u00fchrt der Radweg zum traditionellen Haus wo fr\u00fcher die \u201eR\u00f6sslipost\u201c halt machte. F\u00fcr Anreisende mit dem Auto, sind kostenlose Parkm\u00f6glichkeiten vorhanden.  Heute wird das R\u00f6ssli als kleines herzliches Hotel Garni (nur Fr\u00fchst\u00fcck) betrieben. \n  \nDas Team vom R\u00f6ssli freut sich, die G\u00e4ste Willkommen zu heissen. Eine \nmoderne Ladestation f\u00fcr E-Bikes sowie eine abschliessbare Velogarage mit kleiner Werkstatt (Velo-Werkzeug, Kompressor,...) inkl. M\u00f6glichkeit, Schuhe und Veloausr\u00fcstung aufzubewahren wie auch die M\u00f6glichkeit das Fahrrad zu reinigen, stehen zur Verf\u00fcgung.\n\n17 Einzel-, Doppel- Studio- und Familienzimmer  stehen f\u00fcr grosse und kleine G\u00e4ste bereit.  Nach einem erholsamen Schlaf bietet ein reichhaltiges Fr\u00fchst\u00fccksbuffet viele regionale Produkte an.", "url": "http://www.hotelroessliwittenbach.ch/", "image": "https://sgbtpimtsoch.sos-ch-dk-2.exoscale-cdn.com/catalog/b/a/e/0/bae062372df05ba38d06b15b469f2681b2c9c288_ROESSLI_juni23_RUPA_048_low.jpg", "openstreetmap_id": "node/1492836232"}, "geometry": {"type": "Point", "coordinates": ["9.393249", "47.45936"]}}, {"type": "Feature", "properties": {"identifier": "ddd0b466-9730-4497-9569-7e0b44fec287", "name": "Confiserie Roggwiller of Switzerland", "description": "Die Confiserie Roggwiller besteht seit dem Jahre 1941 und ist eine der f\u00fchrenden Confiserien in der Schweiz. \"Aus Freude am Guten!\", lautet ihr Motto, welches sie mit viel Herzblut, Handwerkskunst und Ideenreichtum umsetzt. Das Unternehmen betreibt Verkaufs-Standorte an der Multergasse, beim Bahnhof sowie in der Br\u00fchltor-Passage. An der Multergasse, im Herzen der Altstadt von St. Gallen, befindet sich auch das Caf\u00e9 im \"Wiener Stil\" - eines der sch\u00f6nsten der Schweiz.\n\nZum genussvollen Angebot geh\u00f6ren die ber\u00fchmten St. Galler Biber, feinste Pralinen und die verf\u00fchrerischen Schokoladen-Spezialit\u00e4ten wie die St. Galler Spitzen, die Klostersiegel oder die St. Galler Pflastersteine. Auch mit vorz\u00fcglichen Torten und P\u00e2tisserie werden die Kunden verw\u00f6hnt.", "url": "http://roggwiller.ch/", "image": "https://sgbtpimtsoch.sos-ch-dk-2.exoscale-cdn.com/catalog/1/7/4/1/17412947886281eb156b698dc228c5a41f09244f_KSP_8906.jpg", "openstreetmap_id": "node/4092499791"}, "geometry": {"type": "Point", "coordinates": ["9.3755943", "47.4243103"]}}, {"type": "Feature", "properties": {"identifier": "ddf6eb67-e054-4cdf-92a7-97938ca84a64", "name": "Wirtschaft zum Schl\u00f6ssli Haggen", "description": "Ein Besuch, der in Erinnerung bleibt. Das Schl\u00f6ssli wurde erstmals im Jahre 1638 erw\u00e4hnt und ist im Besitz der Ortsb\u00fcrgergemeinde\nSt.Gallen. \u00dcber die Jahre wurde es gepflegt und\nvieles aus seiner Entstehungszeit ist erhalten\ngeblieben und f\u00fcr G\u00e4ste wieder einsehbar gemacht.\nDas gibt den verschiedenen R\u00e4umlichkeiten ihren\nspeziellen Charme.\nOb f\u00fcr Familienfeiern, Hochzeiten,\nTaufe oder Firmenanl\u00e4sse \u2013 jeder\nRaum hat seine Geschichte.", "url": "https://www.schloessli-haggen.ch", "image": "https://sgbtpimtsoch.sos-ch-dk-2.exoscale-cdn.com/catalog/b/c/7/9/bc7951940fc4410e68e74cface0138714633342b_FORWARD_SchloessliHaggen_20_01608_VA.jpg", "openstreetmap_id": "way/309211165"}, "geometry": {"type": "Point", "coordinates": ["9.3391845", "47.4031365"]}}, {"type": "Feature", "properties": {"identifier": "de7239eb-e95a-4af6-9f97-d924bbfbeca9", "name": "Hotel von Rotz", "description": "<p class=\"my-2 [&amp;+p]:mt-4 [&amp;_strong:has(+br)]:inline-block [&amp;_strong:has(+br)]:pb-2\">Im Self-Check-in Hotel von Rotz in Bronschhofen geniessen die G&auml;ste stilvollen Komfort mit maximaler Flexibilit&auml;t &ndash; ob f&uuml;r eine Nacht, ein Wochenende oder einen l&auml;ngeren Aufenthalt. 85 moderne, lichtdurchflutete Zimmer und Apartments &ndash; von Standard-Doppel- und Familienzimmern &uuml;ber Auto-Themen-Zimmer und Junior Suiten bis hin zu Langzeit-Apartments mit K&uuml;che &ndash; bieten Business- wie Freizeitreisenden den perfekten Rahmen f&uuml;r ihren Aufenthalt.<span class=\"inline-flex\" data-state=\"closed\">\u200b</span></p><p class=\"my-2 [&amp;+p]:mt-4 [&amp;_strong:has(+br)]:inline-block [&amp;_strong:has(+br)]:pb-2\">Alle Zimmer verf&uuml;gen &uuml;ber Balkon, grossz&uuml;gigen Arbeitsplatz, kostenloses WLAN und Klimaanlage. Inbegriffen sind das Geniesser-Fr&uuml;hst&uuml;ck im Casual Fine Dining Restaurant Cabrio, Aussenparkpl&auml;tze, die Nutzung des Panorama-Fitnessraums, des Arbeitsraums sowie der Sonnenterrasse f&uuml;r erholsame Auszeiten.<span class=\"inline-flex\" data-state=\"closed\">\u200b</span></p><p class=\"my-2 [&amp;+p]:mt-4 [&amp;_strong:has(+br)]:inline-block [&amp;_strong:has(+br)]:pb-2\">Zus&auml;tzlich steht ein exklusiver Private Spa im Haus f&uuml;r individuell buchbare Wellnessmomente zur Verf&uuml;gung, w&auml;hrend der 24h-Self-Check-in eine entspannte, zeitunabh&auml;ngige An- und Abreise erm&ouml;glicht. Die besondere Verbindung zur Autowelt von Rotz, die Autosuiten und der hauseigene Heliport machen das Hotel zu einer aussergew&ouml;hnlichen Adresse.</p>", "url": "http://www.hotel-vonrotz.ch/", "image": "https://sgbtpimtsoch.sos-ch-dk-2.exoscale-cdn.com/catalog/a/4/a/9/a4a9ecf7703cbc6bad856498581dab0034b8650f_VonRotz_CF177648_67.jpg", "openstreetmap_id": "node/7761067560"}, "geometry": {"type": "Point", "coordinates": ["9.0281638", "47.4680205"]}}, {"type": "Feature", "properties": {"identifier": "de7254c8-d17e-41be-8763-074cdbaf60b7", "name": "SGR Schweizer Gruppenreisen GmbH", "description": "<div>Keine z\u00fcndende Idee f\u00fcr die Abteilungsreise, das Teambuilding oder den Incentive? Keine Zeit, den Firmenausflug oder die Vereinsreise zu organisieren? Bei der Schweizer Gruppenreisen GmbH erhalten Sie massgeschneiderte Vorschl\u00e4ge und ein Rundum-sorglos-Paket \u2013 alles aus einer Hand, individuell und zuverl\u00e4ssig!</div>", "url": "https://www.schweizergruppenreisen.ch/", "image": "https://sgbtpimtsoch.sos-ch-dk-2.exoscale-cdn.com/catalog/4/9/9/a/499a5052bad60b33818c099da8c86169abd71905_schweizer_gruppenreisen_logo.png", "openstreetmap_id": "way/483768770"}, "geometry": {"type": "Point", "coordinates": ["9.173991026977491", "47.6499273"]}}, {"type": "Feature", "properties": {"identifier": "dec915cd-b19a-4963-a05d-0da061f994e7", "name": "Restaurant L\u00f6wengarten", "description": "Mit einer \u00fcber hundertj\u00e4hrigen Tradition geh\u00f6rt die ehemalige L\u00f6wengarten-Brauerei zu Rorschach wie das Kornhaus und der Boden\u00adsee. Seit 2007 entsteht das legend\u00e4re Ostschweizer Bier jedoch in St. Gallen und die Brauerei in Rorschach steht still. Ganz still allerdings nicht: Auf dem Areal entstand ein neues, \u00fcberaus lebendiges Quartier.\n\nWohnen, arbeiten, leben, spielen, geniessen: Auf dem L\u00f6wengarten-Areal geben sich Privates und Gesch\u00e4ftliches, Kultur und Natur, Kinder und Senioren die Hand. Die ehemalige Abf\u00fcllerei bildet das Herzst\u00fcck des auf\u00adbl\u00fchenden Quartier\u00adlebens.\n\nVom Biergarten bis zum Garten\u00adzimmer, von der Dach\u00adterrasse bis zum Gew\u00f6lbe\u00adkeller - hier finden alle die perfekte Umgebung f\u00fcr ent\u00adspann\u00adten Genuss. Die L\u00f6wengarten-K\u00f6che verschmelzen regionale und internationale K\u00fcche zu einem harmonischen kulinarischen Erlebnis. \n\nTypisch schweizerisch und zugleich weltoffen, auf das Wesentliche reduziert und doch gem\u00fctlich \u2026 herzlich willkommen im Restaurant L\u00f6wengarten!", "url": "https://www.restaurant-loewengarten.ch/", "image": "https://sgbtpimtsoch.sos-ch-dk-2.exoscale-cdn.com/catalog/7/9/5/5/79551feb971368258a02847a2556ec3ef94313d8_LG_Restaurant_140421_06.jpg", "openstreetmap_id": "way/328929410"}, "geometry": {"type": "Point", "coordinates": ["9.482558861119978", "47.478257299999996"]}}, {"type": "Feature", "properties": {"identifier": "def1fa90-746a-4bdc-8f84-9e1d9e0aa2bf", "name": "Pascal H\u00e4ring", "description": "<p>Pascal H\u00e4ring bietet begeisterndes und hochstehendes Entertainment f\u00fcr jede Veranstaltung. Seine Show-Acts k\u00f6nnen f\u00fcr jeden Anlass massgeschneidert werden. Mit \u00fcber 600 Shows in den letzten 7 Jahren verf\u00fcgt er \u00fcber eine riesige B\u00fchnenerfahrung und sorgt f\u00fcr unvergessliche Momente.<br></p>", "image": "https://sgbtpimtsoch.sos-ch-dk-2.exoscale-cdn.com/catalog/7/b/7/e/7b7e7ca65ee3eba5843f9519e2d62878970a93ef_pascal_haering.jpg", "openstreetmap_id": "relation/1684477"}, "geometry": {"type": "Point", "coordinates": ["7.868921481106766", "47.4545839"]}}, {"type": "Feature", "properties": {"identifier": "dfb82a94-6c9a-4d90-ab40-fabd44113a26", "name": "Vorstadtbeiz", "description": "<p>Ein w&auml;hrschafter ,,z'Mittag'' kann in der Vorstadtbeiz genauso genossen werden, wie ein gem&uuml;tliches Abendessen mit Familie, Freunden oder Gesch&auml;ftspartnern.</p><p>Einfache schweizer Spezialit&auml;ten werden mit einem modernern Kochstil kombiniert und mit regionalen Produkten erg&auml;nzt.&nbsp;</p><p>H&ouml;chste Qualit&auml;tsanspr&uuml;che an die Produkte, insbesondere das Fleisch, sind hier von gr&ouml;sster Wichtigkeit.</p>", "url": "https://vorstadtbeiz.ch/", "image": "https://sgbtpimtsoch.sos-ch-dk-2.exoscale-cdn.com/catalog/4/c/8/f/4c8fb7b1e8bbf092e24d1dc9374d0d557a5b2010_website_logo_transparent_background.png", "openstreetmap_id": "way/309554078"}, "geometry": {"type": "Point", "coordinates": ["9.4199694", "47.4493262"]}}, {"type": "Feature", "properties": {"identifier": "dfcc5a75-11d1-4478-9ec9-674ba307e3cc", "name": "Drei Weieren", "description": "<p>Im 17. Jahrhundert k&uuml;nstlich angelegt, um die Wasserversorgung der Textil-Bleichen und Feuerwehren zu gew&auml;hrleisten, nutzten die Bewohner die Weieren schon bald zum Baden und Erholen. Damals wurde streng nach Geschlechtern getrennt &ndash; darum auch die Namen &laquo;Manne- und Buebeweiher&raquo; und &laquo;Frauen- und Familienbadi&raquo;. Die Drei Weieren z&auml;hlen heute zu den <strong>sch&ouml;nsten Naturschwimmb&auml;dern</strong> der Schweiz. Die schmucken historischen <strong>Jugendstil-Holzbauten </strong>erinnern an St.Gallens Vergangenheit als Textil-Weltstadt. Heute l&auml;dt das Naherholungsgebiet nebst dem <strong>Baden </strong>auch zum <strong>Flanieren </strong>und <strong>Picknicken </strong>ein.</p><p><strong>Anreise Drei Weieren: </strong></p><ul><li>Die Weiherlandschaft ist sehr gut an das Stadtzentrum angebunden. So fahren die <strong>M&uuml;hleggbahn </strong>oder der <strong>Stadtbus 6 (Richtung St. Georgen Bach)</strong> bis zur Station &laquo;St. Gallen, M&uuml;hlegg&raquo;.</li><li>Von dort erreicht man die Weiher in gut <strong>f&uuml;nf Minuten zu Fuss</strong>.</li><li>In den Sommermonaten f&auml;hrt gar ein <strong><a href=\"https://www.sport.stadt.sg.ch/home/baeder-sauna/familienbad-dreilinden.html\" target=\"_blank\" rel=\"noopener\">B&auml;derbus </a>direkt und gratis zu den Weihern</strong>.</li><li>Anreisende mit dem Auto finden kostenpflichtige Parkpl&auml;tze unter anderem beim Frauenbad.</li></ul><p><strong>&Ouml;ffnungszeiten Naturschwimmb&auml;der:&nbsp;</strong></p><ul><li>Das Badehaus vom&nbsp;<a href=\"https://www.sport.stadt.sg.ch/home/baeder-sauna/gemeinschaftsbad-dreilinden.html\" target=\"_blank\" rel=\"noopener\">Gemeinschaftsbad Dreilinden</a> (Mannenweier)&nbsp;ist w&auml;hrend der Saison in der Regel von 09.00 bis 19.00 Uhr frei und kostenlos zug&auml;nglich. Das Schwimmen im Mannenweier ist jederzeit m&ouml;glich.</li><li>&Ouml;ffnungszeiten vom&nbsp;<a href=\"https://www.sport.stadt.sg.ch/home/baeder-sauna/familienbad-dreilinden.html\">Familienbad Dreilinden</a> sind <a href=\"https://www.sport.stadt.sg.ch/home/baeder-sauna/familienbad-dreilinden.html\" target=\"_blank\" rel=\"noopener\">hier </a>zu finden.&nbsp;</li></ul><p><strong>Preisinformationen:&nbsp;</strong></p><ul><li>Der <a href=\"https://st.gallen-bodensee.ch/de/entdecken/sport-freizeit/erlebnisraum-3weieren.html\">Erlebnisraum 3Weieren</a> ist im Grundsatz kostenfrei zug&auml;nglich.</li><li>Das <a href=\"https://www.sport.stadt.sg.ch/home/baeder-sauna/gemeinschaftsbad-dreilinden.html\" target=\"_blank\" rel=\"noopener\">Gemeinschaftsbad Dreilinden</a> (Mannenweier) ist kostenlos.</li><li>Das <a href=\"https://www.sport.stadt.sg.ch/home/baeder-sauna/familienbad-dreilinden.html\">Familienbad Dreilinden</a> ist nicht kostenlos.&nbsp;</li></ul><p>&nbsp;</p>", "image": "https://sgbtpimtsoch.sos-ch-dk-2.exoscale-cdn.com/catalog/f/9/7/2/f972d6878d21acc5fa258e5aafb6c27a2afb9a30_Computerformat_4_3_Drei_Weieren.jpg", "openstreetmap_id": "way/424743187"}, "geometry": {"type": "Point", "coordinates": ["9.38322979999998", "47.4200042"]}}, {"type": "Feature", "properties": {"identifier": "dfff8c20-40e4-41a4-b301-33271a227b84", "name": "Bratwurst & Bowls", "description": "Die Traditionswurst gibt sich weltoffen und zieht mit exotischer Kulinarik unter ein Dach. Zu den feinen Fleischspezialit\u00e4ten gesellen sich frische Poke-Bowls nach hawaiianischem Vorbild. Aloha tropische Leichtigkeit!\n\nDie bunten Poke-Bowls bringen Frische und Abwechslung ins Take-away-Angebot der Stadt. Poke-Anf\u00e4nger*innen w\u00e4hlen eine Signature Bowl, Kreative stellen sich die Bowl im simplen Baukasten-Prinzip nach pers\u00f6nlichem Gusto zusammen. Mmh, unschlagbar lecker!\n\nEs gibt aber nat\u00fcrlich auch immer noch die Klassiker. Das wissen die Inhaber, Alexander Zimmermann und Sandro Vladani. Den Herzblut-Gastronomen ist nicht \u00abwurst\u00bb, was St. Galler*innen essen. Deshalb lassen sie die Fleischspezialit\u00e4ten neu aufleben und verleihen St. Galler Bratwurst, Currywurst und Weidebeef-Burger einen frischen Twist.", "url": "https://bratwurstundbowls.ch/", "image": "https://sgbtpimtsoch.sos-ch-dk-2.exoscale-cdn.com/catalog/d/3/5/6/d3562b33371d0da70f514e337491f92b7d8cd14c_BB_030_768x1024.jpg", "openstreetmap_id": "node/4149615789"}, "geometry": {"type": "Point", "coordinates": ["9.37505", "47.42365"]}}, {"type": "Feature", "properties": {"identifier": "e083b889-bccb-4d97-b664-46674ff63e88", "name": "Gewerbe Eschenbach", "description": "<p>Der Gewerbeverein Eschenbach setzt sich f&uuml;r den Zusammenschluss des lokalen Handwerker- und Gewerbestandes, der Industrie und Dienstleitungsbetriebe ein zur gemeinsamen Wahrung und F&ouml;rderung derer Interessen in wirtschaflticher und politischer Hinsicht.&nbsp;</p><p>Nach der Gemeindefusion des Jahres 2013, wurde die Fusion der beiden Gewerbevereine Eschenbach und St. Gallenkappel vollzogen und Goldingen miteinbezogen. Zurzeit z&auml;hlt der Gewerbeverein gut 180 Aktivmitlieder aus verschiedensten Branchen wie Handwerk, Gewerbe, Detailhandel, Dienstleistungsbetriebe und Industrie.&nbsp;</p><p>Regelm&auml;ssig werden Veranstaltungen wie Jahresausfl&uuml;ge, Wanderungen, Wirtschaftsgipfel mit Gemeinderat, Betriebsbesichtigungen, Podiumsgespr&auml;che, Gewerbeausstellungen vom Gremium des Vorstandes organsiert.&nbsp;</p>", "url": "https://gewerbe-eschenbach.ch/willkommen", "image": "https://sgbtpimtsoch.sos-ch-dk-2.exoscale-cdn.com/catalog/2/1/b/b/21bb16d61430043dc20c0123ea8c39f6248c78c6_GVE_R8R_1011.jpg", "openstreetmap_id": "node/11339555439"}, "geometry": {"type": "Point", "coordinates": ["8.9249193", "47.2413877"]}}, {"type": "Feature", "properties": {"identifier": "e136de8c-b4b2-47a2-99dd-ae30405fe009", "name": "Restaurant Traube-St.Georgen", "description": "<p>Willkommen in der Traube! Lass Dich mit hausgemachten K&ouml;stlichkeiten aus der Region verw&ouml;hnen. Ob ein gem&uuml;tliches Abendessen mit Freunden oder ein entspanntes Mittagessen &ndash; im Restaurant Traube-St.Georgen findest Du f&uuml;r jeden Anlass das Richtige. Das freundliche Team und das rustikale Ambiente machen den Besuch zu einem besonderen Erlebnis. Im Sommer k&ouml;nnen die G&auml;ste ihr Essen auch auf der sch&ouml;nen Terrasse geniessen.</p><p>Verweilen und Geniessen: Die Traube-St.Georgen l&auml;dt ein in eine Welt der Gastlichkeit. Hier treffen traditionelles Handwerk und moderne K&uuml;che aufeinander. Lass Dich von saisonalen Gerichten inspirieren und geniesse die unbeschwerte Atmosph&auml;re.</p>", "url": "https://speiserestaurant-traube.ch/", "image": "https://sgbtpimtsoch.sos-ch-dk-2.exoscale-cdn.com/catalog/6/1/f/e/61feed0278baeb458e7c0c705eaf23edb1367fc7_IIIH1500__2.jpeg", "openstreetmap_id": "8354869330"}, "geometry": {"type": "Point", "coordinates": ["9.3820066", "47.4170471"]}}, {"type": "Feature", "properties": {"identifier": "e13779a2-7edf-4dc5-8125-e74fa39ad1a4", "name": "Kr\u00e4utersalz...und mehr", "description": "<p>Im Sommer 2014 wurden die ersten Kr\u00e4uter im Hochbeet gepflanzt. Mittlerweile ist ein ganzer Garten mit verschiedenen Kr\u00e4utern angelegt und seit 2017 haben Martin und Brigitte R\u00fcegg einen eigenen Produktions- und Arbeitsraum eingerichtet mit einem grossen Trockenofen.&nbsp;</p><p>Kr\u00e4utersalz...und mehr kann an vielen verschiedenen M\u00e4rkten angetroffen werden. Die M\u00e4rkte besuchen Martin und Brigitte mit dem einzigartigen Verkaufswagen.&nbsp;</p><p>Die verschiedenen Salze und Produkte k\u00f6nnen an diversen Verkaufsstellen rund ums Goldingertal gekauft werden. Ebenso werden Bestellungen angenommen und auch Geschenke zusammengestellt.&nbsp;</p>", "url": "https://www.kraeutersalz-und-mehr.ch/", "image": "https://sgbtpimtsoch.sos-ch-dk-2.exoscale-cdn.com/catalog/a/2/a/2/a2a2c358158cbc9a6ce7eb3d82e449a25983cd22_IMG_7434.jpg", "openstreetmap_id": "way/270254290"}, "geometry": {"type": "Point", "coordinates": ["8.961422553305688", "47.2635404"]}}, {"type": "Feature", "properties": {"identifier": "e1c42d32-262b-48a8-b3f1-598509398417", "name": "Tourist Information St.Gallen ", "description": "<p class=\"MsoNormal\">Ob du die besten Sehensw&uuml;rdigkeiten entdecken m&ouml;chtest, Insidertipps suchst oder dich einfach &uuml;ber die Region informieren willst &ndash; bei uns bist du richtig.</p><p class=\"MsoNormal\">Entdecke einzigartige Souvenirs und st&ouml;bere in unserem Shop mit hochwertigen regionalen Produkten, die ein St&uuml;ck St.Gallen mit nach Hause bringen. Die Tourist Information ist zudem der perfekte Startpunkt f&uuml;r spannende Stadtf&uuml;hrungen, bei denen du in die Geschichte und Kultur unserer charmanten Altstadt eintauchen kannst.</p><p class=\"MsoNormal\">Zudem findest du bei uns eine F&uuml;lle an Informationsbrosch&uuml;ren, die dir helfen, deinen Aufenthalt in St.Gallen und am Bodensee optimal zu gestalten.&nbsp;</p><p class=\"MsoNormal\">Du m&ouml;chtest wissen, wie du zu uns kommst? Hier findest du <a href=\"https://st.gallen-bodensee.ch/files/_OpenFrontend/websites/st.gallen-bodensee.ch/assets/diverses/20250716_anreise-st-gallen-bodensee-tourismus-komprimiert.pdf\" target=\"_blank\" rel=\"noopener\">detaillierte Informationen (f&uuml;r Menschen mit Mobilit&auml;tseinschr&auml;nkungen)</a>, die beschreiben, wie du vom Bahnhof St.Gallen zu uns gelangst.</p>", "url": "https://st.gallen-bodensee.ch/", "image": "https://sgbtpimtsoch.sos-ch-dk-2.exoscale-cdn.com/catalog/1/5/4/c/154c93caa665bf9bc1cc804375c1f693a3d6a559_medium__Tourist_Information_2.jpg", "openstreetmap_id": "node/4092474692"}, "geometry": {"type": "Point", "coordinates": ["9.3756155", "47.4232737"]}}, {"type": "Feature", "properties": {"identifier": "e1e71e1f-2295-4c75-a52d-30fea99eb44c", "name": "Alpengaudi - der Mitarbeiteranlass mit Spass und Erlebnis", "description": "<p>Ob beim Armbrustschiessen, beim witzigen Mistb&auml;nne-Parcours , dem abenteuerlichen G&uuml;lleskiparcours, oder beim H&uuml;hnerfangen &ndash; hier ist Geschick, Cleverness und ein gutes Miteinander gefragt. Und h&auml;tten wir gedacht, dass Kuhfladengolf so viel Spa&szlig; machen kann?<br><br>Bei der Siegerehrung wird das beste Team gek&uuml;rt, aber gewonnen haben alle&ndash; dank der lustigen Erlebnisse und dem gemeinsamen Lachen. Und was w&auml;re ein Tag in den Alpen ohne ein herzhaftes Highlight? Nach den Spielen erwartet Euch ein feiner Grillschmaus, der die Stimmung perfekt abrundet.<br><br>Ob Firmenausflug, Teamevent oder ein geselliger Tag mit Freunden &ndash; die Bauernhof Olympiade ist Inspiration, Spa&szlig; und Herausforderung in einem! Seid dabei und entdeckt den Meister-&Auml;lpler in Euch!</p><p><strong>Event-Ort:</strong> diverse Bauernh&ouml;fe in der ganzen Ostschweiz</p><p><strong>unsere Empfehlung:</strong> Alp Habergschw&auml;nd auf dem Kerenzerberg in Kombination mit einer rasanten Trottinett-Abfahrt</p><p>&nbsp;</p>", "url": "https://www.rafters.ch/firmenevent/bauernhofolympiade/index.html", "image": "https://sgbtpimtsoch.sos-ch-dk-2.exoscale-cdn.com/catalog/6/e/f/f/6eff85371631ce2974e3765171e0a804ce509f14_Bauernhof_Olympiade_Erlebnis_Schweiz.jpg", "openstreetmap_id": "node/9041170563"}, "geometry": {"type": "Point", "coordinates": ["9.1246868", "47.1040405"]}}, {"type": "Feature", "properties": {"identifier": "e22f076a-10a9-4a26-ad73-c9f5cc4cfc1b", "name": "Macardo Premium B&B", "description": "Mit den 10 gem\u00fctlichen Zimmern und zwei grossz\u00fcgigen Apartments bietet Macardo Premium B&B nicht nur Komfort, sondern auch einen atemberaubenden Ausblick auf den Alpstein und den S\u00e4ntis \u2013 und das aus jedem einzelnen Zimmer. Der Tag beginnt mit einem k\u00f6stlichen und reichhaltigen Fr\u00fchst\u00fcck, das sorgf\u00e4ltig aus lokalen Delikatessen zusammengestellt wird. Im Macardo Bed & Breakfast wird das Heimweh nicht aufkeimen, doch die Sehnsucht nach dem Haus wird die G\u00e4ste sicher wieder hierher f\u00fchren!\nUnd wer mit dem Hund reist - ist auch herzlich Willkommen. \nCheck-in von 14:00 bis 24:00", "url": "https://www.macardo.ch/macardo-premium-bed-breakfast/", "image": "https://sgbtpimtsoch.sos-ch-dk-2.exoscale-cdn.com/catalog/6/f/4/c/6f4cbd7fe7bc8d00bc8d3b0d39514fc6ea5c8252_Macardo_Location_DJI_0224__2.jpeg", "openstreetmap_id": "way/198217923"}, "geometry": {"type": "Point", "coordinates": ["9.035178402040664", "47.5617022"]}}, {"type": "Feature", "properties": {"identifier": "e289de46-edee-4602-8063-033c9ba4dac6", "name": "Berggasthaus Chr\u00fczegg", "description": "<p>Das Berggasthaus liegt auf 1'265 m &uuml;.\u202fM. &ndash; ein Ort, an dem Ihnen die ganze Schweiz zu F&uuml;ssen liegt. Von der grossen Terrasse aus geniessen Sie ein beeindruckendes Panorama &uuml;ber den Z&uuml;richsee und den Bodensee bis hin zu den St.\u202fGaller-, Glarner-, Innerschweizer- und Berner Alpen. Hier oben verschmelzen Weitblick, Natur und Ruhe zu einem unvergesslichen Erlebnis.</p><p>In der vierten Generation f&uuml;hrt die Familie Manser diesen traditionsreichen und einzigartig sch&ouml;nen Familienbetrieb mit viel Herzblut und echter Gastfreundschaft. Die Chr&uuml;zegg ist seit jeher ein beliebtes Ziel f&uuml;r Familien- und Vereinswanderungen &ndash; ein Ort zum Ankommen, Austauschen und Geniessen.</p><p>F&uuml;r alle, die l&auml;nger bleiben m&ouml;chten, stehen gem&uuml;tliche Doppelzimmer, praktische Mehrbettzimmer sowie H&uuml;ttenzimmer zur Verf&uuml;gung. Ein Saal mit bis zu 80 Sitzpl&auml;tzen bietet zudem den passenden Rahmen f&uuml;r Feste, Vereinsanl&auml;sse oder Seminare in inspirierender Umgebung.</p><p>In unserer K&uuml;che verw&ouml;hnen wir Sie mit saisonalen, einheimischen und hausgemachten Spezialit&auml;ten.<br>Jeden Tag w&auml;hrend der Alpsaison produzieren wir frischen K&auml;se, den Sie nicht nur direkt im Restaurant kaufen, sondern den wir auch in verschiedenen Speisen unserer K&uuml;che verwenden. Dazu servieren wir unsere hausgemachte Chr&uuml;zegg-Limonade &ndash; frisch, prickelnd und unverwechselbar, ein Getr&auml;nk, das den Genussmoment auf der Terrasse perfekt abrundet.</p>", "url": "https://chruezegg.ch/", "image": "https://sgbtpimtsoch.sos-ch-dk-2.exoscale-cdn.com/catalog/0/9/f/d/09fd4bca97c78acd98d4afe58135f95e3c6c4f43_wattwil_chruzegg_berggasthaus_terrasse.JPG", "openstreetmap_id": "way/668032816"}, "geometry": {"type": "Point", "coordinates": ["9.015355110168459", "47.298397957022246"]}}, {"type": "Feature", "properties": {"identifier": "e29ef543-891c-4668-ba62-21c58ebe10de", "name": "Sonnenberg Health Hotel ", "description": "Das Paradies f\u00fcrs Wohlbefinden: Umgeben von einem atemberaubenden Bergpanorama liegt das Sonnenberg Health Hotel im erh\u00f6hten Schwellbrunn auf 972 m \u00fc. M., welches 2017 nicht ohne Grund zum sch\u00f6nsten Dorf der Schweiz gek\u00fcrt wurde. \n\nMit seiner hellgelben Fassade, den romantischen Balkonen und dem Kr\u00e4uterduft aus dem Caf\u00e9 kommt im Sonnenberg Health Hotel gewiss Ferien-Feeling auf. \n\nNur die \u00fcppige Pizza, die sucht man hier vergebens. Aus gutem Grund. Das Sonnenberg Health Hotel ist kein Hotel, in dem es ums Schlemmen geht. Ganz im Gegenteil, hier bekommen K\u00f6rper und Geist einen Energy-Booster und einen gesunden Neustart.\n\nDas Besondere an dieser Institution ist, dass sie Hotel, Restaurant und Behandlungen in einem bietet. An keinem Ort l\u00e4sst es sich ges\u00fcnder leben. Entgiftung, Ern\u00e4hrung, Verdauung und nachhaltige Kr\u00e4ftigung des Immunsystems \u2013 hier bekommt man das volle Programm.\n\nInsgesamt gibt es 3 Arztpraxen, ein Hotel mit 16 Zimmern und ein veganes Restaurant. Alle Leckerbissen werden rein pflanzlich und wo immer m\u00f6glich in Bio-Qualit\u00e4t angeboten, frisch vor Ort gekocht mit besten Zutaten.\n", "url": "https://sonnenberg-schwellbrunn.com", "image": "https://sgbtpimtsoch.sos-ch-dk-2.exoscale-cdn.com/catalog/e/6/f/1/e6f1c02ccf23bd38effd746bb6d4f2d8b8b7c8f9_k_01_Aussensicht.jpg", "openstreetmap_id": "way/1015261300"}, "geometry": {"type": "Point", "coordinates": ["9.249497676988582", "47.3530963953513"]}}, {"type": "Feature", "properties": {"identifier": "e3880772-f6d8-43e8-9891-60b6aca82f47", "name": "R\u00fcegg Druck", "description": "<p>Mit R\u00fcegg Druck haben sie eine Druckerei in ihrer N\u00e4he f\u00fcr schnelle Dienstleistungen rund ums Drucken. Vom klassischen Offsetdruck, \u00fcber Digitaldruck oder Grossformat/Beschriftungen. </p><p>Bei der Druckerei von Ralph R\u00fcegg werden sie pers\u00f6nlich beraten. Er hat das Unternehmen im Jahr 2013 von seinem Vater \u00fcbernommen und f\u00fchrt es seither erfolgreich weiter.&nbsp;&nbsp;<br></p>", "url": "https://www.rueeggdruck.ch/", "image": "https://sgbtpimtsoch.sos-ch-dk-2.exoscale-cdn.com/catalog/b/2/4/2/b242f6a943f5e69966352bee7802b66f8f1f5de0_gewerbe.png", "openstreetmap_id": "way/270247013"}, "geometry": {"type": "Point", "coordinates": ["8.928210324373202", "47.23482205"]}}, {"type": "Feature", "properties": {"identifier": "e3cce468-3d0d-4a74-868f-31849e1eb8c3", "name": "Bahnticket S\u00e4ntis \u2013 der Berg", "description": "<p data-v-20c93902=\"\" class=\"rich-text-paragraph\" piano-view-event=\"false\" style=\"margin-bottom: 1rem;\"><span class=\"text-space-pre-line rich-text-text\" data-abstract-init=\"body text\" style=\"\">Vom Gipfel reicht der Blick \u00fcber sechs L\u00e4nder. So grenzenlos wie die Rundsicht sind auch die M\u00f6glichkeiten rund um S\u00e4ntis und der Schw\u00e4galp. Erlebnisse in einer der sch\u00f6nsten Naturkulissen Europas, Veranstaltungen und Sonderfahrten das ganze Jahr, gelebtes Appenzeller Brauchtum und kulturelle H\u00f6hepunkte \u2013 dies und vieles mehr wird den Besuchern geboten. Das passende kulinarische Angebot findet sich im gem\u00fctlichen Gasthaus Passh\u00f6he, im 3-Sterne-Berghotel Schw\u00e4galp oder in den Panorama-Restaurants auf dem S\u00e4ntisgipfel.</span></p><p data-v-20c93902=\"\" class=\"rich-text-paragraph\" piano-view-event=\"false\" style=\"margin-bottom: 1rem;\"><span class=\"text-space-pre-line font-weight-bold rich-text-text\" data-abstract-init=\"body text\" style=\"\">Ticket g\u00fcltig f\u00fcr:</span></p><ul><li style=\"margin-bottom: 1rem;\">10-min\u00fctige Schwebebahnfahrt auf und/oder runter vom S\u00e4ntisgipfel</li></ul>", "url": "https://saentisbahn.ch/", "image": "https://sgbtpimtsoch.sos-ch-dk-2.exoscale-cdn.com/catalog/0/4/4/f/044f8c3ade2fd86b718c8d9c5f76d38ce2885fb8_S__ntis1.jpg", "openstreetmap_id": "node/560155201"}, "geometry": {"type": "Point", "coordinates": ["9.317264556884767", "47.256397812373805"]}}, {"type": "Feature", "properties": {"identifier": "e5435b87-0b80-429b-9f8a-dd7a6423e0a6", "name": "Seilpark Atzm\u00e4nnig", "description": "<p>Acht Parcours in verschiedenen Dimensionen und mit unterschiedlichen Schwierigkeitsgraden erfordern Geschicklichkeit und Koordinationsverm&ouml;gen. Pro Parcours ben&ouml;tigen Sie im Schnitt 20 bis 40 Minuten. Spezielle F&auml;higkeiten oder Vorkenntnisse sind nicht erforderlich. Kinder d&uuml;rfen bereits ab acht Jahren und einer Mindestgr&ouml;sse von 120 cm in unserem Seilpark klettern. Damit bei uns auch die kleinsten Besucher* eine Menge Spass haben, gibt es im Atzm&auml;nnig drei separate Kinderparcours mit einem speziellen Sicherungssystem. Wir w&uuml;nschen viel Vergn&uuml;gen beim Abh&auml;ngen.<br>*ab 4 Jahren<br><br>Reservationen f&uuml;r Gruppen ab 10 Personen nehmen wir gerne bis sp&auml;testens am Vortag um 16 Uhr entgegen. F&uuml;r Gruppen ab 10 Personen ist eine Anmeldung zwingend erforderlich und die Verf&uuml;gbarkeit kann nicht immer gew&auml;hrleistet werden. Gruppenreservationen am Wochenende, an Feiertagen und w&auml;hrend den Schulferienzeiten sind nur mit Startzeit 9.00 Uhr und 9.30 Uhr m&ouml;glich. <br><br><span style=\"font-weight: bold;\">Facts:</span><span style=\"font-weight: bold;\"><br></span>Parcours 8 &amp; 3 f&uuml;r Kinder <br>H&ouml;he 2-16 Meter <br>Kletterelemente 103 St&uuml;ck</p><p>Wer noch nicht genug hat, findet bei der Talstation Atzm&auml;nnig weitere Attraktivit&auml;ten.</p><p class=\"MsoNormal\">Anreise mit den &ouml;ffentlichen Verkehrsmitteln:<br>Bus 630 von Eschenbach (Dorftreff) nach Hintergoldingen (Atzm&auml;nnig Schutt)</p>", "url": "https://www.atzmaennig.ch/de/sommer/sommerangebote/seilpark/", "image": "https://sgbtpimtsoch.sos-ch-dk-2.exoscale-cdn.com/catalog/0/5/f/e/05fee2b25452b898235f4a3cc5399e734cd10945_Seilpark_1.jpg", "openstreetmap_id": "node/726611392"}, "geometry": {"type": "Point", "coordinates": ["8.994015455245973", "47.28354497459353"]}}, {"type": "Feature", "properties": {"identifier": "e59860a9-425d-4642-a5a8-a2ea88bc27ba", "name": "Zur Werkstatt Eventlocation St. Gallen", "description": "In der Werkstatt wird die Kunst des Koch- und Barhandwerks mitten in die Stadt gebracht. \n\nDie Eventlocation bietet den perfekten Rahmen f\u00fcr Firmenevents, Geburtstage, Hochzeiten und andere Feierlichkeiten.\n\nPrivate Gruppen k\u00f6nnen bei exklusive Kochkurse, Kochbattles und Cocktailkurse buchen oder einen Genussabend nach ihren individuellen W\u00fcnschen geniessen. Gemeinsam mit Profis k\u00f6nnen Laien am Herd und an der Bar kreativ werden. \n\nGeniesser d\u00fcrfen sich auf k\u00f6stliche Gerichte aus der offenen K\u00fcche und raffinierte Cocktails der Barkeeper freuen. \n\nZudem bietet der Eventkalender regelm\u00e4ssig \u00f6ffentliche Highlights, die f\u00fcr jedermann zug\u00e4nglich sind.\n\nGenerell gilt: gemeinsam machen und geniessen verbindet \u2013 dies macht die Werkstatt zu einer Genuss-Werkstatt.", "url": "http://www.zurwerkstatt-sg.ch", "image": "https://sgbtpimtsoch.sos-ch-dk-2.exoscale-cdn.com/catalog/c/7/d/f/c7df42656aea04f0cd2a8e19b3860713e89937f5_20190815_WERKSTATT_ST_GALLEN_269.jpg", "openstreetmap_id": "node/4092581190"}, "geometry": {"type": "Point", "coordinates": ["9.37503", "47.42552"]}}, {"type": "Feature", "properties": {"identifier": "e59acecd-c650-43bc-a58f-cfa3f34bff2e", "name": "Gold-Trophy", "description": "<p>Spiel, Spass und Challenge in einem verbunden. Ihnen steht eine Vielzahl an Spielen oder Disziplinen zur Auswahl. Der Teamgeist wird auf jeden Fall zusammengeschweisst. Ideal, um mit einer Gruppe, viel Spass zu erleben, da Jede und Jeder seine St\u00e4rken irgendwo finden wird. Welches Team kombiniert Geschicklichkeit und K\u00f6pfchen am Besten? <br><br><span style=\"font-weight: bold;\">Kosten: </span><br>CHF 40.00 / Person, min.: CHF 600.00 inkl. Rangverk\u00fcndigung/Preise Dauer: ca. 2 h<br>Gruppengr\u00f6sse: min. keine Beschr\u00e4nkung (Mindestpreis), max. 25 Personen</p>", "url": "https://www.baeumig-kreativ.ch/", "image": "https://sgbtpimtsoch.sos-ch-dk-2.exoscale-cdn.com/catalog/f/2/e/8/f2e87ea47fdfaf270ffdf5a243484925c1d968f4_Goldtrophy.jpg", "openstreetmap_id": "way/273800582"}, "geometry": {"type": "Point", "coordinates": ["8.94809321105501", "47.25248635"]}}, {"type": "Feature", "properties": {"identifier": "e6062746-f18a-44a4-85ab-77c8932a1931", "name": "REGIO Appenzell AR \u2013 St.Gallen \u2013 Bodensee", "description": "<p data-start=\"264\" data-end=\"911\">Die REGIO Appenzell AR &ndash; St.Gallen &ndash; Bodensee war von Anfang an eine wichtige Partnerin des Vereins Textilland Ostschweiz. Durch gezielte finanzielle Unterst&uuml;tzung sowie durch die Mitwirkung bei der Vorbereitung von NRP-F&ouml;rdermitteln durch die Ostschweizer Kantone wurde die Initiative in ihrer Entwicklung wesentlich mitgetragen. Seit 2019 &uuml;bernimmt die REGIO im Rahmen einer Vereinbarung mit dem Verein Textilland Ostschweiz dessen Administration. Damit st&auml;rkt sie langfristig die regionale Zusammenarbeit, die kulturelle Vermittlung und die wirtschaftliche Sichtbarkeit des TEXTILen Erbes in der Ostschweiz.</p>", "url": "https://www.regio-stgallen.ch/", "image": "https://sgbtpimtsoch.sos-ch-dk-2.exoscale-cdn.com/catalog/3/b/9/7/3b974ca8fb7b61a6d36cb1c359978f1c1a20fa2e_Computerformat_4_3_Luftaufnahme_St.Gallen_1.jpg", "openstreetmap_id": "node/7193107736"}, "geometry": {"type": "Point", "coordinates": ["9.37363583", "47.4262021"]}}, {"type": "Feature", "properties": {"identifier": "e61b4825-a461-451e-ad8c-33f3da2a2b99", "name": "Le Soir Le Jour", "description": "<p>Le Soir Le Jour ist ein Concept Store in St.Gallen mit einem sorgf&auml;ltig kuratierten Sortiment internationaler Designermode. Seit 2013 zeigt Inhaberin Nicole Geser ausgew&auml;hlte Kollektionen, die von zeitlosen Key-Pieces bis zu besonderen Runway-Looks reichen. Erg&auml;nzt wird das Angebot durch Accessoires, Keramik und Schmuck. Die R&auml;ume im modernen Industrielook und die luftige Pr&auml;sentation schaffen eine entspannte Atmosph&auml;re. Kunstwerke und Designklassiker setzen die Mode wirkungsvoll in Szene.</p>", "url": "http://www.lesoirlejour.ch/", "image": "https://sgbtpimtsoch.sos-ch-dk-2.exoscale-cdn.com/catalog/7/a/5/6/7a56660fb9b3c4e8748bee660a3cab2c3f8bd2b1_Concept_Store__2.jpg", "openstreetmap_id": "node/3153824531"}, "geometry": {"type": "Point", "coordinates": ["9.3740289", "47.4230928"]}}, {"type": "Feature", "properties": {"identifier": "e69957c1-623e-4ede-b0d6-5c4e952a82ca", "name": "Conny's Couture", "description": "Im Atelier Conny's Couture werden textile Tr\u00e4ume wahr und die Schneiderkunst wird auf h\u00f6chstem Niveau ausgelebt!\n\nDie Stoffe und Materialien f\u00fcr die massgefertigten Kleider werden vorwiegend aus der Textilstadt St.Gallen und der n\u00e4heren Umgebung bezogen. Das auf Nachhaltigkeit bedachte Atelier achtet sowohl bei der Materialauswahl wie auch bei der Produktion stets auf den Schutz der  Umwelt. \n\nVom gemeinsamen Stoffeinkaufserlebnis mit Conny (Personal Fabric Shopping) geht es im Anschluss gleich \u00fcber zur individuellen Modellbesprechung und dem Massnehmen f\u00fcr das gew\u00fcnschte Traumkleidungsst\u00fcck.\n\nDanach plant und konzipiert Conny das individuelle Design und Schnittmuster f\u00fcr die gew\u00fcnschte Einzelanfertigung. Die Kundin kommt noch 1-2 mal zur Anprobe im Atelier vorbei,  bevor sie ihr pers\u00f6nliches Unikat in Empfang nehmen und ausf\u00fchren darf. \n\nAlle Kleidungsst\u00fccke von Conny's Couture werden im Schneideratelier in M\u00f6rschwil mit viel Liebe zum Details hergestellt.", "image": "https://sgbtpimtsoch.sos-ch-dk-2.exoscale-cdn.com/catalog/0/f/2/e/0f2ec1d6a88a2d207317e0eb58a848513cff28b9_RUX41933_2Edit.jpg", "openstreetmap_id": "way/1136247416"}, "geometry": {"type": "Point", "coordinates": ["9.437277317047121", "47.464028567370164"]}}, {"type": "Feature", "properties": {"identifier": "e71575c5-da16-4343-a8f9-336fc2a29754", "name": "Atzm\u00e4nnig Gold-Trophy Tour", "description": "<p>Es steht eine Vielzahl an Spielen oder Disziplinen zur Auswahl. Die Trophy kann ganz individuell nach jedem Bed&uuml;rfnis zusammengestellt werden. Sei es eher \"lustig\", \"competitiv\" oder \"gemischt\". Der Teamgeist wird auf jeden Fall zusammengeschweisst. Ideal, um mit einer Gruppe, viel Spass zu erleben, da Jede und Jeder seine St&auml;rken irgendwo finden wird. Bei Schnee auch als Winter-Trophy buchbar.</p><p>Welches Team kombiniert Geschicklichkeit, Dynamik, Ideenreichtum und K&ouml;pfchen am besten?</p><p><span style=\"font-weight: bold;\">Richtpreise und inbegriffene Leistungen</span></p><ul><li>Organisation, Aufbau, Durchf&uuml;hrung, Begleitung und Abbau</li><li>Rangverk&uuml;ndigung mit lokalen Preisen</li><li>bis 30 Personen mind. CHF 1'200.00</li><li>bis 40 Personen CHF 1'200.00 - 1'500.00</li><li>bis 50 Personen CHF 1'500.00 - 1'800.00</li><li>bis 60 Personen CHF 1'800.00 - 2'000.00</li><li>&uuml;ber 60 Personen auf Anfrage</li></ul><p><br>Das Programm kann individuell zusammengestellt werden. Hier eine kleine Auswahl an m&ouml;glichen Spielen:</p><ul><li>Gold im Wasser</li><li>Der heisse Draht</li><li>Hirschgeweih-Wurf</li><li>Bierdeckel</li><li>Chriesistein-Spucken</li><li>Kuhmelken</li><li>Nussknacker</li><li>Steinschleuder</li><li>Kartonhaus</li><li>Und viele weitere.....</li></ul><p><br><span style=\"font-weight: bold;\">Tipps und Hinweise<br></span>Die Gold-Trophy kann mit einem Ap&eacute;ro, Grillplausch oder sonstigem Gaumengenuss in der Brustenegg-H&uuml;tte oder dem Restaurant Atzm&auml;nnig Lodge kombiniert werden.</p><p>Anreise mit den &ouml;ffentlichen Verkehrsmitteln:<br>Bus 630 von Eschenbach (Dorftreff) nach Hintergoldingen (Atzm&auml;nnig Schutt)</p><p><span style=\"font-weight: bold;\">Durchf&uuml;hrung:</span></p><ul><li>T&auml;glich (auf Anfrage)</li><li>Dauer: Standart ca. 2 Stunden (kann individuell angepasst werden)</li><li>Wird bei jedem Wetter durchgef&uuml;hrt. (Bei Schlechtwetter kurzfristig anpassbar)</li></ul>", "url": "https://www.atzmaennig.ch/de/gruppenevents/gesamtangebot-fuer-gruppen/gold-trophy/", "image": "https://sgbtpimtsoch.sos-ch-dk-2.exoscale-cdn.com/catalog/d/0/4/3/d0435db94fe4ddd7c5aec176522db102110b9c99_Titelbild_Goldtrophy_640.jpg", "openstreetmap_id": "way/911466485"}, "geometry": {"type": "Point", "coordinates": ["8.99561405181885", "47.28461544522217"]}}, {"type": "Feature", "properties": {"identifier": "e73b3959-d6d8-4281-9879-3e12748286d0", "name": "Restaurant Nektar", "description": "<p>St.Gallen ist eine Stadt mit reicher kulinarischer Geschichte: vom Sch&uuml;tzengarten-Brauereiquartier bis zur Altstadt-Gastronomie. Die Vielfalt der St.Galler Genussszene ausmachen. Wir sehen uns als Teil dieser lebendigen St. Galler Restaurantlandschaft &ndash; mit unserer eigenen Handschrift.</p><p>Wer einen Tisch in einem Restaurant in St.Gallen sucht, das traditionell und international zugleich denkt, ist im Nektar richtig: feine Speisen, ausgesuchte Weine, ein gem&uuml;tliches Ambiente und Gastfreundschaft, die nicht aufgesetzt ist. Klein, modern, gem&uuml;tlich. Ein Ort f&uuml;r ein lockeres Mittagessen, einen Ap&eacute;ro, ein feines Abendessen oder einen geselligen Anlass.</p>", "url": "http://www.restaurant-nektar.ch/", "image": "https://sgbtpimtsoch.sos-ch-dk-2.exoscale-cdn.com/catalog/8/0/d/7/80d7785b853351fa6a3f4bd76b74693424ce9952_6be96886_bcd7_4aa2_b00f_24bb599a41bf.jpeg", "openstreetmap_id": "way/38880089"}, "geometry": {"type": "Point", "coordinates": ["9.3660911", "47.4197359"]}}, {"type": "Feature", "properties": {"identifier": "e768f618-5209-492e-a0c5-de814e88c8c5", "name": "Kaffeehaus", "description": "In der hauseigenen R\u00f6sterei entfaltet sich die Welt feinster Spezialit\u00e4tenkaffees \u2013 kreativ, aromatisch und mit der unverwechselbaren Handschrift des Baristas. Hier wird Kaffee nicht nur getrunken, sondern zelebriert \u2013 ein Genussmoment, in dem die Zeit stillzustehen scheint. Wer den Geschmack mit nach Hause nehmen m\u00f6chte, kann den Kaffee direkt im Kaffeehaus kaufen.\n\nDoch das Kaffeehaus ist mehr als ein Ort f\u00fcr herausragenden Kaffee. Es ist ein lebendiger Treffpunkt f\u00fcr Klang, Kunst und Wort \u2013 ein Raum, in dem Geschichten entstehen und geteilt werden.", "url": "https://kaffeehaus.sg/", "image": "https://sgbtpimtsoch.sos-ch-dk-2.exoscale-cdn.com/catalog/2/6/6/2/266219bed0523c20fc5b5718f7991bb2125cfc1f_kiostuehle_kaffeehaus.jpg", "openstreetmap_id": "node/2459053278"}, "geometry": {"type": "Point", "coordinates": ["9.3835919", "47.4250453"]}}, {"type": "Feature", "properties": {"identifier": "e7885384-dbd2-420d-94c2-f60b557cbecc", "name": "Restaurant Villa am See by Sandro L\u00fcthi", "description": "<p>Aus dem schmucken Wohnhaus aus dem Ende des 19. Jahrhunderts ist ein Bijou mit Charme und Eleganz entstanden. Frisch renoviert im Jahr 2023 erstrahlt die Villa in neuem Glanz!</p><p style=\"margin-bottom: 1rem;\">Sandro L&uuml;thi und sein Team sind stets bestrebt, alle Ihre W&uuml;nsche erf&uuml;llen zu k&ouml;nnen, damit Ihr Genuss auch zu einem Erlebnis wird!</p><p style=\"margin-bottom: 1rem;\">Kreativit&auml;t, beste Qualit&auml;t der Grundprodukte vermischt mit viel Handwerk, &nbsp;der Liebe zum Detail und viel Know-how f&uuml;hren zu ausgewogenen Gerichten.</p><p style=\"margin-bottom: 1rem;\">Eine regelm&auml;ssig wechselnde Men&uuml;karte und saisonale Gerichte, begleitet durch auserlesene Weine sollen alle G&auml;ste dazu verleiten, &ouml;fters in der Villa am See einzukehren.</p>", "url": "http://www.villa-am-see-goldach.ch", "image": "https://sgbtpimtsoch.sos-ch-dk-2.exoscale-cdn.com/catalog/f/4/0/4/f4045e5e9c6a65a86715478749a1da5afcda399e_image001__2.jpg", "openstreetmap_id": "way/127753080"}, "geometry": {"type": "Point", "coordinates": ["9.47628", "47.48676"]}}, {"type": "Feature", "properties": {"identifier": "e790b2f1-52ba-4b73-88ac-7f70df84cc60", "name": "Radisson Blu Hotel St.Gallen", "description": "Das Radisson Blu Hotel, St.Gallen liegt zentral, gleich neben dem Olma Messegel\u00e4nde und nur wenige Gehminuten von der Altstadt entfernt. Bei der Einrichtung der 123 G\u00e4stezimmer wurde grossen Wert auf Stil und Komfort gelegt. Die R\u00e4ume sind hell und strahlen eine einladende Wohlf\u00fchlatmosph\u00e4re aus. Neben modernen Standard- und Business Class Zimmern stehen auch zw\u00f6lf ger\u00e4umige Junior Suiten und drei Penthouse Suiten mit fantastischem Blick \u00fcber das historische St.Gallen und das Appenzellerland zur Auswahl.  \n\nDas Hotel besticht mit acht topmodernen Seminarr\u00e4umen aus frischen, hochwertigen Materialien. Jeder Raum verf\u00fcgt \u00fcber nat\u00fcrliches Tageslicht und ist mit Standardtechnik ausgestattet.", "url": "https://www.radissonhotels.com/de-de/hotels/radisson-blu-st-gallen", "image": "https://sgbtpimtsoch.sos-ch-dk-2.exoscale-cdn.com/catalog/c/4/2/1/c421000d99a6d94148aa05ed372ba32724590513_20241128_Radisson_Aussenansicht.jpg", "openstreetmap_id": "node/538033362"}, "geometry": {"type": "Point", "coordinates": ["9.3804123", "47.4310891"]}}, {"type": "Feature", "properties": {"identifier": "e7cd32b1-dd33-43c6-b583-5c0aafcc4c63", "name": "Bull-Riding-Contest", "description": "<p>Die Bull-Riding-Anlage bietet viel Spass f\u00fcr Gruppen, Firmen oder Vereine. Sei es auf dem Bullen oder auch nur als Zuschauer und \"Anfeuerer\". Nutzen Sie den Bullen exklusiv f\u00fcr Ihre Gruppe und messen Sie sich untereinander. F\u00fcr den Muskelkater am n\u00e4chsten Tag wird jede Haftung abgelehnt. </p><p><span style=\"font-weight: bold;\">Preise / Inbegriffene Leistungen:</span></p><ul><li>Freie Benutzung der Bull-Riding-Anlage am Abend nach Betriebsschluss (ab 17.30 Uhr)</li><li>1/2 Stunde Pauschal CHF 80.00</li><li>1 Stunde Pauschal CHF 110.00 </li><li>F\u00fcr jede weitere Stunde CHF 80.00<br><br></li></ul><p><span style=\"font-weight: bold;\">Tipps und Hinweise:</span></p><ul><li>Der Bulle hat drei Schwierigkeitsstufen</li><li>Dauer pro Person - von einigen wenigen Sekunden bis mehrere Minuten</li><li>Kombinieren Sie Ihren Bull-Riding-Contest mit einem Grill- oder Spaghetti-Plausch im <a href=\"https://goldingertal.ch/de/map/details/atzmaennig-lodge-7451b93b-509b-40aa-af5e-4160286ce20b.html\" target=\"_blank\">Restaurant Atzm\u00e4nnig Lodge</a></li><li>Beachten Sie das spezielle Info-Blatt</li><li>Ein Bull-Riding-Contest ist nur am Abend m\u00f6glich. Am Tag ist die Anlage f\u00fcr s\u00e4mtliche G\u00e4ste f\u00fcr CHF 3.00 pro Person benutzbar<br><br></li></ul><p><span style=\"font-weight: bold;\">Durchf\u00fchrung:</span></p><ul><li>T\u00e4glich</li><li>Die Anlage ist gedeckt, bei starkem Regen k\u00f6nnen aber der Bulle und die Sicherheitskissen nass sein. Ebenfalls ist der Raum ausserhalb des Bullen (Zuschauer) nicht gedeckt</li><li>Anmeldung erforderlich (Absage, resp. Verschiebung wegen schlechtem Wetter bis am Vortrag m\u00f6glich)</li><li>Gruppengr\u00f6sse - Keine Beschr\u00e4nkung</li></ul>", "url": "https://www.atzmaennig.ch/de/suchergebnis/?search=bull+riding", "image": "https://sgbtpimtsoch.sos-ch-dk-2.exoscale-cdn.com/catalog/1/9/7/f/197f426d9a8316a902b2499555d9ab59ef19e0a4_Bull_Riding_Contest_Bild.jpeg", "openstreetmap_id": "way/231502473"}, "geometry": {"type": "Point", "coordinates": ["8.99707853794098", "47.28545559102192"]}}, {"type": "Feature", "properties": {"identifier": "e7d24c13-58ed-43c0-b925-c5b179d6abfe", "name": "Echo vom S\u00e4ntis", "description": "<p>Der weiche, sanfte Klang des Hackbretts. Die klassische, feine Note der Geige. Die l\u00e4ndlichen, urchigen T\u00f6ne der Handorgel. Der dunkle, breite Unterton des Kontrabasses. Zusammen ergibt das Appenzeller Musik, die aufstellt, Stimmung bringt und unter die Haut geht.&nbsp;<br></p>", "url": "https://www.echo-vom-saentis.ch/", "image": "https://sgbtpimtsoch.sos-ch-dk-2.exoscale-cdn.com/catalog/9/8/8/5/9885b5fa0d9086d3a49015b376a6008313e34bd6_echo_vom_saentis.jpg", "openstreetmap_id": "node/10910901861"}, "geometry": {"type": "Point", "coordinates": ["9.3233327", "47.3492524"]}}, {"type": "Feature", "properties": {"identifier": "e87af404-b6b5-4e54-9908-f251f789950c", "name": "Widmer's Hofladen", "description": "<p>Selbstgemachtes ab Hof, mit Geissenprodukte und frischen Backwaren. Der Hofladen der Familie Widmer befindet sich auf dem Ricken. Sie sind immer wieder an verschiedenen M&auml;rkten anzutreffen.&nbsp;</p><p><span style=\"font-weight: bold;\">Angebot:</span></p><ul><li>Eier, Eierlik&ouml;r</li><li>Verschiedene Konfit&uuml;ren</li><li>Honig</li><li>Alpk&auml;se</li><li>Goldiger Bergk&auml;se</li><li>Frischer Zopf jeden Freitag, Samstag und Sonntag</li><li>Brot hausgemacht auf Bestellung</li><li>Diverse Kuchen und Torten auf Bestellung</li><li>Geissensch&uuml;blig und Geissenmostbr&ouml;ckli</li><li>Kaninchenfleisch und Gitzifleisch auf Bestellung</li><li>Trutenfleisch</li><li>Pouletfleisch auf Bestellung</li><li>Kleine Mengen Fleisch auch im Tiefk&uuml;hler im Hofladen erh&auml;ltlich</li><li>Gestrickte Socken</li></ul>", "image": "https://sgbtpimtsoch.sos-ch-dk-2.exoscale-cdn.com/catalog/b/c/1/c/bc1cc446a27db86748f375a7663b140d596060c5_1718028043846.jpg", "openstreetmap_id": "way/256085032"}, "geometry": {"type": "Point", "coordinates": ["9.05737086543138", "47.265270400000006"]}}, {"type": "Feature", "properties": {"identifier": "e8a0d885-7e5e-4b66-be11-b0be223dd833", "name": "Wanderung zum Schindelberg", "description": "<p>Die Alp Schindelberg ist auf verschiedenen wundersch&ouml;nen Wegen zu erreichen. Oben angekommen kann im <a href=\"https://goldingertal.ch/de/map/details/restaurant-alp-schindelberg-5f39a40c-33aa-441c-aeb7-26b1d38bc309.html\" target=\"_blank\" rel=\"noopener\">Restaurant</a> ausgeruht werden.</p><p><span style=\"font-weight: bold;\">Wanderungen:</span></p><ul><li>Parkplatz Chamm-Schindelberg - ca. 1h<br><p class=\"MsoNormal\">Die genaue Route sowie die GPX Daten sind unter diesem&nbsp;<a href=\"https://schweizmobil.ch/de/tour/3523473\">Link</a> ersichtlich.</p></li><li>Rundwanderung ab Parkplatz Chamm - Oberchamm - Ch&uuml;mibaren - \"in der B&uuml;rch\" - Schindelberg - ca. 3h</li></ul><p>Anreise mit den &ouml;ffentlichen Verkehrsmitteln:<br>Bus 630 von Eschenbach (Dorftreff) nach Hintergoldingen (Sonne)</p><div class=\"content-text\"><p class=\"MsoNormal\">Die genaue Route sowie die GPX Daten sind unter diesem&nbsp;<a href=\"https://schweizmobil.ch/de/tour/3523482\">Link</a>&nbsp;ersichtlich.</p></div><div class=\"row\"><div class=\"col-md-12 widget\"><div class=\" block\"><div class=\"elementGallery\"><div id=\"app-gallery-241550\" class=\"masonry-thumbs col-4\" data-big=\"3\"><a href=\"https://goldingertal.ch/assets/images/y/0c27b360312df977-xxtsnhx7g3rpzxm.jpg\" data-index=\"0\" data-skip-search-index=\"\"><div class=\"masonry-item-responsive\"><picture><source srcset=\"assets/images/4/0c27b360312df977-s3f8z5ccf8mt21m.webp 1x, assets/images/q/0c27b360312df977-95yrk2324sedq40.webp 1.7x\" type=\"image/webp\" data-srcset=\"assets/images/4/0c27b360312df977-s3f8z5ccf8mt21m.webp 1x, assets/images/q/0c27b360312df977-95yrk2324sedq40.webp 1.7x\"></picture></div></a></div></div></div></div></div>", "image": "https://sgbtpimtsoch.sos-ch-dk-2.exoscale-cdn.com/catalog/6/2/2/d/622dc247f851f772a98ed7386ebd210b96184726_1000074141.jpg", "openstreetmap_id": "node/2096025932"}, "geometry": {"type": "Point", "coordinates": ["8.993983268737795", "47.31536272219694"]}}, {"type": "Feature", "properties": {"identifier": "e8d0ed1d-0d9c-47de-ae5f-284c08b2e299", "name": "Wandern im Atzm\u00e4nnig - Route 1", "description": "<p>Diese einfache Wanderung startet bei der Talstation Atzm&auml;nnig, von der aus mit der Sesselbahn (&Ouml;ffnungszeiten beachten) die H&ouml;henmeter &uuml;berwunden werden k&ouml;nnen. Oben angekommen, wandern Sie auf der Krete links am Wald vorbei zu den Liften Brustenegg. Von hier sieht man die&nbsp;<a href=\"https://goldingertal.ch/de/map/details/feuerstelle-schlotterschlucht-2f76b934-6330-4e42-bf56-d5a0511cfd34.html\" target=\"_blank\" rel=\"noopener\">Feuerstelle \"Schlotterschlucht\"</a> an der eine gem&uuml;tliche Rast eingeplant werden kann. Nach ca. 300m, nach rechts abschwenken und in Richtung Bauernhof Oberau weiterwandern, vorbei durch den Wald und weiter zur Talstation Schutt.&nbsp;</p><p>Wanderzeit: ca. 3/4 Std.&nbsp;</p><p>Anreise mit den &ouml;ffentlichen Verkehrsmitteln:<br>Bus 630 von Eschenbach (Dorftreff) nach Hintergoldingen (Atzm&auml;nnig Schutt)</p>", "url": "https://www.atzmaennig.ch/", "image": "https://sgbtpimtsoch.sos-ch-dk-2.exoscale-cdn.com/catalog/a/f/9/c/af9c70979ab87a19fe512dd59246acec6383790d_wandern3.jpg", "openstreetmap_id": "node/5283577927"}, "geometry": {"type": "Point", "coordinates": ["8.995313644409181", "47.28447009770173"]}}, {"type": "Feature", "properties": {"identifier": "e9d10421-3124-4e96-912f-8271c664c7f7", "name": "Schweizer Mehrkampf-Meisterschaften 2026 ", "description": "<p>Am 27. und 28. Juni 2026 gastiert die nationale Mehrkampf-Elite in Teufen: An den Schweizer Mehrkampf-Meisterschaften messen sich Athletinnen und Athleten im Zehnkampf und Siebenkampf sowie weiteren Mehrkampfformaten. Der Mehrkampf gilt als K&ouml;nigsdisziplin der Leichtathletik und bietet w&auml;hrend zwei Tagen spannenden Sport auf h&ouml;chstem Niveau. Es werden rund 400 Teilnehmende (Aktive bis U16) erwartet.</p>", "url": "https://www.swiss-athletics.ch/sm-mehrkampf/", "image": "https://sgbtpimtsoch.sos-ch-dk-2.exoscale-cdn.com/catalog/e/3/2/4/e3244ba87073cacaa9ae4ab657a0b9e8965d2a3e_Swiss_Athletics__SM_Mehrkamp.png"}, "geometry": {"type": "Point", "coordinates": ["9.3927314", "47.3894911"]}}, {"type": "Feature", "properties": {"identifier": "e9f441df-70d7-4983-a92d-8678f7b7a70f", "name": "JUST Welt", "description": "<p>Seit 1930 bringt JUST das Naturwohlgef&uuml;hl mit ihren hochwertigen Kosmetikprodukten zu dir nach Hause. Besuche nun du uns mit deiner Gruppe in der JUST Welt in Walzenhausen, im Appenzeller Vorderland und hoch &uuml;ber dem Bodensee. Auf der Arnikatour erhaltet ihr exklusive Einblicke in unsere moderne Produktion und erfahrt von eurem pers&ouml;nlichen Guide Wissenswertes &uuml;ber die Entwicklung und Herstellung der JUST Produkte.</p><p>Im Anschluss sch&uuml;pft ihr selbst in den Laborkittel und taucht in unserer Aroma Manufaktur in die Welt der &auml;therischen &Ouml;le ein. Lernt ihre Wirksamkeit auf K&ouml;rper und Geist kennen und stellt euer eigenes Duschgel mit eurem Lieblings&ouml;l her.&nbsp;</p><p>Die Tour findet ihren Abschluss im Chr&uuml;terforum bei einer Tasse Tee und euren JUST-Lieblingsprodukten zum Ausprobieren und mit nach Hause nehmen.&nbsp;</p>", "url": "https://www.just.swiss/just-welt/", "image": "https://sgbtpimtsoch.sos-ch-dk-2.exoscale-cdn.com/catalog/9/f/0/0/9f00f005b1972244c64eec0a4b62eb396dfa9804_Just_Dez22_066_2.jpg", "openstreetmap_id": "way/172158560"}, "geometry": {"type": "Point", "coordinates": ["9.602152705192566", "47.45189277008315"]}}, {"type": "Feature", "properties": {"identifier": "ea41b459-f172-4927-acdb-4d6e9c008c2e", "name": "Kaminzimmer"}}, {"type": "Feature", "properties": {"identifier": "ea4ac822-9a3e-454f-8339-2fc122a08201", "name": "Dorf-Wanderung Chappelle", "description": "<p>Diese Wanderung f&uuml;hrt rund um St. Gallenkappel und ist auch mit Kinderwagen machbar. &Uuml;ber Betzikon kann an der Feuerstelle eine Pause eingelegt werden oder es geht direkt &uuml;ber Vogelherd zur&uuml;ck ins Dorf.<br><br>Dauer ca. 1h / Distanz ca. 4.7km<br>&nbsp; &nbsp;<br>Anreise mit den &ouml;ffentlichen Verkehrsmitteln:&nbsp;<br>Bus 622 von Eschenbach (Dorftreff) nach St. Gallenkappel (Unterdorf)</p><p>Die genaue Route sowie die GPX Daten sind unter diesem&nbsp;<a href=\"https://schweizmobil.ch/de/tour/2505611?layers=wanderland%2CtrackLayer&amp;E=2716194&amp;N=1234229&amp;resolution=1.71&amp;bgLayer=pk&amp;detours=yes&amp;shooting=yes&amp;logos=yes&amp;photos=yes&amp;season=summer\">Link</a>&nbsp;ersichtlich.</p>", "image": "https://sgbtpimtsoch.sos-ch-dk-2.exoscale-cdn.com/catalog/3/0/0/2/3002dc597b29a3d27d2536f7bbf58ec6fe6179a5_SGK_hinter_Schulhaus_Blick_K__belsberg.JPG", "openstreetmap_id": "node/32539848"}, "geometry": {"type": "Point", "coordinates": ["8.966528177261354", "47.244847727690164"]}}, {"type": "Feature", "properties": {"identifier": "eafcfa25-461b-47a7-8f21-71f32eba5a84", "name": "Gasthaus zur Sonne", "description": "<p><strong>Das \"Gasthaus zur Sonne\" - Hotel, Restaurant &amp; Boutique</strong></p><p>Das heimelig gepflegte <strong>Stadthotel</strong> f&uuml;r Gesch&auml;ftsleute, Touristen, Event oder Messe Besucher. Idealer Ausgangspunkt f&uuml;r Ausfl&uuml;ge ins Appenzeller Land oder nach St. Gallen oder Z&uuml;rich.&nbsp;</p><p>Das <strong>Restaurant</strong> mit seinen verschiednen Stuben: herzlich, pers&ouml;nlich und unkompliziert. Einfach f&uuml;r die G&auml;ste da sein&hellip; die K&uuml;che steht f&uuml;r fein-b&uuml;rgerlicher Tradition und moderner Eleganz.&nbsp;</p><p>Wiederentdeckte R&auml;ume im Gasthaus, renoviert aber im alten Stil belassen, bietet die&nbsp;<strong>Boutique</strong> ein spezielles Flair wie &laquo;anno dazumal&raquo;. Aber eigentlich ist die Boutique in der ganzen &laquo;Sonne&raquo; anzutreffen. Geschenkartikel, M&ouml;bel, Wohn-Accessoires, oder modisches f&uuml;r Sie und Ihn. Durchs Haus flanieren und Sch&auml;tze entdecken... verlieben wahrscheinlich!</p><p>Die Gastgeber Brigitte &amp; Daniel Schneider freuen sich auf Besuch.&nbsp;</p><p>&nbsp;</p><p>&nbsp;</p><p>&nbsp;</p>", "url": "https://sonnegossau.ch", "image": "https://sgbtpimtsoch.sos-ch-dk-2.exoscale-cdn.com/catalog/2/c/c/4/2cc4824869ec47f92cf0679b774ce7aae60e610c_Hotel_Sonne_Gebaeude_medium_04.jpg", "openstreetmap_id": "way/268965148"}, "geometry": {"type": "Point", "coordinates": ["9.248079", "47.4152989"]}}, {"type": "Feature", "properties": {"identifier": "eb1a6dac-1cf7-4955-820b-488b707c6d71", "name": "Haus des Weins", "description": "<p>In Berneck, der gr&ouml;ssten Rebbaugemeinde des Kantons St. Gallen, steht seit Oktober 2018 das Haus des Weins mit seinem markanten Dach f&uuml;r G&auml;ste offen. Jeden Samstag von 14 bis 22 Uhr l&auml;sst sich hier die faszinierende Vielfalt der St. Galler Weine entdecken und nach Herzenslust degustieren. Insgesamt 22 Weinmacher nutzen die stilvolle Plattform und pr&auml;sentieren insgesamt gegen 100 Weine aus den Regionen Rheintal, Sarganserland/Walensee und Z&uuml;richsee. Und nat&uuml;rlich k&ouml;nnen die Lieblingstropfen und weitere feine Produkte aus der Region vor Ort gekauft werden. Die landschaftliche Vielfalt des Kantons St. Gallen erm&ouml;glicht eine &uuml;berraschende Auswahl von Sorten, die in 30 Weinbaugemeinden angebaut werden. Von den Klassikern Pinot noir und M&uuml;ller-Thurgau bis zu trendigen PIWI-Sorten wie Cabernet Jura oder Johanniter. Hervorragend ausgebildete Winzer nutzen die nat&uuml;rlichen Standortvorteile und produzieren Weine, die mittlerweile an internationalen Wettbewerben absolut konkurrenzf&auml;hig sind. Immer wieder wird die M&ouml;glichkeit geboten, vor Ort einen &laquo;Winzer des Monats&raquo; zu erleben und die Weine zu probieren sowie im pers&ouml;nlichen Gespr&auml;ch die Philosophie und Projekte kennen zu lernen. F&uuml;r Kulinarikinteressierte werden das ganze Jahr &uuml;ber interessante Kurse rund um das Thema Wein angeboten. Auf www.hausdesweins-sg.ch sind jeweils die Daten der neusten Weinerlebnisse ersichtlich.</p>", "url": "http://www.hausdesweins-sg.ch", "image": "https://sgbtpimtsoch.sos-ch-dk-2.exoscale-cdn.com/catalog/0/0/a/3/00a31d87b4ea07af178ec51da3a162c961a8554b_Rebbl__tenfest_bearbeitet_y2022_7__2.jpg", "openstreetmap_id": "node/11730554757"}, "geometry": {"type": "Point", "coordinates": ["9.60784", "47.42556"]}}, {"type": "Feature", "properties": {"identifier": "eb99c5cc-4e72-418b-b1b2-e9800d11cf80", "name": "Couture Matuh", "description": "<p>In der Schneiderwerkstatt entstehen Kleider, Blusen, Jupes, Hosen, Hemden, Shirts, Jacken und M&auml;ntel &ndash; individuell gefertigt aus nat&uuml;rlichen Materialien und mit viel handwerklichem Feingef&uuml;hl. Alte Lieblingsst&uuml;cke werden durch &Auml;nderungen oder Umgestaltung zu neuen, tragbaren Unikaten.</p>\n<p>Erg&auml;nzt wird das Angebot durch ein N&auml;hcaf&eacute;, Workshops und Handarbeitsabende. Es ist ein Ort des interkulturellen Austauschs und des gemeinsamen Schaffens.</p>", "url": "https://www.couturematuh.ch/", "image": "https://sgbtpimtsoch.sos-ch-dk-2.exoscale-cdn.com/catalog/9/f/8/e/9f8e5f63d9fe6ae97243bbecbd1fc0b18d0e06d4_20250807_couture_matuh.jpg", "openstreetmap_id": "node/5936807200"}, "geometry": {"type": "Point", "coordinates": ["9.36068", "47.41726"]}}, {"type": "Feature", "properties": {"identifier": "ebf46d62-4748-4496-b052-e80a7185a25b", "name": "Museum Neuthal Textil- & Industriekultur", "description": "<p>Von der Wasserkraft, die einst Mensch und Maschinen antrieb, bis zu funktionierenden historischen Textilmaschinen &ndash; hier zeigt sich der ganze Produktionsprozess vom Spinnen &uuml;ber das Weben bis zum veredelten Stoff.</p><p><strong>Dem Wasser auf der Spur: Outdoor 365 Tage</strong></p><p>Ein <a href=\"https://www.neuthal-industriekultur.ch/outdoor365\" target=\"_blank\" rel=\"noopener\">Audiowalk als H&ouml;r-Reise</a> entf&uuml;hrt in die Zeit, als das Wasser Menschen und Maschinen antrieb. Kinder entdecken auf einer Schatzsuche den Gl&ouml;gglifrosch und die Wasserspitzmaus. Das Gel&auml;ndemodell erschliesst die wahre Gr&ouml;sse des historischen Fabrikareals und l&auml;sst virtuell in vergangene Zeiten und durch Mauern blicken.&nbsp;</p><p><strong>Sonderausstellung: &laquo;Mode macht Geld&raquo;</strong></p><p>Die Ausstellung zeigt den Weg der Kleidung &ndash; von der Herstellung bis zur Entsorgung &ndash; und regt zum Nachdenken &uuml;ber unseren Modekonsum an. Erg&auml;nzend zur <a href=\"https://www.neuthal-industriekultur.ch/sonderausstellung\" target=\"_blank\" rel=\"noopener\">Sonderausstellung</a> gibt es mehrere Events zum Thema &laquo;Kreislauf statt Kleiderflut: Wie Mode nachhaltig wird&raquo;.</p><p><strong>Mit historischen Z&uuml;gen ins Neuthal </strong></p><p>Eine Zeitreise in die Industriegeschichte des Z&uuml;rcher Oberlands. Jeden Sonntag verkehren nostalgische Z&uuml;ge: Dampfz&uuml;ge oder der Baumwoll-Express. Mit dem&nbsp;<a href=\"https://www.neuthal-industriekultur.ch/baumwollexpress\" target=\"_blank\" rel=\"noopener\">Industriekultur-Erlebnisticket</a> gibt es die Fahrt mit dem Baumwoll-Express und Eintritt ins Museum Neuthal f&uuml;r nur 49.&ndash; f&uuml;r die ganze Familie.</p><p><strong>Gruppenerlebnis, das Geschichte und Technik miteinander verbindet </strong></p><p>Im Museum Neuthal erlebst du Industriekultur hautnah. Die <a href=\"https://www.neuthal-industriekultur.ch/gruppen\" target=\"_blank\" rel=\"noopener\">F&uuml;hrungen</a> bieten spannende Einblicke in die Zeit der Industrialisierung des Z&uuml;rcher Oberlands und die Welt der Textilindustrie &ndash; ideal geeignet f&uuml;r Vereine, Firmen oder private Gruppen.</p>", "url": "http://www.neuthal-industriekultur.ch", "image": "https://sgbtpimtsoch.sos-ch-dk-2.exoscale-cdn.com/catalog/b/a/c/c/baccd346a7999263b13f33febc86da8eaa85b57e_20250408_museum_neuthal_aussenansicht.jpg", "openstreetmap_id": "199986140.0"}, "geometry": {"type": "Point", "coordinates": ["8.8653917", "47.3593969"]}}, {"type": "Feature", "properties": {"identifier": "ec123064-5cd6-4642-a683-f592150cbdf2", "name": "TukTuk-Fahrten", "description": "Zum Angebot geh\u00f6ren die Small Tour (1 Stunde), Medium Tour (2 Stunden) oder die Large Tour (halbtags). Auch eine individuelle Tour oder eine Tour f\u00fcr einen speziellen Anlass k\u00f6nnen gebucht werden.", "url": "https://www.calessino.ch", "image": "https://sgbtpimtsoch.sos-ch-dk-2.exoscale-cdn.com/catalog/e/8/4/2/e8429ca74ebe644170c07cfa1445b137144d458f_IMG_4568.JPG", "openstreetmap_id": "way/1112456066"}, "geometry": {"type": "Point", "coordinates": ["9.2952233", "47.3913797"]}}, {"type": "Feature", "properties": {"identifier": "ec258788-0bed-4c90-a13a-bb995118a841", "name": "Goldloch Goldingertal", "description": "<p>Das Goldloch Goldingertal wird auch Isaraloch genannt. Mit 60 m Tiefe ist das Isaraloch eine der gr&ouml;sseren H&ouml;hlen in der Gegend. Um 1770 sollen hier t&auml;glich vier bis sechs Bergarbeiter nach Gold gesucht haben. Das Isaraloch hat zwei Stollen - einer gleich nach dem Eingang links mit kleinem See - welche mit einem engen Durchgang verbunden sind. Der Boden ist sehr lehmig und ist nur mit guten Wanderschuhen zu begehen. Gutes Schuhwerk ist auch f&uuml;r den Aufstieg zwingend, da es teilweise recht schmal und steil ist.</p><p><strong>Weg zum Goldloch:</strong></p><p>Ab Parkplatz Chamm ist es in ca. 20 bis 30 Minuten erreichbar. Man folgt zuerst dem Weg in Richtung Schindelberg. Ca. 200m nach dem Eisengatter rechts abbiegen und dem Bachverlauf folgen. Beim H&auml;uschen wieder rechts und anschliessend den Bach &uuml;berqueren. Nun f&uuml;hrt der Wanderweg zum Eingang der H&ouml;hle. Der Weg ist mit braunen Wegweisern \"Goldloch\" markiert.</p><p><strong>Auf eigene Faust oder mit einer gef&uuml;hrten Tour</strong></p><p>F&uuml;r individuelle Besucher bieten wir von Zeit zu Zeit &ouml;ffentliche F&uuml;hrungen an. Buchungen f&uuml;r Gruppen k&ouml;nnen jederzeit &uuml;ber die&nbsp;<a href=\"mailto:info@goldingertal.ch\" target=\"_blank\" rel=\"noopener noreferrer\">Gesch&auml;ftsstelle</a> Goldingertal Eschenbach vereinbart werden.</p><p>F&uuml;r Menschen mit Platzangst ist das Goldloch nicht geeignet.</p><p><strong>Daten f&uuml;r &ouml;ffentliche F&uuml;hrungen 2026:<br></strong>Freitag, 24. April - 18.00 Uhr<br>Freitag, 4. September - 18.00 Uhr</p><p>Tickets unter folgendem <a href=\"https://eventfrog.ch/de/p/gruppen/erlebnis-goldloch-fuehrung-mit-regionalen-probiererli-7188112161264071906.html\">Link</a><br><br>Anreise mit den &ouml;ffentlichen Verkehrsmitteln:<br>Bus 630 von Eschenbach (Dorftreff) nach Hintergoldingen (Sonne)</p><p>&nbsp;</p>", "url": "https://www.goldingertal.ch", "image": "https://sgbtpimtsoch.sos-ch-dk-2.exoscale-cdn.com/catalog/7/2/1/c/721cbd1bc9bd8694fe2748b1d51d735b37ab34a7_20240625_goldloch_besichtigung__19_.jpg", "openstreetmap_id": "node/66579959"}, "geometry": {"type": "Point", "coordinates": ["9.001193046569826", "47.29984056681394"]}}, {"type": "Feature", "properties": {"identifier": "ec38a899-f814-48b3-baf8-e61402c059fd", "name": "B\u00e4ckerei F\u00fcger Handmade Rorschach", "description": "Hier werden die G\u00e4ste mit t\u00e4glich frischem handgemachten Brot, einer vielf\u00e4ltigen Auswahl an Sandwiches, s\u00fcssen und salzigen Versuchungen verw\u00f6hnt. \n\nAn der kleinen Kaffeebar gibt es eine Tasse aromatischer Kaffee und Tee zu geniessen.", "url": "https://fueger-handmade.ch/rorschach/", "image": "https://sgbtpimtsoch.sos-ch-dk-2.exoscale-cdn.com/catalog/6/6/6/b/666b0b92537497216851ba104bf0bd20eb829cd7_Fueger_Logo_Handmade_StGallen_sw_201221.png", "openstreetmap_id": "way/328626100"}, "geometry": {"type": "Point", "coordinates": ["9.487519942997125", "47.47869965"]}}, {"type": "Feature", "properties": {"identifier": "ec49f181-ad16-4b1a-aa57-e44f461847e4", "name": "Rhein-Route Highlights (5 Tage / 4 N\u00e4chte) | Saison 2 Kategorie B", "description": "<p class=\"MsoNormal\">Die Rhein-Route umspannt den Osten der Schweiz in einem weiten Bogen. Auf dieser Reise entdecken Sie die Highlights dieser Route und radeln vom weiten Bodensee, wo Obstg&auml;rten, Schl&ouml;sser und fr&ouml;hliches Touristengeschnatter die Gestade des gr&uuml;n und silbern schimmernden &laquo;schw&auml;bischen Meeres&raquo; zieren bis nach Basel.</p><p class=\"MsoNormal\">Saison 2: vom 25. April bis 25. September 2026</p><p class=\"MsoNormal\">Kategorie B: ab CHF 999.00</p><p class=\"MsoNormal\">Der genaue Reiseverlauf ist <a href=\"https://shop.st.gallen-bodensee.ch/de/products/rheinroute-highlights-5-tage-4-naechte-saison-2\" target=\"_blank\" rel=\"noopener\">hier</a> ersichtlich.</p>", "url": "https://www.eurotrek.ch", "image": "https://sgbtpimtsoch.sos-ch-dk-2.exoscale-cdn.com/catalog/6/9/4/a/694a30e3b57de5f4c94aa1ed76b37ce1e11334ee_Rheinroute_Dig_Marktplatz.jpg", "openstreetmap_id": "node/1349145879"}, "geometry": {"type": "Point", "coordinates": ["9.505248", "47.4780562"]}}, {"type": "Feature", "properties": {"identifier": "ec5f4ddb-9583-40f5-b75a-e57d78b6b4c8", "name": "Rohners Dorfbeck", "description": "<p>Die B&auml;ckerei Rohner AG ist ein mittelgrosses Unternehmen mit vier Verkaufsstellen. Mitten in St.Georgen befindet sich die Produktion der traditionellen Dorfb&auml;ckerei und die Verkaufsstelle Rohners Dorfbeck. Durch die fr&uuml;hen &Ouml;ffnungszeiten l&auml;sst es sich gut und sorgenfrei in den Tag starten. Rohners Dorfbeck verf&uuml;gt &uuml;ber drei kleine Tische im Innenbereich und zwei kleine Tische im Aussenbereich, die zum Verweilen einladen. Von Montag bis Samstag werden diverse Leckereien aus der Backstube angeboten. Von Hand geformte Brote und Kleinbrote, liebevoll gef&uuml;llte Sandwiches, leckere Fladen s&uuml;ss und salzig, stilvolle Pr&auml;sente und vieles mehr sind tagt&auml;glich in der Auslage zu finden. Das Team von Rohners Dorfbeck freut sich auf Ihren Besuch!</p>", "url": "https://rohners-genusswelt.ch/", "image": "https://sgbtpimtsoch.sos-ch-dk-2.exoscale-cdn.com/catalog/0/b/3/4/0b3437ed06190505864e12a8b9ed727f7ee3c897_Rohners_Dorfbeck_B__ckerei_Konditorei_Confiserie_St.Georgen_Backstube_Verkaufsladen.PNG", "openstreetmap_id": "node/2501535572"}, "geometry": {"type": "Point", "coordinates": ["9.3761", "47.42237"]}}, {"type": "Feature", "properties": {"identifier": "ecb49cfc-f62b-47da-9a5d-cc1111ec8403", "name": "Jodelch\u00f6rli St.Gallen Ost", "description": "<p>Das Jodelch\u00f6rli der Stadt St.Gallen verbindet Generationen und teilt die Freude am Jodelgesang. Ihr Motto: Gesang, Leidenschaft, Kameradschaft.&nbsp;<br></p>", "url": "https://www.jodelchoerli.ch/", "image": "https://sgbtpimtsoch.sos-ch-dk-2.exoscale-cdn.com/catalog/b/5/5/0/b5500b5bc00ad74a831c664967ec8aa6ce5ec0dd_jodelch__rli_stgallen_ost.jpg", "openstreetmap_id": "node/3882654960"}, "geometry": {"type": "Point", "coordinates": ["9.2509317", "47.3941543"]}}, {"type": "Feature", "properties": {"identifier": "ecb64c5d-3592-497a-8e71-b341b3387a25", "name": "Wiborada Audio Walk", "description": "<p class=\"MsoNormal\">Wer war diese Frau?</p><p class=\"MsoNormal\">Im Mittelalter, als die Kirche das Bistum und das Volk lenkte, wurde Wiborada zur wichtigsten Frau St.Gallens. Sie rettete die Manuskripte der Stiftsbibliothek in St.Gallen von den einfallenden Horden. Aus ihrer Klause heraus gewann sie grossen geistlichen und politischen Einfluss.</p><p class=\"MsoNormal\">Erlebe ihre faszinierende Geschichte neu mit deinen Ohren!</p><p class=\"MsoNormal\">Dauer: max. 120 Minuten</p><p class=\"MsoNormal\">Sprache: Deutsch</p><p class=\"MsoNormal\">Startort: Roter Platz St. Gallen (Raiffeisenplatz) beim Brunnen</p><p class=\"MsoNormal\">Points of Interest:<br>&nbsp;&bull; Roter Platz von Pipilotti Rist<br>&nbsp;&bull; Treppenstadt (13&lsquo;000 Stufen!)<br>&nbsp;&bull; Panoramablick &uuml;ber die Stadt<br>&nbsp;&bull; St.Georgen Kirche, Wiborada Kapelle<br>&nbsp;&bull; wilde M&uuml;hlenenschlucht<br>&nbsp;&bull; Klosterplatz St. Gallen<br>&nbsp;&bull; St. Mangen Kirche (Klause)</p>", "url": "https://wiborada-audio-walk.ch/", "image": "https://sgbtpimtsoch.sos-ch-dk-2.exoscale-cdn.com/catalog/f/9/3/9/f939d1ce9db2addafa04813e98c75e786234cc18_medium__St._Mangen__1_.jpg", "openstreetmap_id": "way/25138184"}, "geometry": {"type": "Point", "coordinates": ["9.373177886009218", "47.421971830032824"]}}, {"type": "Feature", "properties": {"identifier": "ecb678f5-0917-404d-a484-435c66c0bc49", "name": "Quizdinner - by TOPAZ", "description": "Was in vielen L\u00e4ndern bereits tief in der Kultur verankert ist, gewinnt auch in der Schweiz immer mehr an Bedeutung. \n\nErleben Sie einen Abend voller Wissen, AHA-Momente, Witz und Abwechslung. Was in vielen L\u00e4ndern bereits tief in der Kultur verankert ist, gewinnt auch in der Schweiz immer mehr an Bedeutung. Bei diesem ereignisreichen Abend ist Allgemein-/Nischenwissen und Kreativit\u00e4t gefragt.\n\nWir haben bekannte Quizformate so angepasst, dass sie \u00fcberall gespielt werden k\u00f6nnen: \u00abGefragt Gejagt\u00bb, \u00abDeal or No Deal\u00bb, \u00abQuiz der Popul\u00e4rkultur\u00bb und f\u00fcr die Uners\u00e4ttlichen \u00abWer wird Million\u00e4r?\u00bb. Finden Sie heraus, wer der wahre Quizmaster ist.", "url": "https://zeitreisen.ch", "image": "https://sgbtpimtsoch.sos-ch-dk-2.exoscale-cdn.com/catalog/2/2/d/f/22dfb4a4cdbe7196ab7f315fdb32d5643e90a1da_IMG_4849.JPG", "openstreetmap_id": "node/12304079695"}, "geometry": {"type": "Point", "coordinates": ["9.3734114", "47.3896451"]}}, {"type": "Feature", "properties": {"identifier": "ed302d5d-47b1-464a-82e5-ffbf633b156c", "name": "La verit\u00e0 - das lokal", "description": "<p>Am sch&ouml;nsten Platz in der St.Galler Altstadt in einem sch&ouml;nen Gew&ouml;lbekeller im Haus zur Wahrheit befindet sich das La verit&agrave;. In dem historischen Geb&auml;ude erinnert die alte Stadtmauer an l&auml;ngst vergangene Zeiten. Am langen Tisch, wo man isst und trinkt, plaudert und lacht, treffen Einheimische und Touristen aufeinander. Hausgemachte Antipasti, dazu ein gutes Glas Wein, Mittags die mit Freude gekochte Suppe oder das mit italienischen K&ouml;stlichkeiten gef&uuml;llte Ciabatta - das alles gibt es im La verit&agrave; oder auf dem sonnigen Gallusplatz zu geniessen. Im Eventlokal Cantina La stamperia k&ouml;nnen auch Events und Ap&eacute;ros, wie Hochzeiten, Geburtstage oder Meetings und Feiern f&uuml;r Firmen stattfinden.</p>", "url": "https://www.laverita.ch/", "image": "https://sgbtpimtsoch.sos-ch-dk-2.exoscale-cdn.com/catalog/4/8/c/3/48c3803fe8f2e37eebcd59b949d7ef7461fc540f_la_verita_sg_108f.jpg", "openstreetmap_id": "node/9951264247"}, "geometry": {"type": "Point", "coordinates": ["9.37564", "47.42239"]}}, {"type": "Feature", "properties": {"identifier": "ed5c8b14-6fac-42e0-8c45-efecdb4379f9", "name": "Bauernhofbesichtigung - \"vo Buur zu Buur\" mit zwei R\u00e4der", "description": "<p>Die Tour kann mit dem eigenen Velo oder E-Bike oder mit einem gemieteten T&ouml;ffli vom Atzm&auml;nnig angetreten werden. Gestartet werden kann im Atzm&auml;nnig Schutt oder auch an anderen Wegpunkten. &Uuml;ber R&uuml;eterswil, Goldingen, Laupen, Egligen zur&uuml;ck &uuml;bers Hintergoldingen zum Atzm&auml;nnig. Wer will, kann bei Egligen &uuml;bers Bannholz einen Abstecher zum Chrinnenhof machen.</p><p>Verschiedene H&ouml;fe auf der Strecke k&ouml;nnen besichtigt werden. Verpflegen l&auml;sst es sich in einem der Restaurants oder man kauft etwas in einem der Hofl&auml;den.</p><p>Die gesamte Strecke misst in etwa 25km und dauert ca. 2.20h. Weitere Angaben zur Tour sind auf&nbsp;<a href=\"https://www.outdooractive.com/de/route/radtour/zuercher-oberland/vo-buur-zu-buur-goldingertal/48157561/#caml=a14,1hcw8z,7tghcl,0,0\" target=\"_blank\" rel=\"noopener\">outdooractive</a>&nbsp;erfasst.</p><p class=\"MsoNormal\">Anreise mit den &ouml;ffentlichen Verkehrsmitteln:<br>Bus 630 von Eschenbach (Dorftreff) nach Hintergoldingen (Atzm&auml;nnig Schutt)</p><p class=\"MsoNormal\">Die genaue Route sowie die GPX Daten sind unter diesem&nbsp;<a href=\"https://schweizmobil.ch/de/tour/4540485\">Link</a> ersichtlich.</p>", "url": "https://www.atzmaennig.ch/de/gruppenevents/gesamtangebot-fuer-gruppen/toeffli-touren/?search_highlighter=chalts", "image": "https://sgbtpimtsoch.sos-ch-dk-2.exoscale-cdn.com/catalog/9/8/c/4/98c4d634f08e7e8421bf7c67cf5964c1f0ad3a24_Viehschau.png", "openstreetmap_id": "way/911466485"}, "geometry": {"type": "Point", "coordinates": ["9.001220475566042", "47.2811214"]}}, {"type": "Feature", "properties": {"identifier": "edb93b70-da41-4e47-a374-c86a9a2f3968", "name": "Schneeschuhwanderung zur Alpwirtschaft H\u00fcttenberg", "description": "<p>Diese sch&ouml;ne Schneeschuhtour liegt im Wandergebiet Atzm&auml;nnig, direkt am Toggenburger H&ouml;henweg auf 1058 m.&uuml;.M.&nbsp;</p><p>Im Oberricken steht ein grosser Parkplatz zur Verf&uuml;gung. Ab hier kann mit den Schneeschuhen gestartet werden. Die Wanderung dauert ca. 20-30 Minuten. Von der Alpwirtschaft H&uuml;ttenberg pr&auml;sentiert sich ein einmaliges Panorama vom Appenzellerland &uuml;bers Toggenburg, Glarnerland bis weit in die Zentralschweiz und Linthgebiet.&nbsp;</p><p class=\"MsoNormal\">Anreise mit den &ouml;ffentlichen Verkehrsmitteln:<br>Bus 622 von Eschenbach (Dorftreff) nach St. Gallenkappel (Post)<br>Bus 624 St. Gallenkappel (Schule) nach Walde (Oberricken)</p>", "image": "https://sgbtpimtsoch.sos-ch-dk-2.exoscale-cdn.com/catalog/2/5/1/f/251fe42e1c8ff2513e4eab038963206d546b37be_Schneeschuhwandern.png", "openstreetmap_id": "way/370157720"}, "geometry": {"type": "Point", "coordinates": ["9.02804732322693", "47.27341839399181"]}}, {"type": "Feature", "properties": {"identifier": "efe4ae5a-a140-463a-9aa8-58c976114ed3", "name": "Wetli Weine", "description": "An den steilsten S\u00fcdh\u00e4ngen der \u00f6stlichen Schweiz, f\u00fchren die Br\u00fcder Kaspar jun., Matthias, Florian und Adrian die Weinbautradition ihrer Eltern Kaspar und Susanne Wetli fort. Die aussergew\u00f6hnliche Konstellation dieser Winzerfamilie ist schweizweit, wenn nicht sogar weltweit einzigartig. Mit viel Schwung treffen neue Ideen auf traditionelle Werte und best\u00e4rken somit das Qualit\u00e4tsbewusstsein des Weinguts.\nMit rund 18 Hektaren in drei Kantonen stehen die Br\u00fcder f\u00fcr ehrlichen, nachhaltigen Weinbau. An den steilen Ausl\u00e4ufern des Appenzeller H\u00fcgellandes welche in das Rheintal ragen, finden bew\u00e4hrte Traubensorten wie auch neue Sorten hervorragende Bedingungen vor.\n", "url": "https://schmidwetli.ch/de/", "image": "https://sgbtpimtsoch.sos-ch-dk-2.exoscale-cdn.com/catalog/e/7/2/8/e7282b210185727423a0217af611e26f70e7d387__97A6895.jpg", "openstreetmap_id": "node/7530041439"}, "geometry": {"type": "Point", "coordinates": ["9.61695", "47.42332"]}}, {"type": "Feature", "properties": {"identifier": "f10e731e-36e7-444c-98c5-bb5774702894", "name": "Sunne Metzg", "description": "<p>Die Sunne Metzg befindet sich gleich unterhalb vom Restaurant Sonne in Hintergoldingen. Nebst dem Verarbeiten von Fleisch f\u00fcr Bauer und J\u00e4ger, bietet die Metzg verschiedene Wurst- und Fleischwaren. Auch wer ein Geschenk sucht, ist in der Sunne Metzg genau richtig.<br><br><span style=\"font-weight: bold;\">Angebot:</span></p><ul><li>Verarbeitung f\u00fcr Bauernbetriebe\n</li><li>Verarbeitung f\u00fcr J\u00e4ger\n</li><li>Div. Fleischwaren / Wurstwaren\n</li><li>Rauchspezialit\u00e4ten\n</li><li>Fleischautomat\n</li><li>Geschenkdosen und Geschenkk\u00f6rbe<br></li></ul>", "image": "https://sgbtpimtsoch.sos-ch-dk-2.exoscale-cdn.com/catalog/6/e/1/1/6e118147d152412f345c8bdb8105108891850407_Sunne_Metzg_1_350.jpg", "openstreetmap_id": "way/273781983"}, "geometry": {"type": "Point", "coordinates": ["8.984289765357973", "47.28784993651769"]}}, {"type": "Feature", "properties": {"identifier": "f2646495-d752-4300-8a6f-4fec60f82ef8", "name": "Swiss Casino St.Gallen", "description": "<p>Integriert ins Hotel Radisson k&ouml;nnen G&auml;ste an zahlreichen Spieltischen (American Roulette, Black Jack, Ultimate Texas Hold'em Poker) und unz&auml;hligen Spielautomaten in lockerer Atmosph&auml;re ihr Gl&uuml;ck versuchen. Stimmungsvolle Entspannung mit feinen Drinks wird an der Bar geboten. Das Swiss Casino St.Gallen zeichnet sich durch Modernit&auml;t und Grossz&uuml;gigkeit aus und bereichert die Bodensee-Region um ein Spielerlebnis in einem ungew&ouml;hnlichen und charmanten Ambiente.</p>", "url": "https://www.swisscasinos.ch/stgallen", "image": "https://sgbtpimtsoch.sos-ch-dk-2.exoscale-cdn.com/catalog/d/9/a/5/d9a5f79f0ea92335e8e7445c77db66fc37b24928_Casino_St.Gallen_Slots__3.jpg", "openstreetmap_id": "way/224013847"}, "geometry": {"type": "Point", "coordinates": ["9.38081", "47.43127"]}}, {"type": "Feature", "properties": {"identifier": "f26786c0-dc1b-450b-a5de-74a3bb6257a6", "name": "Egligen - K\u00f6belberg - Egligen", "description": "<p>Ab Egligen f&uuml;hrt die Wanderung durchs Dorf Goldingen, &uuml;ber die Hinterm&uuml;li, Freudental und Marchbu Richtung K&ouml;belberg. Von dort gehts weiter, mit einer sch&ouml;nen Aussicht &uuml;ber den Z&uuml;richsee und die Berge nach R&uuml;eterswil. &Uuml;bers Feldli und Vorderm&uuml;li gelant man wieder ins Dorf Goldingen und nach Egligen zur&uuml;ck.&nbsp;</p><p>Dauer ca. 2.50h / Distanz ca. 8.3km</p><p>Anreise mit den &ouml;ffentlichen Verkehrsmitteln:&nbsp;<br>Bus 630 von Eschenbach (Dorftreff) nach Goldingen (Egligen)</p><p>Die genaue Route sowie die GPX Daten sind unter diesem <a href=\"https://schweizmobil.ch/de/tour/779096128\">Link</a>&nbsp;ersichtlich.</p>", "image": "https://sgbtpimtsoch.sos-ch-dk-2.exoscale-cdn.com/catalog/e/0/5/1/e051df06ab7e31360baa164c2fdc173e7987f981_R__eterswil_Blick_auf_Z__risee.JPG", "openstreetmap_id": "node/66576861"}, "geometry": {"type": "Point", "coordinates": ["8.960337638854982", "47.26405813219905"]}}, {"type": "Feature", "properties": {"identifier": "f2bb110c-65b1-4b8f-9a32-efb7aa0bee09", "name": "Rundwanderung zur Alpwirtschaft H\u00fcttenberg", "description": "<p>Die kurze, aber lohnende Wanderung startet und endet bei der Sesselbahn Bergstation Atzm&auml;nnig. Hier folgt man dem Wegweiser, der zum n&auml;chsten Wegweiser und zur Weggablung leitet. Ab hier folgt man dem breiten Wanderweg bergauf in Richtung Chr&uuml;zegg (nicht Richtung H&uuml;ttenberg). Mit jedem Schritt hinauf wird die Aussicht sch&ouml;ner. Beim Aussichtspunkt Schwammegg, mit Sitzb&auml;nken ausgestattet, l&auml;sst sich die Aussicht so richtig geniessen - hier hat man den h&ouml;chsten Punkt der Rundwanderung erreicht. Es folgt ein sch&ouml;ner H&ouml;henweg unterhalb der Krete gelegen, dann ein kurzes St&uuml;ck &uuml;ber den Grat bis zum n&auml;chsten Wegweiser. Hier biegt man scharf nach rechts ab in Richtung H&uuml;ttenberg.</p><p>Nach einer gem&uuml;tlichen Pause in der <a href=\"https://goldingertal.ch/de/map/details/alpwirtschaft-huettenberg-1872d1ad-bdf5-4fda-8d42-522dedca40cf.html\">Alpwirtschaft H&uuml;ttenberg</a> geht der Weg ein kleines St&uuml;ck auf demselben Weg zur&uuml;ck bergauf, bis zum Wegweiser H&uuml;ttenberg. Bei diesem biegt man nach links in Richtung Ober Atzm&auml;nnig ab. Auf einem schmalen Pfad wandert man durch den Wald. Auf einem kurzen Abschnitt f&uuml;hrt der Weg links an einem fast senkrechten Hang entlang. Aus dem Wald tretend, gehts &uuml;ber eine Wiese bergauf bis zur Wegkreuzung, wo man links einbiegt. Dann wird die Sesselbahn Bergstation Atzm&auml;nnig erreicht.</p><p>Wer noch nicht genug hat, kann bis ins Tal laufen.</p><p class=\"MsoNormal\">Anreise mit den &ouml;ffentlichen Verkehrsmitteln:<br>Bus 630 von Eschenbach (Dorftreff) nach Hintergoldingen (Atzm&auml;nnig Schutt)</p>", "url": "https://www.atzmaennig.ch/", "image": "https://sgbtpimtsoch.sos-ch-dk-2.exoscale-cdn.com/catalog/8/4/6/f/846ff18a0473fa7a812869b0ce177381c131c295_Sessellift_Atzm__nnig.JPG", "openstreetmap_id": "node/726611392"}, "geometry": {"type": "Point", "coordinates": ["9.010789990425112", "47.279352109359905"]}}, {"type": "Feature", "properties": {"identifier": "f33e276d-3f51-4b0d-baec-e0867d17d3f8", "name": "Jugendmusik Sinfonics St.Gallen", "description": "In w\u00f6chentlichen Gesamt- und Registerproben erarbeiten die jugendlichen Musikantinnen und Musikanten, Tambouren und T\u00e4nzerinnen unter fachkundiger Leitung ein breites Repertoire an Werken und Choreographien und erlernen dabei was es braucht, erfolgreich in einer Formation zu spielen bzw. tanzen.", "url": "https://www.sinfonics.ch", "image": "https://sgbtpimtsoch.sos-ch-dk-2.exoscale-cdn.com/catalog/d/d/a/a/ddaab0a0872e932f8acc34b029c9f804a501dd16_20240504_201451.jpg", "openstreetmap_id": "node/7179285714"}, "geometry": {"type": "Point", "coordinates": ["9.3809153", "47.4295974"]}}, {"type": "Feature", "properties": {"identifier": "f34aa751-59bf-4937-b1a3-236051f19505", "name": "Raiffeisenbank am Ricken", "description": "<p>Seit 1910 ist die Raiffeisenbank am Ricken fest in der Region verankert. Sie bietet ihrer Kundschaft umfassende und pers&ouml;nliche Beratungen in allen Finanzfragen.&nbsp;</p><p>Seit 2025 d&uuml;rfen wir die Raiffeisenbank als Patronatspartner des beliebten Adventsmarkt Goldingen z&auml;hlen. Ebenfalls erhalten Sie an den Standorten Eschenbach, St. Gallenkappel und Goldingen die Goldig&auml; Taler oder k&ouml;nnen diesen dort eintauschen.&nbsp;</p>", "url": "https://www.raiffeisen.ch/am-ricken/de.html", "image": "https://sgbtpimtsoch.sos-ch-dk-2.exoscale-cdn.com/catalog/c/7/a/d/c7ad4c6ea00112df4c13db6eb8a6e54ffb26a850_Bankgeb__ude_Eschenbach_2024.jpg", "openstreetmap_id": "way/270254303"}, "geometry": {"type": "Point", "coordinates": ["8.920898437500002", "47.24112573238061"]}}, {"type": "Feature", "properties": {"identifier": "f386cc97-1c5d-4edd-b8c1-a862ee940459", "name": "16 04 Kleider nach Mass", "description": "<p class=\"isSelectedEnd\">Willkommen im Atelier von 16 04 Kleider nach Mass in der Altstadt von St. Gallen.</p><p class=\"isSelectedEnd\">Sinan Netzer schneidert Kleidungsst&uuml;cke nach Mass &ndash; sei es ein klassischer Blazer, ein Hemd oder ein ganzer Anzug f&uuml;r den Herrn oder ein Mantel, ein Jupe oder eine Bluse f&uuml;r die Dame.</p><p class=\"isSelectedEnd\">Neben Massbekleidung k&ouml;nnen auch Kleidungsst&uuml;cke ge&auml;ndert, angepasst oder repariert werden.</p><p>Sinan Netzer ber&auml;t seine Kunden pers&ouml;nlich, stilvoll, qualit&auml;tsbewusst und charmant und verbindet traditionelle Handwerkskunst mit zeitloser Eleganz.</p>", "url": "https://1604-schneiderei.ch/", "image": "https://sgbtpimtsoch.sos-ch-dk-2.exoscale-cdn.com/catalog/a/7/b/3/a7b3bf00465dbf6ad7234f7c1b71b40ae9de3834_ATI03JPG.JPG", "openstreetmap_id": "node/7503475140"}, "geometry": {"type": "Point", "coordinates": ["9.376986622810366", "47.42772445099096"]}}, {"type": "Feature", "properties": {"identifier": "f3d91002-df7f-468e-9bd0-478634384b34", "name": "Fatima Grotte", "description": "<p>Ausgangs Eschenbach, in Richtung Schmerikon, ist versteckt in Felsen die Fatima Grotte der Familie Morger angelegt.</p><p></p><p>Xaver Morger hat mit der Grotte einen sch\u00f6nen Ort der Ruhe und Gedanken geschaffen. Mit viel Liebe und Sorgfalt pflegt er diesen Ort seit vielen Jahren.</p><p></p><p>Viele Besucher sch\u00e4tzen die Fatima Grotte, um Kraft und Hoffnung zu sch\u00f6pfen.</p>", "image": "https://sgbtpimtsoch.sos-ch-dk-2.exoscale-cdn.com/catalog/e/a/4/d/ea4da9a1f1ab89081b4cf7a413c04218ec1e5f22_IMG_0084.jpeg", "openstreetmap_id": "Schmerikonerstrasse"}, "geometry": {"type": "Point", "coordinates": ["8.92418146133423", "47.23385213077207"]}}, {"type": "Feature", "properties": {"identifier": "f406c80e-9d90-4221-b7c6-2f7c003fd77e", "name": "PKZ St. Gallen WOMEN", "description": "Die Geschichte der PKZ-Gruppe ist vor allem eines: eine Familiengeschichte. Nachdem Paul Kehl 1881 seine erste Kleiderfabrik in Winterthur gegr\u00fcndet hatte, \u00fcbersiedelte er 1884 nach Z\u00fcrich und trug seine Firma dort 1891 unter dem Namen Paul Kehl Z\u00fcrich ein. Heute geh\u00f6ren die Marken PKZ MEN, PKZ WOMEN und Paul Kehl zum Unternehmen, das \u00fcber 40 Filialen verf\u00fcgt und rund 600 Personen besch\u00e4ftigt. Mit rund 170 Topmarken und \u00fcber 15\u2019000 Produkten ist PKZ ausserdem der f\u00fchrende Schweizer Fashionanbieter im Web und z\u00e4hlt mit seinem Onlineshop PKZ.CH hierzulande zu den Pionieren des E-Commerce. Weitere Informationen zum Unternehmen, das in f\u00fcnfter Generation in Familienbesitz ist, unter www.pkz.ch.", "url": "https://www.pkz.ch/de/", "image": "https://sgbtpimtsoch.sos-ch-dk-2.exoscale-cdn.com/catalog/0/1/e/1/01e1e8bd266947bdd901dfdb56ac50f9b2011642_Fassade.jpg", "openstreetmap_id": "3153824532"}, "geometry": {"type": "Point", "coordinates": ["9.3748983", "47.4240419"]}}, {"type": "Feature", "properties": {"identifier": "f4e7f084-b9fc-4c5b-8a4a-848ba2993329", "name": "S\u00e4ntis \u2013 der Berg", "description": "<p>Die Fahrt durch das Appenzellerland oder das Toggenburg weckt Vorfreude auf die Natur des S&auml;ntis. Die Schw&auml;galp, Startpunkt der S&auml;ntis-Schwebebahn, ist ganzj&auml;hrig &uuml;ber gut ger&auml;umte Strassen erreichbar. In 10 Minuten gleitet man zum Gipfel, mit Blick &uuml;ber sechs L&auml;nder, Bodensee und Alpen.</p><p>Bei schlechtem Wetter bietet die Erlebniswelt indoor Unterhaltung zu Wetter, Eis, Geologie und Schwebebahngeschichte. Kulinarisch verw&ouml;hnt das S&auml;ntisgipfel-Restaurant mit Appenzeller und Toggenburger Spezialit&auml;ten, ebenso wie das Hotelrestaurant. Das Gasthaus Passh&ouml;he an der Passstrasse eignet sich ideal f&uuml;r einen Kaffeehalt oder herzhaftes Fondue.</p><p class=\"MsoNormal\"><strong>Wichtige Information: Die S&auml;ntis-Schwebebahn ist infolge Erneuerung der Bahn vom 1. Mai bis Sp&auml;therbst 2026 eingestellt.</strong></p><p class=\"MsoNormal\"><strong>Das &laquo;S&auml;ntis &ndash; das Hotel&raquo; und die Restaurationsbetriebe auf der Schw&auml;galp sind durchgehend f&uuml;r Sie ge&ouml;ffnet.</strong></p><p>Weitere Informationen finden Sie <a href=\"https://saentisbahn.ch/\">hier</a> .</p><p>&nbsp;</p>", "url": "http://www.saentisbahn.ch/", "image": "https://sgbtpimtsoch.sos-ch-dk-2.exoscale-cdn.com/catalog/7/8/e/b/78ebd6820f2b9c02d0fbf6a39bcf2a9cbfaa0709_24_08_24_1482__2.jpg", "openstreetmap_id": "node/26864510"}, "geometry": {"type": "Point", "coordinates": ["9.3432366", "47.2493844"]}}, {"type": "Feature", "properties": {"identifier": "f53fecef-98dc-47b7-8155-eefde178b57d", "name": "Tailormade Hotel METROPOL St.Gallen", "description": "<p>Das frisch renovierte Tailormade Hotel METROPOL heisst seine G&auml;ste mit urbanem Flair, modernem Design und einer angenehmen Wohlf&uuml;hlatmosph&auml;re willkommen. Die stilvollen Doppelzimmer und die grossz&uuml;gigen Deluxe Zimmer bieten ausreichend Platz zum Arbeiten oder Entspannen. Die neu gestalteten Einzelzimmer &uuml;berzeugen mit einer funktionalen Ausstattung f&uuml;r Alleinreisende.</p><p>&nbsp;Die zentrale Lage macht das Hotel zum idealen Ausgangspunkt, um St.Gallen und die Region zu erkunden: Einkaufsm&ouml;glichkeiten, Restaurants und die historische Altstadt sind bequem zu Fuss erreichbar. Dank der nahegelegenen Parkh&auml;user ist auch die Anreise mit dem Auto unkompliziert und komfortabel &ndash; ideal f&uuml;r G&auml;ste, die flexibel unterwegs sind.</p><p>Morgens starten Sie mit dem reichhaltigen Fr&uuml;hst&uuml;cksbuffet genussvoll in den Tag. Freuen Sie sich auf erstklassigen Kaffee, frische regionale Produkte sowie eine abwechslungsreiche Auswahl an s&uuml;ssen und herzhaften K&ouml;stlichkeiten.</p>", "url": "https://www.tmh.swiss/metropol/", "image": "https://sgbtpimtsoch.sos-ch-dk-2.exoscale-cdn.com/catalog/d/c/1/8/dc18a11ef5ca12fb1397e73b4c2fca49c5404bf4_TMH_METROPOL_Deluxe_King_03.jpg", "openstreetmap_id": "node/2477694156"}, "geometry": {"type": "Point", "coordinates": ["9.370606700000051", "47.42297989999999"]}}, {"type": "Feature", "properties": {"identifier": "f56c4f2b-8140-4f7d-8e24-bd6799f91d77", "name": "Revier Hotel S\u00e4ntispark St.Gallen", "description": "<p>Nach dem umfassenden Umbau pr&auml;sentiert sich das Revier Hotel S&auml;ntispark mit einem aussergew&ouml;hnlichen Lifestyle-Konzept und zahlreichen Highlights wie dem neuen <a href=\"https://saentispark.revierhotels.com/de/gastronomie\" target=\"_blank\" rel=\"noopener\">Restaurant Roots</a>, der trendigen <a href=\"https://saentispark.revierhotels.com/de/restaurant-roots/the-fox-house-bar\" target=\"_blank\" rel=\"noopener\">Fox House Bar</a> oder der grossz&uuml;gigen Lobby mit Working-Spaces. Die Smart Studios f&uuml;r l&auml;ngere Aufenthalte, der Secret Garden f&uuml;r Ap&eacute;ros oder Gastronomie-Events sowie der liebevoll gestaltete Kids-Club bieten eine topmoderne Infrastruktur f&uuml;r Familien, Seminar- und Gesch&auml;ftsreisende.</p>", "url": "https://saentispark.revierhotels.com/de/", "image": "https://sgbtpimtsoch.sos-ch-dk-2.exoscale-cdn.com/catalog/e/4/b/5/e4b5632f5cc432c76c66b0d59d163a0fa6fc0465_RevierS__ntisparkOpening_041.jpg", "openstreetmap_id": "way/768586847"}, "geometry": {"type": "Point", "coordinates": ["9.3142241", "47.4174926"]}}, {"type": "Feature", "properties": {"identifier": "f572f997-579a-45cd-9a0c-aba40dab1925", "name": "Flightbase Flugerlebnisse", "description": "<p>Flightbase bietet verschiedene M&ouml;glichkeiten die Region St.Gallen und Bodensee aus luftiger H&ouml;he zu bewundern. Per Helikopter oder Flugzeug werden t&auml;glich Rundfl&uuml;ge durchgef&uuml;hrt, bei einem privaten Helikopterflug nach Absprache auch mit individuellem Wunschstartort auf einem Feld. Oder doch lieber ohne Motor mit dem Gleitschirm ins Tal gleiten? Professionelle Tandempiloten nehmen Dich gerne mit auf dieses unvergessliche Erlebnis. F&uuml;r Adrenalinliebhaber ist der Fallschirmabsprung aus dem Helikopter oder Flugzeug das Richtige und wenn es ganz gem&uuml;tlich sein soll, stehen Profi Heissluftballonpiloten f&uuml;r eine atemberaubende Fahrt bereit. Gerne beraten wir Dich pers&ouml;nlich um Dein perfektes Flugerlebnis zu finden. Alle Erlebnisse sind auch als Gutschein zum Verschenken erh&auml;ltlich.</p>", "url": "https://www.passagierflug.ch", "image": "https://sgbtpimtsoch.sos-ch-dk-2.exoscale-cdn.com/catalog/2/e/d/3/2ed3428d539b63b9afdf0e4e4ecb60b2f0d8e0d2_Fallschirm_Tandemsprung_Flightbase__2_.jpeg", "openstreetmap_id": "way/1056176207"}, "geometry": {"type": "Point", "coordinates": ["9.48792", "47.42592"]}}, {"type": "Feature", "properties": {"identifier": "f584ba91-8f74-4a22-969c-59a5aa9fc37a", "name": "Schweizer Familie Feuerstelle Atzm\u00e4nnig", "description": "<p>Ein idealer Ort, um bei heissen Temperaturen den Tag zu verbringen. Ausger&uuml;stet mit Holz, Grillrost und Sitzgelegenheiten steht dem Grillieren nichts im Wege.&nbsp;</p><p>Eine Abk&uuml;hlung bietet das flache Bachbeet gleich unterhalb der Feuerstelle.&nbsp;</p><p>Anreise mit den &ouml;ffentlichen Verkehrsmitteln:<br>Bus 630 von Eschenbach (Dorftreff) nach Hintergoldingen (Atzm&auml;nnig Schutt)</p>", "image": "https://sgbtpimtsoch.sos-ch-dk-2.exoscale-cdn.com/catalog/f/e/f/d/fefd46f160a8c6f486431417be92c0c922e374e4_Carina_Scheuringer_Goldingertal_Atzmaennig_HR_23.jpg", "openstreetmap_id": "way/231502473"}, "geometry": {"type": "Point", "coordinates": ["8.997137546539308", "47.287031249669546"]}}, {"type": "Feature", "properties": {"identifier": "f587a179-e12f-48b6-9e53-a54430d40aaf", "name": "Restaurant Schw\u00e4galp", "description": "<p>Das Restaurant Schw&auml;galp befindet sich im Erdgeschoss des &laquo;S&auml;ntis &ndash; das Hotel&raquo; am Fusse des S&auml;ntis. Die G&auml;ste k&ouml;nnen ihren Blick auf das imposante S&auml;ntismassiv schweifen lassen, w&auml;hrend sie mit typisch regionalen Gerichten auf h&ouml;chstem Niveau verw&ouml;hnt werden.</p><p class=\"MsoNormal\"><strong>Wichtige Information: Die S&auml;ntis-Schwebebahn ist infolge Erneuerung der Bahn vom 1. Mai bis Sp&auml;therbst 2026 eingestellt.</strong></p><p class=\"MsoNormal\"><strong>Das &laquo;S&auml;ntis &ndash; das Hotel&raquo; und die Restaurationsbetriebe auf der Schw&auml;galp sind durchgehend f&uuml;r Sie ge&ouml;ffnet.</strong></p>", "url": "https://saentisbahn.ch/essen-trinken/restaurant-schwaegalp/", "image": "https://sgbtpimtsoch.sos-ch-dk-2.exoscale-cdn.com/catalog/f/8/6/6/f866f3fba8dd6cac59d33080119863a59a2aa4b9_24001_6745_min__2_2.jpg", "openstreetmap_id": "node/6846203478"}, "geometry": {"type": "Point", "coordinates": ["9.3188294", "47.2563886"]}}, {"type": "Feature", "properties": {"identifier": "f58ae167-11cc-471a-8116-78a4a5add5ad", "name": "Caf\u00e9 Bar Treppenhaus", "description": "Seit Januar 2014 steht das Treppenhaus f\u00fcr rockige Gitarrenw\u00e4nde, durchzechte Barn\u00e4chte, heiteren Kaffeeplausch mit Kinderveranstaltungen, intensive Tresengespr\u00e4che mit der weltgewandten Servicefachkraft, heissbl\u00fctige Jassturniere, tr\u00e4nig-ber\u00fchrendes Singer-Songwriting, nervenaufreibendes Public-Viewing, bezaubernde Chai-Lattes, serviert von noch bezaubernderem, charmant-verkatertem Barpersonal... Die Caf\u00e9 Bar Treppenhaus steht f\u00fcr die friedliche Koextistenz diverser Stilrichtungen und Gustos. Es geht darum, etwas zu bewegen in der gastlichen Hafenstadt und dem Treiben den eigenen Stempel aufzupr\u00e4gen.", "url": "http://www.treppenhaus.ch/", "image": "https://sgbtpimtsoch.sos-ch-dk-2.exoscale-cdn.com/catalog/5/0/2/9/5029e91ba684971a4a4e884b2e1a5c2074821243_BUH_2691_min_1600x900.jpg", "openstreetmap_id": "node/3340098065"}, "geometry": {"type": "Point", "coordinates": ["9.495297", "47.4775716"]}}, {"type": "Feature", "properties": {"identifier": "f59b72f1-8362-43a9-8019-b6cfb90a5aee", "name": "E-Bike Route Josenberg", "description": "<p>Wer von der Herzroute nicht genug hat, kann vom Oberholz aus, eine attraktive Zusatzschlaufe machen.</p><p>Dauer ca. 1 Std. Auch auf diesem Weg kann eine wunderbare Aussicht genossen werden.</p><p class=\"MsoNormal\">Die genaue Route sowie die GPX Daten sind unter diesem <a href=\"https://schweizmobil.ch/de/tour/2520590\">Link</a>&nbsp;ersichtlich.</p>", "image": "https://sgbtpimtsoch.sos-ch-dk-2.exoscale-cdn.com/catalog/4/b/4/3/4b43160e95fd0c67ff4fb31efb0ea623cc5b711b_Velofahrer_in_den_Bergen.jpg", "openstreetmap_id": "node/5010232928"}, "geometry": {"type": "Point", "coordinates": ["8.941755294799806", "47.28790465533921"]}}, {"type": "Feature", "properties": {"identifier": "f5e6f2a7-7f76-4a2a-8a12-ed1c464bf965", "name": "Coiffeur Daniela", "description": "Daniela Schmid ist gelernte Coiffeuse mit \u00fcber 35 Jahren Erfahrung. Egal ob Damen-, Herren- oder Kinderhaarschnitte gew\u00fcnscht sind mit Daniela haben Sie eine gute Beratung. Regelm\u00e4ssige Weiterbildungen sind f\u00fcr sie ein Muss, um auf dem neusten Stand der Frisuren, Techniken und Haartrends zu bleiben. \n\nBeim Coiffeur Daniela kann der Goldig\u00e4 Taler eingel\u00f6st werden. ", "url": "https://www.coiffeur-daniela.ch/", "image": "https://sgbtpimtsoch.sos-ch-dk-2.exoscale-cdn.com/catalog/1/6/9/e/169e0ca68ecf54dca0d59f5e729c77db7205d02f_Coiffeur_Daniela_Neuhaus.jpg", "openstreetmap_id": "way/281466829"}, "geometry": {"type": "Point", "coordinates": ["8.945736352055182", "47.24267675"]}}, {"type": "Feature", "properties": {"identifier": "f6942904-68f4-4786-811b-17522e43a147", "name": "Kinderdorf Pestalozzi", "description": "Entdecken Sie das historische Kinderdorf Pestalozzi, wo sich Geschichte und Gegenwart auf faszinierende Weise begegnen. Starten Sie das Erlebnis mit einer interaktiven Ausstellung, die Sie zu den Urspr\u00fcngen der ZEWO-zertifizierten Stiftung zur\u00fcckf\u00fchrt. Verfolgen Sie die Entwicklung des Kinderdorfs von seiner Gr\u00fcndungsidee nach dem Zweiten Weltkrieg bis zur renommierten NGO von heute.\n\nDie Erlebniswelt im Kinderdorf Pestalozzi bietet f\u00fcr Gross und Klein viel Platz f\u00fcr Kreativit\u00e4t, spielerisches Lernen und Erholung. Die Welt setzt sich zusammen aus 10 spannenden und zugleich lehrreichen Spielm\u00f6glichkeiten und R\u00fcckzugsorten, die als Gruppe erkundet werden k\u00f6nnen. Auch f\u00fcr Eltern und Begleitpersonen sorgen unsere Spieltr\u00e4ume f\u00fcr Unterhaltung und interessante Erkenntnisse. Das Kinderdorf Wimmelbild f\u00fchrt Entdecker*innen durch das Erlebnisdorf und vermittelt spannende Fakten \u00fcber Kinderrechte, w\u00e4hrend die Riesenkugelbahn, der Balancierpfad oder die Spinnerei (Kletternetz) die Geschicklichkeit testen.\n\nFalls Sie noch etwas Hunger oder Durst versp\u00fcren sollten, bietet die Cafeteria eine Auswahl an erfrischenden Getr\u00e4nken und Snacks. Das Kinderdorf Pestalozzi verf\u00fcgt \u00fcber Einzel- und Mehrbettzimmer und heisst Einzelpersonen, Familien und Gruppen gerne willkommen. \n\nDie Erlebniswelt liegt hoch \u00fcber dem Bodensee, umgeben von den sanften H\u00fcgeln des Appenzellerlands. Es befindet sich nur 20 Minuten von St. Gallen entfernt \u2013 abseits jeglicher Hektik, in gr\u00fcner Natur und bequem mit der Appenzeller Bahn erreichbar.\n\n", "url": "https://www.pestalozzi.ch/de/erlebnis", "image": "https://sgbtpimtsoch.sos-ch-dk-2.exoscale-cdn.com/catalog/9/0/1/2/901243e41d6dda435b37a58b4435307b468e1eaf_Spieltr__ume___Juli_2023__5_.jpg", "openstreetmap_id": "way/761032565"}, "geometry": {"type": "Point", "coordinates": ["9.460072924285642", "47.40328374382611"]}}, {"type": "Feature", "properties": {"identifier": "f735ae9c-091f-4e2f-a0f3-2d4206c7a005", "name": "Restaurant Sonne", "description": "<p>Im heimeligen Restaurant in Hintergoldingen trifft man sich zum Zn\u00fcni, Zmittag, Feierabendbier oder einem feinen Nachtessen. Die Gerichte werden mit regionalen Produkten immer frisch zubereitet. Die Vielf\u00e4ltigkeit der Gerichte ist gross, ob ein hausgemachtes Knoblibrot, Cordon-Bleu oder ein Sunne Burger, es findet sich bestimmt etwas.&nbsp; F\u00fcr die Kinder hat es einen kinderfreundlichen Spielplatz und im Sommer wird auf der sch\u00f6nen Sonnenterrasse serviert.&nbsp;</p><p>Das Restaurant verf\u00fcgt ausserdem \u00fcber einen sch\u00f6nen Saal der Platz f\u00fcr bis zu 90 Personen bietet, hat einen Dartraum und ebenfalls eine Kegelbahn.&nbsp;</p><p>Immer Freitags ist die Goldloch-Bar von 20.00 - 01.00 Uhr offen.</p>", "url": "https://sonne-goldingen.ch/", "image": "https://sgbtpimtsoch.sos-ch-dk-2.exoscale-cdn.com/catalog/d/b/1/2/db12d5e3cc70546d01c0c9e71d308b854d47f63f_Sonne_web.jpg", "openstreetmap_id": "way/273781983"}, "geometry": {"type": "Point", "coordinates": ["8.984207708656303", "47.28792305"]}}, {"type": "Feature", "properties": {"identifier": "f81fe524-ae73-484f-a70c-5ce7ccbbaca5", "name": "Forster Rohner AG", "description": "<p>Als Conrad Forster-Willi 1904 sein Unternehmen mit dem Namen Forster Willi &amp; Co. gr&uuml;ndete, war Stickerei das wichtigste Exportprodukt der Schweiz. Seither hat sich dieser Zweig gewandelt. Geblieben sind aber die Faszination, die von diesem ausserordentlich wandlungsf&auml;higen Produkt ausgeht und das unsch&auml;tzbare Know-How, welches viele Mitarbeiter mit langj&auml;hriger Erfahrung von Generation zu Generation weitertragen. Heute wird die Forster Rohner Gruppe von der vierten Generation geleitet. An ausgew&auml;hlten Daten ist der <a href=\"https://www.outlet-sg.com/\" target=\"_blank\" rel=\"noopener\">Outlet </a>ge&ouml;ffnet. Angeboten werden Stickereien f&uuml;r Haute-Couture, Pr&ecirc;t-&agrave;-Porter und W&auml;sche sowie Unistoffe.</p>", "url": "http://www.forsterrohner.com/", "image": "https://sgbtpimtsoch.sos-ch-dk-2.exoscale-cdn.com/catalog/8/9/e/c/89ec24581cfd65bc0b1479cfed7e8ebe11fac065_Flurhof_150_16x9_106.jpg", "openstreetmap_id": "way/224528735"}, "geometry": {"type": "Point", "coordinates": ["9.403273", "47.4311726"]}}, {"type": "Feature", "properties": {"identifier": "f8aedbff-a57d-4896-8cee-4917182b142f", "name": "The Ribel Steaks", "description": "<p>Wie die klassische Rheintaler Spezialit\u00e4t zeichnet sich auch der Sound von The Ribel Steaks durch eine grosse musikalische Vielfalt aus. Daf\u00fcr sorgen f\u00fcnf Musiker, die die Rheintaler Musikszene in den letzten 30 Jahren wesentlich mitgepr\u00e4gt haben: Inspiration und Transpiration von \u00abThe Ribel Steaks\u00bb bringen jedes T-Shirt inklusive Lederjacke in Hitzewallung. Leads\u00e4nger und Gitarrist Peter Giger, Saitenmann J\u00fcrg Weder, Drummer Markus Tinner, Keyboarder Christian Petrollini und Bassist Johannes Eberhard Musiker servieren ein breites und abwechslungsreiches Programm mit Biss, das sich auf jede Art von Anlass ausrichten l\u00e4sst.</p>", "image": "https://sgbtpimtsoch.sos-ch-dk-2.exoscale-cdn.com/catalog/a/5/e/8/a5e89c292dec2713c28eefe21586313757331811_band_the_ribel_steaks.jpg", "openstreetmap_id": "relation/1687101"}, "geometry": {"type": "Point", "coordinates": ["9.586950356249789", "47.37796495"]}}, {"type": "Feature", "properties": {"identifier": "f8da2682-2661-4fdf-9237-2a118f21d860", "name": "Zauberk\u00fcnstler Marcini", "description": "<p>Im Alter von elf Jahren wurde Marcini mit dem Zaubervirus infiziert. Seitdem verzaubert er regelm\u00e4ssig sein Publikum. Marcinis Zauberei erfreut G\u00e4ste an Hochzeiten, Geburtstagsfeiern, Firmenfeiern oder Gesch\u00e4ftsessen.</p>", "image": "https://sgbtpimtsoch.sos-ch-dk-2.exoscale-cdn.com/catalog/a/3/a/7/a3a742eca8f60a130553c2ba388fc29e4c2fffd2_zauberk__nstler_marcini.JPG", "openstreetmap_id": "way/238751470"}, "geometry": {"type": "Point", "coordinates": ["9.4748954", "47.3710077"]}}, {"type": "Feature", "properties": {"identifier": "f93d6e26-251d-4c65-babb-771f3b4b2b91", "name": "Restaurant Alp Altschwand", "description": "<p>Das Alp Restaurant mit Gartenterrasse liegt idyllisch gelegen an ruhiger Lage zwischen W\u00e4lder und Wiesen. Es ist in etwas 20 Minuten zu Fuss vom Atzm\u00e4nnig entfernt und auch bequem mit dem Auto erreichbar. \n\nEin grosser Spielplatz mit Trampolin, Seilrutsche und Sandkasten l\u00e4dt auch Familien zum verweilen ein. \n\nIm Winter bei gen\u00fcgend Schnee, kann die Strasse als Schlittel Weg genutzt werden. \n</p>", "url": "https://www.alp-altschwand.ch/", "image": "https://sgbtpimtsoch.sos-ch-dk-2.exoscale-cdn.com/catalog/8/6/c/1/86c1342d39ab51cf2141cd9187d01b7bd703a172_202506_restaurant_alp_altschwand_goldingertal_atzmaennig__23_carina.jpg", "openstreetmap_id": "node/630500236"}, "geometry": {"type": "Point", "coordinates": ["9.0126004", "47.2880009"]}}, {"type": "Feature", "properties": {"identifier": "f9457aeb-aba6-46ac-9a04-54a7a518ac2d", "name": "K\u00e4sereibesichtigung mit Ap\u00e9ro", "description": "<p>Haben Sie schon einmal einem K\u00e4ser \u00fcber die Schulter geschaut? Genau das k\u00f6nnen Sie bei Markus Sutter und vielleicht erfahren Sie dabei mehr \u00fcber das Geheimnis des K\u00e4sers....</p><p></p><p>Besichtigen Sie den Betrieb oder sind live bei der Fabrikation von feinem Goldinger K\u00e4se dabei. </p><p></p><p><strong>Tipps und Hinweise</strong></p><p>Nach der spannenden Besichtigung kann im sch\u00f6nen \u201cCh\u00e4sl\u00e4deli\u201d von Sutter\u2019s feinem K\u00e4se gekauft werden. Die Besichtigung l\u00e4sst sich gut mit einer Wanderung, einem Ausflug in den Atzm\u00e4nnig oder weiteren Angeboten im Goldingertal kombinieren. </p><p></p><p><strong>Preise / Inbegriffene Leistungen </strong></p><ul><li>K\u00e4sereibesichtigung, resp. zuschauen bei der Fabrikation</li><li>Ap\u00e9ro mit eigenen K\u00e4seprodukten, Milch und Molke</li><li>Preis pro Person - Besichtigung: CHF 13.00*; Mindestpreis CHF 100.00 / Gruppe</li><li>Preis pro Person - Fabrikation: CHF 16.00*; Mindestpreis CHF 100.00 / Gruppe</li></ul><p></p><p><strong>Exklusiv; nach Absprache und Zusatzkosten</strong></p><ul><li>Weitere Getr\u00e4nke </li></ul><p></p><p><strong>Durchf\u00fchrung</strong></p><ul><li>T\u00e4glich ausser Sonntags</li><li>Besichtigung zwischen 9.30 - 18.00 Uhr</li><li>K\u00e4sefabrikation live von ca. 8.00 - 10.00 Uhr oder 19.00 - 21.00 Uhr</li><li>Dauer ca. 1.5 - 2 Stunden inkl. Ap\u00e9ro</li><li>Anmeldung erforderlich (Absage, resp. Verschiebung bis am Vortag m\u00f6glich)</li><li>Gruppengr\u00f6sse </li></ul><p>           bei der Fabrikation max. 15 Personen/ausserhalb der Fabrikation        max. 30 Personen</p>", "image": "https://sgbtpimtsoch.sos-ch-dk-2.exoscale-cdn.com/catalog/b/1/7/4/b174a9b67bb6b6cd841e784395c22317ccee4aaa_IMG_3299.jpg", "openstreetmap_id": "way/270254277"}, "geometry": {"type": "Point", "coordinates": ["8.9612629", "47.264756"]}}, {"type": "Feature", "properties": {"identifier": "f9773b06-a769-4505-9f3e-d02e6a3cbb71", "name": "Buchhandlung W\u00f6rterSpiel", "description": "<p>Die Buchhandlung wurde 2019 mit dem Ziel gegr&uuml;ndet, das Lesen, Schreiben und gemeinsame Spielen zu f&ouml;rdern. Das Team verf&uuml;gt &uuml;ber langj&auml;hrige Erfahrung im Buchhandel und bietet eine kompetente Beratung sowie einen offenen Ort der Begegnung.</p><p>Zum Sortiment geh&ouml;ren B&uuml;cher f&uuml;r die ganze Familie, Gesellschaftsspiele, Papeterie- und B&uuml;roartikel sowie ausgew&auml;hlte Geschenkideen.</p><p>Das Angebot wird durch Lesungen, regelm&auml;ssige Vorlesestunden f&uuml;r Kinder oder geschlossene Gesellschaften sowie durch weitere Veranstaltungen abgerundet.</p><p>Herzlich willkommen in der Buchhandlung in Rorschach am Bodensee.&nbsp;</p>", "url": "https://www.woerterspiel.ch", "image": "https://sgbtpimtsoch.sos-ch-dk-2.exoscale-cdn.com/catalog/4/1/e/9/41e90e7b9bec0afa11f189e7f7f515b86dcc1856_Belletristik_1_1200.jpg", "openstreetmap_id": "node/9691333479"}, "geometry": {"type": "Point", "coordinates": ["9.4923262", "47.478161"]}}, {"type": "Feature", "properties": {"identifier": "fafddbb4-b850-432a-8871-7b0bb9a07153", "name": "Zum Alp-Traum", "description": "<p>Im Winter ist es auch das Skibeizli, es ist aber das ganze Jahr ge\u00f6ffnet und hat viel mehr zu bieten als nur ein kleines Beizli. Alp-Traum-Filettopf, Rindsfiletpf\u00e4ndli, hausgemachte Ravioli oder Lasagne. Evelyne Hengartner und Yvonne Schnyder wissen, wie sie Ihre G\u00e4ste verw\u00f6hnen k\u00f6nnen.<br></p>", "url": "https://zumalptraum.ch/", "image": "https://sgbtpimtsoch.sos-ch-dk-2.exoscale-cdn.com/catalog/c/3/7/4/c3741be5f383491966ea6781104ad6823b4a55bb_zum_Alptraum_Oberholz_350.jpg", "openstreetmap_id": "node/9272841510"}, "geometry": {"type": "Point", "coordinates": ["8.9426907", "47.2876572"]}}, {"type": "Feature", "properties": {"identifier": "fb68865a-3eb1-4a66-9a4d-471d60f1840d", "name": "Goldschmiedewerkstatt Sara Iseli", "description": "Seit 1999 schmiedet Sara Iseli Schmuckst\u00fccke in ihrer eigenen Werkstatt in St.Gallen. 2014 er\u00f6ffnete sie ihr Wunschlokal an der Schmiedgasse 20. Sara Iseli entwirft, fertigt Unikate nach Mass und verwendet dabei verschiedene Materialien: ausgesuchte Edelsteine, kostbares Gold, Silber oder Platin, Carbon oder Hightech Keramik. Die Kunden k\u00f6nnen von Anfang an dabei sein, wenn das neue Schmuckst\u00fcck geschmiedet wird. \n  \nAuch alte Sch\u00e4tze aus vergangenen Tagen haben einen unbezahlbaren Wert. Es w\u00e4re schade, diese Schmuckst\u00fccke in der Schublade verstauben zu lassen. Deshalb geh\u00f6ren neben der Kreation auch Schmuckaktualisierungen und -reparaturen zum Angebot.", "url": "http://www.goldschmiedewerkstatt.ch/", "image": "https://sgbtpimtsoch.sos-ch-dk-2.exoscale-cdn.com/catalog/5/2/e/8/52e87d5e2838e1d53dc3760bfb496825ff6d13c6_IMG_8329.jpg", "openstreetmap_id": "node/4092527007"}, "geometry": {"type": "Point", "coordinates": ["9.37570489999996", "47.4240265"]}}, {"type": "Feature", "properties": {"identifier": "fc201ff5-1781-42ba-86a1-997edcd9e609", "name": "Regis.Creativ.Art", "description": "<p class=\"MsoNormal\">Regi Glarner liebt es kreativ zu sein und mit ihren Lieblingsmaterialien aus Pflanzen, Blumen, Beton, Altholz, Papier und Draht einzigartige Kunstwerke herzustellen.</p>\n<p class=\"MsoNormal\">Lassen sie sich inspirieren von einer Vielzahl von M&ouml;glichkeiten, die eigene Kreativit&auml;t auszuleben.</p>\n<p class=\"MsoNormal\">Regi's Kurse sind den Jahreszeiten angepasst und geben die M&ouml;glichkeit, neue F&auml;higkeiten zu erlernen und eigene Kunstwerke zu schaffen. Sie ist offen f&uuml;r eigene Ideen und passt auch gerne die Kurse den Bed&uuml;rfnissen an.</p>\n<p class=\"MsoNormal\">Die Kurse sind perfekt geeignet f&uuml;r Firmen, Freunde oder Familien und k&ouml;nnen in Gruppen besucht werden.</p>\n<p class=\"MsoNormal\"><strong>Gibt es einen Anlass zu dekorieren?<br></strong>Regi hilft gerne dabei Ihren geplanten Anlass von Geburtstag, Firmenevents oder vieles mehr<span style=\"mso-spacerun: yes;\">&nbsp;</span>nach Ihren W&uuml;nschen zu dekorieren. Bei Hochzeiten bietet Sie ebenfalls Unterst&uuml;tzung vom Brautstrauss bis zur Raumdekoration passend zu den eigenen W&uuml;nschen.</p>\n<p class=\"MsoNormal\">Immer wieder aktuelle Kunstwerke sind im Verkaufswagen gegen&uuml;ber der Prima Landi in Goldingen zum bewundern und kaufen ausgestellt.&nbsp;</p>", "url": "http://www.regiscreativart.ch", "image": "https://sgbtpimtsoch.sos-ch-dk-2.exoscale-cdn.com/catalog/6/9/8/3/6983dd4061a0b744324389ed0f561efa81645dcd_IMG_20250618_WA0017.jpg", "openstreetmap_id": "way/271931651"}, "geometry": {"type": "Point", "coordinates": ["9.00119415", "47.29099755"]}}, {"type": "Feature", "properties": {"identifier": "fc519288-aefd-4e32-94ab-2888b2d3a8f3", "name": "Caf\u00e9 & Bar Breite", "description": "Das Caf\u00e9 &amp; Bar Breite ist tags\u00fcber ein gem\u00fctliches Caf\u00e9 und bietet im Restaurant und in der Gartenbeiz Platz zum Verweilen und Geniessen. \n\nAbends ist die Bar Treffpunkt f\u00fcr Nachtschw\u00e4rmer und bietet unter anderem diverse kreative Cocktails und lokales Bier an.", "url": "http://www.bar-breite.ch/", "image": "https://sgbtpimtsoch.sos-ch-dk-2.exoscale-cdn.com/catalog/c/2/8/3/c2839fbd327491a7a2162de3ccdd4f190322b152_IMG_5396.jpeg", "openstreetmap_id": "node/1845412777"}, "geometry": {"type": "Point", "coordinates": ["9.5373429", "47.3785415"]}}, {"type": "Feature", "properties": {"identifier": "fcbd9ec9-24b5-49ce-9928-2a048f058b11", "name": "Ferienhof Wald", "description": "<p>Geniessen Sie erholsame Tage auf dem Bauernhof in der Chrinnen, oberhalb Wald ZH / Goldingen SG mit wundersch\u00f6ner Aussicht auf die Berge.</p><p><span style=\"font-weight: bold;\">Angebot:</span></p><ul><li>5 1/2-Zimmer Ferienwohnung (rollstuhlg\u00e4ngig) mit 9 Betten</li><li>3 separate Doppelzimmer mit Dusche, WC, TV und gratis WLAN auf Anfrage mit Fr\u00fchst\u00fcck</li></ul><p><br>Die Ferienwohnung und die Zusatzzimmer k\u00f6nnen kombiniert werden.<br></p><p><span style=\"font-weight: bold;\">Preise:</span></p><ul><li>Ferienwohnung<span style=\"white-space: pre;\">\t</span>&nbsp; &nbsp; &nbsp; &nbsp; &nbsp; &nbsp; &nbsp; &nbsp; &nbsp; &nbsp; &nbsp; &nbsp; &nbsp; &nbsp; &nbsp; &nbsp; &nbsp;CHF 250.--</li><li>Doppelzimmer, inkl. Fr\u00fchst\u00fcck<span style=\"white-space: pre;\">\t</span>&nbsp; &nbsp; &nbsp; &nbsp; &nbsp;CHF 98.-</li><li>Doppelzimmer, exkl. Fr\u00fchst\u00fcck<span style=\"white-space: pre;\">\t</span>&nbsp; &nbsp; &nbsp; &nbsp; &nbsp;CHF 80.-</li><li>Doppelzimmer zur Einzelbenutzung&nbsp; &nbsp; &nbsp;CHF 60.-/50.-</li></ul><p><br><span style=\"font-weight: bold;\">Lage:</span><span style=\"font-weight: 700;\"><br></span>Der Ferienhof liegt bei Wald auf rund 930 m \u00fcber Meer, neben der H\u00f6henklinik Wald. Der Hof liegt an der E-Bike Herzroute, direkt an der Grenze vom Kanton ZH zu SG. Von Goldingen ist der Ferienhof \u00fcber Bannholz-Tann erreichbar, aber nur zu Fuss oder mit dem Velo. Autozufahrt \u00fcber Wald ZH.</p><p><span style=\"font-weight: bold;\">Und sonst noch:<br></span>Regula Kindlimann kreiert <a href=\"https://goldingertal.ch/de/map/details/schmuck-huesli-7b45c791-6656-4353-ae06-70288a4270e4.html\" target=\"_blank\">Modeschmuck</a>. Hals-, Ohr- oder Armschmuck, eine grosse Auswahl steht zur Besichtigung und Kauf beim Ferienhof zur Verf\u00fcgung. Oder kreieren Sie mit Hilfe von Regula den eigenen Schmuck. Kurse nach Absprache.</p>", "url": "https://www.ferienhof-wald.ch/", "image": "https://sgbtpimtsoch.sos-ch-dk-2.exoscale-cdn.com/catalog/b/e/5/a/be5a5f9238d8d0dcc5d7a269395a1651403c9531_IMGP2567.JPG", "openstreetmap_id": "way/196386618"}, "geometry": {"type": "Point", "coordinates": ["8.947288823683586", "47.280580099999995"]}}, {"type": "Feature", "properties": {"identifier": "fcfafb16-b2c6-4a56-9302-28b01451789b", "name": "Sperre Stoss", "description": "Diverse grosse Festungsbauten in der Schweiz, so etwa am Gotthard, bei Gondo im Tessin, und bei Saint Maurice VS wurden bereits im sp\u00e4ten 19. Jahrhundert realisiert. An der Ostgrenze war jedoch bis kurz vor dem Zweiten Weltkrieg die veraltete Sperre auf der Luziensteig das einzige Festungswerk. Die Machtergreifung durch die Nationalsozialisten in Deutschland und der Anschluss \u00d6sterreichs an das Deutsche Reich machten unsere Politiker hellh\u00f6rig und f\u00fchrten Bundesrat und Parlament die Notwendigkeit eines verst\u00e4rkten Grenzschutzes im Osten drastisch vor Augen. Das im Februar 1935 genehmigte \u00abBauprogramm f\u00fcr Grenzbefestigungen\u00bb gab endlich \u00abgr\u00fcnes Licht\u00bb f\u00fcr die Projektierung von Festungswerken im Rheintal. Doch zuvor waren umfangreiche Rekognoszierungen notwendig. Erst kurz vor Kriegsbeginn begannen die Bauarbeiten. Unter anderem auch am Stoss, dem als wichtigster \u00dcbergang vom Rheintal ins Appenzellerland, eine bedeutende strategische Bedeutung zukam.", "url": "https://www.festung.ch", "image": "https://sgbtpimtsoch.sos-ch-dk-2.exoscale-cdn.com/catalog/2/5/a/7/25a78c7287a09566c53a7f56e09c2e767f45b245_Stoss_Infanteriebunker_Rain_kompr.jpg", "openstreetmap_id": "node/310819649"}, "geometry": {"type": "Point", "coordinates": ["9.505451031788997", "47.365691490027"]}}, {"type": "Feature", "properties": {"identifier": "fcffba60-0e6e-42a8-b53e-58382f7080ec", "name": "PECLONNY - ESCHI H\u00c4T SCHTIL", "description": "<p><strong>Entdecken. Erleben. Einzigartig sein.</strong></p>\n<p>Mitten im Herzen von Eschenbach erwartet Sie&nbsp;<strong>Peclonny</strong>, Ihr exklusiver Concept Store f&uuml;r besondere Lifestyle-Produkte, ausgesuchte Mode, individuelle Accessoires und stilvolle Geschenkideen. Hier treffen trendbewusstes Design auf pers&ouml;nliche Beratung und eine warme Atmosph&auml;re &ndash; f&uuml;r ein Einkaufserlebnis, das inspiriert und verbindet.</p>\n<p><strong>Events &amp; Erlebnisse bei Peclonny<br></strong>Wir glauben daran, dass Einkaufen mehr sein darf als ein schneller Besuch &ndash; deshalb laden wir Sie regelm&auml;ssig zu besonderen Events ein:&nbsp;<br>&nbsp;&nbsp;<br>\ud83d\udecd <strong>Privat Shopping&nbsp;</strong><br>Geniessen Sie exklusives Einkaufen ausserhalb der regul&auml;ren &Ouml;ffnungszeiten &ndash; ganz in Ruhe, nur f&uuml;r Sie allein oder mit Ihren Lieblingsmenschen. Ein Glas Sekt und pers&ouml;nliche Beratung inklusive.&nbsp;<br>&nbsp;&nbsp;<br>\ud83e\uddcd&zwj;\u2640\ufe0f<strong> Einzelberatung mit Stilgef&uuml;hl&nbsp;</strong><br>Sie suchen ein neues Lieblingsst&uuml;ck, ein besonderes Geschenk oder einfach frische Inspiration? Bei uns stehen Sie im Mittelpunkt. Unsere Einzelberatungen sind individuell, ehrlich und stilsicher.&nbsp;<br>&nbsp;&nbsp;<br>\ud83c\udf89<strong> Saisonale Events &amp; besondere Aktionen&nbsp;</strong><br>Ob Fr&uuml;hlingsauftakt, Sommerabend oder Adventszauber &ndash; wir feiern jede Jahreszeit mit kreativen Events, kleinen &Uuml;berraschungen und saisonalen Kollektionen. Lassen Sie sich begeistern!&nbsp;</p>\n<p><strong>\ud83c\udfa8 Pop-up-Fl&auml;che f&uuml;r lokale K&uuml;nstler &amp; Kreative&nbsp;</strong><br>Peclonny bietet Raum f&uuml;r Talente: Mit unseren flexiblen Pop-up-L&ouml;sungen schaffen wir eine B&uuml;hne f&uuml;r lokale K&uuml;nstler, Designer und kreative Macher. Pr&auml;sentieren Sie Ihre Werke in einem stilvollen Umfeld &ndash; mitten im Zentrum, mitten im Leben. F&uuml;r mehr Sichtbarkeit, Austausch und Inspiration.</p>\n<p><strong>Neu bei Peclonny: Goldig&auml; Taler willkommen!</strong><br>Ab sofort akzeptieren wir den Goldig&auml; Taler als Zahlungsmittel! Unterst&uuml;tzen Sie die regionale Wirtschaft und erleben Sie gleichzeitig stilvolles Einkaufen &ndash; mit Mehrwert f&uuml;r die ganze Community.</p>\n<p><strong>Besuchen Sie uns &ndash; wir freuen uns auf Sie!</strong></p>\n<p>Folgen Sie uns auf Instagram/Facebook/www.peclonny.ch, f&uuml;r aktuelle Event-Termine, Neuheiten und Inspiration rund um Peclonny.&nbsp;<br>&nbsp;&nbsp;<br><strong>Peclonny &ndash; Ihr Store. Ihre Zeit. Ihr Stil.&nbsp;</strong></p>", "url": "https://peclonny.ch/", "image": "https://sgbtpimtsoch.sos-ch-dk-2.exoscale-cdn.com/catalog/7/d/8/2/7d820b39ba16418f0326cce326040903b2cf60e9_IMG_2050__1_.jpg", "openstreetmap_id": "way/397555141"}, "geometry": {"type": "Point", "coordinates": ["8.9223092", "47.240333"]}}, {"type": "Feature", "properties": {"identifier": "fd0f5417-3973-48af-8630-479a74085187", "name": "Wanderung zur Farneralp", "description": "<p><span style=\"font-weight: bold;\">Die Farneralp ist auf unterschiedlichen Wegen zu erreichen:</span></p><ul><li>kurze Rundwanderung ab TCS Parkplatz Chrinnen - ca. 1h</li><li>l&auml;ngere Rundwanderung ab Parkplatz Chrinnen &uuml;ber Tann - ca. 1.5h</li><li>Atzm&auml;nnig - Chr&uuml;zegg - Farneralp - Atzm&auml;nnig - ca. 5h</li></ul><p>Anreise mit den &ouml;ffentlichen Verkehrsmitteln:<br>Bus 631 von Eschenbach (Dorftreff) nach R&uuml;ti (Bahnhof)<br>Bus 885 von R&uuml;ti (Bahnhof) nach Wald (Bahnhof)<br>Bus 892 von Wald (Bahnhof) nach Wald (Rehazentrum)</p><p class=\"MsoNormal\">Die genaue Route sowie die GPX Daten sind unter diesem <a href=\"https://schweizmobil.ch/de/tour/2744459\">Link</a>ersichtlich.</p><p class=\"MsoNormal\">&nbsp;</p><p class=\"MsoNormal\">Auf der&nbsp;<a href=\"https://goldingertal.ch/de/map/details/bergrestaurant-farneralp-bf1fd11f-60b9-42bc-9e53-50b967d41a8f.html\" target=\"_blank\" rel=\"noopener\">Farneralp</a> gibt es einen grossen Spielplatz f&uuml;r die Kinder, w&auml;hrend die Erwachsenen sich zum erholen im Restaurant verw&ouml;hnen lassen.</p><p>&nbsp;</p>", "image": "https://sgbtpimtsoch.sos-ch-dk-2.exoscale-cdn.com/catalog/6/0/3/d/603d512f98294341b3120d36b86fa6cff571e165_IMG_2174__1_.jpg", "openstreetmap_id": "node/11282934185"}, "geometry": {"type": "Point", "coordinates": ["8.9574056", "47.2848218"]}}, {"type": "Feature", "properties": {"identifier": "fd49c941-ec8f-4637-935c-1fc8c58c8667", "name": "News Caf\u00e9 Musikbar", "description": "Im Herzen von St.Gallen befindet sich die News Caf\u00e9 & Musikbar: Das News. Ein Ort wo sich Genuss und Kommunikation treffen. Das Lokal besticht durch ein geschmackvolles Ambiente kombiniert mit einem attraktiven Angebot an Getr\u00e4nken und Snacks sowie einem breiten Medienangebot. Bei warmen Temperaturen l\u00e4dt die Sonnenterrasse zum Geniessen ein. \n\nDie News Caf\u00e9 & Musikbar bietet sowohl Fr\u00fchst\u00fcck und Brunch als auch Mittagessen und diverse Snacks an. Feine Cocktails und Ap\u00e9ros runden das Angebot ab.", "url": "https://newscafebar.ch/", "image": "https://sgbtpimtsoch.sos-ch-dk-2.exoscale-cdn.com/catalog/6/2/5/7/6257d98a67602e0607dc8829d083db92c1c327f0_Screenshot_2023_09_05_100145.png", "openstreetmap_id": "node/445419083"}, "geometry": {"type": "Point", "coordinates": ["9.37409", "47.42524"]}}, {"type": "Feature", "properties": {"identifier": "fd6a1bb0-2f26-4afb-875c-4887519fe0f0", "name": "Schlittelweg Farneralp", "description": "<p>In der Abgeschiedenheit und doch nach kurzem Anfahrts- bzw. Fussweg wird das <a href=\"https://goldingertal.ch/de/map/details/bergrestaurant-farneralp-bf1fd11f-60b9-42bc-9e53-50b967d41a8f.html\" target=\"_blank\" rel=\"noopener\">Bergrestaurant Farneralp</a>, oberhalb der H&ouml;henklinik Wald, erreicht. Die Schlittelpiste f&uuml;hrt auf 1.5 km von der Farneralp bis nach Chrinnen. Parkieren kann beim TCS Parkplatz Chrinnen, von da geht&rsquo;s zu Fuss hoch zum Bergrestaurant Farneralp.</p><p>Schlitten k&ouml;nnen beim Bergrestaurant f&uuml;r CHF 7.- gemietet werden. Auskunft zum Zustand des Schlittelweges gibt&rsquo;s unter www.farneralp.ch</p><p><span style=\"font-weight: bold;\">Geheim-Tipp:<br></span>Nachtschlitteln mit Stirnlampe oder bei Vollmond; und zuvor ein feines Fondue.</p><p>Ebenfalls f&uuml;hrt ein pr&auml;parierter Winterwanderweg von der Wolfsgrueb zur Farneralp.</p><p class=\"MsoNormal\">Anreise mit den &ouml;ffentlichen Verkehrsmitteln:<br>Bus 631 von Eschenbach (Dorftreff) nach R&uuml;ti (Bahnhof)<br>Bus 885 von R&uuml;ti (Bahnhof) nach Wald (Bahnhof)<br>Bus 892 von Wald (Bahnhof) nach Wald (Rehazentrum)</p>", "image": "https://sgbtpimtsoch.sos-ch-dk-2.exoscale-cdn.com/catalog/b/7/f/0/b7f00724803e9f52752470ce2ac57d08e0b489c2_Bergrestaurant_Farneralp_Winter.jpg", "openstreetmap_id": "node/11282934185"}, "geometry": {"type": "Point", "coordinates": ["8.9574056", "47.2848218"]}}, {"type": "Feature", "properties": {"identifier": "fd819b2a-2ab2-43e1-a285-4283f454fb11", "name": "Walter Zoo AG Gossau", "description": "<p>Rund 1'000 Tiere aus rund 100 verschiedenen Tierarten machen den Besuch zu einem bleibenden Erlebnis. Sei es der majest\u00e4tische Berberl\u00f6we, die faszinierenden Sibirischen Tiger, das Treiben der Schimpansen, die schillernden Rosaflamingos, die Kleinen Pandas und Zwergotter, die spannende Tier- und Pflanzenwelt im Savannenhaus oder im Tropenhaus.\n\nInmitten grossz\u00fcgiger Anlagen sind Zebras, Vikunjas, Trampeltiere, Ponys und Esel zu beobachten. Bei kommentierten Tierbesch\u00e4ftigungen und F\u00fctterungen, beim Flugtraining und in der Zooschule erfahren die G\u00e4ste Spannendes und Wissenswertes aus dem Tierreich. \n\nWeitere Attraktionen f\u00fcr die kleinen Besucherinnen und Besucher sind die Abenteuerspielp\u00e4tze, die F\u00fctterungsvoliere, Kamel- und Ponyreiten oder die Streichelwiese. Das Zoorestaurant mit Blick ins Tropenhaus, verschiedene Verpflegungsst\u00e4nde und Grillstellen runden das vielf\u00e4ltige Angebot ab. Ein Highlight sind die t\u00e4glichen Auff\u00fchrungen im Zootheater (w\u00e4hrend der Haupsaison).\n\nDer Walter Zoo ist aber auch ein spannender Ort f\u00fcr Veranstaltungen. Ob Apero, Bankett oder Brunch: Die Eventr\u00e4umlichkeiten bieten das geeignete Ambiente f\u00fcr jedes Fest. Aber auch f\u00fcr Kundenanl\u00e4sse, Teambildung, Kaderschulung, Seminar, Hauptversammlung oder Workshop \u2013 hier erfahren die Teilnehmenden Begeisterung und Emotionen. F\u00fchrungen, Vortr\u00e4ge oder Tierbegegnungen machen den Event zum besonderen Event!</p><p>F\u00fcr Schulklassen und Gruppen bis maximal 36 Personen besteht von Fr\u00fchjahr bis Herbst die M\u00f6glichkeit, im Zoo an frei w\u00e4hlbaren Daten zu \u00fcbernachten.&nbsp;&nbsp;</p>", "url": "https://www.walterzoo.ch/", "image": "https://sgbtpimtsoch.sos-ch-dk-2.exoscale-cdn.com/catalog/a/f/0/8/af08719023b04df846a4f81788f729b15c9afb4a_loewen_fg_2020_36__2.jpg", "openstreetmap_id": "94381932"}, "geometry": {"type": "Point", "coordinates": ["9.28499954084611", "47.4200682"]}}, {"type": "Feature", "properties": {"identifier": "fea96a9c-93b8-495f-8c86-946b30ab4b02", "name": "Karlstor", "description": "Im Jahre 1566 wurde das Kloster St.Gallen durch eine Mauer von der Stadt getrennt. Also liess der Abt 1570 ein eigenes Tor f\u00fcr das Kloster errichten. Dieses ist bis heute erhalten geblieben. \n\nDas grosse Steinrelief, das die Ostfassade ziert, ist das auff\u00e4lligste Merkmal des Tores. Im oberen Teil wurde neben dem Wappen des damaligen Papstes ist auch das Wappen des alten deutschen Reiches in den Stein gemeisselt. Der mittlere Teil zeigt das Wappen von Otmar, dem ersten Abt und Gr\u00fcnder des Klosters. Ebenfalls zu erkennen ist  Gallus - Namenspatron der Stadt - mit dem B\u00e4ren. Ganz unten schm\u00fccken zwei liegende L\u00f6wen und einigte verschlungene B\u00e4nder das Relief. \n\nHeute befindet sich im Karlstor das Untersuchungsgef\u00e4ngnis. Das Geb\u00e4ude geh\u00f6rt zur kantonalen Verwaltung.", "image": "https://sgbtpimtsoch.sos-ch-dk-2.exoscale-cdn.com/catalog/a/a/2/7/aa27f15f624f40954ffa3a29de3ab0a9ac1de0f7_Computerformat_4_3_Karlstor_St.Gallen__2_.jpg", "openstreetmap_id": "way/131608031"}, "geometry": {"type": "Point", "coordinates": ["9.37895", "47.42357"]}}, {"type": "Feature", "properties": {"identifier": "feb128fd-3d5a-4a52-ae18-760e594ab649", "name": "Konditorei Voland Laupen", "description": "<p>Die Konditorei Voland bietet nicht nur der Verkauf von Broten, S\u00fcssigkeiten, div. hausgemachte Schokoladenspezialit\u00e4ten an, sie sind ausserdem ein Lebensmittelladen, ein Caf\u00e9 und eine Poststelle.</p><p>Die Konditorei Voland betreibt noch viele weitere Filialen eine davon ist in Wald. In der Filiale in Laupen kann der Goldig\u00e4 Taler eingel\u00f6st werden.&nbsp;</p>", "url": "https://wlu16www354.webland.ch/", "image": "https://sgbtpimtsoch.sos-ch-dk-2.exoscale-cdn.com/catalog/a/9/0/c/a90c6809125e103614888899c5d9fd6d836e9584_baeckereien.png", "openstreetmap_id": "node/12082270127"}, "geometry": {"type": "Point", "coordinates": ["8.9273867", "47.2652735"]}}, {"type": "Feature", "properties": {"identifier": "fec41767-4000-474b-8139-b21903e0b6a5", "name": "Gew\u00f6lbekeller im Stiftsbezirk", "description": "<p>Die Ausstellung \"Gallus und sein Kloster\" f&uuml;hrt anhand von Originalhandschriften und Objekten durch 1400 Jahre Kulturgeschichte, von der Einsiedlerzelle des Gallus bis zum UNESCO-Weltkulturerbe Stiftsbezirk. Sie stellt den Beitrag der Kl&ouml;ster an die kulturelle Entwicklung Europas dar, in Schrift, Sprache, Musik, Bau, Kunst und Spiritualit&auml;t. Einen H&ouml;hepunkt bildet das Evangelium Longum, dessen Prunkeinband um 895 vom St.Galler M&ouml;nch und K&uuml;nstler Tuotilo geschaffen wurde. Eine Multivision folgt dem Weg, der Gallus von Irland an den Bodensee und hierher ins Steinachtal f&uuml;hrte. In einem eigenen Bereich werden die sp&auml;tere Entwicklung der F&uuml;rstabtei und ihre Beziehung zur Stadt St.Gallen dargestellt.</p>", "url": "https://www.stiftsbezirk.ch", "image": "https://sgbtpimtsoch.sos-ch-dk-2.exoscale-cdn.com/catalog/c/a/d/1/cad162f91b2484f5764e6c259f55123cc5d3402f_50221123_2239627749401139_5000902560450609152_o.jpg", "openstreetmap_id": "node/1929726463"}, "geometry": {"type": "Point", "coordinates": ["9.37644", "47.42276"]}}, {"type": "Feature", "properties": {"identifier": "ff653564-3275-402f-829d-012573abe8e1", "name": "Salonorchester St.Gallen", "description": "<p>In den letzten drei Jahrzehnten hat sich das Orchester vom Hausorchester des M\u00e4nnerchors zum Salonorchester St.Gallen entwickelt, das sich zum Ziel gesetzt hat, mit fr\u00f6hlicher und beschwingter Musik, Freude zu bereiten. Das Orchester z\u00e4hlt rund 30 Musikantinnen und Musikanten und spielt auf hohem musikalischem Niveau.<br></p>", "url": "https://www.salonorchester-sg.ch/", "image": "https://sgbtpimtsoch.sos-ch-dk-2.exoscale-cdn.com/catalog/5/a/8/4/5a84e03f1c84cd25c6fa8f3a69d803a71279972c_salonorchester_stgallen.png", "openstreetmap_id": "way/556705526"}, "geometry": {"type": "Point", "coordinates": ["9.4216007", "47.436256"]}}]}